ERROR:    Exception in ASGI application
Traceback (most recent call last):
  File "D:\workspace\open-guji-cv\.venv\Lib\site-packages\uvicorn\protocols\http\h11_impl.py", line 416, in run_asgi
    result = await app(  # type: ignore[func-returns-value]
             ^^^^^^^^^^^^^^^^^^^^^^^^^^^^^^^^^^^^^^^^^^^^^^
  File "D:\workspace\open-guji-cv\.venv\Lib\site-packages\uvicorn\middleware\proxy_headers.py", line 63, in __call__
    return await self.app(scope, receive, send)
           ^^^^^^^^^^^^^^^^^^^^^^^^^^^^^^^^^^^^
  File "D:\workspace\open-guji-cv\.venv\Lib\site-packages\fastapi\applications.py", line 1163, in __call__
    await super().__call__(scope, receive, send)
  File "D:\workspace\open-guji-cv\.venv\Lib\site-packages\starlette\applications.py", line 96, in __call__
    await self.middleware_stack(scope, receive, send)
  File "D:\workspace\open-guji-cv\.venv\Lib\site-packages\starlette\middleware\errors.py", line 186, in __call__
    raise exc
  File "D:\workspace\open-guji-cv\.venv\Lib\site-packages\starlette\middleware\errors.py", line 164, in __call__
    await self.app(scope, receive, _send)
  File "D:\workspace\open-guji-cv\.venv\Lib\site-packages\starlette\middleware\base.py", line 193, in __call__
    response = await self.dispatch_func(request, call_next)
               ^^^^^^^^^^^^^^^^^^^^^^^^^^^^^^^^^^^^^^^^^^^^
  File "D:\workspace\open-guji-cv\open_guji_cv\console\app.py", line 53, in _no_cache_static
    resp = await call_next(request)
           ^^^^^^^^^^^^^^^^^^^^^^^^
  File "D:\workspace\open-guji-cv\.venv\Lib\site-packages\starlette\middleware\base.py", line 168, in call_next
    raise app_exc from app_exc.__cause__ or app_exc.__context__
  File "D:\workspace\open-guji-cv\.venv\Lib\site-packages\starlette\middleware\base.py", line 144, in coro
    await self.app(scope, receive_or_disconnect, send_no_error)
  File "D:\workspace\open-guji-cv\.venv\Lib\site-packages\starlette\middleware\cors.py", line 88, in __call__
    await self.app(scope, receive, send)
  File "D:\workspace\open-guji-cv\.venv\Lib\site-packages\starlette\middleware\exceptions.py", line 63, in __call__
    await wrap_app_handling_exceptions(self.app, conn)(scope, receive, send)
  File "D:\workspace\open-guji-cv\.venv\Lib\site-packages\starlette\_exception_handler.py", line 53, in wrapped_app
    raise exc
  File "D:\workspace\open-guji-cv\.venv\Lib\site-packages\starlette\_exception_handler.py", line 42, in wrapped_app
    await app(scope, receive, sender)
  File "D:\workspace\open-guji-cv\.venv\Lib\site-packages\fastapi\middleware\asyncexitstack.py", line 18, in __call__
    await self.app(scope, receive, send)
  File "D:\workspace\open-guji-cv\.venv\Lib\site-packages\starlette\routing.py", line 670, in __call__
    await self.middleware_stack(scope, receive, send)
  File "D:\workspace\open-guji-cv\.venv\Lib\site-packages\fastapi\routing.py", line 2734, in app
    await route.handle(scope, receive, send)
  File "D:\workspace\open-guji-cv\.venv\Lib\site-packages\fastapi\routing.py", line 1780, in handle
    await self.original_router.handle(scope, receive, send)
  File "D:\workspace\open-guji-cv\.venv\Lib\site-packages\fastapi\routing.py", line 2789, in handle
    await included_router._handle_selected(scope, receive, send)
  File "D:\workspace\open-guji-cv\.venv\Lib\site-packages\fastapi\routing.py", line 1800, in _handle_selected
    await original_route.handle(scope, receive, send)
  File "D:\workspace\open-guji-cv\.venv\Lib\site-packages\fastapi\routing.py", line 1279, in handle
    await app(scope, receive, send)
  File "D:\workspace\open-guji-cv\.venv\Lib\site-packages\fastapi\routing.py", line 158, in app
    await wrap_app_handling_exceptions(app, request)(scope, receive, send)
  File "D:\workspace\open-guji-cv\.venv\Lib\site-packages\starlette\_exception_handler.py", line 53, in wrapped_app
    raise exc
  File "D:\workspace\open-guji-cv\.venv\Lib\site-packages\starlette\_exception_handler.py", line 42, in wrapped_app
    await app(scope, receive, sender)
  File "D:\workspace\open-guji-cv\.venv\Lib\site-packages\fastapi\routing.py", line 144, in app
    response = await f(request)
               ^^^^^^^^^^^^^^^^
  File "D:\workspace\open-guji-cv\.venv\Lib\site-packages\fastapi\routing.py", line 706, in app
    raw_response = await run_endpoint_function(
                   ^^^^^^^^^^^^^^^^^^^^^^^^^^^^
  File "D:\workspace\open-guji-cv\.venv\Lib\site-packages\fastapi\routing.py", line 354, in run_endpoint_function
    return await run_in_threadpool(dependant.call, **values)
           ^^^^^^^^^^^^^^^^^^^^^^^^^^^^^^^^^^^^^^^^^^^^^^^^^
  File "D:\workspace\open-guji-cv\.venv\Lib\site-packages\starlette\concurrency.py", line 34, in run_in_threadpool
    return await anyio.to_thread.run_sync(func)
           ^^^^^^^^^^^^^^^^^^^^^^^^^^^^^^^^^^^^
  File "D:\workspace\open-guji-cv\.venv\Lib\site-packages\anyio\to_thread.py", line 65, in run_sync
    return await get_async_backend().run_sync_in_worker_thread(
           ^^^^^^^^^^^^^^^^^^^^^^^^^^^^^^^^^^^^^^^^^^^^^^^^^^^^
  File "D:\workspace\open-guji-cv\.venv\Lib\site-packages\anyio\_backends\_asyncio.py", line 2706, in run_sync_in_worker_thread
    return await future
           ^^^^^^^^^^^^
  File "D:\workspace\open-guji-cv\.venv\Lib\site-packages\anyio\_backends\_asyncio.py", line 1100, in run
    result = context.run(func, *args)
             ^^^^^^^^^^^^^^^^^^^^^^^^
  File "D:\workspace\open-guji-cv\open_guji_cv\console\routers\review.py", line 52, in api_review_cards
    return cards(book, pages, limit, only, deps.product_store(), gate_cut=gate_cut)
           ^^^^^^^^^^^^^^^^^^^^^^^^^^^^^^^^^^^^^^^^^^^^^^^^^^^^^^^^^^^^^^^^^^^^^^^^
  File "D:\workspace\open-guji-cv\open_guji_cv\review\cards.py", line 39, in cards
    pgs = bk.resolve_pages(pages)
          ^^^^^^^^^^^^^^^^^^^^^^^
  File "D:\workspace\open-guji-cv\open_guji_cv\core\book.py", line 161, in resolve_pages
    pages.add(int(part))
              ^^^^^^^^^
ValueError: invalid literal for int() with base 10: 'list:l2x_vol02'
ERROR:    Exception in ASGI application
Traceback (most recent call last):
  File "D:\workspace\open-guji-cv\.venv\Lib\site-packages\uvicorn\protocols\http\h11_impl.py", line 416, in run_asgi
    result = await app(  # type: ignore[func-returns-value]
             ^^^^^^^^^^^^^^^^^^^^^^^^^^^^^^^^^^^^^^^^^^^^^^
  File "D:\workspace\open-guji-cv\.venv\Lib\site-packages\uvicorn\middleware\proxy_headers.py", line 63, in __call__
    return await self.app(scope, receive, send)
           ^^^^^^^^^^^^^^^^^^^^^^^^^^^^^^^^^^^^
  File "D:\workspace\open-guji-cv\.venv\Lib\site-packages\fastapi\applications.py", line 1163, in __call__
    await super().__call__(scope, receive, send)
  File "D:\workspace\open-guji-cv\.venv\Lib\site-packages\starlette\applications.py", line 96, in __call__
    await self.middleware_stack(scope, receive, send)
  File "D:\workspace\open-guji-cv\.venv\Lib\site-packages\starlette\middleware\errors.py", line 186, in __call__
    raise exc
  File "D:\workspace\open-guji-cv\.venv\Lib\site-packages\starlette\middleware\errors.py", line 164, in __call__
    await self.app(scope, receive, _send)
  File "D:\workspace\open-guji-cv\.venv\Lib\site-packages\starlette\middleware\base.py", line 193, in __call__
    response = await self.dispatch_func(request, call_next)
               ^^^^^^^^^^^^^^^^^^^^^^^^^^^^^^^^^^^^^^^^^^^^
  File "D:\workspace\open-guji-cv\open_guji_cv\console\app.py", line 54, in _no_cache_static
    resp = await call_next(request)
           ^^^^^^^^^^^^^^^^^^^^^^^^
  File "D:\workspace\open-guji-cv\.venv\Lib\site-packages\starlette\middleware\base.py", line 168, in call_next
    raise app_exc from app_exc.__cause__ or app_exc.__context__
  File "D:\workspace\open-guji-cv\.venv\Lib\site-packages\starlette\middleware\base.py", line 144, in coro
    await self.app(scope, receive_or_disconnect, send_no_error)
  File "D:\workspace\open-guji-cv\.venv\Lib\site-packages\starlette\middleware\cors.py", line 88, in __call__
    await self.app(scope, receive, send)
  File "D:\workspace\open-guji-cv\.venv\Lib\site-packages\starlette\middleware\exceptions.py", line 63, in __call__
    await wrap_app_handling_exceptions(self.app, conn)(scope, receive, send)
  File "D:\workspace\open-guji-cv\.venv\Lib\site-packages\starlette\_exception_handler.py", line 53, in wrapped_app
    raise exc
  File "D:\workspace\open-guji-cv\.venv\Lib\site-packages\starlette\_exception_handler.py", line 42, in wrapped_app
    await app(scope, receive, sender)
  File "D:\workspace\open-guji-cv\.venv\Lib\site-packages\fastapi\middleware\asyncexitstack.py", line 18, in __call__
    await self.app(scope, receive, send)
  File "D:\workspace\open-guji-cv\.venv\Lib\site-packages\starlette\routing.py", line 670, in __call__
    await self.middleware_stack(scope, receive, send)
  File "D:\workspace\open-guji-cv\.venv\Lib\site-packages\fastapi\routing.py", line 2734, in app
    await route.handle(scope, receive, send)
  File "D:\workspace\open-guji-cv\.venv\Lib\site-packages\fastapi\routing.py", line 1780, in handle
    await self.original_router.handle(scope, receive, send)
  File "D:\workspace\open-guji-cv\.venv\Lib\site-packages\fastapi\routing.py", line 2789, in handle
    await included_router._handle_selected(scope, receive, send)
  File "D:\workspace\open-guji-cv\.venv\Lib\site-packages\fastapi\routing.py", line 1800, in _handle_selected
    await original_route.handle(scope, receive, send)
  File "D:\workspace\open-guji-cv\.venv\Lib\site-packages\fastapi\routing.py", line 1279, in handle
    await app(scope, receive, send)
  File "D:\workspace\open-guji-cv\.venv\Lib\site-packages\fastapi\routing.py", line 158, in app
    await wrap_app_handling_exceptions(app, request)(scope, receive, send)
  File "D:\workspace\open-guji-cv\.venv\Lib\site-packages\starlette\_exception_handler.py", line 53, in wrapped_app
    raise exc
  File "D:\workspace\open-guji-cv\.venv\Lib\site-packages\starlette\_exception_handler.py", line 42, in wrapped_app
    await app(scope, receive, sender)
  File "D:\workspace\open-guji-cv\.venv\Lib\site-packages\fastapi\routing.py", line 144, in app
    response = await f(request)
               ^^^^^^^^^^^^^^^^
  File "D:\workspace\open-guji-cv\.venv\Lib\site-packages\fastapi\routing.py", line 706, in app
    raw_response = await run_endpoint_function(
                   ^^^^^^^^^^^^^^^^^^^^^^^^^^^^
  File "D:\workspace\open-guji-cv\.venv\Lib\site-packages\fastapi\routing.py", line 354, in run_endpoint_function
    return await run_in_threadpool(dependant.call, **values)
           ^^^^^^^^^^^^^^^^^^^^^^^^^^^^^^^^^^^^^^^^^^^^^^^^^
  File "D:\workspace\open-guji-cv\.venv\Lib\site-packages\starlette\concurrency.py", line 34, in run_in_threadpool
    return await anyio.to_thread.run_sync(func)
           ^^^^^^^^^^^^^^^^^^^^^^^^^^^^^^^^^^^^
  File "D:\workspace\open-guji-cv\.venv\Lib\site-packages\anyio\to_thread.py", line 65, in run_sync
    return await get_async_backend().run_sync_in_worker_thread(
           ^^^^^^^^^^^^^^^^^^^^^^^^^^^^^^^^^^^^^^^^^^^^^^^^^^^^
  File "D:\workspace\open-guji-cv\.venv\Lib\site-packages\anyio\_backends\_asyncio.py", line 2706, in run_sync_in_worker_thread
    return await future
           ^^^^^^^^^^^^
  File "D:\workspace\open-guji-cv\.venv\Lib\site-packages\anyio\_backends\_asyncio.py", line 1100, in run
    result = context.run(func, *args)
             ^^^^^^^^^^^^^^^^^^^^^^^^
  File "D:\workspace\open-guji-cv\open_guji_cv\console\routers\workspace.py", line 62, in api_workspace_switch
    detail=f"\u6709\u4efb\u52a1\u5728\u8dd1\uff08{job.action}\uff09\uff0c\u5207\u6362\u4f1a\u628a\u5b83\u540e\u534a\u7a0b\u7684\u4ea7\u7269\u5199\u5230\u53e6\u4e00\u4e2a\u5de5\u4f5c\u533a\u3002"
                          ^^^^^^^^^^
AttributeError: 'Job' object has no attribute 'action'
Exception in callback _ProactorBasePipeTransport._call_connection_lost(None)
handle: <Handle _ProactorBasePipeTransport._call_connection_lost(None)>
Traceback (most recent call last):
  File "C:\Users\lisdp\AppData\Roaming\uv\python\cpython-3.12-windows-x86_64-none\Lib\asyncio\events.py", line 88, in _run
    self._context.run(self._callback, *self._args)
  File "C:\Users\lisdp\AppData\Roaming\uv\python\cpython-3.12-windows-x86_64-none\Lib\asyncio\proactor_events.py", line 165, in _call_connection_lost
    self._sock.shutdown(socket.SHUT_RDWR)
ConnectionResetError: [WinError 10054] \u8fdc\u7a0b\u4e3b\u673a\u5f3a\u8feb\u5173\u95ed\u4e86\u4e00\u4e2a\u73b0\u6709\u7684\u8fde\u63a5\u3002
ERROR:    Exception in ASGI application
  + Exception Group Traceback (most recent call last):
  |   File "D:\workspace\open-guji-cv\.venv\Lib\site-packages\starlette\_utils.py", line 85, in create_collapsing_task_group
  |     async with anyio.create_task_group() as tg:
  |                ^^^^^^^^^^^^^^^^^^^^^^^^^
  |   File "D:\workspace\open-guji-cv\.venv\Lib\site-packages\anyio\_backends\_asyncio.py", line 847, in __aexit__
  |     raise BaseExceptionGroup(
  | ExceptionGroup: unhandled errors in a TaskGroup (1 sub-exception)
  +-+---------------- 1 ----------------
    | Traceback (most recent call last):
    |   File "D:\workspace\open-guji-cv\.venv\Lib\site-packages\uvicorn\protocols\http\h11_impl.py", line 416, in run_asgi
    |     result = await app(  # type: ignore[func-returns-value]
    |              ^^^^^^^^^^^^^^^^^^^^^^^^^^^^^^^^^^^^^^^^^^^^^^
    |   File "D:\workspace\open-guji-cv\.venv\Lib\site-packages\uvicorn\middleware\proxy_headers.py", line 63, in __call__
    |     return await self.app(scope, receive, send)
    |            ^^^^^^^^^^^^^^^^^^^^^^^^^^^^^^^^^^^^
    |   File "D:\workspace\open-guji-cv\.venv\Lib\site-packages\fastapi\applications.py", line 1163, in __call__
    |     await super().__call__(scope, receive, send)
    |   File "D:\workspace\open-guji-cv\.venv\Lib\site-packages\starlette\applications.py", line 96, in __call__
    |     await self.middleware_stack(scope, receive, send)
    |   File "D:\workspace\open-guji-cv\.venv\Lib\site-packages\starlette\middleware\errors.py", line 186, in __call__
    |     raise exc
    |   File "D:\workspace\open-guji-cv\.venv\Lib\site-packages\starlette\middleware\errors.py", line 164, in __call__
    |     await self.app(scope, receive, _send)
    |   File "D:\workspace\open-guji-cv\.venv\Lib\site-packages\starlette\middleware\base.py", line 193, in __call__
    |     response = await self.dispatch_func(request, call_next)
    |                ^^^^^^^^^^^^^^^^^^^^^^^^^^^^^^^^^^^^^^^^^^^^
    |   File "D:\workspace\open-guji-cv\open_guji_cv\console\app.py", line 61, in _no_cache_static
    |     resp = await call_next(request)
    |            ^^^^^^^^^^^^^^^^^^^^^^^^
    |   File "D:\workspace\open-guji-cv\.venv\Lib\site-packages\starlette\middleware\base.py", line 168, in call_next
    |     raise app_exc from app_exc.__cause__ or app_exc.__context__
    |   File "D:\workspace\open-guji-cv\.venv\Lib\site-packages\starlette\middleware\base.py", line 144, in coro
    |     await self.app(scope, receive_or_disconnect, send_no_error)
    |   File "D:\workspace\open-guji-cv\.venv\Lib\site-packages\starlette\middleware\base.py", line 193, in __call__
    |     response = await self.dispatch_func(request, call_next)
    |                ^^^^^^^^^^^^^^^^^^^^^^^^^^^^^^^^^^^^^^^^^^^^
    |   File "D:\workspace\open-guji-cv\open_guji_cv\console\middleware.py", line 49, in dispatch
    |     return await call_next(request)
    |            ^^^^^^^^^^^^^^^^^^^^^^^^
    |   File "D:\workspace\open-guji-cv\.venv\Lib\site-packages\starlette\middleware\base.py", line 168, in call_next
    |     raise app_exc from app_exc.__cause__ or app_exc.__context__
    |   File "D:\workspace\open-guji-cv\.venv\Lib\site-packages\starlette\middleware\base.py", line 144, in coro
    |     await self.app(scope, receive_or_disconnect, send_no_error)
    |   File "D:\workspace\open-guji-cv\.venv\Lib\site-packages\starlette\middleware\cors.py", line 88, in __call__
    |     await self.app(scope, receive, send)
    |   File "D:\workspace\open-guji-cv\.venv\Lib\site-packages\starlette\middleware\exceptions.py", line 63, in __call__
    |     await wrap_app_handling_exceptions(self.app, conn)(scope, receive, send)
    |   File "D:\workspace\open-guji-cv\.venv\Lib\site-packages\starlette\_exception_handler.py", line 53, in wrapped_app
    |     raise exc
    |   File "D:\workspace\open-guji-cv\.venv\Lib\site-packages\starlette\_exception_handler.py", line 42, in wrapped_app
    |     await app(scope, receive, sender)
    |   File "D:\workspace\open-guji-cv\.venv\Lib\site-packages\fastapi\middleware\asyncexitstack.py", line 18, in __call__
    |     await self.app(scope, receive, send)
    |   File "D:\workspace\open-guji-cv\.venv\Lib\site-packages\starlette\routing.py", line 670, in __call__
    |     await self.middleware_stack(scope, receive, send)
    |   File "D:\workspace\open-guji-cv\.venv\Lib\site-packages\fastapi\routing.py", line 2734, in app
    |     await route.handle(scope, receive, send)
    |   File "D:\workspace\open-guji-cv\.venv\Lib\site-packages\fastapi\routing.py", line 1780, in handle
    |     await self.original_router.handle(scope, receive, send)
    |   File "D:\workspace\open-guji-cv\.venv\Lib\site-packages\fastapi\routing.py", line 2789, in handle
    |     await included_router._handle_selected(scope, receive, send)
    |   File "D:\workspace\open-guji-cv\.venv\Lib\site-packages\fastapi\routing.py", line 1800, in _handle_selected
    |     await original_route.handle(scope, receive, send)
    |   File "D:\workspace\open-guji-cv\.venv\Lib\site-packages\fastapi\routing.py", line 1279, in handle
    |     await app(scope, receive, send)
    |   File "D:\workspace\open-guji-cv\.venv\Lib\site-packages\fastapi\routing.py", line 158, in app
    |     await wrap_app_handling_exceptions(app, request)(scope, receive, send)
    |   File "D:\workspace\open-guji-cv\.venv\Lib\site-packages\starlette\_exception_handler.py", line 53, in wrapped_app
    |     raise exc
    |   File "D:\workspace\open-guji-cv\.venv\Lib\site-packages\starlette\_exception_handler.py", line 42, in wrapped_app
    |     await app(scope, receive, sender)
    |   File "D:\workspace\open-guji-cv\.venv\Lib\site-packages\fastapi\routing.py", line 144, in app
    |     response = await f(request)
    |                ^^^^^^^^^^^^^^^^
    |   File "D:\workspace\open-guji-cv\.venv\Lib\site-packages\fastapi\routing.py", line 706, in app
    |     raw_response = await run_endpoint_function(
    |                    ^^^^^^^^^^^^^^^^^^^^^^^^^^^^
    |   File "D:\workspace\open-guji-cv\.venv\Lib\site-packages\fastapi\routing.py", line 354, in run_endpoint_function
    |     return await run_in_threadpool(dependant.call, **values)
    |            ^^^^^^^^^^^^^^^^^^^^^^^^^^^^^^^^^^^^^^^^^^^^^^^^^
    |   File "D:\workspace\open-guji-cv\.venv\Lib\site-packages\starlette\concurrency.py", line 34, in run_in_threadpool
    |     return await anyio.to_thread.run_sync(func)
    |            ^^^^^^^^^^^^^^^^^^^^^^^^^^^^^^^^^^^^
    |   File "D:\workspace\open-guji-cv\.venv\Lib\site-packages\anyio\to_thread.py", line 65, in run_sync
    |     return await get_async_backend().run_sync_in_worker_thread(
    |            ^^^^^^^^^^^^^^^^^^^^^^^^^^^^^^^^^^^^^^^^^^^^^^^^^^^^
    |   File "D:\workspace\open-guji-cv\.venv\Lib\site-packages\anyio\_backends\_asyncio.py", line 2706, in run_sync_in_worker_thread
    |     return await future
    |            ^^^^^^^^^^^^
    |   File "D:\workspace\open-guji-cv\.venv\Lib\site-packages\anyio\_backends\_asyncio.py", line 1100, in run
    |     result = context.run(func, *args)
    |              ^^^^^^^^^^^^^^^^^^^^^^^^
    |   File "D:\workspace\open-guji-cv\open_guji_cv\console\errors.py", line 60, in wrapper
    |     return fn(*a, **kw)
    |            ^^^^^^^^^^^^
    |   File "D:\workspace\open-guji-cv\open_guji_cv\console\routers\products.py", line 89, in api_overlay
    |     return _png(overlay(book, step, page, deps.product_store()), scale)
    |                 ^^^^^^^^^^^^^^^^^^^^^^^^^^^^^^^^^^^^^^^^^^^^^^^
    |   File "D:\workspace\open-guji-cv\open_guji_cv\render\overlay.py", line 68, in overlay
    |     b = load_book(book)
    |         ^^^^^^^^^^^^^^^
    |   File "D:\workspace\open-guji-cv\open_guji_cv\core\book.py", line 270, in load_book
    |     raise FileNotFoundError(f"\u6ca1\u6709\u8fd9\u518c\u4e66\u7684\u5b9a\u4e49: {path}")
    | FileNotFoundError: \u6ca1\u6709\u8fd9\u518c\u4e66\u7684\u5b9a\u4e49: D:\workspace\open-guji-cv\open_guji_cv\books\bxrl.yaml
    +------------------------------------

The above exception was the direct cause of the following exception:

Traceback (most recent call last):
  File "D:\workspace\open-guji-cv\.venv\Lib\site-packages\uvicorn\protocols\http\h11_impl.py", line 416, in run_asgi
    result = await app(  # type: ignore[func-returns-value]
             ^^^^^^^^^^^^^^^^^^^^^^^^^^^^^^^^^^^^^^^^^^^^^^
  File "D:\workspace\open-guji-cv\.venv\Lib\site-packages\uvicorn\middleware\proxy_headers.py", line 63, in __call__
    return await self.app(scope, receive, send)
           ^^^^^^^^^^^^^^^^^^^^^^^^^^^^^^^^^^^^
  File "D:\workspace\open-guji-cv\.venv\Lib\site-packages\fastapi\applications.py", line 1163, in __call__
    await super().__call__(scope, receive, send)
  File "D:\workspace\open-guji-cv\.venv\Lib\site-packages\starlette\applications.py", line 96, in __call__
    await self.middleware_stack(scope, receive, send)
  File "D:\workspace\open-guji-cv\.venv\Lib\site-packages\starlette\middleware\errors.py", line 186, in __call__
    raise exc
  File "D:\workspace\open-guji-cv\.venv\Lib\site-packages\starlette\middleware\errors.py", line 164, in __call__
    await self.app(scope, receive, _send)
  File "D:\workspace\open-guji-cv\.venv\Lib\site-packages\starlette\middleware\base.py", line 193, in __call__
    response = await self.dispatch_func(request, call_next)
               ^^^^^^^^^^^^^^^^^^^^^^^^^^^^^^^^^^^^^^^^^^^^
  File "D:\workspace\open-guji-cv\open_guji_cv\console\app.py", line 61, in _no_cache_static
    resp = await call_next(request)
           ^^^^^^^^^^^^^^^^^^^^^^^^
  File "D:\workspace\open-guji-cv\.venv\Lib\site-packages\starlette\middleware\base.py", line 168, in call_next
    raise app_exc from app_exc.__cause__ or app_exc.__context__
  File "D:\workspace\open-guji-cv\.venv\Lib\site-packages\starlette\middleware\base.py", line 144, in coro
    await self.app(scope, receive_or_disconnect, send_no_error)
  File "D:\workspace\open-guji-cv\.venv\Lib\site-packages\starlette\middleware\base.py", line 193, in __call__
    response = await self.dispatch_func(request, call_next)
               ^^^^^^^^^^^^^^^^^^^^^^^^^^^^^^^^^^^^^^^^^^^^
  File "D:\workspace\open-guji-cv\open_guji_cv\console\middleware.py", line 49, in dispatch
    return await call_next(request)
           ^^^^^^^^^^^^^^^^^^^^^^^^
  File "D:\workspace\open-guji-cv\.venv\Lib\site-packages\starlette\middleware\base.py", line 168, in call_next
    raise app_exc from app_exc.__cause__ or app_exc.__context__
  File "D:\workspace\open-guji-cv\.venv\Lib\site-packages\starlette\middleware\base.py", line 144, in coro
    await self.app(scope, receive_or_disconnect, send_no_error)
  File "D:\workspace\open-guji-cv\.venv\Lib\site-packages\starlette\middleware\cors.py", line 88, in __call__
    await self.app(scope, receive, send)
  File "D:\workspace\open-guji-cv\.venv\Lib\site-packages\starlette\middleware\exceptions.py", line 63, in __call__
    await wrap_app_handling_exceptions(self.app, conn)(scope, receive, send)
  File "D:\workspace\open-guji-cv\.venv\Lib\site-packages\starlette\_exception_handler.py", line 53, in wrapped_app
    raise exc
  File "D:\workspace\open-guji-cv\.venv\Lib\site-packages\starlette\_exception_handler.py", line 42, in wrapped_app
    await app(scope, receive, sender)
  File "D:\workspace\open-guji-cv\.venv\Lib\site-packages\fastapi\middleware\asyncexitstack.py", line 18, in __call__
    await self.app(scope, receive, send)
  File "D:\workspace\open-guji-cv\.venv\Lib\site-packages\starlette\routing.py", line 670, in __call__
    await self.middleware_stack(scope, receive, send)
  File "D:\workspace\open-guji-cv\.venv\Lib\site-packages\fastapi\routing.py", line 2734, in app
    await route.handle(scope, receive, send)
  File "D:\workspace\open-guji-cv\.venv\Lib\site-packages\fastapi\routing.py", line 1780, in handle
    await self.original_router.handle(scope, receive, send)
  File "D:\workspace\open-guji-cv\.venv\Lib\site-packages\fastapi\routing.py", line 2789, in handle
    await included_router._handle_selected(scope, receive, send)
  File "D:\workspace\open-guji-cv\.venv\Lib\site-packages\fastapi\routing.py", line 1800, in _handle_selected
    await original_route.handle(scope, receive, send)
  File "D:\workspace\open-guji-cv\.venv\Lib\site-packages\fastapi\routing.py", line 1279, in handle
    await app(scope, receive, send)
  File "D:\workspace\open-guji-cv\.venv\Lib\site-packages\fastapi\routing.py", line 158, in app
    await wrap_app_handling_exceptions(app, request)(scope, receive, send)
  File "D:\workspace\open-guji-cv\.venv\Lib\site-packages\starlette\_exception_handler.py", line 53, in wrapped_app
    raise exc
  File "D:\workspace\open-guji-cv\.venv\Lib\site-packages\starlette\_exception_handler.py", line 42, in wrapped_app
    await app(scope, receive, sender)
  File "D:\workspace\open-guji-cv\.venv\Lib\site-packages\fastapi\routing.py", line 144, in app
    response = await f(request)
               ^^^^^^^^^^^^^^^^
  File "D:\workspace\open-guji-cv\.venv\Lib\site-packages\fastapi\routing.py", line 706, in app
    raw_response = await run_endpoint_function(
                   ^^^^^^^^^^^^^^^^^^^^^^^^^^^^
  File "D:\workspace\open-guji-cv\.venv\Lib\site-packages\fastapi\routing.py", line 354, in run_endpoint_function
    return await run_in_threadpool(dependant.call, **values)
           ^^^^^^^^^^^^^^^^^^^^^^^^^^^^^^^^^^^^^^^^^^^^^^^^^
  File "D:\workspace\open-guji-cv\.venv\Lib\site-packages\starlette\concurrency.py", line 34, in run_in_threadpool
    return await anyio.to_thread.run_sync(func)
           ^^^^^^^^^^^^^^^^^^^^^^^^^^^^^^^^^^^^
  File "D:\workspace\open-guji-cv\.venv\Lib\site-packages\anyio\to_thread.py", line 65, in run_sync
    return await get_async_backend().run_sync_in_worker_thread(
           ^^^^^^^^^^^^^^^^^^^^^^^^^^^^^^^^^^^^^^^^^^^^^^^^^^^^
  File "D:\workspace\open-guji-cv\.venv\Lib\site-packages\anyio\_backends\_asyncio.py", line 2706, in run_sync_in_worker_thread
    return await future
           ^^^^^^^^^^^^
  File "D:\workspace\open-guji-cv\.venv\Lib\site-packages\anyio\_backends\_asyncio.py", line 1100, in run
    result = context.run(func, *args)
             ^^^^^^^^^^^^^^^^^^^^^^^^
  File "D:\workspace\open-guji-cv\open_guji_cv\console\errors.py", line 60, in wrapper
    return fn(*a, **kw)
           ^^^^^^^^^^^^
  File "D:\workspace\open-guji-cv\open_guji_cv\console\routers\products.py", line 89, in api_overlay
    return _png(overlay(book, step, page, deps.product_store()), scale)
                ^^^^^^^^^^^^^^^^^^^^^^^^^^^^^^^^^^^^^^^^^^^^^^^
  File "D:\workspace\open-guji-cv\open_guji_cv\render\overlay.py", line 68, in overlay
    b = load_book(book)
        ^^^^^^^^^^^^^^^
  File "D:\workspace\open-guji-cv\open_guji_cv\core\book.py", line 270, in load_book
    raise FileNotFoundError(f"\u6ca1\u6709\u8fd9\u518c\u4e66\u7684\u5b9a\u4e49: {path}")
FileNotFoundError: \u6ca1\u6709\u8fd9\u518c\u4e66\u7684\u5b9a\u4e49: D:\workspace\open-guji-cv\open_guji_cv\books\bxrl.yaml
ERROR:    Exception in ASGI application
  + Exception Group Traceback (most recent call last):
  |   File "D:\workspace\open-guji-cv\.venv\Lib\site-packages\starlette\_utils.py", line 85, in create_collapsing_task_group
  |     async with anyio.create_task_group() as tg:
  |                ^^^^^^^^^^^^^^^^^^^^^^^^^
  |   File "D:\workspace\open-guji-cv\.venv\Lib\site-packages\anyio\_backends\_asyncio.py", line 847, in __aexit__
  |     raise BaseExceptionGroup(
  | ExceptionGroup: unhandled errors in a TaskGroup (1 sub-exception)
  +-+---------------- 1 ----------------
    | Traceback (most recent call last):
    |   File "D:\workspace\open-guji-cv\.venv\Lib\site-packages\uvicorn\protocols\http\h11_impl.py", line 416, in run_asgi
    |     result = await app(  # type: ignore[func-returns-value]
    |              ^^^^^^^^^^^^^^^^^^^^^^^^^^^^^^^^^^^^^^^^^^^^^^
    |   File "D:\workspace\open-guji-cv\.venv\Lib\site-packages\uvicorn\middleware\proxy_headers.py", line 63, in __call__
    |     return await self.app(scope, receive, send)
    |            ^^^^^^^^^^^^^^^^^^^^^^^^^^^^^^^^^^^^
    |   File "D:\workspace\open-guji-cv\.venv\Lib\site-packages\fastapi\applications.py", line 1163, in __call__
    |     await super().__call__(scope, receive, send)
    |   File "D:\workspace\open-guji-cv\.venv\Lib\site-packages\starlette\applications.py", line 96, in __call__
    |     await self.middleware_stack(scope, receive, send)
    |   File "D:\workspace\open-guji-cv\.venv\Lib\site-packages\starlette\middleware\errors.py", line 186, in __call__
    |     raise exc
    |   File "D:\workspace\open-guji-cv\.venv\Lib\site-packages\starlette\middleware\errors.py", line 164, in __call__
    |     await self.app(scope, receive, _send)
    |   File "D:\workspace\open-guji-cv\.venv\Lib\site-packages\starlette\middleware\base.py", line 193, in __call__
    |     response = await self.dispatch_func(request, call_next)
    |                ^^^^^^^^^^^^^^^^^^^^^^^^^^^^^^^^^^^^^^^^^^^^
    |   File "D:\workspace\open-guji-cv\open_guji_cv\console\app.py", line 61, in _no_cache_static
    |     resp = await call_next(request)
    |            ^^^^^^^^^^^^^^^^^^^^^^^^
    |   File "D:\workspace\open-guji-cv\.venv\Lib\site-packages\starlette\middleware\base.py", line 168, in call_next
    |     raise app_exc from app_exc.__cause__ or app_exc.__context__
    |   File "D:\workspace\open-guji-cv\.venv\Lib\site-packages\starlette\middleware\base.py", line 144, in coro
    |     await self.app(scope, receive_or_disconnect, send_no_error)
    |   File "D:\workspace\open-guji-cv\.venv\Lib\site-packages\starlette\middleware\base.py", line 193, in __call__
    |     response = await self.dispatch_func(request, call_next)
    |                ^^^^^^^^^^^^^^^^^^^^^^^^^^^^^^^^^^^^^^^^^^^^
    |   File "D:\workspace\open-guji-cv\open_guji_cv\console\middleware.py", line 55, in dispatch
    |     return await call_next(request)
    |            ^^^^^^^^^^^^^^^^^^^^^^^^
    |   File "D:\workspace\open-guji-cv\.venv\Lib\site-packages\starlette\middleware\base.py", line 168, in call_next
    |     raise app_exc from app_exc.__cause__ or app_exc.__context__
    |   File "D:\workspace\open-guji-cv\.venv\Lib\site-packages\starlette\middleware\base.py", line 144, in coro
    |     await self.app(scope, receive_or_disconnect, send_no_error)
    |   File "D:\workspace\open-guji-cv\.venv\Lib\site-packages\starlette\middleware\cors.py", line 88, in __call__
    |     await self.app(scope, receive, send)
    |   File "D:\workspace\open-guji-cv\.venv\Lib\site-packages\starlette\middleware\exceptions.py", line 63, in __call__
    |     await wrap_app_handling_exceptions(self.app, conn)(scope, receive, send)
    |   File "D:\workspace\open-guji-cv\.venv\Lib\site-packages\starlette\_exception_handler.py", line 53, in wrapped_app
    |     raise exc
    |   File "D:\workspace\open-guji-cv\.venv\Lib\site-packages\starlette\_exception_handler.py", line 42, in wrapped_app
    |     await app(scope, receive, sender)
    |   File "D:\workspace\open-guji-cv\.venv\Lib\site-packages\fastapi\middleware\asyncexitstack.py", line 18, in __call__
    |     await self.app(scope, receive, send)
    |   File "D:\workspace\open-guji-cv\.venv\Lib\site-packages\starlette\routing.py", line 670, in __call__
    |     await self.middleware_stack(scope, receive, send)
    |   File "D:\workspace\open-guji-cv\.venv\Lib\site-packages\fastapi\routing.py", line 2734, in app
    |     await route.handle(scope, receive, send)
    |   File "D:\workspace\open-guji-cv\.venv\Lib\site-packages\fastapi\routing.py", line 1780, in handle
    |     await self.original_router.handle(scope, receive, send)
    |   File "D:\workspace\open-guji-cv\.venv\Lib\site-packages\fastapi\routing.py", line 2789, in handle
    |     await included_router._handle_selected(scope, receive, send)
    |   File "D:\workspace\open-guji-cv\.venv\Lib\site-packages\fastapi\routing.py", line 1800, in _handle_selected
    |     await original_route.handle(scope, receive, send)
    |   File "D:\workspace\open-guji-cv\.venv\Lib\site-packages\fastapi\routing.py", line 1279, in handle
    |     await app(scope, receive, send)
    |   File "D:\workspace\open-guji-cv\.venv\Lib\site-packages\fastapi\routing.py", line 158, in app
    |     await wrap_app_handling_exceptions(app, request)(scope, receive, send)
    |   File "D:\workspace\open-guji-cv\.venv\Lib\site-packages\starlette\_exception_handler.py", line 53, in wrapped_app
    |     raise exc
    |   File "D:\workspace\open-guji-cv\.venv\Lib\site-packages\starlette\_exception_handler.py", line 42, in wrapped_app
    |     await app(scope, receive, sender)
    |   File "D:\workspace\open-guji-cv\.venv\Lib\site-packages\fastapi\routing.py", line 144, in app
    |     response = await f(request)
    |                ^^^^^^^^^^^^^^^^
    |   File "D:\workspace\open-guji-cv\.venv\Lib\site-packages\fastapi\routing.py", line 706, in app
    |     raw_response = await run_endpoint_function(
    |                    ^^^^^^^^^^^^^^^^^^^^^^^^^^^^
    |   File "D:\workspace\open-guji-cv\.venv\Lib\site-packages\fastapi\routing.py", line 354, in run_endpoint_function
    |     return await run_in_threadpool(dependant.call, **values)
    |            ^^^^^^^^^^^^^^^^^^^^^^^^^^^^^^^^^^^^^^^^^^^^^^^^^
    |   File "D:\workspace\open-guji-cv\.venv\Lib\site-packages\starlette\concurrency.py", line 34, in run_in_threadpool
    |     return await anyio.to_thread.run_sync(func)
    |            ^^^^^^^^^^^^^^^^^^^^^^^^^^^^^^^^^^^^
    |   File "D:\workspace\open-guji-cv\.venv\Lib\site-packages\anyio\to_thread.py", line 65, in run_sync
    |     return await get_async_backend().run_sync_in_worker_thread(
    |            ^^^^^^^^^^^^^^^^^^^^^^^^^^^^^^^^^^^^^^^^^^^^^^^^^^^^
    |   File "D:\workspace\open-guji-cv\.venv\Lib\site-packages\anyio\_backends\_asyncio.py", line 2706, in run_sync_in_worker_thread
    |     return await future
    |            ^^^^^^^^^^^^
    |   File "D:\workspace\open-guji-cv\.venv\Lib\site-packages\anyio\_backends\_asyncio.py", line 1100, in run
    |     result = context.run(func, *args)
    |              ^^^^^^^^^^^^^^^^^^^^^^^^
    |   File "D:\workspace\open-guji-cv\open_guji_cv\console\errors.py", line 60, in wrapper
    |     return fn(*a, **kw)
    |            ^^^^^^^^^^^^
    |   File "D:\workspace\open-guji-cv\open_guji_cv\console\routers\products.py", line 89, in api_overlay
    |     return _png(overlay(book, step, page, deps.product_store()), scale)
    |                 ^^^^^^^^^^^^^^^^^^^^^^^^^^^^^^^^^^^^^^^^^^^^^^^
    |   File "D:\workspace\open-guji-cv\open_guji_cv\render\overlay.py", line 68, in overlay
    |     b = load_book(book)
    |         ^^^^^^^^^^^^^^^
    |   File "D:\workspace\open-guji-cv\open_guji_cv\core\book.py", line 270, in load_book
    |     raise FileNotFoundError(f"\u6ca1\u6709\u8fd9\u518c\u4e66\u7684\u5b9a\u4e49: {path}")
    | FileNotFoundError: \u6ca1\u6709\u8fd9\u518c\u4e66\u7684\u5b9a\u4e49: D:\workspace\open-guji-cv\open_guji_cv\books\bxrl.yaml
    +------------------------------------

The above exception was the direct cause of the following exception:

Traceback (most recent call last):
  File "D:\workspace\open-guji-cv\.venv\Lib\site-packages\uvicorn\protocols\http\h11_impl.py", line 416, in run_asgi
    result = await app(  # type: ignore[func-returns-value]
             ^^^^^^^^^^^^^^^^^^^^^^^^^^^^^^^^^^^^^^^^^^^^^^
  File "D:\workspace\open-guji-cv\.venv\Lib\site-packages\uvicorn\middleware\proxy_headers.py", line 63, in __call__
    return await self.app(scope, receive, send)
           ^^^^^^^^^^^^^^^^^^^^^^^^^^^^^^^^^^^^
  File "D:\workspace\open-guji-cv\.venv\Lib\site-packages\fastapi\applications.py", line 1163, in __call__
    await super().__call__(scope, receive, send)
  File "D:\workspace\open-guji-cv\.venv\Lib\site-packages\starlette\applications.py", line 96, in __call__
    await self.middleware_stack(scope, receive, send)
  File "D:\workspace\open-guji-cv\.venv\Lib\site-packages\starlette\middleware\errors.py", line 186, in __call__
    raise exc
  File "D:\workspace\open-guji-cv\.venv\Lib\site-packages\starlette\middleware\errors.py", line 164, in __call__
    await self.app(scope, receive, _send)
  File "D:\workspace\open-guji-cv\.venv\Lib\site-packages\starlette\middleware\base.py", line 193, in __call__
    response = await self.dispatch_func(request, call_next)
               ^^^^^^^^^^^^^^^^^^^^^^^^^^^^^^^^^^^^^^^^^^^^
  File "D:\workspace\open-guji-cv\open_guji_cv\console\app.py", line 61, in _no_cache_static
    resp = await call_next(request)
           ^^^^^^^^^^^^^^^^^^^^^^^^
  File "D:\workspace\open-guji-cv\.venv\Lib\site-packages\starlette\middleware\base.py", line 168, in call_next
    raise app_exc from app_exc.__cause__ or app_exc.__context__
  File "D:\workspace\open-guji-cv\.venv\Lib\site-packages\starlette\middleware\base.py", line 144, in coro
    await self.app(scope, receive_or_disconnect, send_no_error)
  File "D:\workspace\open-guji-cv\.venv\Lib\site-packages\starlette\middleware\base.py", line 193, in __call__
    response = await self.dispatch_func(request, call_next)
               ^^^^^^^^^^^^^^^^^^^^^^^^^^^^^^^^^^^^^^^^^^^^
  File "D:\workspace\open-guji-cv\open_guji_cv\console\middleware.py", line 55, in dispatch
    return await call_next(request)
           ^^^^^^^^^^^^^^^^^^^^^^^^
  File "D:\workspace\open-guji-cv\.venv\Lib\site-packages\starlette\middleware\base.py", line 168, in call_next
    raise app_exc from app_exc.__cause__ or app_exc.__context__
  File "D:\workspace\open-guji-cv\.venv\Lib\site-packages\starlette\middleware\base.py", line 144, in coro
    await self.app(scope, receive_or_disconnect, send_no_error)
  File "D:\workspace\open-guji-cv\.venv\Lib\site-packages\starlette\middleware\cors.py", line 88, in __call__
    await self.app(scope, receive, send)
  File "D:\workspace\open-guji-cv\.venv\Lib\site-packages\starlette\middleware\exceptions.py", line 63, in __call__
    await wrap_app_handling_exceptions(self.app, conn)(scope, receive, send)
  File "D:\workspace\open-guji-cv\.venv\Lib\site-packages\starlette\_exception_handler.py", line 53, in wrapped_app
    raise exc
  File "D:\workspace\open-guji-cv\.venv\Lib\site-packages\starlette\_exception_handler.py", line 42, in wrapped_app
    await app(scope, receive, sender)
  File "D:\workspace\open-guji-cv\.venv\Lib\site-packages\fastapi\middleware\asyncexitstack.py", line 18, in __call__
    await self.app(scope, receive, send)
  File "D:\workspace\open-guji-cv\.venv\Lib\site-packages\starlette\routing.py", line 670, in __call__
    await self.middleware_stack(scope, receive, send)
  File "D:\workspace\open-guji-cv\.venv\Lib\site-packages\fastapi\routing.py", line 2734, in app
    await route.handle(scope, receive, send)
  File "D:\workspace\open-guji-cv\.venv\Lib\site-packages\fastapi\routing.py", line 1780, in handle
    await self.original_router.handle(scope, receive, send)
  File "D:\workspace\open-guji-cv\.venv\Lib\site-packages\fastapi\routing.py", line 2789, in handle
    await included_router._handle_selected(scope, receive, send)
  File "D:\workspace\open-guji-cv\.venv\Lib\site-packages\fastapi\routing.py", line 1800, in _handle_selected
    await original_route.handle(scope, receive, send)
  File "D:\workspace\open-guji-cv\.venv\Lib\site-packages\fastapi\routing.py", line 1279, in handle
    await app(scope, receive, send)
  File "D:\workspace\open-guji-cv\.venv\Lib\site-packages\fastapi\routing.py", line 158, in app
    await wrap_app_handling_exceptions(app, request)(scope, receive, send)
  File "D:\workspace\open-guji-cv\.venv\Lib\site-packages\starlette\_exception_handler.py", line 53, in wrapped_app
    raise exc
  File "D:\workspace\open-guji-cv\.venv\Lib\site-packages\starlette\_exception_handler.py", line 42, in wrapped_app
    await app(scope, receive, sender)
  File "D:\workspace\open-guji-cv\.venv\Lib\site-packages\fastapi\routing.py", line 144, in app
    response = await f(request)
               ^^^^^^^^^^^^^^^^
  File "D:\workspace\open-guji-cv\.venv\Lib\site-packages\fastapi\routing.py", line 706, in app
    raw_response = await run_endpoint_function(
                   ^^^^^^^^^^^^^^^^^^^^^^^^^^^^
  File "D:\workspace\open-guji-cv\.venv\Lib\site-packages\fastapi\routing.py", line 354, in run_endpoint_function
    return await run_in_threadpool(dependant.call, **values)
           ^^^^^^^^^^^^^^^^^^^^^^^^^^^^^^^^^^^^^^^^^^^^^^^^^
  File "D:\workspace\open-guji-cv\.venv\Lib\site-packages\starlette\concurrency.py", line 34, in run_in_threadpool
    return await anyio.to_thread.run_sync(func)
           ^^^^^^^^^^^^^^^^^^^^^^^^^^^^^^^^^^^^
  File "D:\workspace\open-guji-cv\.venv\Lib\site-packages\anyio\to_thread.py", line 65, in run_sync
    return await get_async_backend().run_sync_in_worker_thread(
           ^^^^^^^^^^^^^^^^^^^^^^^^^^^^^^^^^^^^^^^^^^^^^^^^^^^^
  File "D:\workspace\open-guji-cv\.venv\Lib\site-packages\anyio\_backends\_asyncio.py", line 2706, in run_sync_in_worker_thread
    return await future
           ^^^^^^^^^^^^
  File "D:\workspace\open-guji-cv\.venv\Lib\site-packages\anyio\_backends\_asyncio.py", line 1100, in run
    result = context.run(func, *args)
             ^^^^^^^^^^^^^^^^^^^^^^^^
  File "D:\workspace\open-guji-cv\open_guji_cv\console\errors.py", line 60, in wrapper
    return fn(*a, **kw)
           ^^^^^^^^^^^^
  File "D:\workspace\open-guji-cv\open_guji_cv\console\routers\products.py", line 89, in api_overlay
    return _png(overlay(book, step, page, deps.product_store()), scale)
                ^^^^^^^^^^^^^^^^^^^^^^^^^^^^^^^^^^^^^^^^^^^^^^^
  File "D:\workspace\open-guji-cv\open_guji_cv\render\overlay.py", line 68, in overlay
    b = load_book(book)
        ^^^^^^^^^^^^^^^
  File "D:\workspace\open-guji-cv\open_guji_cv\core\book.py", line 270, in load_book
    raise FileNotFoundError(f"\u6ca1\u6709\u8fd9\u518c\u4e66\u7684\u5b9a\u4e49: {path}")
FileNotFoundError: \u6ca1\u6709\u8fd9\u518c\u4e66\u7684\u5b9a\u4e49: D:\workspace\open-guji-cv\open_guji_cv\books\bxrl.yaml
ERROR:    Exception in ASGI application
  + Exception Group Traceback (most recent call last):
  |   File "D:\workspace\open-guji-cv\.venv\Lib\site-packages\starlette\_utils.py", line 85, in create_collapsing_task_group
  |     async with anyio.create_task_group() as tg:
  |                ^^^^^^^^^^^^^^^^^^^^^^^^^
  |   File "D:\workspace\open-guji-cv\.venv\Lib\site-packages\anyio\_backends\_asyncio.py", line 847, in __aexit__
  |     raise BaseExceptionGroup(
  | ExceptionGroup: unhandled errors in a TaskGroup (1 sub-exception)
  +-+---------------- 1 ----------------
    | Traceback (most recent call last):
    |   File "D:\workspace\open-guji-cv\.venv\Lib\site-packages\uvicorn\protocols\http\h11_impl.py", line 416, in run_asgi
    |     result = await app(  # type: ignore[func-returns-value]
    |              ^^^^^^^^^^^^^^^^^^^^^^^^^^^^^^^^^^^^^^^^^^^^^^
    |   File "D:\workspace\open-guji-cv\.venv\Lib\site-packages\uvicorn\middleware\proxy_headers.py", line 63, in __call__
    |     return await self.app(scope, receive, send)
    |            ^^^^^^^^^^^^^^^^^^^^^^^^^^^^^^^^^^^^
    |   File "D:\workspace\open-guji-cv\.venv\Lib\site-packages\fastapi\applications.py", line 1163, in __call__
    |     await super().__call__(scope, receive, send)
    |   File "D:\workspace\open-guji-cv\.venv\Lib\site-packages\starlette\applications.py", line 96, in __call__
    |     await self.middleware_stack(scope, receive, send)
    |   File "D:\workspace\open-guji-cv\.venv\Lib\site-packages\starlette\middleware\errors.py", line 186, in __call__
    |     raise exc
    |   File "D:\workspace\open-guji-cv\.venv\Lib\site-packages\starlette\middleware\errors.py", line 164, in __call__
    |     await self.app(scope, receive, _send)
    |   File "D:\workspace\open-guji-cv\.venv\Lib\site-packages\starlette\middleware\base.py", line 193, in __call__
    |     response = await self.dispatch_func(request, call_next)
    |                ^^^^^^^^^^^^^^^^^^^^^^^^^^^^^^^^^^^^^^^^^^^^
    |   File "D:\workspace\open-guji-cv\open_guji_cv\console\app.py", line 61, in _no_cache_static
    |     resp = await call_next(request)
    |            ^^^^^^^^^^^^^^^^^^^^^^^^
    |   File "D:\workspace\open-guji-cv\.venv\Lib\site-packages\starlette\middleware\base.py", line 168, in call_next
    |     raise app_exc from app_exc.__cause__ or app_exc.__context__
    |   File "D:\workspace\open-guji-cv\.venv\Lib\site-packages\starlette\middleware\base.py", line 144, in coro
    |     await self.app(scope, receive_or_disconnect, send_no_error)
    |   File "D:\workspace\open-guji-cv\.venv\Lib\site-packages\starlette\middleware\base.py", line 193, in __call__
    |     response = await self.dispatch_func(request, call_next)
    |                ^^^^^^^^^^^^^^^^^^^^^^^^^^^^^^^^^^^^^^^^^^^^
    |   File "D:\workspace\open-guji-cv\open_guji_cv\console\middleware.py", line 55, in dispatch
    |     return await call_next(request)
    |            ^^^^^^^^^^^^^^^^^^^^^^^^
    |   File "D:\workspace\open-guji-cv\.venv\Lib\site-packages\starlette\middleware\base.py", line 168, in call_next
    |     raise app_exc from app_exc.__cause__ or app_exc.__context__
    |   File "D:\workspace\open-guji-cv\.venv\Lib\site-packages\starlette\middleware\base.py", line 144, in coro
    |     await self.app(scope, receive_or_disconnect, send_no_error)
    |   File "D:\workspace\open-guji-cv\.venv\Lib\site-packages\starlette\middleware\cors.py", line 88, in __call__
    |     await self.app(scope, receive, send)
    |   File "D:\workspace\open-guji-cv\.venv\Lib\site-packages\starlette\middleware\exceptions.py", line 63, in __call__
    |     await wrap_app_handling_exceptions(self.app, conn)(scope, receive, send)
    |   File "D:\workspace\open-guji-cv\.venv\Lib\site-packages\starlette\_exception_handler.py", line 53, in wrapped_app
    |     raise exc
    |   File "D:\workspace\open-guji-cv\.venv\Lib\site-packages\starlette\_exception_handler.py", line 42, in wrapped_app
    |     await app(scope, receive, sender)
    |   File "D:\workspace\open-guji-cv\.venv\Lib\site-packages\fastapi\middleware\asyncexitstack.py", line 18, in __call__
    |     await self.app(scope, receive, send)
    |   File "D:\workspace\open-guji-cv\.venv\Lib\site-packages\starlette\routing.py", line 670, in __call__
    |     await self.middleware_stack(scope, receive, send)
    |   File "D:\workspace\open-guji-cv\.venv\Lib\site-packages\fastapi\routing.py", line 2734, in app
    |     await route.handle(scope, receive, send)
    |   File "D:\workspace\open-guji-cv\.venv\Lib\site-packages\fastapi\routing.py", line 1780, in handle
    |     await self.original_router.handle(scope, receive, send)
    |   File "D:\workspace\open-guji-cv\.venv\Lib\site-packages\fastapi\routing.py", line 2789, in handle
    |     await included_router._handle_selected(scope, receive, send)
    |   File "D:\workspace\open-guji-cv\.venv\Lib\site-packages\fastapi\routing.py", line 1800, in _handle_selected
    |     await original_route.handle(scope, receive, send)
    |   File "D:\workspace\open-guji-cv\.venv\Lib\site-packages\fastapi\routing.py", line 1279, in handle
    |     await app(scope, receive, send)
    |   File "D:\workspace\open-guji-cv\.venv\Lib\site-packages\fastapi\routing.py", line 158, in app
    |     await wrap_app_handling_exceptions(app, request)(scope, receive, send)
    |   File "D:\workspace\open-guji-cv\.venv\Lib\site-packages\starlette\_exception_handler.py", line 53, in wrapped_app
    |     raise exc
    |   File "D:\workspace\open-guji-cv\.venv\Lib\site-packages\starlette\_exception_handler.py", line 42, in wrapped_app
    |     await app(scope, receive, sender)
    |   File "D:\workspace\open-guji-cv\.venv\Lib\site-packages\fastapi\routing.py", line 144, in app
    |     response = await f(request)
    |                ^^^^^^^^^^^^^^^^
    |   File "D:\workspace\open-guji-cv\.venv\Lib\site-packages\fastapi\routing.py", line 706, in app
    |     raw_response = await run_endpoint_function(
    |                    ^^^^^^^^^^^^^^^^^^^^^^^^^^^^
    |   File "D:\workspace\open-guji-cv\.venv\Lib\site-packages\fastapi\routing.py", line 354, in run_endpoint_function
    |     return await run_in_threadpool(dependant.call, **values)
    |            ^^^^^^^^^^^^^^^^^^^^^^^^^^^^^^^^^^^^^^^^^^^^^^^^^
    |   File "D:\workspace\open-guji-cv\.venv\Lib\site-packages\starlette\concurrency.py", line 34, in run_in_threadpool
    |     return await anyio.to_thread.run_sync(func)
    |            ^^^^^^^^^^^^^^^^^^^^^^^^^^^^^^^^^^^^
    |   File "D:\workspace\open-guji-cv\.venv\Lib\site-packages\anyio\to_thread.py", line 65, in run_sync
    |     return await get_async_backend().run_sync_in_worker_thread(
    |            ^^^^^^^^^^^^^^^^^^^^^^^^^^^^^^^^^^^^^^^^^^^^^^^^^^^^
    |   File "D:\workspace\open-guji-cv\.venv\Lib\site-packages\anyio\_backends\_asyncio.py", line 2706, in run_sync_in_worker_thread
    |     return await future
    |            ^^^^^^^^^^^^
    |   File "D:\workspace\open-guji-cv\.venv\Lib\site-packages\anyio\_backends\_asyncio.py", line 1100, in run
    |     result = context.run(func, *args)
    |              ^^^^^^^^^^^^^^^^^^^^^^^^
    |   File "D:\workspace\open-guji-cv\open_guji_cv\console\routers\cutline.py", line 51, in api_cutline_cases
    |     bk = load_book(book)
    |          ^^^^^^^^^^^^^^^
    |   File "D:\workspace\open-guji-cv\open_guji_cv\core\book.py", line 270, in load_book
    |     raise FileNotFoundError(f"\u6ca1\u6709\u8fd9\u518c\u4e66\u7684\u5b9a\u4e49: {path}")
    | FileNotFoundError: \u6ca1\u6709\u8fd9\u518c\u4e66\u7684\u5b9a\u4e49: D:\workspace\open-guji-cv\open_guji_cv\books\bxrl.yaml
    +------------------------------------

The above exception was the direct cause of the following exception:

Traceback (most recent call last):
  File "D:\workspace\open-guji-cv\.venv\Lib\site-packages\uvicorn\protocols\http\h11_impl.py", line 416, in run_asgi
    result = await app(  # type: ignore[func-returns-value]
             ^^^^^^^^^^^^^^^^^^^^^^^^^^^^^^^^^^^^^^^^^^^^^^
  File "D:\workspace\open-guji-cv\.venv\Lib\site-packages\uvicorn\middleware\proxy_headers.py", line 63, in __call__
    return await self.app(scope, receive, send)
           ^^^^^^^^^^^^^^^^^^^^^^^^^^^^^^^^^^^^
  File "D:\workspace\open-guji-cv\.venv\Lib\site-packages\fastapi\applications.py", line 1163, in __call__
    await super().__call__(scope, receive, send)
  File "D:\workspace\open-guji-cv\.venv\Lib\site-packages\starlette\applications.py", line 96, in __call__
    await self.middleware_stack(scope, receive, send)
  File "D:\workspace\open-guji-cv\.venv\Lib\site-packages\starlette\middleware\errors.py", line 186, in __call__
    raise exc
  File "D:\workspace\open-guji-cv\.venv\Lib\site-packages\starlette\middleware\errors.py", line 164, in __call__
    await self.app(scope, receive, _send)
  File "D:\workspace\open-guji-cv\.venv\Lib\site-packages\starlette\middleware\base.py", line 193, in __call__
    response = await self.dispatch_func(request, call_next)
               ^^^^^^^^^^^^^^^^^^^^^^^^^^^^^^^^^^^^^^^^^^^^
  File "D:\workspace\open-guji-cv\open_guji_cv\console\app.py", line 61, in _no_cache_static
    resp = await call_next(request)
           ^^^^^^^^^^^^^^^^^^^^^^^^
  File "D:\workspace\open-guji-cv\.venv\Lib\site-packages\starlette\middleware\base.py", line 168, in call_next
    raise app_exc from app_exc.__cause__ or app_exc.__context__
  File "D:\workspace\open-guji-cv\.venv\Lib\site-packages\starlette\middleware\base.py", line 144, in coro
    await self.app(scope, receive_or_disconnect, send_no_error)
  File "D:\workspace\open-guji-cv\.venv\Lib\site-packages\starlette\middleware\base.py", line 193, in __call__
    response = await self.dispatch_func(request, call_next)
               ^^^^^^^^^^^^^^^^^^^^^^^^^^^^^^^^^^^^^^^^^^^^
  File "D:\workspace\open-guji-cv\open_guji_cv\console\middleware.py", line 55, in dispatch
    return await call_next(request)
           ^^^^^^^^^^^^^^^^^^^^^^^^
  File "D:\workspace\open-guji-cv\.venv\Lib\site-packages\starlette\middleware\base.py", line 168, in call_next
    raise app_exc from app_exc.__cause__ or app_exc.__context__
  File "D:\workspace\open-guji-cv\.venv\Lib\site-packages\starlette\middleware\base.py", line 144, in coro
    await self.app(scope, receive_or_disconnect, send_no_error)
  File "D:\workspace\open-guji-cv\.venv\Lib\site-packages\starlette\middleware\cors.py", line 88, in __call__
    await self.app(scope, receive, send)
  File "D:\workspace\open-guji-cv\.venv\Lib\site-packages\starlette\middleware\exceptions.py", line 63, in __call__
    await wrap_app_handling_exceptions(self.app, conn)(scope, receive, send)
  File "D:\workspace\open-guji-cv\.venv\Lib\site-packages\starlette\_exception_handler.py", line 53, in wrapped_app
    raise exc
  File "D:\workspace\open-guji-cv\.venv\Lib\site-packages\starlette\_exception_handler.py", line 42, in wrapped_app
    await app(scope, receive, sender)
  File "D:\workspace\open-guji-cv\.venv\Lib\site-packages\fastapi\middleware\asyncexitstack.py", line 18, in __call__
    await self.app(scope, receive, send)
  File "D:\workspace\open-guji-cv\.venv\Lib\site-packages\starlette\routing.py", line 670, in __call__
    await self.middleware_stack(scope, receive, send)
  File "D:\workspace\open-guji-cv\.venv\Lib\site-packages\fastapi\routing.py", line 2734, in app
    await route.handle(scope, receive, send)
  File "D:\workspace\open-guji-cv\.venv\Lib\site-packages\fastapi\routing.py", line 1780, in handle
    await self.original_router.handle(scope, receive, send)
  File "D:\workspace\open-guji-cv\.venv\Lib\site-packages\fastapi\routing.py", line 2789, in handle
    await included_router._handle_selected(scope, receive, send)
  File "D:\workspace\open-guji-cv\.venv\Lib\site-packages\fastapi\routing.py", line 1800, in _handle_selected
    await original_route.handle(scope, receive, send)
  File "D:\workspace\open-guji-cv\.venv\Lib\site-packages\fastapi\routing.py", line 1279, in handle
    await app(scope, receive, send)
  File "D:\workspace\open-guji-cv\.venv\Lib\site-packages\fastapi\routing.py", line 158, in app
    await wrap_app_handling_exceptions(app, request)(scope, receive, send)
  File "D:\workspace\open-guji-cv\.venv\Lib\site-packages\starlette\_exception_handler.py", line 53, in wrapped_app
    raise exc
  File "D:\workspace\open-guji-cv\.venv\Lib\site-packages\starlette\_exception_handler.py", line 42, in wrapped_app
    await app(scope, receive, sender)
  File "D:\workspace\open-guji-cv\.venv\Lib\site-packages\fastapi\routing.py", line 144, in app
    response = await f(request)
               ^^^^^^^^^^^^^^^^
  File "D:\workspace\open-guji-cv\.venv\Lib\site-packages\fastapi\routing.py", line 706, in app
    raw_response = await run_endpoint_function(
                   ^^^^^^^^^^^^^^^^^^^^^^^^^^^^
  File "D:\workspace\open-guji-cv\.venv\Lib\site-packages\fastapi\routing.py", line 354, in run_endpoint_function
    return await run_in_threadpool(dependant.call, **values)
           ^^^^^^^^^^^^^^^^^^^^^^^^^^^^^^^^^^^^^^^^^^^^^^^^^
  File "D:\workspace\open-guji-cv\.venv\Lib\site-packages\starlette\concurrency.py", line 34, in run_in_threadpool
    return await anyio.to_thread.run_sync(func)
           ^^^^^^^^^^^^^^^^^^^^^^^^^^^^^^^^^^^^
  File "D:\workspace\open-guji-cv\.venv\Lib\site-packages\anyio\to_thread.py", line 65, in run_sync
    return await get_async_backend().run_sync_in_worker_thread(
           ^^^^^^^^^^^^^^^^^^^^^^^^^^^^^^^^^^^^^^^^^^^^^^^^^^^^
  File "D:\workspace\open-guji-cv\.venv\Lib\site-packages\anyio\_backends\_asyncio.py", line 2706, in run_sync_in_worker_thread
    return await future
           ^^^^^^^^^^^^
  File "D:\workspace\open-guji-cv\.venv\Lib\site-packages\anyio\_backends\_asyncio.py", line 1100, in run
    result = context.run(func, *args)
             ^^^^^^^^^^^^^^^^^^^^^^^^
  File "D:\workspace\open-guji-cv\open_guji_cv\console\routers\cutline.py", line 51, in api_cutline_cases
    bk = load_book(book)
         ^^^^^^^^^^^^^^^
  File "D:\workspace\open-guji-cv\open_guji_cv\core\book.py", line 270, in load_book
    raise FileNotFoundError(f"\u6ca1\u6709\u8fd9\u518c\u4e66\u7684\u5b9a\u4e49: {path}")
FileNotFoundError: \u6ca1\u6709\u8fd9\u518c\u4e66\u7684\u5b9a\u4e49: D:\workspace\open-guji-cv\open_guji_cv\books\bxrl.yaml
ERROR:    Exception in ASGI application
  + Exception Group Traceback (most recent call last):
  |   File "D:\workspace\open-guji-cv\.venv\Lib\site-packages\starlette\_utils.py", line 85, in create_collapsing_task_group
  |     async with anyio.create_task_group() as tg:
  |                ^^^^^^^^^^^^^^^^^^^^^^^^^
  |   File "D:\workspace\open-guji-cv\.venv\Lib\site-packages\anyio\_backends\_asyncio.py", line 847, in __aexit__
  |     raise BaseExceptionGroup(
  | ExceptionGroup: unhandled errors in a TaskGroup (1 sub-exception)
  +-+---------------- 1 ----------------
    | Traceback (most recent call last):
    |   File "D:\workspace\open-guji-cv\.venv\Lib\site-packages\uvicorn\protocols\http\h11_impl.py", line 416, in run_asgi
    |     result = await app(  # type: ignore[func-returns-value]
    |              ^^^^^^^^^^^^^^^^^^^^^^^^^^^^^^^^^^^^^^^^^^^^^^
    |   File "D:\workspace\open-guji-cv\.venv\Lib\site-packages\uvicorn\middleware\proxy_headers.py", line 63, in __call__
    |     return await self.app(scope, receive, send)
    |            ^^^^^^^^^^^^^^^^^^^^^^^^^^^^^^^^^^^^
    |   File "D:\workspace\open-guji-cv\.venv\Lib\site-packages\fastapi\applications.py", line 1163, in __call__
    |     await super().__call__(scope, receive, send)
    |   File "D:\workspace\open-guji-cv\.venv\Lib\site-packages\starlette\applications.py", line 96, in __call__
    |     await self.middleware_stack(scope, receive, send)
    |   File "D:\workspace\open-guji-cv\.venv\Lib\site-packages\starlette\middleware\errors.py", line 186, in __call__
    |     raise exc
    |   File "D:\workspace\open-guji-cv\.venv\Lib\site-packages\starlette\middleware\errors.py", line 164, in __call__
    |     await self.app(scope, receive, _send)
    |   File "D:\workspace\open-guji-cv\.venv\Lib\site-packages\starlette\middleware\base.py", line 193, in __call__
    |     response = await self.dispatch_func(request, call_next)
    |                ^^^^^^^^^^^^^^^^^^^^^^^^^^^^^^^^^^^^^^^^^^^^
    |   File "D:\workspace\open-guji-cv\open_guji_cv\console\app.py", line 61, in _no_cache_static
    |     resp = await call_next(request)
    |            ^^^^^^^^^^^^^^^^^^^^^^^^
    |   File "D:\workspace\open-guji-cv\.venv\Lib\site-packages\starlette\middleware\base.py", line 168, in call_next
    |     raise app_exc from app_exc.__cause__ or app_exc.__context__
    |   File "D:\workspace\open-guji-cv\.venv\Lib\site-packages\starlette\middleware\base.py", line 144, in coro
    |     await self.app(scope, receive_or_disconnect, send_no_error)
    |   File "D:\workspace\open-guji-cv\.venv\Lib\site-packages\starlette\middleware\base.py", line 193, in __call__
    |     response = await self.dispatch_func(request, call_next)
    |                ^^^^^^^^^^^^^^^^^^^^^^^^^^^^^^^^^^^^^^^^^^^^
    |   File "D:\workspace\open-guji-cv\open_guji_cv\console\middleware.py", line 55, in dispatch
    |     return await call_next(request)
    |            ^^^^^^^^^^^^^^^^^^^^^^^^
    |   File "D:\workspace\open-guji-cv\.venv\Lib\site-packages\starlette\middleware\base.py", line 168, in call_next
    |     raise app_exc from app_exc.__cause__ or app_exc.__context__
    |   File "D:\workspace\open-guji-cv\.venv\Lib\site-packages\starlette\middleware\base.py", line 144, in coro
    |     await self.app(scope, receive_or_disconnect, send_no_error)
    |   File "D:\workspace\open-guji-cv\.venv\Lib\site-packages\starlette\middleware\cors.py", line 88, in __call__
    |     await self.app(scope, receive, send)
    |   File "D:\workspace\open-guji-cv\.venv\Lib\site-packages\starlette\middleware\exceptions.py", line 63, in __call__
    |     await wrap_app_handling_exceptions(self.app, conn)(scope, receive, send)
    |   File "D:\workspace\open-guji-cv\.venv\Lib\site-packages\starlette\_exception_handler.py", line 53, in wrapped_app
    |     raise exc
    |   File "D:\workspace\open-guji-cv\.venv\Lib\site-packages\starlette\_exception_handler.py", line 42, in wrapped_app
    |     await app(scope, receive, sender)
    |   File "D:\workspace\open-guji-cv\.venv\Lib\site-packages\fastapi\middleware\asyncexitstack.py", line 18, in __call__
    |     await self.app(scope, receive, send)
    |   File "D:\workspace\open-guji-cv\.venv\Lib\site-packages\starlette\routing.py", line 670, in __call__
    |     await self.middleware_stack(scope, receive, send)
    |   File "D:\workspace\open-guji-cv\.venv\Lib\site-packages\fastapi\routing.py", line 2734, in app
    |     await route.handle(scope, receive, send)
    |   File "D:\workspace\open-guji-cv\.venv\Lib\site-packages\fastapi\routing.py", line 1780, in handle
    |     await self.original_router.handle(scope, receive, send)
    |   File "D:\workspace\open-guji-cv\.venv\Lib\site-packages\fastapi\routing.py", line 2789, in handle
    |     await included_router._handle_selected(scope, receive, send)
    |   File "D:\workspace\open-guji-cv\.venv\Lib\site-packages\fastapi\routing.py", line 1800, in _handle_selected
    |     await original_route.handle(scope, receive, send)
    |   File "D:\workspace\open-guji-cv\.venv\Lib\site-packages\fastapi\routing.py", line 1279, in handle
    |     await app(scope, receive, send)
    |   File "D:\workspace\open-guji-cv\.venv\Lib\site-packages\fastapi\routing.py", line 158, in app
    |     await wrap_app_handling_exceptions(app, request)(scope, receive, send)
    |   File "D:\workspace\open-guji-cv\.venv\Lib\site-packages\starlette\_exception_handler.py", line 53, in wrapped_app
    |     raise exc
    |   File "D:\workspace\open-guji-cv\.venv\Lib\site-packages\starlette\_exception_handler.py", line 42, in wrapped_app
    |     await app(scope, receive, sender)
    |   File "D:\workspace\open-guji-cv\.venv\Lib\site-packages\fastapi\routing.py", line 144, in app
    |     response = await f(request)
    |                ^^^^^^^^^^^^^^^^
    |   File "D:\workspace\open-guji-cv\.venv\Lib\site-packages\fastapi\routing.py", line 706, in app
    |     raw_response = await run_endpoint_function(
    |                    ^^^^^^^^^^^^^^^^^^^^^^^^^^^^
    |   File "D:\workspace\open-guji-cv\.venv\Lib\site-packages\fastapi\routing.py", line 354, in run_endpoint_function
    |     return await run_in_threadpool(dependant.call, **values)
    |            ^^^^^^^^^^^^^^^^^^^^^^^^^^^^^^^^^^^^^^^^^^^^^^^^^
    |   File "D:\workspace\open-guji-cv\.venv\Lib\site-packages\starlette\concurrency.py", line 34, in run_in_threadpool
    |     return await anyio.to_thread.run_sync(func)
    |            ^^^^^^^^^^^^^^^^^^^^^^^^^^^^^^^^^^^^
    |   File "D:\workspace\open-guji-cv\.venv\Lib\site-packages\anyio\to_thread.py", line 65, in run_sync
    |     return await get_async_backend().run_sync_in_worker_thread(
    |            ^^^^^^^^^^^^^^^^^^^^^^^^^^^^^^^^^^^^^^^^^^^^^^^^^^^^
    |   File "D:\workspace\open-guji-cv\.venv\Lib\site-packages\anyio\_backends\_asyncio.py", line 2706, in run_sync_in_worker_thread
    |     return await future
    |            ^^^^^^^^^^^^
    |   File "D:\workspace\open-guji-cv\.venv\Lib\site-packages\anyio\_backends\_asyncio.py", line 1100, in run
    |     result = context.run(func, *args)
    |              ^^^^^^^^^^^^^^^^^^^^^^^^
    |   File "D:\workspace\open-guji-cv\open_guji_cv\console\routers\review.py", line 52, in api_review_cards
    |     return cards(book, pages, limit, only, deps.product_store(), gate_cut=gate_cut)
    |            ^^^^^^^^^^^^^^^^^^^^^^^^^^^^^^^^^^^^^^^^^^^^^^^^^^^^^^^^^^^^^^^^^^^^^^^^
    |   File "D:\workspace\open-guji-cv\open_guji_cv\review\cards.py", line 38, in cards
    |     bk = load_book(book)
    |          ^^^^^^^^^^^^^^^
    |   File "D:\workspace\open-guji-cv\open_guji_cv\core\book.py", line 270, in load_book
    |     raise FileNotFoundError(f"\u6ca1\u6709\u8fd9\u518c\u4e66\u7684\u5b9a\u4e49: {path}")
    | FileNotFoundError: \u6ca1\u6709\u8fd9\u518c\u4e66\u7684\u5b9a\u4e49: D:\workspace\open-guji-cv\open_guji_cv\books\bxrl.yaml
    +------------------------------------

The above exception was the direct cause of the following exception:

Traceback (most recent call last):
  File "D:\workspace\open-guji-cv\.venv\Lib\site-packages\uvicorn\protocols\http\h11_impl.py", line 416, in run_asgi
    result = await app(  # type: ignore[func-returns-value]
             ^^^^^^^^^^^^^^^^^^^^^^^^^^^^^^^^^^^^^^^^^^^^^^
  File "D:\workspace\open-guji-cv\.venv\Lib\site-packages\uvicorn\middleware\proxy_headers.py", line 63, in __call__
    return await self.app(scope, receive, send)
           ^^^^^^^^^^^^^^^^^^^^^^^^^^^^^^^^^^^^
  File "D:\workspace\open-guji-cv\.venv\Lib\site-packages\fastapi\applications.py", line 1163, in __call__
    await super().__call__(scope, receive, send)
  File "D:\workspace\open-guji-cv\.venv\Lib\site-packages\starlette\applications.py", line 96, in __call__
    await self.middleware_stack(scope, receive, send)
  File "D:\workspace\open-guji-cv\.venv\Lib\site-packages\starlette\middleware\errors.py", line 186, in __call__
    raise exc
  File "D:\workspace\open-guji-cv\.venv\Lib\site-packages\starlette\middleware\errors.py", line 164, in __call__
    await self.app(scope, receive, _send)
  File "D:\workspace\open-guji-cv\.venv\Lib\site-packages\starlette\middleware\base.py", line 193, in __call__
    response = await self.dispatch_func(request, call_next)
               ^^^^^^^^^^^^^^^^^^^^^^^^^^^^^^^^^^^^^^^^^^^^
  File "D:\workspace\open-guji-cv\open_guji_cv\console\app.py", line 61, in _no_cache_static
    resp = await call_next(request)
           ^^^^^^^^^^^^^^^^^^^^^^^^
  File "D:\workspace\open-guji-cv\.venv\Lib\site-packages\starlette\middleware\base.py", line 168, in call_next
    raise app_exc from app_exc.__cause__ or app_exc.__context__
  File "D:\workspace\open-guji-cv\.venv\Lib\site-packages\starlette\middleware\base.py", line 144, in coro
    await self.app(scope, receive_or_disconnect, send_no_error)
  File "D:\workspace\open-guji-cv\.venv\Lib\site-packages\starlette\middleware\base.py", line 193, in __call__
    response = await self.dispatch_func(request, call_next)
               ^^^^^^^^^^^^^^^^^^^^^^^^^^^^^^^^^^^^^^^^^^^^
  File "D:\workspace\open-guji-cv\open_guji_cv\console\middleware.py", line 55, in dispatch
    return await call_next(request)
           ^^^^^^^^^^^^^^^^^^^^^^^^
  File "D:\workspace\open-guji-cv\.venv\Lib\site-packages\starlette\middleware\base.py", line 168, in call_next
    raise app_exc from app_exc.__cause__ or app_exc.__context__
  File "D:\workspace\open-guji-cv\.venv\Lib\site-packages\starlette\middleware\base.py", line 144, in coro
    await self.app(scope, receive_or_disconnect, send_no_error)
  File "D:\workspace\open-guji-cv\.venv\Lib\site-packages\starlette\middleware\cors.py", line 88, in __call__
    await self.app(scope, receive, send)
  File "D:\workspace\open-guji-cv\.venv\Lib\site-packages\starlette\middleware\exceptions.py", line 63, in __call__
    await wrap_app_handling_exceptions(self.app, conn)(scope, receive, send)
  File "D:\workspace\open-guji-cv\.venv\Lib\site-packages\starlette\_exception_handler.py", line 53, in wrapped_app
    raise exc
  File "D:\workspace\open-guji-cv\.venv\Lib\site-packages\starlette\_exception_handler.py", line 42, in wrapped_app
    await app(scope, receive, sender)
  File "D:\workspace\open-guji-cv\.venv\Lib\site-packages\fastapi\middleware\asyncexitstack.py", line 18, in __call__
    await self.app(scope, receive, send)
  File "D:\workspace\open-guji-cv\.venv\Lib\site-packages\starlette\routing.py", line 670, in __call__
    await self.middleware_stack(scope, receive, send)
  File "D:\workspace\open-guji-cv\.venv\Lib\site-packages\fastapi\routing.py", line 2734, in app
    await route.handle(scope, receive, send)
  File "D:\workspace\open-guji-cv\.venv\Lib\site-packages\fastapi\routing.py", line 1780, in handle
    await self.original_router.handle(scope, receive, send)
  File "D:\workspace\open-guji-cv\.venv\Lib\site-packages\fastapi\routing.py", line 2789, in handle
    await included_router._handle_selected(scope, receive, send)
  File "D:\workspace\open-guji-cv\.venv\Lib\site-packages\fastapi\routing.py", line 1800, in _handle_selected
    await original_route.handle(scope, receive, send)
  File "D:\workspace\open-guji-cv\.venv\Lib\site-packages\fastapi\routing.py", line 1279, in handle
    await app(scope, receive, send)
  File "D:\workspace\open-guji-cv\.venv\Lib\site-packages\fastapi\routing.py", line 158, in app
    await wrap_app_handling_exceptions(app, request)(scope, receive, send)
  File "D:\workspace\open-guji-cv\.venv\Lib\site-packages\starlette\_exception_handler.py", line 53, in wrapped_app
    raise exc
  File "D:\workspace\open-guji-cv\.venv\Lib\site-packages\starlette\_exception_handler.py", line 42, in wrapped_app
    await app(scope, receive, sender)
  File "D:\workspace\open-guji-cv\.venv\Lib\site-packages\fastapi\routing.py", line 144, in app
    response = await f(request)
               ^^^^^^^^^^^^^^^^
  File "D:\workspace\open-guji-cv\.venv\Lib\site-packages\fastapi\routing.py", line 706, in app
    raw_response = await run_endpoint_function(
                   ^^^^^^^^^^^^^^^^^^^^^^^^^^^^
  File "D:\workspace\open-guji-cv\.venv\Lib\site-packages\fastapi\routing.py", line 354, in run_endpoint_function
    return await run_in_threadpool(dependant.call, **values)
           ^^^^^^^^^^^^^^^^^^^^^^^^^^^^^^^^^^^^^^^^^^^^^^^^^
  File "D:\workspace\open-guji-cv\.venv\Lib\site-packages\starlette\concurrency.py", line 34, in run_in_threadpool
    return await anyio.to_thread.run_sync(func)
           ^^^^^^^^^^^^^^^^^^^^^^^^^^^^^^^^^^^^
  File "D:\workspace\open-guji-cv\.venv\Lib\site-packages\anyio\to_thread.py", line 65, in run_sync
    return await get_async_backend().run_sync_in_worker_thread(
           ^^^^^^^^^^^^^^^^^^^^^^^^^^^^^^^^^^^^^^^^^^^^^^^^^^^^
  File "D:\workspace\open-guji-cv\.venv\Lib\site-packages\anyio\_backends\_asyncio.py", line 2706, in run_sync_in_worker_thread
    return await future
           ^^^^^^^^^^^^
  File "D:\workspace\open-guji-cv\.venv\Lib\site-packages\anyio\_backends\_asyncio.py", line 1100, in run
    result = context.run(func, *args)
             ^^^^^^^^^^^^^^^^^^^^^^^^
  File "D:\workspace\open-guji-cv\open_guji_cv\console\routers\review.py", line 52, in api_review_cards
    return cards(book, pages, limit, only, deps.product_store(), gate_cut=gate_cut)
           ^^^^^^^^^^^^^^^^^^^^^^^^^^^^^^^^^^^^^^^^^^^^^^^^^^^^^^^^^^^^^^^^^^^^^^^^
  File "D:\workspace\open-guji-cv\open_guji_cv\review\cards.py", line 38, in cards
    bk = load_book(book)
         ^^^^^^^^^^^^^^^
  File "D:\workspace\open-guji-cv\open_guji_cv\core\book.py", line 270, in load_book
    raise FileNotFoundError(f"\u6ca1\u6709\u8fd9\u518c\u4e66\u7684\u5b9a\u4e49: {path}")
FileNotFoundError: \u6ca1\u6709\u8fd9\u518c\u4e66\u7684\u5b9a\u4e49: D:\workspace\open-guji-cv\open_guji_cv\books\bxrl.yaml
ERROR:    Exception in ASGI application
  + Exception Group Traceback (most recent call last):
  |   File "D:\workspace\open-guji-cv\.venv\Lib\site-packages\starlette\_utils.py", line 85, in create_collapsing_task_group
  |     async with anyio.create_task_group() as tg:
  |                ^^^^^^^^^^^^^^^^^^^^^^^^^
  |   File "D:\workspace\open-guji-cv\.venv\Lib\site-packages\anyio\_backends\_asyncio.py", line 847, in __aexit__
  |     raise BaseExceptionGroup(
  | ExceptionGroup: unhandled errors in a TaskGroup (1 sub-exception)
  +-+---------------- 1 ----------------
    | Traceback (most recent call last):
    |   File "D:\workspace\open-guji-cv\.venv\Lib\site-packages\uvicorn\protocols\http\h11_impl.py", line 416, in run_asgi
    |     result = await app(  # type: ignore[func-returns-value]
    |              ^^^^^^^^^^^^^^^^^^^^^^^^^^^^^^^^^^^^^^^^^^^^^^
    |   File "D:\workspace\open-guji-cv\.venv\Lib\site-packages\uvicorn\middleware\proxy_headers.py", line 63, in __call__
    |     return await self.app(scope, receive, send)
    |            ^^^^^^^^^^^^^^^^^^^^^^^^^^^^^^^^^^^^
    |   File "D:\workspace\open-guji-cv\.venv\Lib\site-packages\fastapi\applications.py", line 1163, in __call__
    |     await super().__call__(scope, receive, send)
    |   File "D:\workspace\open-guji-cv\.venv\Lib\site-packages\starlette\applications.py", line 96, in __call__
    |     await self.middleware_stack(scope, receive, send)
    |   File "D:\workspace\open-guji-cv\.venv\Lib\site-packages\starlette\middleware\errors.py", line 186, in __call__
    |     raise exc
    |   File "D:\workspace\open-guji-cv\.venv\Lib\site-packages\starlette\middleware\errors.py", line 164, in __call__
    |     await self.app(scope, receive, _send)
    |   File "D:\workspace\open-guji-cv\.venv\Lib\site-packages\starlette\middleware\base.py", line 193, in __call__
    |     response = await self.dispatch_func(request, call_next)
    |                ^^^^^^^^^^^^^^^^^^^^^^^^^^^^^^^^^^^^^^^^^^^^
    |   File "D:\workspace\open-guji-cv\open_guji_cv\console\app.py", line 61, in _no_cache_static
    |     resp = await call_next(request)
    |            ^^^^^^^^^^^^^^^^^^^^^^^^
    |   File "D:\workspace\open-guji-cv\.venv\Lib\site-packages\starlette\middleware\base.py", line 168, in call_next
    |     raise app_exc from app_exc.__cause__ or app_exc.__context__
    |   File "D:\workspace\open-guji-cv\.venv\Lib\site-packages\starlette\middleware\base.py", line 144, in coro
    |     await self.app(scope, receive_or_disconnect, send_no_error)
    |   File "D:\workspace\open-guji-cv\.venv\Lib\site-packages\starlette\middleware\base.py", line 193, in __call__
    |     response = await self.dispatch_func(request, call_next)
    |                ^^^^^^^^^^^^^^^^^^^^^^^^^^^^^^^^^^^^^^^^^^^^
    |   File "D:\workspace\open-guji-cv\open_guji_cv\console\middleware.py", line 55, in dispatch
    |     return await call_next(request)
    |            ^^^^^^^^^^^^^^^^^^^^^^^^
    |   File "D:\workspace\open-guji-cv\.venv\Lib\site-packages\starlette\middleware\base.py", line 168, in call_next
    |     raise app_exc from app_exc.__cause__ or app_exc.__context__
    |   File "D:\workspace\open-guji-cv\.venv\Lib\site-packages\starlette\middleware\base.py", line 144, in coro
    |     await self.app(scope, receive_or_disconnect, send_no_error)
    |   File "D:\workspace\open-guji-cv\.venv\Lib\site-packages\starlette\middleware\cors.py", line 88, in __call__
    |     await self.app(scope, receive, send)
    |   File "D:\workspace\open-guji-cv\.venv\Lib\site-packages\starlette\middleware\exceptions.py", line 63, in __call__
    |     await wrap_app_handling_exceptions(self.app, conn)(scope, receive, send)
    |   File "D:\workspace\open-guji-cv\.venv\Lib\site-packages\starlette\_exception_handler.py", line 53, in wrapped_app
    |     raise exc
    |   File "D:\workspace\open-guji-cv\.venv\Lib\site-packages\starlette\_exception_handler.py", line 42, in wrapped_app
    |     await app(scope, receive, sender)
    |   File "D:\workspace\open-guji-cv\.venv\Lib\site-packages\fastapi\middleware\asyncexitstack.py", line 18, in __call__
    |     await self.app(scope, receive, send)
    |   File "D:\workspace\open-guji-cv\.venv\Lib\site-packages\starlette\routing.py", line 670, in __call__
    |     await self.middleware_stack(scope, receive, send)
    |   File "D:\workspace\open-guji-cv\.venv\Lib\site-packages\fastapi\routing.py", line 2734, in app
    |     await route.handle(scope, receive, send)
    |   File "D:\workspace\open-guji-cv\.venv\Lib\site-packages\fastapi\routing.py", line 1780, in handle
    |     await self.original_router.handle(scope, receive, send)
    |   File "D:\workspace\open-guji-cv\.venv\Lib\site-packages\fastapi\routing.py", line 2789, in handle
    |     await included_router._handle_selected(scope, receive, send)
    |   File "D:\workspace\open-guji-cv\.venv\Lib\site-packages\fastapi\routing.py", line 1800, in _handle_selected
    |     await original_route.handle(scope, receive, send)
    |   File "D:\workspace\open-guji-cv\.venv\Lib\site-packages\fastapi\routing.py", line 1279, in handle
    |     await app(scope, receive, send)
    |   File "D:\workspace\open-guji-cv\.venv\Lib\site-packages\fastapi\routing.py", line 158, in app
    |     await wrap_app_handling_exceptions(app, request)(scope, receive, send)
    |   File "D:\workspace\open-guji-cv\.venv\Lib\site-packages\starlette\_exception_handler.py", line 53, in wrapped_app
    |     raise exc
    |   File "D:\workspace\open-guji-cv\.venv\Lib\site-packages\starlette\_exception_handler.py", line 42, in wrapped_app
    |     await app(scope, receive, sender)
    |   File "D:\workspace\open-guji-cv\.venv\Lib\site-packages\fastapi\routing.py", line 144, in app
    |     response = await f(request)
    |                ^^^^^^^^^^^^^^^^
    |   File "D:\workspace\open-guji-cv\.venv\Lib\site-packages\fastapi\routing.py", line 706, in app
    |     raw_response = await run_endpoint_function(
    |                    ^^^^^^^^^^^^^^^^^^^^^^^^^^^^
    |   File "D:\workspace\open-guji-cv\.venv\Lib\site-packages\fastapi\routing.py", line 354, in run_endpoint_function
    |     return await run_in_threadpool(dependant.call, **values)
    |            ^^^^^^^^^^^^^^^^^^^^^^^^^^^^^^^^^^^^^^^^^^^^^^^^^
    |   File "D:\workspace\open-guji-cv\.venv\Lib\site-packages\starlette\concurrency.py", line 34, in run_in_threadpool
    |     return await anyio.to_thread.run_sync(func)
    |            ^^^^^^^^^^^^^^^^^^^^^^^^^^^^^^^^^^^^
    |   File "D:\workspace\open-guji-cv\.venv\Lib\site-packages\anyio\to_thread.py", line 65, in run_sync
    |     return await get_async_backend().run_sync_in_worker_thread(
    |            ^^^^^^^^^^^^^^^^^^^^^^^^^^^^^^^^^^^^^^^^^^^^^^^^^^^^
    |   File "D:\workspace\open-guji-cv\.venv\Lib\site-packages\anyio\_backends\_asyncio.py", line 2706, in run_sync_in_worker_thread
    |     return await future
    |            ^^^^^^^^^^^^
    |   File "D:\workspace\open-guji-cv\.venv\Lib\site-packages\anyio\_backends\_asyncio.py", line 1100, in run
    |     result = context.run(func, *args)
    |              ^^^^^^^^^^^^^^^^^^^^^^^^
    |   File "D:\workspace\open-guji-cv\open_guji_cv\console\routers\cutline.py", line 51, in api_cutline_cases
    |     bk = load_book(book)
    |          ^^^^^^^^^^^^^^^
    |   File "D:\workspace\open-guji-cv\open_guji_cv\core\book.py", line 270, in load_book
    |     raise FileNotFoundError(f"\u6ca1\u6709\u8fd9\u518c\u4e66\u7684\u5b9a\u4e49: {path}")
    | FileNotFoundError: \u6ca1\u6709\u8fd9\u518c\u4e66\u7684\u5b9a\u4e49: D:\workspace\open-guji-cv\open_guji_cv\books\bxrl.yaml
    +------------------------------------

The above exception was the direct cause of the following exception:

Traceback (most recent call last):
  File "D:\workspace\open-guji-cv\.venv\Lib\site-packages\uvicorn\protocols\http\h11_impl.py", line 416, in run_asgi
    result = await app(  # type: ignore[func-returns-value]
             ^^^^^^^^^^^^^^^^^^^^^^^^^^^^^^^^^^^^^^^^^^^^^^
  File "D:\workspace\open-guji-cv\.venv\Lib\site-packages\uvicorn\middleware\proxy_headers.py", line 63, in __call__
    return await self.app(scope, receive, send)
           ^^^^^^^^^^^^^^^^^^^^^^^^^^^^^^^^^^^^
  File "D:\workspace\open-guji-cv\.venv\Lib\site-packages\fastapi\applications.py", line 1163, in __call__
    await super().__call__(scope, receive, send)
  File "D:\workspace\open-guji-cv\.venv\Lib\site-packages\starlette\applications.py", line 96, in __call__
    await self.middleware_stack(scope, receive, send)
  File "D:\workspace\open-guji-cv\.venv\Lib\site-packages\starlette\middleware\errors.py", line 186, in __call__
    raise exc
  File "D:\workspace\open-guji-cv\.venv\Lib\site-packages\starlette\middleware\errors.py", line 164, in __call__
    await self.app(scope, receive, _send)
  File "D:\workspace\open-guji-cv\.venv\Lib\site-packages\starlette\middleware\base.py", line 193, in __call__
    response = await self.dispatch_func(request, call_next)
               ^^^^^^^^^^^^^^^^^^^^^^^^^^^^^^^^^^^^^^^^^^^^
  File "D:\workspace\open-guji-cv\open_guji_cv\console\app.py", line 61, in _no_cache_static
    resp = await call_next(request)
           ^^^^^^^^^^^^^^^^^^^^^^^^
  File "D:\workspace\open-guji-cv\.venv\Lib\site-packages\starlette\middleware\base.py", line 168, in call_next
    raise app_exc from app_exc.__cause__ or app_exc.__context__
  File "D:\workspace\open-guji-cv\.venv\Lib\site-packages\starlette\middleware\base.py", line 144, in coro
    await self.app(scope, receive_or_disconnect, send_no_error)
  File "D:\workspace\open-guji-cv\.venv\Lib\site-packages\starlette\middleware\base.py", line 193, in __call__
    response = await self.dispatch_func(request, call_next)
               ^^^^^^^^^^^^^^^^^^^^^^^^^^^^^^^^^^^^^^^^^^^^
  File "D:\workspace\open-guji-cv\open_guji_cv\console\middleware.py", line 55, in dispatch
    return await call_next(request)
           ^^^^^^^^^^^^^^^^^^^^^^^^
  File "D:\workspace\open-guji-cv\.venv\Lib\site-packages\starlette\middleware\base.py", line 168, in call_next
    raise app_exc from app_exc.__cause__ or app_exc.__context__
  File "D:\workspace\open-guji-cv\.venv\Lib\site-packages\starlette\middleware\base.py", line 144, in coro
    await self.app(scope, receive_or_disconnect, send_no_error)
  File "D:\workspace\open-guji-cv\.venv\Lib\site-packages\starlette\middleware\cors.py", line 88, in __call__
    await self.app(scope, receive, send)
  File "D:\workspace\open-guji-cv\.venv\Lib\site-packages\starlette\middleware\exceptions.py", line 63, in __call__
    await wrap_app_handling_exceptions(self.app, conn)(scope, receive, send)
  File "D:\workspace\open-guji-cv\.venv\Lib\site-packages\starlette\_exception_handler.py", line 53, in wrapped_app
    raise exc
  File "D:\workspace\open-guji-cv\.venv\Lib\site-packages\starlette\_exception_handler.py", line 42, in wrapped_app
    await app(scope, receive, sender)
  File "D:\workspace\open-guji-cv\.venv\Lib\site-packages\fastapi\middleware\asyncexitstack.py", line 18, in __call__
    await self.app(scope, receive, send)
  File "D:\workspace\open-guji-cv\.venv\Lib\site-packages\starlette\routing.py", line 670, in __call__
    await self.middleware_stack(scope, receive, send)
  File "D:\workspace\open-guji-cv\.venv\Lib\site-packages\fastapi\routing.py", line 2734, in app
    await route.handle(scope, receive, send)
  File "D:\workspace\open-guji-cv\.venv\Lib\site-packages\fastapi\routing.py", line 1780, in handle
    await self.original_router.handle(scope, receive, send)
  File "D:\workspace\open-guji-cv\.venv\Lib\site-packages\fastapi\routing.py", line 2789, in handle
    await included_router._handle_selected(scope, receive, send)
  File "D:\workspace\open-guji-cv\.venv\Lib\site-packages\fastapi\routing.py", line 1800, in _handle_selected
    await original_route.handle(scope, receive, send)
  File "D:\workspace\open-guji-cv\.venv\Lib\site-packages\fastapi\routing.py", line 1279, in handle
    await app(scope, receive, send)
  File "D:\workspace\open-guji-cv\.venv\Lib\site-packages\fastapi\routing.py", line 158, in app
    await wrap_app_handling_exceptions(app, request)(scope, receive, send)
  File "D:\workspace\open-guji-cv\.venv\Lib\site-packages\starlette\_exception_handler.py", line 53, in wrapped_app
    raise exc
  File "D:\workspace\open-guji-cv\.venv\Lib\site-packages\starlette\_exception_handler.py", line 42, in wrapped_app
    await app(scope, receive, sender)
  File "D:\workspace\open-guji-cv\.venv\Lib\site-packages\fastapi\routing.py", line 144, in app
    response = await f(request)
               ^^^^^^^^^^^^^^^^
  File "D:\workspace\open-guji-cv\.venv\Lib\site-packages\fastapi\routing.py", line 706, in app
    raw_response = await run_endpoint_function(
                   ^^^^^^^^^^^^^^^^^^^^^^^^^^^^
  File "D:\workspace\open-guji-cv\.venv\Lib\site-packages\fastapi\routing.py", line 354, in run_endpoint_function
    return await run_in_threadpool(dependant.call, **values)
           ^^^^^^^^^^^^^^^^^^^^^^^^^^^^^^^^^^^^^^^^^^^^^^^^^
  File "D:\workspace\open-guji-cv\.venv\Lib\site-packages\starlette\concurrency.py", line 34, in run_in_threadpool
    return await anyio.to_thread.run_sync(func)
           ^^^^^^^^^^^^^^^^^^^^^^^^^^^^^^^^^^^^
  File "D:\workspace\open-guji-cv\.venv\Lib\site-packages\anyio\to_thread.py", line 65, in run_sync
    return await get_async_backend().run_sync_in_worker_thread(
           ^^^^^^^^^^^^^^^^^^^^^^^^^^^^^^^^^^^^^^^^^^^^^^^^^^^^
  File "D:\workspace\open-guji-cv\.venv\Lib\site-packages\anyio\_backends\_asyncio.py", line 2706, in run_sync_in_worker_thread
    return await future
           ^^^^^^^^^^^^
  File "D:\workspace\open-guji-cv\.venv\Lib\site-packages\anyio\_backends\_asyncio.py", line 1100, in run
    result = context.run(func, *args)
             ^^^^^^^^^^^^^^^^^^^^^^^^
  File "D:\workspace\open-guji-cv\open_guji_cv\console\routers\cutline.py", line 51, in api_cutline_cases
    bk = load_book(book)
         ^^^^^^^^^^^^^^^
  File "D:\workspace\open-guji-cv\open_guji_cv\core\book.py", line 270, in load_book
    raise FileNotFoundError(f"\u6ca1\u6709\u8fd9\u518c\u4e66\u7684\u5b9a\u4e49: {path}")
FileNotFoundError: \u6ca1\u6709\u8fd9\u518c\u4e66\u7684\u5b9a\u4e49: D:\workspace\open-guji-cv\open_guji_cv\books\bxrl.yaml
ERROR:    Exception in ASGI application
  + Exception Group Traceback (most recent call last):
  |   File "D:\workspace\open-guji-cv\.venv\Lib\site-packages\starlette\_utils.py", line 85, in create_collapsing_task_group
  |     async with anyio.create_task_group() as tg:
  |                ^^^^^^^^^^^^^^^^^^^^^^^^^
  |   File "D:\workspace\open-guji-cv\.venv\Lib\site-packages\anyio\_backends\_asyncio.py", line 847, in __aexit__
  |     raise BaseExceptionGroup(
  | ExceptionGroup: unhandled errors in a TaskGroup (1 sub-exception)
  +-+---------------- 1 ----------------
    | Traceback (most recent call last):
    |   File "D:\workspace\open-guji-cv\.venv\Lib\site-packages\uvicorn\protocols\http\h11_impl.py", line 416, in run_asgi
    |     result = await app(  # type: ignore[func-returns-value]
    |              ^^^^^^^^^^^^^^^^^^^^^^^^^^^^^^^^^^^^^^^^^^^^^^
    |   File "D:\workspace\open-guji-cv\.venv\Lib\site-packages\uvicorn\middleware\proxy_headers.py", line 63, in __call__
    |     return await self.app(scope, receive, send)
    |            ^^^^^^^^^^^^^^^^^^^^^^^^^^^^^^^^^^^^
    |   File "D:\workspace\open-guji-cv\.venv\Lib\site-packages\fastapi\applications.py", line 1163, in __call__
    |     await super().__call__(scope, receive, send)
    |   File "D:\workspace\open-guji-cv\.venv\Lib\site-packages\starlette\applications.py", line 96, in __call__
    |     await self.middleware_stack(scope, receive, send)
    |   File "D:\workspace\open-guji-cv\.venv\Lib\site-packages\starlette\middleware\errors.py", line 186, in __call__
    |     raise exc
    |   File "D:\workspace\open-guji-cv\.venv\Lib\site-packages\starlette\middleware\errors.py", line 164, in __call__
    |     await self.app(scope, receive, _send)
    |   File "D:\workspace\open-guji-cv\.venv\Lib\site-packages\starlette\middleware\base.py", line 193, in __call__
    |     response = await self.dispatch_func(request, call_next)
    |                ^^^^^^^^^^^^^^^^^^^^^^^^^^^^^^^^^^^^^^^^^^^^
    |   File "D:\workspace\open-guji-cv\open_guji_cv\console\app.py", line 61, in _no_cache_static
    |     resp = await call_next(request)
    |            ^^^^^^^^^^^^^^^^^^^^^^^^
    |   File "D:\workspace\open-guji-cv\.venv\Lib\site-packages\starlette\middleware\base.py", line 168, in call_next
    |     raise app_exc from app_exc.__cause__ or app_exc.__context__
    |   File "D:\workspace\open-guji-cv\.venv\Lib\site-packages\starlette\middleware\base.py", line 144, in coro
    |     await self.app(scope, receive_or_disconnect, send_no_error)
    |   File "D:\workspace\open-guji-cv\.venv\Lib\site-packages\starlette\middleware\base.py", line 193, in __call__
    |     response = await self.dispatch_func(request, call_next)
    |                ^^^^^^^^^^^^^^^^^^^^^^^^^^^^^^^^^^^^^^^^^^^^
    |   File "D:\workspace\open-guji-cv\open_guji_cv\console\middleware.py", line 55, in dispatch
    |     return await call_next(request)
    |            ^^^^^^^^^^^^^^^^^^^^^^^^
    |   File "D:\workspace\open-guji-cv\.venv\Lib\site-packages\starlette\middleware\base.py", line 168, in call_next
    |     raise app_exc from app_exc.__cause__ or app_exc.__context__
    |   File "D:\workspace\open-guji-cv\.venv\Lib\site-packages\starlette\middleware\base.py", line 144, in coro
    |     await self.app(scope, receive_or_disconnect, send_no_error)
    |   File "D:\workspace\open-guji-cv\.venv\Lib\site-packages\starlette\middleware\cors.py", line 88, in __call__
    |     await self.app(scope, receive, send)
    |   File "D:\workspace\open-guji-cv\.venv\Lib\site-packages\starlette\middleware\exceptions.py", line 63, in __call__
    |     await wrap_app_handling_exceptions(self.app, conn)(scope, receive, send)
    |   File "D:\workspace\open-guji-cv\.venv\Lib\site-packages\starlette\_exception_handler.py", line 53, in wrapped_app
    |     raise exc
    |   File "D:\workspace\open-guji-cv\.venv\Lib\site-packages\starlette\_exception_handler.py", line 42, in wrapped_app
    |     await app(scope, receive, sender)
    |   File "D:\workspace\open-guji-cv\.venv\Lib\site-packages\fastapi\middleware\asyncexitstack.py", line 18, in __call__
    |     await self.app(scope, receive, send)
    |   File "D:\workspace\open-guji-cv\.venv\Lib\site-packages\starlette\routing.py", line 670, in __call__
    |     await self.middleware_stack(scope, receive, send)
    |   File "D:\workspace\open-guji-cv\.venv\Lib\site-packages\fastapi\routing.py", line 2734, in app
    |     await route.handle(scope, receive, send)
    |   File "D:\workspace\open-guji-cv\.venv\Lib\site-packages\fastapi\routing.py", line 1780, in handle
    |     await self.original_router.handle(scope, receive, send)
    |   File "D:\workspace\open-guji-cv\.venv\Lib\site-packages\fastapi\routing.py", line 2789, in handle
    |     await included_router._handle_selected(scope, receive, send)
    |   File "D:\workspace\open-guji-cv\.venv\Lib\site-packages\fastapi\routing.py", line 1800, in _handle_selected
    |     await original_route.handle(scope, receive, send)
    |   File "D:\workspace\open-guji-cv\.venv\Lib\site-packages\fastapi\routing.py", line 1279, in handle
    |     await app(scope, receive, send)
    |   File "D:\workspace\open-guji-cv\.venv\Lib\site-packages\fastapi\routing.py", line 158, in app
    |     await wrap_app_handling_exceptions(app, request)(scope, receive, send)
    |   File "D:\workspace\open-guji-cv\.venv\Lib\site-packages\starlette\_exception_handler.py", line 53, in wrapped_app
    |     raise exc
    |   File "D:\workspace\open-guji-cv\.venv\Lib\site-packages\starlette\_exception_handler.py", line 42, in wrapped_app
    |     await app(scope, receive, sender)
    |   File "D:\workspace\open-guji-cv\.venv\Lib\site-packages\fastapi\routing.py", line 144, in app
    |     response = await f(request)
    |                ^^^^^^^^^^^^^^^^
    |   File "D:\workspace\open-guji-cv\.venv\Lib\site-packages\fastapi\routing.py", line 706, in app
    |     raw_response = await run_endpoint_function(
    |                    ^^^^^^^^^^^^^^^^^^^^^^^^^^^^
    |   File "D:\workspace\open-guji-cv\.venv\Lib\site-packages\fastapi\routing.py", line 354, in run_endpoint_function
    |     return await run_in_threadpool(dependant.call, **values)
    |            ^^^^^^^^^^^^^^^^^^^^^^^^^^^^^^^^^^^^^^^^^^^^^^^^^
    |   File "D:\workspace\open-guji-cv\.venv\Lib\site-packages\starlette\concurrency.py", line 34, in run_in_threadpool
    |     return await anyio.to_thread.run_sync(func)
    |            ^^^^^^^^^^^^^^^^^^^^^^^^^^^^^^^^^^^^
    |   File "D:\workspace\open-guji-cv\.venv\Lib\site-packages\anyio\to_thread.py", line 65, in run_sync
    |     return await get_async_backend().run_sync_in_worker_thread(
    |            ^^^^^^^^^^^^^^^^^^^^^^^^^^^^^^^^^^^^^^^^^^^^^^^^^^^^
    |   File "D:\workspace\open-guji-cv\.venv\Lib\site-packages\anyio\_backends\_asyncio.py", line 2706, in run_sync_in_worker_thread
    |     return await future
    |            ^^^^^^^^^^^^
    |   File "D:\workspace\open-guji-cv\.venv\Lib\site-packages\anyio\_backends\_asyncio.py", line 1100, in run
    |     result = context.run(func, *args)
    |              ^^^^^^^^^^^^^^^^^^^^^^^^
    |   File "D:\workspace\open-guji-cv\open_guji_cv\console\routers\cutline.py", line 51, in api_cutline_cases
    |     bk = load_book(book)
    |          ^^^^^^^^^^^^^^^
    |   File "D:\workspace\open-guji-cv\open_guji_cv\core\book.py", line 270, in load_book
    |     raise FileNotFoundError(f"\u6ca1\u6709\u8fd9\u518c\u4e66\u7684\u5b9a\u4e49: {path}")
    | FileNotFoundError: \u6ca1\u6709\u8fd9\u518c\u4e66\u7684\u5b9a\u4e49: D:\workspace\open-guji-cv\open_guji_cv\books\bxrl.yaml
    +------------------------------------

The above exception was the direct cause of the following exception:

Traceback (most recent call last):
  File "D:\workspace\open-guji-cv\.venv\Lib\site-packages\uvicorn\protocols\http\h11_impl.py", line 416, in run_asgi
    result = await app(  # type: ignore[func-returns-value]
             ^^^^^^^^^^^^^^^^^^^^^^^^^^^^^^^^^^^^^^^^^^^^^^
  File "D:\workspace\open-guji-cv\.venv\Lib\site-packages\uvicorn\middleware\proxy_headers.py", line 63, in __call__
    return await self.app(scope, receive, send)
           ^^^^^^^^^^^^^^^^^^^^^^^^^^^^^^^^^^^^
  File "D:\workspace\open-guji-cv\.venv\Lib\site-packages\fastapi\applications.py", line 1163, in __call__
    await super().__call__(scope, receive, send)
  File "D:\workspace\open-guji-cv\.venv\Lib\site-packages\starlette\applications.py", line 96, in __call__
    await self.middleware_stack(scope, receive, send)
  File "D:\workspace\open-guji-cv\.venv\Lib\site-packages\starlette\middleware\errors.py", line 186, in __call__
    raise exc
  File "D:\workspace\open-guji-cv\.venv\Lib\site-packages\starlette\middleware\errors.py", line 164, in __call__
    await self.app(scope, receive, _send)
  File "D:\workspace\open-guji-cv\.venv\Lib\site-packages\starlette\middleware\base.py", line 193, in __call__
    response = await self.dispatch_func(request, call_next)
               ^^^^^^^^^^^^^^^^^^^^^^^^^^^^^^^^^^^^^^^^^^^^
  File "D:\workspace\open-guji-cv\open_guji_cv\console\app.py", line 61, in _no_cache_static
    resp = await call_next(request)
           ^^^^^^^^^^^^^^^^^^^^^^^^
  File "D:\workspace\open-guji-cv\.venv\Lib\site-packages\starlette\middleware\base.py", line 168, in call_next
    raise app_exc from app_exc.__cause__ or app_exc.__context__
  File "D:\workspace\open-guji-cv\.venv\Lib\site-packages\starlette\middleware\base.py", line 144, in coro
    await self.app(scope, receive_or_disconnect, send_no_error)
  File "D:\workspace\open-guji-cv\.venv\Lib\site-packages\starlette\middleware\base.py", line 193, in __call__
    response = await self.dispatch_func(request, call_next)
               ^^^^^^^^^^^^^^^^^^^^^^^^^^^^^^^^^^^^^^^^^^^^
  File "D:\workspace\open-guji-cv\open_guji_cv\console\middleware.py", line 55, in dispatch
    return await call_next(request)
           ^^^^^^^^^^^^^^^^^^^^^^^^
  File "D:\workspace\open-guji-cv\.venv\Lib\site-packages\starlette\middleware\base.py", line 168, in call_next
    raise app_exc from app_exc.__cause__ or app_exc.__context__
  File "D:\workspace\open-guji-cv\.venv\Lib\site-packages\starlette\middleware\base.py", line 144, in coro
    await self.app(scope, receive_or_disconnect, send_no_error)
  File "D:\workspace\open-guji-cv\.venv\Lib\site-packages\starlette\middleware\cors.py", line 88, in __call__
    await self.app(scope, receive, send)
  File "D:\workspace\open-guji-cv\.venv\Lib\site-packages\starlette\middleware\exceptions.py", line 63, in __call__
    await wrap_app_handling_exceptions(self.app, conn)(scope, receive, send)
  File "D:\workspace\open-guji-cv\.venv\Lib\site-packages\starlette\_exception_handler.py", line 53, in wrapped_app
    raise exc
  File "D:\workspace\open-guji-cv\.venv\Lib\site-packages\starlette\_exception_handler.py", line 42, in wrapped_app
    await app(scope, receive, sender)
  File "D:\workspace\open-guji-cv\.venv\Lib\site-packages\fastapi\middleware\asyncexitstack.py", line 18, in __call__
    await self.app(scope, receive, send)
  File "D:\workspace\open-guji-cv\.venv\Lib\site-packages\starlette\routing.py", line 670, in __call__
    await self.middleware_stack(scope, receive, send)
  File "D:\workspace\open-guji-cv\.venv\Lib\site-packages\fastapi\routing.py", line 2734, in app
    await route.handle(scope, receive, send)
  File "D:\workspace\open-guji-cv\.venv\Lib\site-packages\fastapi\routing.py", line 1780, in handle
    await self.original_router.handle(scope, receive, send)
  File "D:\workspace\open-guji-cv\.venv\Lib\site-packages\fastapi\routing.py", line 2789, in handle
    await included_router._handle_selected(scope, receive, send)
  File "D:\workspace\open-guji-cv\.venv\Lib\site-packages\fastapi\routing.py", line 1800, in _handle_selected
    await original_route.handle(scope, receive, send)
  File "D:\workspace\open-guji-cv\.venv\Lib\site-packages\fastapi\routing.py", line 1279, in handle
    await app(scope, receive, send)
  File "D:\workspace\open-guji-cv\.venv\Lib\site-packages\fastapi\routing.py", line 158, in app
    await wrap_app_handling_exceptions(app, request)(scope, receive, send)
  File "D:\workspace\open-guji-cv\.venv\Lib\site-packages\starlette\_exception_handler.py", line 53, in wrapped_app
    raise exc
  File "D:\workspace\open-guji-cv\.venv\Lib\site-packages\starlette\_exception_handler.py", line 42, in wrapped_app
    await app(scope, receive, sender)
  File "D:\workspace\open-guji-cv\.venv\Lib\site-packages\fastapi\routing.py", line 144, in app
    response = await f(request)
               ^^^^^^^^^^^^^^^^
  File "D:\workspace\open-guji-cv\.venv\Lib\site-packages\fastapi\routing.py", line 706, in app
    raw_response = await run_endpoint_function(
                   ^^^^^^^^^^^^^^^^^^^^^^^^^^^^
  File "D:\workspace\open-guji-cv\.venv\Lib\site-packages\fastapi\routing.py", line 354, in run_endpoint_function
    return await run_in_threadpool(dependant.call, **values)
           ^^^^^^^^^^^^^^^^^^^^^^^^^^^^^^^^^^^^^^^^^^^^^^^^^
  File "D:\workspace\open-guji-cv\.venv\Lib\site-packages\starlette\concurrency.py", line 34, in run_in_threadpool
    return await anyio.to_thread.run_sync(func)
           ^^^^^^^^^^^^^^^^^^^^^^^^^^^^^^^^^^^^
  File "D:\workspace\open-guji-cv\.venv\Lib\site-packages\anyio\to_thread.py", line 65, in run_sync
    return await get_async_backend().run_sync_in_worker_thread(
           ^^^^^^^^^^^^^^^^^^^^^^^^^^^^^^^^^^^^^^^^^^^^^^^^^^^^
  File "D:\workspace\open-guji-cv\.venv\Lib\site-packages\anyio\_backends\_asyncio.py", line 2706, in run_sync_in_worker_thread
    return await future
           ^^^^^^^^^^^^
  File "D:\workspace\open-guji-cv\.venv\Lib\site-packages\anyio\_backends\_asyncio.py", line 1100, in run
    result = context.run(func, *args)
             ^^^^^^^^^^^^^^^^^^^^^^^^
  File "D:\workspace\open-guji-cv\open_guji_cv\console\routers\cutline.py", line 51, in api_cutline_cases
    bk = load_book(book)
         ^^^^^^^^^^^^^^^
  File "D:\workspace\open-guji-cv\open_guji_cv\core\book.py", line 270, in load_book
    raise FileNotFoundError(f"\u6ca1\u6709\u8fd9\u518c\u4e66\u7684\u5b9a\u4e49: {path}")
FileNotFoundError: \u6ca1\u6709\u8fd9\u518c\u4e66\u7684\u5b9a\u4e49: D:\workspace\open-guji-cv\open_guji_cv\books\bxrl.yaml
ERROR:    Exception in ASGI application
  + Exception Group Traceback (most recent call last):
  |   File "D:\workspace\open-guji-cv\.venv\Lib\site-packages\starlette\_utils.py", line 85, in create_collapsing_task_group
  |     async with anyio.create_task_group() as tg:
  |                ^^^^^^^^^^^^^^^^^^^^^^^^^
  |   File "D:\workspace\open-guji-cv\.venv\Lib\site-packages\anyio\_backends\_asyncio.py", line 847, in __aexit__
  |     raise BaseExceptionGroup(
  | ExceptionGroup: unhandled errors in a TaskGroup (1 sub-exception)
  +-+---------------- 1 ----------------
    | Traceback (most recent call last):
    |   File "D:\workspace\open-guji-cv\.venv\Lib\site-packages\uvicorn\protocols\http\h11_impl.py", line 416, in run_asgi
    |     result = await app(  # type: ignore[func-returns-value]
    |              ^^^^^^^^^^^^^^^^^^^^^^^^^^^^^^^^^^^^^^^^^^^^^^
    |   File "D:\workspace\open-guji-cv\.venv\Lib\site-packages\uvicorn\middleware\proxy_headers.py", line 63, in __call__
    |     return await self.app(scope, receive, send)
    |            ^^^^^^^^^^^^^^^^^^^^^^^^^^^^^^^^^^^^
    |   File "D:\workspace\open-guji-cv\.venv\Lib\site-packages\fastapi\applications.py", line 1163, in __call__
    |     await super().__call__(scope, receive, send)
    |   File "D:\workspace\open-guji-cv\.venv\Lib\site-packages\starlette\applications.py", line 96, in __call__
    |     await self.middleware_stack(scope, receive, send)
    |   File "D:\workspace\open-guji-cv\.venv\Lib\site-packages\starlette\middleware\errors.py", line 186, in __call__
    |     raise exc
    |   File "D:\workspace\open-guji-cv\.venv\Lib\site-packages\starlette\middleware\errors.py", line 164, in __call__
    |     await self.app(scope, receive, _send)
    |   File "D:\workspace\open-guji-cv\.venv\Lib\site-packages\starlette\middleware\base.py", line 193, in __call__
    |     response = await self.dispatch_func(request, call_next)
    |                ^^^^^^^^^^^^^^^^^^^^^^^^^^^^^^^^^^^^^^^^^^^^
    |   File "D:\workspace\open-guji-cv\open_guji_cv\console\app.py", line 61, in _no_cache_static
    |     resp = await call_next(request)
    |            ^^^^^^^^^^^^^^^^^^^^^^^^
    |   File "D:\workspace\open-guji-cv\.venv\Lib\site-packages\starlette\middleware\base.py", line 168, in call_next
    |     raise app_exc from app_exc.__cause__ or app_exc.__context__
    |   File "D:\workspace\open-guji-cv\.venv\Lib\site-packages\starlette\middleware\base.py", line 144, in coro
    |     await self.app(scope, receive_or_disconnect, send_no_error)
    |   File "D:\workspace\open-guji-cv\.venv\Lib\site-packages\starlette\middleware\base.py", line 193, in __call__
    |     response = await self.dispatch_func(request, call_next)
    |                ^^^^^^^^^^^^^^^^^^^^^^^^^^^^^^^^^^^^^^^^^^^^
    |   File "D:\workspace\open-guji-cv\open_guji_cv\console\middleware.py", line 55, in dispatch
    |     return await call_next(request)
    |            ^^^^^^^^^^^^^^^^^^^^^^^^
    |   File "D:\workspace\open-guji-cv\.venv\Lib\site-packages\starlette\middleware\base.py", line 168, in call_next
    |     raise app_exc from app_exc.__cause__ or app_exc.__context__
    |   File "D:\workspace\open-guji-cv\.venv\Lib\site-packages\starlette\middleware\base.py", line 144, in coro
    |     await self.app(scope, receive_or_disconnect, send_no_error)
    |   File "D:\workspace\open-guji-cv\.venv\Lib\site-packages\starlette\middleware\cors.py", line 88, in __call__
    |     await self.app(scope, receive, send)
    |   File "D:\workspace\open-guji-cv\.venv\Lib\site-packages\starlette\middleware\exceptions.py", line 63, in __call__
    |     await wrap_app_handling_exceptions(self.app, conn)(scope, receive, send)
    |   File "D:\workspace\open-guji-cv\.venv\Lib\site-packages\starlette\_exception_handler.py", line 53, in wrapped_app
    |     raise exc
    |   File "D:\workspace\open-guji-cv\.venv\Lib\site-packages\starlette\_exception_handler.py", line 42, in wrapped_app
    |     await app(scope, receive, sender)
    |   File "D:\workspace\open-guji-cv\.venv\Lib\site-packages\fastapi\middleware\asyncexitstack.py", line 18, in __call__
    |     await self.app(scope, receive, send)
    |   File "D:\workspace\open-guji-cv\.venv\Lib\site-packages\starlette\routing.py", line 670, in __call__
    |     await self.middleware_stack(scope, receive, send)
    |   File "D:\workspace\open-guji-cv\.venv\Lib\site-packages\fastapi\routing.py", line 2734, in app
    |     await route.handle(scope, receive, send)
    |   File "D:\workspace\open-guji-cv\.venv\Lib\site-packages\fastapi\routing.py", line 1780, in handle
    |     await self.original_router.handle(scope, receive, send)
    |   File "D:\workspace\open-guji-cv\.venv\Lib\site-packages\fastapi\routing.py", line 2789, in handle
    |     await included_router._handle_selected(scope, receive, send)
    |   File "D:\workspace\open-guji-cv\.venv\Lib\site-packages\fastapi\routing.py", line 1800, in _handle_selected
    |     await original_route.handle(scope, receive, send)
    |   File "D:\workspace\open-guji-cv\.venv\Lib\site-packages\fastapi\routing.py", line 1279, in handle
    |     await app(scope, receive, send)
    |   File "D:\workspace\open-guji-cv\.venv\Lib\site-packages\fastapi\routing.py", line 158, in app
    |     await wrap_app_handling_exceptions(app, request)(scope, receive, send)
    |   File "D:\workspace\open-guji-cv\.venv\Lib\site-packages\starlette\_exception_handler.py", line 53, in wrapped_app
    |     raise exc
    |   File "D:\workspace\open-guji-cv\.venv\Lib\site-packages\starlette\_exception_handler.py", line 42, in wrapped_app
    |     await app(scope, receive, sender)
    |   File "D:\workspace\open-guji-cv\.venv\Lib\site-packages\fastapi\routing.py", line 144, in app
    |     response = await f(request)
    |                ^^^^^^^^^^^^^^^^
    |   File "D:\workspace\open-guji-cv\.venv\Lib\site-packages\fastapi\routing.py", line 706, in app
    |     raw_response = await run_endpoint_function(
    |                    ^^^^^^^^^^^^^^^^^^^^^^^^^^^^
    |   File "D:\workspace\open-guji-cv\.venv\Lib\site-packages\fastapi\routing.py", line 354, in run_endpoint_function
    |     return await run_in_threadpool(dependant.call, **values)
    |            ^^^^^^^^^^^^^^^^^^^^^^^^^^^^^^^^^^^^^^^^^^^^^^^^^
    |   File "D:\workspace\open-guji-cv\.venv\Lib\site-packages\starlette\concurrency.py", line 34, in run_in_threadpool
    |     return await anyio.to_thread.run_sync(func)
    |            ^^^^^^^^^^^^^^^^^^^^^^^^^^^^^^^^^^^^
    |   File "D:\workspace\open-guji-cv\.venv\Lib\site-packages\anyio\to_thread.py", line 65, in run_sync
    |     return await get_async_backend().run_sync_in_worker_thread(
    |            ^^^^^^^^^^^^^^^^^^^^^^^^^^^^^^^^^^^^^^^^^^^^^^^^^^^^
    |   File "D:\workspace\open-guji-cv\.venv\Lib\site-packages\anyio\_backends\_asyncio.py", line 2706, in run_sync_in_worker_thread
    |     return await future
    |            ^^^^^^^^^^^^
    |   File "D:\workspace\open-guji-cv\.venv\Lib\site-packages\anyio\_backends\_asyncio.py", line 1100, in run
    |     result = context.run(func, *args)
    |              ^^^^^^^^^^^^^^^^^^^^^^^^
    |   File "D:\workspace\open-guji-cv\open_guji_cv\console\routers\review.py", line 52, in api_review_cards
    |     return cards(book, pages, limit, only, deps.product_store(), gate_cut=gate_cut)
    |            ^^^^^^^^^^^^^^^^^^^^^^^^^^^^^^^^^^^^^^^^^^^^^^^^^^^^^^^^^^^^^^^^^^^^^^^^
    |   File "D:\workspace\open-guji-cv\open_guji_cv\review\cards.py", line 38, in cards
    |     bk = load_book(book)
    |          ^^^^^^^^^^^^^^^
    |   File "D:\workspace\open-guji-cv\open_guji_cv\core\book.py", line 270, in load_book
    |     raise FileNotFoundError(f"\u6ca1\u6709\u8fd9\u518c\u4e66\u7684\u5b9a\u4e49: {path}")
    | FileNotFoundError: \u6ca1\u6709\u8fd9\u518c\u4e66\u7684\u5b9a\u4e49: D:\workspace\open-guji-cv\open_guji_cv\books\bxrl.yaml
    +------------------------------------

The above exception was the direct cause of the following exception:

Traceback (most recent call last):
  File "D:\workspace\open-guji-cv\.venv\Lib\site-packages\uvicorn\protocols\http\h11_impl.py", line 416, in run_asgi
    result = await app(  # type: ignore[func-returns-value]
             ^^^^^^^^^^^^^^^^^^^^^^^^^^^^^^^^^^^^^^^^^^^^^^
  File "D:\workspace\open-guji-cv\.venv\Lib\site-packages\uvicorn\middleware\proxy_headers.py", line 63, in __call__
    return await self.app(scope, receive, send)
           ^^^^^^^^^^^^^^^^^^^^^^^^^^^^^^^^^^^^
  File "D:\workspace\open-guji-cv\.venv\Lib\site-packages\fastapi\applications.py", line 1163, in __call__
    await super().__call__(scope, receive, send)
  File "D:\workspace\open-guji-cv\.venv\Lib\site-packages\starlette\applications.py", line 96, in __call__
    await self.middleware_stack(scope, receive, send)
  File "D:\workspace\open-guji-cv\.venv\Lib\site-packages\starlette\middleware\errors.py", line 186, in __call__
    raise exc
  File "D:\workspace\open-guji-cv\.venv\Lib\site-packages\starlette\middleware\errors.py", line 164, in __call__
    await self.app(scope, receive, _send)
  File "D:\workspace\open-guji-cv\.venv\Lib\site-packages\starlette\middleware\base.py", line 193, in __call__
    response = await self.dispatch_func(request, call_next)
               ^^^^^^^^^^^^^^^^^^^^^^^^^^^^^^^^^^^^^^^^^^^^
  File "D:\workspace\open-guji-cv\open_guji_cv\console\app.py", line 61, in _no_cache_static
    resp = await call_next(request)
           ^^^^^^^^^^^^^^^^^^^^^^^^
  File "D:\workspace\open-guji-cv\.venv\Lib\site-packages\starlette\middleware\base.py", line 168, in call_next
    raise app_exc from app_exc.__cause__ or app_exc.__context__
  File "D:\workspace\open-guji-cv\.venv\Lib\site-packages\starlette\middleware\base.py", line 144, in coro
    await self.app(scope, receive_or_disconnect, send_no_error)
  File "D:\workspace\open-guji-cv\.venv\Lib\site-packages\starlette\middleware\base.py", line 193, in __call__
    response = await self.dispatch_func(request, call_next)
               ^^^^^^^^^^^^^^^^^^^^^^^^^^^^^^^^^^^^^^^^^^^^
  File "D:\workspace\open-guji-cv\open_guji_cv\console\middleware.py", line 55, in dispatch
    return await call_next(request)
           ^^^^^^^^^^^^^^^^^^^^^^^^
  File "D:\workspace\open-guji-cv\.venv\Lib\site-packages\starlette\middleware\base.py", line 168, in call_next
    raise app_exc from app_exc.__cause__ or app_exc.__context__
  File "D:\workspace\open-guji-cv\.venv\Lib\site-packages\starlette\middleware\base.py", line 144, in coro
    await self.app(scope, receive_or_disconnect, send_no_error)
  File "D:\workspace\open-guji-cv\.venv\Lib\site-packages\starlette\middleware\cors.py", line 88, in __call__
    await self.app(scope, receive, send)
  File "D:\workspace\open-guji-cv\.venv\Lib\site-packages\starlette\middleware\exceptions.py", line 63, in __call__
    await wrap_app_handling_exceptions(self.app, conn)(scope, receive, send)
  File "D:\workspace\open-guji-cv\.venv\Lib\site-packages\starlette\_exception_handler.py", line 53, in wrapped_app
    raise exc
  File "D:\workspace\open-guji-cv\.venv\Lib\site-packages\starlette\_exception_handler.py", line 42, in wrapped_app
    await app(scope, receive, sender)
  File "D:\workspace\open-guji-cv\.venv\Lib\site-packages\fastapi\middleware\asyncexitstack.py", line 18, in __call__
    await self.app(scope, receive, send)
  File "D:\workspace\open-guji-cv\.venv\Lib\site-packages\starlette\routing.py", line 670, in __call__
    await self.middleware_stack(scope, receive, send)
  File "D:\workspace\open-guji-cv\.venv\Lib\site-packages\fastapi\routing.py", line 2734, in app
    await route.handle(scope, receive, send)
  File "D:\workspace\open-guji-cv\.venv\Lib\site-packages\fastapi\routing.py", line 1780, in handle
    await self.original_router.handle(scope, receive, send)
  File "D:\workspace\open-guji-cv\.venv\Lib\site-packages\fastapi\routing.py", line 2789, in handle
    await included_router._handle_selected(scope, receive, send)
  File "D:\workspace\open-guji-cv\.venv\Lib\site-packages\fastapi\routing.py", line 1800, in _handle_selected
    await original_route.handle(scope, receive, send)
  File "D:\workspace\open-guji-cv\.venv\Lib\site-packages\fastapi\routing.py", line 1279, in handle
    await app(scope, receive, send)
  File "D:\workspace\open-guji-cv\.venv\Lib\site-packages\fastapi\routing.py", line 158, in app
    await wrap_app_handling_exceptions(app, request)(scope, receive, send)
  File "D:\workspace\open-guji-cv\.venv\Lib\site-packages\starlette\_exception_handler.py", line 53, in wrapped_app
    raise exc
  File "D:\workspace\open-guji-cv\.venv\Lib\site-packages\starlette\_exception_handler.py", line 42, in wrapped_app
    await app(scope, receive, sender)
  File "D:\workspace\open-guji-cv\.venv\Lib\site-packages\fastapi\routing.py", line 144, in app
    response = await f(request)
               ^^^^^^^^^^^^^^^^
  File "D:\workspace\open-guji-cv\.venv\Lib\site-packages\fastapi\routing.py", line 706, in app
    raw_response = await run_endpoint_function(
                   ^^^^^^^^^^^^^^^^^^^^^^^^^^^^
  File "D:\workspace\open-guji-cv\.venv\Lib\site-packages\fastapi\routing.py", line 354, in run_endpoint_function
    return await run_in_threadpool(dependant.call, **values)
           ^^^^^^^^^^^^^^^^^^^^^^^^^^^^^^^^^^^^^^^^^^^^^^^^^
  File "D:\workspace\open-guji-cv\.venv\Lib\site-packages\starlette\concurrency.py", line 34, in run_in_threadpool
    return await anyio.to_thread.run_sync(func)
           ^^^^^^^^^^^^^^^^^^^^^^^^^^^^^^^^^^^^
  File "D:\workspace\open-guji-cv\.venv\Lib\site-packages\anyio\to_thread.py", line 65, in run_sync
    return await get_async_backend().run_sync_in_worker_thread(
           ^^^^^^^^^^^^^^^^^^^^^^^^^^^^^^^^^^^^^^^^^^^^^^^^^^^^
  File "D:\workspace\open-guji-cv\.venv\Lib\site-packages\anyio\_backends\_asyncio.py", line 2706, in run_sync_in_worker_thread
    return await future
           ^^^^^^^^^^^^
  File "D:\workspace\open-guji-cv\.venv\Lib\site-packages\anyio\_backends\_asyncio.py", line 1100, in run
    result = context.run(func, *args)
             ^^^^^^^^^^^^^^^^^^^^^^^^
  File "D:\workspace\open-guji-cv\open_guji_cv\console\routers\review.py", line 52, in api_review_cards
    return cards(book, pages, limit, only, deps.product_store(), gate_cut=gate_cut)
           ^^^^^^^^^^^^^^^^^^^^^^^^^^^^^^^^^^^^^^^^^^^^^^^^^^^^^^^^^^^^^^^^^^^^^^^^
  File "D:\workspace\open-guji-cv\open_guji_cv\review\cards.py", line 38, in cards
    bk = load_book(book)
         ^^^^^^^^^^^^^^^
  File "D:\workspace\open-guji-cv\open_guji_cv\core\book.py", line 270, in load_book
    raise FileNotFoundError(f"\u6ca1\u6709\u8fd9\u518c\u4e66\u7684\u5b9a\u4e49: {path}")
FileNotFoundError: \u6ca1\u6709\u8fd9\u518c\u4e66\u7684\u5b9a\u4e49: D:\workspace\open-guji-cv\open_guji_cv\books\bxrl.yaml
ERROR:    Exception in ASGI application
  + Exception Group Traceback (most recent call last):
  |   File "D:\workspace\open-guji-cv\.venv\Lib\site-packages\starlette\_utils.py", line 85, in create_collapsing_task_group
  |     async with anyio.create_task_group() as tg:
  |                ^^^^^^^^^^^^^^^^^^^^^^^^^
  |   File "D:\workspace\open-guji-cv\.venv\Lib\site-packages\anyio\_backends\_asyncio.py", line 847, in __aexit__
  |     raise BaseExceptionGroup(
  | ExceptionGroup: unhandled errors in a TaskGroup (1 sub-exception)
  +-+---------------- 1 ----------------
    | Traceback (most recent call last):
    |   File "D:\workspace\open-guji-cv\.venv\Lib\site-packages\uvicorn\protocols\http\h11_impl.py", line 416, in run_asgi
    |     result = await app(  # type: ignore[func-returns-value]
    |              ^^^^^^^^^^^^^^^^^^^^^^^^^^^^^^^^^^^^^^^^^^^^^^
    |   File "D:\workspace\open-guji-cv\.venv\Lib\site-packages\uvicorn\middleware\proxy_headers.py", line 63, in __call__
    |     return await self.app(scope, receive, send)
    |            ^^^^^^^^^^^^^^^^^^^^^^^^^^^^^^^^^^^^
    |   File "D:\workspace\open-guji-cv\.venv\Lib\site-packages\fastapi\applications.py", line 1163, in __call__
    |     await super().__call__(scope, receive, send)
    |   File "D:\workspace\open-guji-cv\.venv\Lib\site-packages\starlette\applications.py", line 96, in __call__
    |     await self.middleware_stack(scope, receive, send)
    |   File "D:\workspace\open-guji-cv\.venv\Lib\site-packages\starlette\middleware\errors.py", line 186, in __call__
    |     raise exc
    |   File "D:\workspace\open-guji-cv\.venv\Lib\site-packages\starlette\middleware\errors.py", line 164, in __call__
    |     await self.app(scope, receive, _send)
    |   File "D:\workspace\open-guji-cv\.venv\Lib\site-packages\starlette\middleware\base.py", line 193, in __call__
    |     response = await self.dispatch_func(request, call_next)
    |                ^^^^^^^^^^^^^^^^^^^^^^^^^^^^^^^^^^^^^^^^^^^^
    |   File "D:\workspace\open-guji-cv\open_guji_cv\console\app.py", line 61, in _no_cache_static
    |     resp = await call_next(request)
    |            ^^^^^^^^^^^^^^^^^^^^^^^^
    |   File "D:\workspace\open-guji-cv\.venv\Lib\site-packages\starlette\middleware\base.py", line 168, in call_next
    |     raise app_exc from app_exc.__cause__ or app_exc.__context__
    |   File "D:\workspace\open-guji-cv\.venv\Lib\site-packages\starlette\middleware\base.py", line 144, in coro
    |     await self.app(scope, receive_or_disconnect, send_no_error)
    |   File "D:\workspace\open-guji-cv\.venv\Lib\site-packages\starlette\middleware\base.py", line 193, in __call__
    |     response = await self.dispatch_func(request, call_next)
    |                ^^^^^^^^^^^^^^^^^^^^^^^^^^^^^^^^^^^^^^^^^^^^
    |   File "D:\workspace\open-guji-cv\open_guji_cv\console\middleware.py", line 55, in dispatch
    |     return await call_next(request)
    |            ^^^^^^^^^^^^^^^^^^^^^^^^
    |   File "D:\workspace\open-guji-cv\.venv\Lib\site-packages\starlette\middleware\base.py", line 168, in call_next
    |     raise app_exc from app_exc.__cause__ or app_exc.__context__
    |   File "D:\workspace\open-guji-cv\.venv\Lib\site-packages\starlette\middleware\base.py", line 144, in coro
    |     await self.app(scope, receive_or_disconnect, send_no_error)
    |   File "D:\workspace\open-guji-cv\.venv\Lib\site-packages\starlette\middleware\cors.py", line 88, in __call__
    |     await self.app(scope, receive, send)
    |   File "D:\workspace\open-guji-cv\.venv\Lib\site-packages\starlette\middleware\exceptions.py", line 63, in __call__
    |     await wrap_app_handling_exceptions(self.app, conn)(scope, receive, send)
    |   File "D:\workspace\open-guji-cv\.venv\Lib\site-packages\starlette\_exception_handler.py", line 53, in wrapped_app
    |     raise exc
    |   File "D:\workspace\open-guji-cv\.venv\Lib\site-packages\starlette\_exception_handler.py", line 42, in wrapped_app
    |     await app(scope, receive, sender)
    |   File "D:\workspace\open-guji-cv\.venv\Lib\site-packages\fastapi\middleware\asyncexitstack.py", line 18, in __call__
    |     await self.app(scope, receive, send)
    |   File "D:\workspace\open-guji-cv\.venv\Lib\site-packages\starlette\routing.py", line 670, in __call__
    |     await self.middleware_stack(scope, receive, send)
    |   File "D:\workspace\open-guji-cv\.venv\Lib\site-packages\fastapi\routing.py", line 2734, in app
    |     await route.handle(scope, receive, send)
    |   File "D:\workspace\open-guji-cv\.venv\Lib\site-packages\fastapi\routing.py", line 1780, in handle
    |     await self.original_router.handle(scope, receive, send)
    |   File "D:\workspace\open-guji-cv\.venv\Lib\site-packages\fastapi\routing.py", line 2789, in handle
    |     await included_router._handle_selected(scope, receive, send)
    |   File "D:\workspace\open-guji-cv\.venv\Lib\site-packages\fastapi\routing.py", line 1800, in _handle_selected
    |     await original_route.handle(scope, receive, send)
    |   File "D:\workspace\open-guji-cv\.venv\Lib\site-packages\fastapi\routing.py", line 1279, in handle
    |     await app(scope, receive, send)
    |   File "D:\workspace\open-guji-cv\.venv\Lib\site-packages\fastapi\routing.py", line 158, in app
    |     await wrap_app_handling_exceptions(app, request)(scope, receive, send)
    |   File "D:\workspace\open-guji-cv\.venv\Lib\site-packages\starlette\_exception_handler.py", line 53, in wrapped_app
    |     raise exc
    |   File "D:\workspace\open-guji-cv\.venv\Lib\site-packages\starlette\_exception_handler.py", line 42, in wrapped_app
    |     await app(scope, receive, sender)
    |   File "D:\workspace\open-guji-cv\.venv\Lib\site-packages\fastapi\routing.py", line 144, in app
    |     response = await f(request)
    |                ^^^^^^^^^^^^^^^^
    |   File "D:\workspace\open-guji-cv\.venv\Lib\site-packages\fastapi\routing.py", line 706, in app
    |     raw_response = await run_endpoint_function(
    |                    ^^^^^^^^^^^^^^^^^^^^^^^^^^^^
    |   File "D:\workspace\open-guji-cv\.venv\Lib\site-packages\fastapi\routing.py", line 354, in run_endpoint_function
    |     return await run_in_threadpool(dependant.call, **values)
    |            ^^^^^^^^^^^^^^^^^^^^^^^^^^^^^^^^^^^^^^^^^^^^^^^^^
    |   File "D:\workspace\open-guji-cv\.venv\Lib\site-packages\starlette\concurrency.py", line 34, in run_in_threadpool
    |     return await anyio.to_thread.run_sync(func)
    |            ^^^^^^^^^^^^^^^^^^^^^^^^^^^^^^^^^^^^
    |   File "D:\workspace\open-guji-cv\.venv\Lib\site-packages\anyio\to_thread.py", line 65, in run_sync
    |     return await get_async_backend().run_sync_in_worker_thread(
    |            ^^^^^^^^^^^^^^^^^^^^^^^^^^^^^^^^^^^^^^^^^^^^^^^^^^^^
    |   File "D:\workspace\open-guji-cv\.venv\Lib\site-packages\anyio\_backends\_asyncio.py", line 2706, in run_sync_in_worker_thread
    |     return await future
    |            ^^^^^^^^^^^^
    |   File "D:\workspace\open-guji-cv\.venv\Lib\site-packages\anyio\_backends\_asyncio.py", line 1100, in run
    |     result = context.run(func, *args)
    |              ^^^^^^^^^^^^^^^^^^^^^^^^
    |   File "D:\workspace\open-guji-cv\open_guji_cv\console\routers\cutline.py", line 51, in api_cutline_cases
    |     bk = load_book(book)
    |          ^^^^^^^^^^^^^^^
    |   File "D:\workspace\open-guji-cv\open_guji_cv\core\book.py", line 270, in load_book
    |     raise FileNotFoundError(f"\u6ca1\u6709\u8fd9\u518c\u4e66\u7684\u5b9a\u4e49: {path}")
    | FileNotFoundError: \u6ca1\u6709\u8fd9\u518c\u4e66\u7684\u5b9a\u4e49: D:\workspace\open-guji-cv\open_guji_cv\books\bxrl.yaml
    +------------------------------------

The above exception was the direct cause of the following exception:

Traceback (most recent call last):
  File "D:\workspace\open-guji-cv\.venv\Lib\site-packages\uvicorn\protocols\http\h11_impl.py", line 416, in run_asgi
    result = await app(  # type: ignore[func-returns-value]
             ^^^^^^^^^^^^^^^^^^^^^^^^^^^^^^^^^^^^^^^^^^^^^^
  File "D:\workspace\open-guji-cv\.venv\Lib\site-packages\uvicorn\middleware\proxy_headers.py", line 63, in __call__
    return await self.app(scope, receive, send)
           ^^^^^^^^^^^^^^^^^^^^^^^^^^^^^^^^^^^^
  File "D:\workspace\open-guji-cv\.venv\Lib\site-packages\fastapi\applications.py", line 1163, in __call__
    await super().__call__(scope, receive, send)
  File "D:\workspace\open-guji-cv\.venv\Lib\site-packages\starlette\applications.py", line 96, in __call__
    await self.middleware_stack(scope, receive, send)
  File "D:\workspace\open-guji-cv\.venv\Lib\site-packages\starlette\middleware\errors.py", line 186, in __call__
    raise exc
  File "D:\workspace\open-guji-cv\.venv\Lib\site-packages\starlette\middleware\errors.py", line 164, in __call__
    await self.app(scope, receive, _send)
  File "D:\workspace\open-guji-cv\.venv\Lib\site-packages\starlette\middleware\base.py", line 193, in __call__
    response = await self.dispatch_func(request, call_next)
               ^^^^^^^^^^^^^^^^^^^^^^^^^^^^^^^^^^^^^^^^^^^^
  File "D:\workspace\open-guji-cv\open_guji_cv\console\app.py", line 61, in _no_cache_static
    resp = await call_next(request)
           ^^^^^^^^^^^^^^^^^^^^^^^^
  File "D:\workspace\open-guji-cv\.venv\Lib\site-packages\starlette\middleware\base.py", line 168, in call_next
    raise app_exc from app_exc.__cause__ or app_exc.__context__
  File "D:\workspace\open-guji-cv\.venv\Lib\site-packages\starlette\middleware\base.py", line 144, in coro
    await self.app(scope, receive_or_disconnect, send_no_error)
  File "D:\workspace\open-guji-cv\.venv\Lib\site-packages\starlette\middleware\base.py", line 193, in __call__
    response = await self.dispatch_func(request, call_next)
               ^^^^^^^^^^^^^^^^^^^^^^^^^^^^^^^^^^^^^^^^^^^^
  File "D:\workspace\open-guji-cv\open_guji_cv\console\middleware.py", line 55, in dispatch
    return await call_next(request)
           ^^^^^^^^^^^^^^^^^^^^^^^^
  File "D:\workspace\open-guji-cv\.venv\Lib\site-packages\starlette\middleware\base.py", line 168, in call_next
    raise app_exc from app_exc.__cause__ or app_exc.__context__
  File "D:\workspace\open-guji-cv\.venv\Lib\site-packages\starlette\middleware\base.py", line 144, in coro
    await self.app(scope, receive_or_disconnect, send_no_error)
  File "D:\workspace\open-guji-cv\.venv\Lib\site-packages\starlette\middleware\cors.py", line 88, in __call__
    await self.app(scope, receive, send)
  File "D:\workspace\open-guji-cv\.venv\Lib\site-packages\starlette\middleware\exceptions.py", line 63, in __call__
    await wrap_app_handling_exceptions(self.app, conn)(scope, receive, send)
  File "D:\workspace\open-guji-cv\.venv\Lib\site-packages\starlette\_exception_handler.py", line 53, in wrapped_app
    raise exc
  File "D:\workspace\open-guji-cv\.venv\Lib\site-packages\starlette\_exception_handler.py", line 42, in wrapped_app
    await app(scope, receive, sender)
  File "D:\workspace\open-guji-cv\.venv\Lib\site-packages\fastapi\middleware\asyncexitstack.py", line 18, in __call__
    await self.app(scope, receive, send)
  File "D:\workspace\open-guji-cv\.venv\Lib\site-packages\starlette\routing.py", line 670, in __call__
    await self.middleware_stack(scope, receive, send)
  File "D:\workspace\open-guji-cv\.venv\Lib\site-packages\fastapi\routing.py", line 2734, in app
    await route.handle(scope, receive, send)
  File "D:\workspace\open-guji-cv\.venv\Lib\site-packages\fastapi\routing.py", line 1780, in handle
    await self.original_router.handle(scope, receive, send)
  File "D:\workspace\open-guji-cv\.venv\Lib\site-packages\fastapi\routing.py", line 2789, in handle
    await included_router._handle_selected(scope, receive, send)
  File "D:\workspace\open-guji-cv\.venv\Lib\site-packages\fastapi\routing.py", line 1800, in _handle_selected
    await original_route.handle(scope, receive, send)
  File "D:\workspace\open-guji-cv\.venv\Lib\site-packages\fastapi\routing.py", line 1279, in handle
    await app(scope, receive, send)
  File "D:\workspace\open-guji-cv\.venv\Lib\site-packages\fastapi\routing.py", line 158, in app
    await wrap_app_handling_exceptions(app, request)(scope, receive, send)
  File "D:\workspace\open-guji-cv\.venv\Lib\site-packages\starlette\_exception_handler.py", line 53, in wrapped_app
    raise exc
  File "D:\workspace\open-guji-cv\.venv\Lib\site-packages\starlette\_exception_handler.py", line 42, in wrapped_app
    await app(scope, receive, sender)
  File "D:\workspace\open-guji-cv\.venv\Lib\site-packages\fastapi\routing.py", line 144, in app
    response = await f(request)
               ^^^^^^^^^^^^^^^^
  File "D:\workspace\open-guji-cv\.venv\Lib\site-packages\fastapi\routing.py", line 706, in app
    raw_response = await run_endpoint_function(
                   ^^^^^^^^^^^^^^^^^^^^^^^^^^^^
  File "D:\workspace\open-guji-cv\.venv\Lib\site-packages\fastapi\routing.py", line 354, in run_endpoint_function
    return await run_in_threadpool(dependant.call, **values)
           ^^^^^^^^^^^^^^^^^^^^^^^^^^^^^^^^^^^^^^^^^^^^^^^^^
  File "D:\workspace\open-guji-cv\.venv\Lib\site-packages\starlette\concurrency.py", line 34, in run_in_threadpool
    return await anyio.to_thread.run_sync(func)
           ^^^^^^^^^^^^^^^^^^^^^^^^^^^^^^^^^^^^
  File "D:\workspace\open-guji-cv\.venv\Lib\site-packages\anyio\to_thread.py", line 65, in run_sync
    return await get_async_backend().run_sync_in_worker_thread(
           ^^^^^^^^^^^^^^^^^^^^^^^^^^^^^^^^^^^^^^^^^^^^^^^^^^^^
  File "D:\workspace\open-guji-cv\.venv\Lib\site-packages\anyio\_backends\_asyncio.py", line 2706, in run_sync_in_worker_thread
    return await future
           ^^^^^^^^^^^^
  File "D:\workspace\open-guji-cv\.venv\Lib\site-packages\anyio\_backends\_asyncio.py", line 1100, in run
    result = context.run(func, *args)
             ^^^^^^^^^^^^^^^^^^^^^^^^
  File "D:\workspace\open-guji-cv\open_guji_cv\console\routers\cutline.py", line 51, in api_cutline_cases
    bk = load_book(book)
         ^^^^^^^^^^^^^^^
  File "D:\workspace\open-guji-cv\open_guji_cv\core\book.py", line 270, in load_book
    raise FileNotFoundError(f"\u6ca1\u6709\u8fd9\u518c\u4e66\u7684\u5b9a\u4e49: {path}")
FileNotFoundError: \u6ca1\u6709\u8fd9\u518c\u4e66\u7684\u5b9a\u4e49: D:\workspace\open-guji-cv\open_guji_cv\books\bxrl.yaml
ERROR:    Exception in ASGI application
  + Exception Group Traceback (most recent call last):
  |   File "D:\workspace\open-guji-cv\.venv\Lib\site-packages\starlette\_utils.py", line 85, in create_collapsing_task_group
  |     async with anyio.create_task_group() as tg:
  |                ^^^^^^^^^^^^^^^^^^^^^^^^^
  |   File "D:\workspace\open-guji-cv\.venv\Lib\site-packages\anyio\_backends\_asyncio.py", line 847, in __aexit__
  |     raise BaseExceptionGroup(
  | ExceptionGroup: unhandled errors in a TaskGroup (1 sub-exception)
  +-+---------------- 1 ----------------
    | Traceback (most recent call last):
    |   File "D:\workspace\open-guji-cv\.venv\Lib\site-packages\uvicorn\protocols\http\h11_impl.py", line 416, in run_asgi
    |     result = await app(  # type: ignore[func-returns-value]
    |              ^^^^^^^^^^^^^^^^^^^^^^^^^^^^^^^^^^^^^^^^^^^^^^
    |   File "D:\workspace\open-guji-cv\.venv\Lib\site-packages\uvicorn\middleware\proxy_headers.py", line 63, in __call__
    |     return await self.app(scope, receive, send)
    |            ^^^^^^^^^^^^^^^^^^^^^^^^^^^^^^^^^^^^
    |   File "D:\workspace\open-guji-cv\.venv\Lib\site-packages\fastapi\applications.py", line 1163, in __call__
    |     await super().__call__(scope, receive, send)
    |   File "D:\workspace\open-guji-cv\.venv\Lib\site-packages\starlette\applications.py", line 96, in __call__
    |     await self.middleware_stack(scope, receive, send)
    |   File "D:\workspace\open-guji-cv\.venv\Lib\site-packages\starlette\middleware\errors.py", line 186, in __call__
    |     raise exc
    |   File "D:\workspace\open-guji-cv\.venv\Lib\site-packages\starlette\middleware\errors.py", line 164, in __call__
    |     await self.app(scope, receive, _send)
    |   File "D:\workspace\open-guji-cv\.venv\Lib\site-packages\starlette\middleware\base.py", line 193, in __call__
    |     response = await self.dispatch_func(request, call_next)
    |                ^^^^^^^^^^^^^^^^^^^^^^^^^^^^^^^^^^^^^^^^^^^^
    |   File "D:\workspace\open-guji-cv\open_guji_cv\console\app.py", line 61, in _no_cache_static
    |     resp = await call_next(request)
    |            ^^^^^^^^^^^^^^^^^^^^^^^^
    |   File "D:\workspace\open-guji-cv\.venv\Lib\site-packages\starlette\middleware\base.py", line 168, in call_next
    |     raise app_exc from app_exc.__cause__ or app_exc.__context__
    |   File "D:\workspace\open-guji-cv\.venv\Lib\site-packages\starlette\middleware\base.py", line 144, in coro
    |     await self.app(scope, receive_or_disconnect, send_no_error)
    |   File "D:\workspace\open-guji-cv\.venv\Lib\site-packages\starlette\middleware\base.py", line 193, in __call__
    |     response = await self.dispatch_func(request, call_next)
    |                ^^^^^^^^^^^^^^^^^^^^^^^^^^^^^^^^^^^^^^^^^^^^
    |   File "D:\workspace\open-guji-cv\open_guji_cv\console\middleware.py", line 55, in dispatch
    |     return await call_next(request)
    |            ^^^^^^^^^^^^^^^^^^^^^^^^
    |   File "D:\workspace\open-guji-cv\.venv\Lib\site-packages\starlette\middleware\base.py", line 168, in call_next
    |     raise app_exc from app_exc.__cause__ or app_exc.__context__
    |   File "D:\workspace\open-guji-cv\.venv\Lib\site-packages\starlette\middleware\base.py", line 144, in coro
    |     await self.app(scope, receive_or_disconnect, send_no_error)
    |   File "D:\workspace\open-guji-cv\.venv\Lib\site-packages\starlette\middleware\cors.py", line 88, in __call__
    |     await self.app(scope, receive, send)
    |   File "D:\workspace\open-guji-cv\.venv\Lib\site-packages\starlette\middleware\exceptions.py", line 63, in __call__
    |     await wrap_app_handling_exceptions(self.app, conn)(scope, receive, send)
    |   File "D:\workspace\open-guji-cv\.venv\Lib\site-packages\starlette\_exception_handler.py", line 53, in wrapped_app
    |     raise exc
    |   File "D:\workspace\open-guji-cv\.venv\Lib\site-packages\starlette\_exception_handler.py", line 42, in wrapped_app
    |     await app(scope, receive, sender)
    |   File "D:\workspace\open-guji-cv\.venv\Lib\site-packages\fastapi\middleware\asyncexitstack.py", line 18, in __call__
    |     await self.app(scope, receive, send)
    |   File "D:\workspace\open-guji-cv\.venv\Lib\site-packages\starlette\routing.py", line 670, in __call__
    |     await self.middleware_stack(scope, receive, send)
    |   File "D:\workspace\open-guji-cv\.venv\Lib\site-packages\fastapi\routing.py", line 2734, in app
    |     await route.handle(scope, receive, send)
    |   File "D:\workspace\open-guji-cv\.venv\Lib\site-packages\fastapi\routing.py", line 1780, in handle
    |     await self.original_router.handle(scope, receive, send)
    |   File "D:\workspace\open-guji-cv\.venv\Lib\site-packages\fastapi\routing.py", line 2789, in handle
    |     await included_router._handle_selected(scope, receive, send)
    |   File "D:\workspace\open-guji-cv\.venv\Lib\site-packages\fastapi\routing.py", line 1800, in _handle_selected
    |     await original_route.handle(scope, receive, send)
    |   File "D:\workspace\open-guji-cv\.venv\Lib\site-packages\fastapi\routing.py", line 1279, in handle
    |     await app(scope, receive, send)
    |   File "D:\workspace\open-guji-cv\.venv\Lib\site-packages\fastapi\routing.py", line 158, in app
    |     await wrap_app_handling_exceptions(app, request)(scope, receive, send)
    |   File "D:\workspace\open-guji-cv\.venv\Lib\site-packages\starlette\_exception_handler.py", line 53, in wrapped_app
    |     raise exc
    |   File "D:\workspace\open-guji-cv\.venv\Lib\site-packages\starlette\_exception_handler.py", line 42, in wrapped_app
    |     await app(scope, receive, sender)
    |   File "D:\workspace\open-guji-cv\.venv\Lib\site-packages\fastapi\routing.py", line 144, in app
    |     response = await f(request)
    |                ^^^^^^^^^^^^^^^^
    |   File "D:\workspace\open-guji-cv\.venv\Lib\site-packages\fastapi\routing.py", line 706, in app
    |     raw_response = await run_endpoint_function(
    |                    ^^^^^^^^^^^^^^^^^^^^^^^^^^^^
    |   File "D:\workspace\open-guji-cv\.venv\Lib\site-packages\fastapi\routing.py", line 354, in run_endpoint_function
    |     return await run_in_threadpool(dependant.call, **values)
    |            ^^^^^^^^^^^^^^^^^^^^^^^^^^^^^^^^^^^^^^^^^^^^^^^^^
    |   File "D:\workspace\open-guji-cv\.venv\Lib\site-packages\starlette\concurrency.py", line 34, in run_in_threadpool
    |     return await anyio.to_thread.run_sync(func)
    |            ^^^^^^^^^^^^^^^^^^^^^^^^^^^^^^^^^^^^
    |   File "D:\workspace\open-guji-cv\.venv\Lib\site-packages\anyio\to_thread.py", line 65, in run_sync
    |     return await get_async_backend().run_sync_in_worker_thread(
    |            ^^^^^^^^^^^^^^^^^^^^^^^^^^^^^^^^^^^^^^^^^^^^^^^^^^^^
    |   File "D:\workspace\open-guji-cv\.venv\Lib\site-packages\anyio\_backends\_asyncio.py", line 2706, in run_sync_in_worker_thread
    |     return await future
    |            ^^^^^^^^^^^^
    |   File "D:\workspace\open-guji-cv\.venv\Lib\site-packages\anyio\_backends\_asyncio.py", line 1100, in run
    |     result = context.run(func, *args)
    |              ^^^^^^^^^^^^^^^^^^^^^^^^
    |   File "D:\workspace\open-guji-cv\open_guji_cv\console\routers\review.py", line 52, in api_review_cards
    |     return cards(book, pages, limit, only, deps.product_store(), gate_cut=gate_cut)
    |            ^^^^^^^^^^^^^^^^^^^^^^^^^^^^^^^^^^^^^^^^^^^^^^^^^^^^^^^^^^^^^^^^^^^^^^^^
    |   File "D:\workspace\open-guji-cv\open_guji_cv\review\cards.py", line 38, in cards
    |     bk = load_book(book)
    |          ^^^^^^^^^^^^^^^
    |   File "D:\workspace\open-guji-cv\open_guji_cv\core\book.py", line 270, in load_book
    |     raise FileNotFoundError(f"\u6ca1\u6709\u8fd9\u518c\u4e66\u7684\u5b9a\u4e49: {path}")
    | FileNotFoundError: \u6ca1\u6709\u8fd9\u518c\u4e66\u7684\u5b9a\u4e49: D:\workspace\open-guji-cv\open_guji_cv\books\bxrl.yaml
    +------------------------------------

The above exception was the direct cause of the following exception:

Traceback (most recent call last):
  File "D:\workspace\open-guji-cv\.venv\Lib\site-packages\uvicorn\protocols\http\h11_impl.py", line 416, in run_asgi
    result = await app(  # type: ignore[func-returns-value]
             ^^^^^^^^^^^^^^^^^^^^^^^^^^^^^^^^^^^^^^^^^^^^^^
  File "D:\workspace\open-guji-cv\.venv\Lib\site-packages\uvicorn\middleware\proxy_headers.py", line 63, in __call__
    return await self.app(scope, receive, send)
           ^^^^^^^^^^^^^^^^^^^^^^^^^^^^^^^^^^^^
  File "D:\workspace\open-guji-cv\.venv\Lib\site-packages\fastapi\applications.py", line 1163, in __call__
    await super().__call__(scope, receive, send)
  File "D:\workspace\open-guji-cv\.venv\Lib\site-packages\starlette\applications.py", line 96, in __call__
    await self.middleware_stack(scope, receive, send)
  File "D:\workspace\open-guji-cv\.venv\Lib\site-packages\starlette\middleware\errors.py", line 186, in __call__
    raise exc
  File "D:\workspace\open-guji-cv\.venv\Lib\site-packages\starlette\middleware\errors.py", line 164, in __call__
    await self.app(scope, receive, _send)
  File "D:\workspace\open-guji-cv\.venv\Lib\site-packages\starlette\middleware\base.py", line 193, in __call__
    response = await self.dispatch_func(request, call_next)
               ^^^^^^^^^^^^^^^^^^^^^^^^^^^^^^^^^^^^^^^^^^^^
  File "D:\workspace\open-guji-cv\open_guji_cv\console\app.py", line 61, in _no_cache_static
    resp = await call_next(request)
           ^^^^^^^^^^^^^^^^^^^^^^^^
  File "D:\workspace\open-guji-cv\.venv\Lib\site-packages\starlette\middleware\base.py", line 168, in call_next
    raise app_exc from app_exc.__cause__ or app_exc.__context__
  File "D:\workspace\open-guji-cv\.venv\Lib\site-packages\starlette\middleware\base.py", line 144, in coro
    await self.app(scope, receive_or_disconnect, send_no_error)
  File "D:\workspace\open-guji-cv\.venv\Lib\site-packages\starlette\middleware\base.py", line 193, in __call__
    response = await self.dispatch_func(request, call_next)
               ^^^^^^^^^^^^^^^^^^^^^^^^^^^^^^^^^^^^^^^^^^^^
  File "D:\workspace\open-guji-cv\open_guji_cv\console\middleware.py", line 55, in dispatch
    return await call_next(request)
           ^^^^^^^^^^^^^^^^^^^^^^^^
  File "D:\workspace\open-guji-cv\.venv\Lib\site-packages\starlette\middleware\base.py", line 168, in call_next
    raise app_exc from app_exc.__cause__ or app_exc.__context__
  File "D:\workspace\open-guji-cv\.venv\Lib\site-packages\starlette\middleware\base.py", line 144, in coro
    await self.app(scope, receive_or_disconnect, send_no_error)
  File "D:\workspace\open-guji-cv\.venv\Lib\site-packages\starlette\middleware\cors.py", line 88, in __call__
    await self.app(scope, receive, send)
  File "D:\workspace\open-guji-cv\.venv\Lib\site-packages\starlette\middleware\exceptions.py", line 63, in __call__
    await wrap_app_handling_exceptions(self.app, conn)(scope, receive, send)
  File "D:\workspace\open-guji-cv\.venv\Lib\site-packages\starlette\_exception_handler.py", line 53, in wrapped_app
    raise exc
  File "D:\workspace\open-guji-cv\.venv\Lib\site-packages\starlette\_exception_handler.py", line 42, in wrapped_app
    await app(scope, receive, sender)
  File "D:\workspace\open-guji-cv\.venv\Lib\site-packages\fastapi\middleware\asyncexitstack.py", line 18, in __call__
    await self.app(scope, receive, send)
  File "D:\workspace\open-guji-cv\.venv\Lib\site-packages\starlette\routing.py", line 670, in __call__
    await self.middleware_stack(scope, receive, send)
  File "D:\workspace\open-guji-cv\.venv\Lib\site-packages\fastapi\routing.py", line 2734, in app
    await route.handle(scope, receive, send)
  File "D:\workspace\open-guji-cv\.venv\Lib\site-packages\fastapi\routing.py", line 1780, in handle
    await self.original_router.handle(scope, receive, send)
  File "D:\workspace\open-guji-cv\.venv\Lib\site-packages\fastapi\routing.py", line 2789, in handle
    await included_router._handle_selected(scope, receive, send)
  File "D:\workspace\open-guji-cv\.venv\Lib\site-packages\fastapi\routing.py", line 1800, in _handle_selected
    await original_route.handle(scope, receive, send)
  File "D:\workspace\open-guji-cv\.venv\Lib\site-packages\fastapi\routing.py", line 1279, in handle
    await app(scope, receive, send)
  File "D:\workspace\open-guji-cv\.venv\Lib\site-packages\fastapi\routing.py", line 158, in app
    await wrap_app_handling_exceptions(app, request)(scope, receive, send)
  File "D:\workspace\open-guji-cv\.venv\Lib\site-packages\starlette\_exception_handler.py", line 53, in wrapped_app
    raise exc
  File "D:\workspace\open-guji-cv\.venv\Lib\site-packages\starlette\_exception_handler.py", line 42, in wrapped_app
    await app(scope, receive, sender)
  File "D:\workspace\open-guji-cv\.venv\Lib\site-packages\fastapi\routing.py", line 144, in app
    response = await f(request)
               ^^^^^^^^^^^^^^^^
  File "D:\workspace\open-guji-cv\.venv\Lib\site-packages\fastapi\routing.py", line 706, in app
    raw_response = await run_endpoint_function(
                   ^^^^^^^^^^^^^^^^^^^^^^^^^^^^
  File "D:\workspace\open-guji-cv\.venv\Lib\site-packages\fastapi\routing.py", line 354, in run_endpoint_function
    return await run_in_threadpool(dependant.call, **values)
           ^^^^^^^^^^^^^^^^^^^^^^^^^^^^^^^^^^^^^^^^^^^^^^^^^
  File "D:\workspace\open-guji-cv\.venv\Lib\site-packages\starlette\concurrency.py", line 34, in run_in_threadpool
    return await anyio.to_thread.run_sync(func)
           ^^^^^^^^^^^^^^^^^^^^^^^^^^^^^^^^^^^^
  File "D:\workspace\open-guji-cv\.venv\Lib\site-packages\anyio\to_thread.py", line 65, in run_sync
    return await get_async_backend().run_sync_in_worker_thread(
           ^^^^^^^^^^^^^^^^^^^^^^^^^^^^^^^^^^^^^^^^^^^^^^^^^^^^
  File "D:\workspace\open-guji-cv\.venv\Lib\site-packages\anyio\_backends\_asyncio.py", line 2706, in run_sync_in_worker_thread
    return await future
           ^^^^^^^^^^^^
  File "D:\workspace\open-guji-cv\.venv\Lib\site-packages\anyio\_backends\_asyncio.py", line 1100, in run
    result = context.run(func, *args)
             ^^^^^^^^^^^^^^^^^^^^^^^^
  File "D:\workspace\open-guji-cv\open_guji_cv\console\routers\review.py", line 52, in api_review_cards
    return cards(book, pages, limit, only, deps.product_store(), gate_cut=gate_cut)
           ^^^^^^^^^^^^^^^^^^^^^^^^^^^^^^^^^^^^^^^^^^^^^^^^^^^^^^^^^^^^^^^^^^^^^^^^
  File "D:\workspace\open-guji-cv\open_guji_cv\review\cards.py", line 38, in cards
    bk = load_book(book)
         ^^^^^^^^^^^^^^^
  File "D:\workspace\open-guji-cv\open_guji_cv\core\book.py", line 270, in load_book
    raise FileNotFoundError(f"\u6ca1\u6709\u8fd9\u518c\u4e66\u7684\u5b9a\u4e49: {path}")
FileNotFoundError: \u6ca1\u6709\u8fd9\u518c\u4e66\u7684\u5b9a\u4e49: D:\workspace\open-guji-cv\open_guji_cv\books\bxrl.yaml
ERROR:    Exception in ASGI application
  + Exception Group Traceback (most recent call last):
  |   File "D:\workspace\open-guji-cv\.venv\Lib\site-packages\starlette\_utils.py", line 85, in create_collapsing_task_group
  |     async with anyio.create_task_group() as tg:
  |                ^^^^^^^^^^^^^^^^^^^^^^^^^
  |   File "D:\workspace\open-guji-cv\.venv\Lib\site-packages\anyio\_backends\_asyncio.py", line 847, in __aexit__
  |     raise BaseExceptionGroup(
  | ExceptionGroup: unhandled errors in a TaskGroup (1 sub-exception)
  +-+---------------- 1 ----------------
    | Traceback (most recent call last):
    |   File "D:\workspace\open-guji-cv\.venv\Lib\site-packages\uvicorn\protocols\http\h11_impl.py", line 416, in run_asgi
    |     result = await app(  # type: ignore[func-returns-value]
    |              ^^^^^^^^^^^^^^^^^^^^^^^^^^^^^^^^^^^^^^^^^^^^^^
    |   File "D:\workspace\open-guji-cv\.venv\Lib\site-packages\uvicorn\middleware\proxy_headers.py", line 63, in __call__
    |     return await self.app(scope, receive, send)
    |            ^^^^^^^^^^^^^^^^^^^^^^^^^^^^^^^^^^^^
    |   File "D:\workspace\open-guji-cv\.venv\Lib\site-packages\fastapi\applications.py", line 1163, in __call__
    |     await super().__call__(scope, receive, send)
    |   File "D:\workspace\open-guji-cv\.venv\Lib\site-packages\starlette\applications.py", line 96, in __call__
    |     await self.middleware_stack(scope, receive, send)
    |   File "D:\workspace\open-guji-cv\.venv\Lib\site-packages\starlette\middleware\errors.py", line 186, in __call__
    |     raise exc
    |   File "D:\workspace\open-guji-cv\.venv\Lib\site-packages\starlette\middleware\errors.py", line 164, in __call__
    |     await self.app(scope, receive, _send)
    |   File "D:\workspace\open-guji-cv\.venv\Lib\site-packages\starlette\middleware\base.py", line 193, in __call__
    |     response = await self.dispatch_func(request, call_next)
    |                ^^^^^^^^^^^^^^^^^^^^^^^^^^^^^^^^^^^^^^^^^^^^
    |   File "D:\workspace\open-guji-cv\open_guji_cv\console\app.py", line 61, in _no_cache_static
    |     resp = await call_next(request)
    |            ^^^^^^^^^^^^^^^^^^^^^^^^
    |   File "D:\workspace\open-guji-cv\.venv\Lib\site-packages\starlette\middleware\base.py", line 168, in call_next
    |     raise app_exc from app_exc.__cause__ or app_exc.__context__
    |   File "D:\workspace\open-guji-cv\.venv\Lib\site-packages\starlette\middleware\base.py", line 144, in coro
    |     await self.app(scope, receive_or_disconnect, send_no_error)
    |   File "D:\workspace\open-guji-cv\.venv\Lib\site-packages\starlette\middleware\base.py", line 193, in __call__
    |     response = await self.dispatch_func(request, call_next)
    |                ^^^^^^^^^^^^^^^^^^^^^^^^^^^^^^^^^^^^^^^^^^^^
    |   File "D:\workspace\open-guji-cv\open_guji_cv\console\middleware.py", line 55, in dispatch
    |     return await call_next(request)
    |            ^^^^^^^^^^^^^^^^^^^^^^^^
    |   File "D:\workspace\open-guji-cv\.venv\Lib\site-packages\starlette\middleware\base.py", line 168, in call_next
    |     raise app_exc from app_exc.__cause__ or app_exc.__context__
    |   File "D:\workspace\open-guji-cv\.venv\Lib\site-packages\starlette\middleware\base.py", line 144, in coro
    |     await self.app(scope, receive_or_disconnect, send_no_error)
    |   File "D:\workspace\open-guji-cv\.venv\Lib\site-packages\starlette\middleware\cors.py", line 88, in __call__
    |     await self.app(scope, receive, send)
    |   File "D:\workspace\open-guji-cv\.venv\Lib\site-packages\starlette\middleware\exceptions.py", line 63, in __call__
    |     await wrap_app_handling_exceptions(self.app, conn)(scope, receive, send)
    |   File "D:\workspace\open-guji-cv\.venv\Lib\site-packages\starlette\_exception_handler.py", line 53, in wrapped_app
    |     raise exc
    |   File "D:\workspace\open-guji-cv\.venv\Lib\site-packages\starlette\_exception_handler.py", line 42, in wrapped_app
    |     await app(scope, receive, sender)
    |   File "D:\workspace\open-guji-cv\.venv\Lib\site-packages\fastapi\middleware\asyncexitstack.py", line 18, in __call__
    |     await self.app(scope, receive, send)
    |   File "D:\workspace\open-guji-cv\.venv\Lib\site-packages\starlette\routing.py", line 670, in __call__
    |     await self.middleware_stack(scope, receive, send)
    |   File "D:\workspace\open-guji-cv\.venv\Lib\site-packages\fastapi\routing.py", line 2734, in app
    |     await route.handle(scope, receive, send)
    |   File "D:\workspace\open-guji-cv\.venv\Lib\site-packages\fastapi\routing.py", line 1780, in handle
    |     await self.original_router.handle(scope, receive, send)
    |   File "D:\workspace\open-guji-cv\.venv\Lib\site-packages\fastapi\routing.py", line 2789, in handle
    |     await included_router._handle_selected(scope, receive, send)
    |   File "D:\workspace\open-guji-cv\.venv\Lib\site-packages\fastapi\routing.py", line 1800, in _handle_selected
    |     await original_route.handle(scope, receive, send)
    |   File "D:\workspace\open-guji-cv\.venv\Lib\site-packages\fastapi\routing.py", line 1279, in handle
    |     await app(scope, receive, send)
    |   File "D:\workspace\open-guji-cv\.venv\Lib\site-packages\fastapi\routing.py", line 158, in app
    |     await wrap_app_handling_exceptions(app, request)(scope, receive, send)
    |   File "D:\workspace\open-guji-cv\.venv\Lib\site-packages\starlette\_exception_handler.py", line 53, in wrapped_app
    |     raise exc
    |   File "D:\workspace\open-guji-cv\.venv\Lib\site-packages\starlette\_exception_handler.py", line 42, in wrapped_app
    |     await app(scope, receive, sender)
    |   File "D:\workspace\open-guji-cv\.venv\Lib\site-packages\fastapi\routing.py", line 144, in app
    |     response = await f(request)
    |                ^^^^^^^^^^^^^^^^
    |   File "D:\workspace\open-guji-cv\.venv\Lib\site-packages\fastapi\routing.py", line 706, in app
    |     raw_response = await run_endpoint_function(
    |                    ^^^^^^^^^^^^^^^^^^^^^^^^^^^^
    |   File "D:\workspace\open-guji-cv\.venv\Lib\site-packages\fastapi\routing.py", line 354, in run_endpoint_function
    |     return await run_in_threadpool(dependant.call, **values)
    |            ^^^^^^^^^^^^^^^^^^^^^^^^^^^^^^^^^^^^^^^^^^^^^^^^^
    |   File "D:\workspace\open-guji-cv\.venv\Lib\site-packages\starlette\concurrency.py", line 34, in run_in_threadpool
    |     return await anyio.to_thread.run_sync(func)
    |            ^^^^^^^^^^^^^^^^^^^^^^^^^^^^^^^^^^^^
    |   File "D:\workspace\open-guji-cv\.venv\Lib\site-packages\anyio\to_thread.py", line 65, in run_sync
    |     return await get_async_backend().run_sync_in_worker_thread(
    |            ^^^^^^^^^^^^^^^^^^^^^^^^^^^^^^^^^^^^^^^^^^^^^^^^^^^^
    |   File "D:\workspace\open-guji-cv\.venv\Lib\site-packages\anyio\_backends\_asyncio.py", line 2706, in run_sync_in_worker_thread
    |     return await future
    |            ^^^^^^^^^^^^
    |   File "D:\workspace\open-guji-cv\.venv\Lib\site-packages\anyio\_backends\_asyncio.py", line 1100, in run
    |     result = context.run(func, *args)
    |              ^^^^^^^^^^^^^^^^^^^^^^^^
    |   File "D:\workspace\open-guji-cv\open_guji_cv\console\routers\cutline.py", line 51, in api_cutline_cases
    |     bk = load_book(book)
    |          ^^^^^^^^^^^^^^^
    |   File "D:\workspace\open-guji-cv\open_guji_cv\core\book.py", line 270, in load_book
    |     raise FileNotFoundError(f"\u6ca1\u6709\u8fd9\u518c\u4e66\u7684\u5b9a\u4e49: {path}")
    | FileNotFoundError: \u6ca1\u6709\u8fd9\u518c\u4e66\u7684\u5b9a\u4e49: D:\workspace\open-guji-cv\open_guji_cv\books\bxrl.yaml
    +------------------------------------

The above exception was the direct cause of the following exception:

Traceback (most recent call last):
  File "D:\workspace\open-guji-cv\.venv\Lib\site-packages\uvicorn\protocols\http\h11_impl.py", line 416, in run_asgi
    result = await app(  # type: ignore[func-returns-value]
             ^^^^^^^^^^^^^^^^^^^^^^^^^^^^^^^^^^^^^^^^^^^^^^
  File "D:\workspace\open-guji-cv\.venv\Lib\site-packages\uvicorn\middleware\proxy_headers.py", line 63, in __call__
    return await self.app(scope, receive, send)
           ^^^^^^^^^^^^^^^^^^^^^^^^^^^^^^^^^^^^
  File "D:\workspace\open-guji-cv\.venv\Lib\site-packages\fastapi\applications.py", line 1163, in __call__
    await super().__call__(scope, receive, send)
  File "D:\workspace\open-guji-cv\.venv\Lib\site-packages\starlette\applications.py", line 96, in __call__
    await self.middleware_stack(scope, receive, send)
  File "D:\workspace\open-guji-cv\.venv\Lib\site-packages\starlette\middleware\errors.py", line 186, in __call__
    raise exc
  File "D:\workspace\open-guji-cv\.venv\Lib\site-packages\starlette\middleware\errors.py", line 164, in __call__
    await self.app(scope, receive, _send)
  File "D:\workspace\open-guji-cv\.venv\Lib\site-packages\starlette\middleware\base.py", line 193, in __call__
    response = await self.dispatch_func(request, call_next)
               ^^^^^^^^^^^^^^^^^^^^^^^^^^^^^^^^^^^^^^^^^^^^
  File "D:\workspace\open-guji-cv\open_guji_cv\console\app.py", line 61, in _no_cache_static
    resp = await call_next(request)
           ^^^^^^^^^^^^^^^^^^^^^^^^
  File "D:\workspace\open-guji-cv\.venv\Lib\site-packages\starlette\middleware\base.py", line 168, in call_next
    raise app_exc from app_exc.__cause__ or app_exc.__context__
  File "D:\workspace\open-guji-cv\.venv\Lib\site-packages\starlette\middleware\base.py", line 144, in coro
    await self.app(scope, receive_or_disconnect, send_no_error)
  File "D:\workspace\open-guji-cv\.venv\Lib\site-packages\starlette\middleware\base.py", line 193, in __call__
    response = await self.dispatch_func(request, call_next)
               ^^^^^^^^^^^^^^^^^^^^^^^^^^^^^^^^^^^^^^^^^^^^
  File "D:\workspace\open-guji-cv\open_guji_cv\console\middleware.py", line 55, in dispatch
    return await call_next(request)
           ^^^^^^^^^^^^^^^^^^^^^^^^
  File "D:\workspace\open-guji-cv\.venv\Lib\site-packages\starlette\middleware\base.py", line 168, in call_next
    raise app_exc from app_exc.__cause__ or app_exc.__context__
  File "D:\workspace\open-guji-cv\.venv\Lib\site-packages\starlette\middleware\base.py", line 144, in coro
    await self.app(scope, receive_or_disconnect, send_no_error)
  File "D:\workspace\open-guji-cv\.venv\Lib\site-packages\starlette\middleware\cors.py", line 88, in __call__
    await self.app(scope, receive, send)
  File "D:\workspace\open-guji-cv\.venv\Lib\site-packages\starlette\middleware\exceptions.py", line 63, in __call__
    await wrap_app_handling_exceptions(self.app, conn)(scope, receive, send)
  File "D:\workspace\open-guji-cv\.venv\Lib\site-packages\starlette\_exception_handler.py", line 53, in wrapped_app
    raise exc
  File "D:\workspace\open-guji-cv\.venv\Lib\site-packages\starlette\_exception_handler.py", line 42, in wrapped_app
    await app(scope, receive, sender)
  File "D:\workspace\open-guji-cv\.venv\Lib\site-packages\fastapi\middleware\asyncexitstack.py", line 18, in __call__
    await self.app(scope, receive, send)
  File "D:\workspace\open-guji-cv\.venv\Lib\site-packages\starlette\routing.py", line 670, in __call__
    await self.middleware_stack(scope, receive, send)
  File "D:\workspace\open-guji-cv\.venv\Lib\site-packages\fastapi\routing.py", line 2734, in app
    await route.handle(scope, receive, send)
  File "D:\workspace\open-guji-cv\.venv\Lib\site-packages\fastapi\routing.py", line 1780, in handle
    await self.original_router.handle(scope, receive, send)
  File "D:\workspace\open-guji-cv\.venv\Lib\site-packages\fastapi\routing.py", line 2789, in handle
    await included_router._handle_selected(scope, receive, send)
  File "D:\workspace\open-guji-cv\.venv\Lib\site-packages\fastapi\routing.py", line 1800, in _handle_selected
    await original_route.handle(scope, receive, send)
  File "D:\workspace\open-guji-cv\.venv\Lib\site-packages\fastapi\routing.py", line 1279, in handle
    await app(scope, receive, send)
  File "D:\workspace\open-guji-cv\.venv\Lib\site-packages\fastapi\routing.py", line 158, in app
    await wrap_app_handling_exceptions(app, request)(scope, receive, send)
  File "D:\workspace\open-guji-cv\.venv\Lib\site-packages\starlette\_exception_handler.py", line 53, in wrapped_app
    raise exc
  File "D:\workspace\open-guji-cv\.venv\Lib\site-packages\starlette\_exception_handler.py", line 42, in wrapped_app
    await app(scope, receive, sender)
  File "D:\workspace\open-guji-cv\.venv\Lib\site-packages\fastapi\routing.py", line 144, in app
    response = await f(request)
               ^^^^^^^^^^^^^^^^
  File "D:\workspace\open-guji-cv\.venv\Lib\site-packages\fastapi\routing.py", line 706, in app
    raw_response = await run_endpoint_function(
                   ^^^^^^^^^^^^^^^^^^^^^^^^^^^^
  File "D:\workspace\open-guji-cv\.venv\Lib\site-packages\fastapi\routing.py", line 354, in run_endpoint_function
    return await run_in_threadpool(dependant.call, **values)
           ^^^^^^^^^^^^^^^^^^^^^^^^^^^^^^^^^^^^^^^^^^^^^^^^^
  File "D:\workspace\open-guji-cv\.venv\Lib\site-packages\starlette\concurrency.py", line 34, in run_in_threadpool
    return await anyio.to_thread.run_sync(func)
           ^^^^^^^^^^^^^^^^^^^^^^^^^^^^^^^^^^^^
  File "D:\workspace\open-guji-cv\.venv\Lib\site-packages\anyio\to_thread.py", line 65, in run_sync
    return await get_async_backend().run_sync_in_worker_thread(
           ^^^^^^^^^^^^^^^^^^^^^^^^^^^^^^^^^^^^^^^^^^^^^^^^^^^^
  File "D:\workspace\open-guji-cv\.venv\Lib\site-packages\anyio\_backends\_asyncio.py", line 2706, in run_sync_in_worker_thread
    return await future
           ^^^^^^^^^^^^
  File "D:\workspace\open-guji-cv\.venv\Lib\site-packages\anyio\_backends\_asyncio.py", line 1100, in run
    result = context.run(func, *args)
             ^^^^^^^^^^^^^^^^^^^^^^^^
  File "D:\workspace\open-guji-cv\open_guji_cv\console\routers\cutline.py", line 51, in api_cutline_cases
    bk = load_book(book)
         ^^^^^^^^^^^^^^^
  File "D:\workspace\open-guji-cv\open_guji_cv\core\book.py", line 270, in load_book
    raise FileNotFoundError(f"\u6ca1\u6709\u8fd9\u518c\u4e66\u7684\u5b9a\u4e49: {path}")
FileNotFoundError: \u6ca1\u6709\u8fd9\u518c\u4e66\u7684\u5b9a\u4e49: D:\workspace\open-guji-cv\open_guji_cv\books\bxrl.yaml
ERROR:    Exception in ASGI application
  + Exception Group Traceback (most recent call last):
  |   File "D:\workspace\open-guji-cv\.venv\Lib\site-packages\starlette\_utils.py", line 85, in create_collapsing_task_group
  |     async with anyio.create_task_group() as tg:
  |                ^^^^^^^^^^^^^^^^^^^^^^^^^
  |   File "D:\workspace\open-guji-cv\.venv\Lib\site-packages\anyio\_backends\_asyncio.py", line 847, in __aexit__
  |     raise BaseExceptionGroup(
  | ExceptionGroup: unhandled errors in a TaskGroup (1 sub-exception)
  +-+---------------- 1 ----------------
    | Traceback (most recent call last):
    |   File "D:\workspace\open-guji-cv\.venv\Lib\site-packages\uvicorn\protocols\http\h11_impl.py", line 416, in run_asgi
    |     result = await app(  # type: ignore[func-returns-value]
    |              ^^^^^^^^^^^^^^^^^^^^^^^^^^^^^^^^^^^^^^^^^^^^^^
    |   File "D:\workspace\open-guji-cv\.venv\Lib\site-packages\uvicorn\middleware\proxy_headers.py", line 63, in __call__
    |     return await self.app(scope, receive, send)
    |            ^^^^^^^^^^^^^^^^^^^^^^^^^^^^^^^^^^^^
    |   File "D:\workspace\open-guji-cv\.venv\Lib\site-packages\fastapi\applications.py", line 1163, in __call__
    |     await super().__call__(scope, receive, send)
    |   File "D:\workspace\open-guji-cv\.venv\Lib\site-packages\starlette\applications.py", line 96, in __call__
    |     await self.middleware_stack(scope, receive, send)
    |   File "D:\workspace\open-guji-cv\.venv\Lib\site-packages\starlette\middleware\errors.py", line 186, in __call__
    |     raise exc
    |   File "D:\workspace\open-guji-cv\.venv\Lib\site-packages\starlette\middleware\errors.py", line 164, in __call__
    |     await self.app(scope, receive, _send)
    |   File "D:\workspace\open-guji-cv\.venv\Lib\site-packages\starlette\middleware\base.py", line 193, in __call__
    |     response = await self.dispatch_func(request, call_next)
    |                ^^^^^^^^^^^^^^^^^^^^^^^^^^^^^^^^^^^^^^^^^^^^
    |   File "D:\workspace\open-guji-cv\open_guji_cv\console\app.py", line 61, in _no_cache_static
    |     resp = await call_next(request)
    |            ^^^^^^^^^^^^^^^^^^^^^^^^
    |   File "D:\workspace\open-guji-cv\.venv\Lib\site-packages\starlette\middleware\base.py", line 168, in call_next
    |     raise app_exc from app_exc.__cause__ or app_exc.__context__
    |   File "D:\workspace\open-guji-cv\.venv\Lib\site-packages\starlette\middleware\base.py", line 144, in coro
    |     await self.app(scope, receive_or_disconnect, send_no_error)
    |   File "D:\workspace\open-guji-cv\.venv\Lib\site-packages\starlette\middleware\base.py", line 193, in __call__
    |     response = await self.dispatch_func(request, call_next)
    |                ^^^^^^^^^^^^^^^^^^^^^^^^^^^^^^^^^^^^^^^^^^^^
    |   File "D:\workspace\open-guji-cv\open_guji_cv\console\middleware.py", line 55, in dispatch
    |     return await call_next(request)
    |            ^^^^^^^^^^^^^^^^^^^^^^^^
    |   File "D:\workspace\open-guji-cv\.venv\Lib\site-packages\starlette\middleware\base.py", line 168, in call_next
    |     raise app_exc from app_exc.__cause__ or app_exc.__context__
    |   File "D:\workspace\open-guji-cv\.venv\Lib\site-packages\starlette\middleware\base.py", line 144, in coro
    |     await self.app(scope, receive_or_disconnect, send_no_error)
    |   File "D:\workspace\open-guji-cv\.venv\Lib\site-packages\starlette\middleware\cors.py", line 88, in __call__
    |     await self.app(scope, receive, send)
    |   File "D:\workspace\open-guji-cv\.venv\Lib\site-packages\starlette\middleware\exceptions.py", line 63, in __call__
    |     await wrap_app_handling_exceptions(self.app, conn)(scope, receive, send)
    |   File "D:\workspace\open-guji-cv\.venv\Lib\site-packages\starlette\_exception_handler.py", line 53, in wrapped_app
    |     raise exc
    |   File "D:\workspace\open-guji-cv\.venv\Lib\site-packages\starlette\_exception_handler.py", line 42, in wrapped_app
    |     await app(scope, receive, sender)
    |   File "D:\workspace\open-guji-cv\.venv\Lib\site-packages\fastapi\middleware\asyncexitstack.py", line 18, in __call__
    |     await self.app(scope, receive, send)
    |   File "D:\workspace\open-guji-cv\.venv\Lib\site-packages\starlette\routing.py", line 670, in __call__
    |     await self.middleware_stack(scope, receive, send)
    |   File "D:\workspace\open-guji-cv\.venv\Lib\site-packages\fastapi\routing.py", line 2734, in app
    |     await route.handle(scope, receive, send)
    |   File "D:\workspace\open-guji-cv\.venv\Lib\site-packages\fastapi\routing.py", line 1780, in handle
    |     await self.original_router.handle(scope, receive, send)
    |   File "D:\workspace\open-guji-cv\.venv\Lib\site-packages\fastapi\routing.py", line 2789, in handle
    |     await included_router._handle_selected(scope, receive, send)
    |   File "D:\workspace\open-guji-cv\.venv\Lib\site-packages\fastapi\routing.py", line 1800, in _handle_selected
    |     await original_route.handle(scope, receive, send)
    |   File "D:\workspace\open-guji-cv\.venv\Lib\site-packages\fastapi\routing.py", line 1279, in handle
    |     await app(scope, receive, send)
    |   File "D:\workspace\open-guji-cv\.venv\Lib\site-packages\fastapi\routing.py", line 158, in app
    |     await wrap_app_handling_exceptions(app, request)(scope, receive, send)
    |   File "D:\workspace\open-guji-cv\.venv\Lib\site-packages\starlette\_exception_handler.py", line 53, in wrapped_app
    |     raise exc
    |   File "D:\workspace\open-guji-cv\.venv\Lib\site-packages\starlette\_exception_handler.py", line 42, in wrapped_app
    |     await app(scope, receive, sender)
    |   File "D:\workspace\open-guji-cv\.venv\Lib\site-packages\fastapi\routing.py", line 144, in app
    |     response = await f(request)
    |                ^^^^^^^^^^^^^^^^
    |   File "D:\workspace\open-guji-cv\.venv\Lib\site-packages\fastapi\routing.py", line 706, in app
    |     raw_response = await run_endpoint_function(
    |                    ^^^^^^^^^^^^^^^^^^^^^^^^^^^^
    |   File "D:\workspace\open-guji-cv\.venv\Lib\site-packages\fastapi\routing.py", line 354, in run_endpoint_function
    |     return await run_in_threadpool(dependant.call, **values)
    |            ^^^^^^^^^^^^^^^^^^^^^^^^^^^^^^^^^^^^^^^^^^^^^^^^^
    |   File "D:\workspace\open-guji-cv\.venv\Lib\site-packages\starlette\concurrency.py", line 34, in run_in_threadpool
    |     return await anyio.to_thread.run_sync(func)
    |            ^^^^^^^^^^^^^^^^^^^^^^^^^^^^^^^^^^^^
    |   File "D:\workspace\open-guji-cv\.venv\Lib\site-packages\anyio\to_thread.py", line 65, in run_sync
    |     return await get_async_backend().run_sync_in_worker_thread(
    |            ^^^^^^^^^^^^^^^^^^^^^^^^^^^^^^^^^^^^^^^^^^^^^^^^^^^^
    |   File "D:\workspace\open-guji-cv\.venv\Lib\site-packages\anyio\_backends\_asyncio.py", line 2706, in run_sync_in_worker_thread
    |     return await future
    |            ^^^^^^^^^^^^
    |   File "D:\workspace\open-guji-cv\.venv\Lib\site-packages\anyio\_backends\_asyncio.py", line 1100, in run
    |     result = context.run(func, *args)
    |              ^^^^^^^^^^^^^^^^^^^^^^^^
    |   File "D:\workspace\open-guji-cv\open_guji_cv\console\routers\review.py", line 52, in api_review_cards
    |     return cards(book, pages, limit, only, deps.product_store(), gate_cut=gate_cut)
    |            ^^^^^^^^^^^^^^^^^^^^^^^^^^^^^^^^^^^^^^^^^^^^^^^^^^^^^^^^^^^^^^^^^^^^^^^^
    |   File "D:\workspace\open-guji-cv\open_guji_cv\review\cards.py", line 38, in cards
    |     bk = load_book(book)
    |          ^^^^^^^^^^^^^^^
    |   File "D:\workspace\open-guji-cv\open_guji_cv\core\book.py", line 270, in load_book
    |     raise FileNotFoundError(f"\u6ca1\u6709\u8fd9\u518c\u4e66\u7684\u5b9a\u4e49: {path}")
    | FileNotFoundError: \u6ca1\u6709\u8fd9\u518c\u4e66\u7684\u5b9a\u4e49: D:\workspace\open-guji-cv\open_guji_cv\books\bxrl.yaml
    +------------------------------------

The above exception was the direct cause of the following exception:

Traceback (most recent call last):
  File "D:\workspace\open-guji-cv\.venv\Lib\site-packages\uvicorn\protocols\http\h11_impl.py", line 416, in run_asgi
    result = await app(  # type: ignore[func-returns-value]
             ^^^^^^^^^^^^^^^^^^^^^^^^^^^^^^^^^^^^^^^^^^^^^^
  File "D:\workspace\open-guji-cv\.venv\Lib\site-packages\uvicorn\middleware\proxy_headers.py", line 63, in __call__
    return await self.app(scope, receive, send)
           ^^^^^^^^^^^^^^^^^^^^^^^^^^^^^^^^^^^^
  File "D:\workspace\open-guji-cv\.venv\Lib\site-packages\fastapi\applications.py", line 1163, in __call__
    await super().__call__(scope, receive, send)
  File "D:\workspace\open-guji-cv\.venv\Lib\site-packages\starlette\applications.py", line 96, in __call__
    await self.middleware_stack(scope, receive, send)
  File "D:\workspace\open-guji-cv\.venv\Lib\site-packages\starlette\middleware\errors.py", line 186, in __call__
    raise exc
  File "D:\workspace\open-guji-cv\.venv\Lib\site-packages\starlette\middleware\errors.py", line 164, in __call__
    await self.app(scope, receive, _send)
  File "D:\workspace\open-guji-cv\.venv\Lib\site-packages\starlette\middleware\base.py", line 193, in __call__
    response = await self.dispatch_func(request, call_next)
               ^^^^^^^^^^^^^^^^^^^^^^^^^^^^^^^^^^^^^^^^^^^^
  File "D:\workspace\open-guji-cv\open_guji_cv\console\app.py", line 61, in _no_cache_static
    resp = await call_next(request)
           ^^^^^^^^^^^^^^^^^^^^^^^^
  File "D:\workspace\open-guji-cv\.venv\Lib\site-packages\starlette\middleware\base.py", line 168, in call_next
    raise app_exc from app_exc.__cause__ or app_exc.__context__
  File "D:\workspace\open-guji-cv\.venv\Lib\site-packages\starlette\middleware\base.py", line 144, in coro
    await self.app(scope, receive_or_disconnect, send_no_error)
  File "D:\workspace\open-guji-cv\.venv\Lib\site-packages\starlette\middleware\base.py", line 193, in __call__
    response = await self.dispatch_func(request, call_next)
               ^^^^^^^^^^^^^^^^^^^^^^^^^^^^^^^^^^^^^^^^^^^^
  File "D:\workspace\open-guji-cv\open_guji_cv\console\middleware.py", line 55, in dispatch
    return await call_next(request)
           ^^^^^^^^^^^^^^^^^^^^^^^^
  File "D:\workspace\open-guji-cv\.venv\Lib\site-packages\starlette\middleware\base.py", line 168, in call_next
    raise app_exc from app_exc.__cause__ or app_exc.__context__
  File "D:\workspace\open-guji-cv\.venv\Lib\site-packages\starlette\middleware\base.py", line 144, in coro
    await self.app(scope, receive_or_disconnect, send_no_error)
  File "D:\workspace\open-guji-cv\.venv\Lib\site-packages\starlette\middleware\cors.py", line 88, in __call__
    await self.app(scope, receive, send)
  File "D:\workspace\open-guji-cv\.venv\Lib\site-packages\starlette\middleware\exceptions.py", line 63, in __call__
    await wrap_app_handling_exceptions(self.app, conn)(scope, receive, send)
  File "D:\workspace\open-guji-cv\.venv\Lib\site-packages\starlette\_exception_handler.py", line 53, in wrapped_app
    raise exc
  File "D:\workspace\open-guji-cv\.venv\Lib\site-packages\starlette\_exception_handler.py", line 42, in wrapped_app
    await app(scope, receive, sender)
  File "D:\workspace\open-guji-cv\.venv\Lib\site-packages\fastapi\middleware\asyncexitstack.py", line 18, in __call__
    await self.app(scope, receive, send)
  File "D:\workspace\open-guji-cv\.venv\Lib\site-packages\starlette\routing.py", line 670, in __call__
    await self.middleware_stack(scope, receive, send)
  File "D:\workspace\open-guji-cv\.venv\Lib\site-packages\fastapi\routing.py", line 2734, in app
    await route.handle(scope, receive, send)
  File "D:\workspace\open-guji-cv\.venv\Lib\site-packages\fastapi\routing.py", line 1780, in handle
    await self.original_router.handle(scope, receive, send)
  File "D:\workspace\open-guji-cv\.venv\Lib\site-packages\fastapi\routing.py", line 2789, in handle
    await included_router._handle_selected(scope, receive, send)
  File "D:\workspace\open-guji-cv\.venv\Lib\site-packages\fastapi\routing.py", line 1800, in _handle_selected
    await original_route.handle(scope, receive, send)
  File "D:\workspace\open-guji-cv\.venv\Lib\site-packages\fastapi\routing.py", line 1279, in handle
    await app(scope, receive, send)
  File "D:\workspace\open-guji-cv\.venv\Lib\site-packages\fastapi\routing.py", line 158, in app
    await wrap_app_handling_exceptions(app, request)(scope, receive, send)
  File "D:\workspace\open-guji-cv\.venv\Lib\site-packages\starlette\_exception_handler.py", line 53, in wrapped_app
    raise exc
  File "D:\workspace\open-guji-cv\.venv\Lib\site-packages\starlette\_exception_handler.py", line 42, in wrapped_app
    await app(scope, receive, sender)
  File "D:\workspace\open-guji-cv\.venv\Lib\site-packages\fastapi\routing.py", line 144, in app
    response = await f(request)
               ^^^^^^^^^^^^^^^^
  File "D:\workspace\open-guji-cv\.venv\Lib\site-packages\fastapi\routing.py", line 706, in app
    raw_response = await run_endpoint_function(
                   ^^^^^^^^^^^^^^^^^^^^^^^^^^^^
  File "D:\workspace\open-guji-cv\.venv\Lib\site-packages\fastapi\routing.py", line 354, in run_endpoint_function
    return await run_in_threadpool(dependant.call, **values)
           ^^^^^^^^^^^^^^^^^^^^^^^^^^^^^^^^^^^^^^^^^^^^^^^^^
  File "D:\workspace\open-guji-cv\.venv\Lib\site-packages\starlette\concurrency.py", line 34, in run_in_threadpool
    return await anyio.to_thread.run_sync(func)
           ^^^^^^^^^^^^^^^^^^^^^^^^^^^^^^^^^^^^
  File "D:\workspace\open-guji-cv\.venv\Lib\site-packages\anyio\to_thread.py", line 65, in run_sync
    return await get_async_backend().run_sync_in_worker_thread(
           ^^^^^^^^^^^^^^^^^^^^^^^^^^^^^^^^^^^^^^^^^^^^^^^^^^^^
  File "D:\workspace\open-guji-cv\.venv\Lib\site-packages\anyio\_backends\_asyncio.py", line 2706, in run_sync_in_worker_thread
    return await future
           ^^^^^^^^^^^^
  File "D:\workspace\open-guji-cv\.venv\Lib\site-packages\anyio\_backends\_asyncio.py", line 1100, in run
    result = context.run(func, *args)
             ^^^^^^^^^^^^^^^^^^^^^^^^
  File "D:\workspace\open-guji-cv\open_guji_cv\console\routers\review.py", line 52, in api_review_cards
    return cards(book, pages, limit, only, deps.product_store(), gate_cut=gate_cut)
           ^^^^^^^^^^^^^^^^^^^^^^^^^^^^^^^^^^^^^^^^^^^^^^^^^^^^^^^^^^^^^^^^^^^^^^^^
  File "D:\workspace\open-guji-cv\open_guji_cv\review\cards.py", line 38, in cards
    bk = load_book(book)
         ^^^^^^^^^^^^^^^
  File "D:\workspace\open-guji-cv\open_guji_cv\core\book.py", line 270, in load_book
    raise FileNotFoundError(f"\u6ca1\u6709\u8fd9\u518c\u4e66\u7684\u5b9a\u4e49: {path}")
FileNotFoundError: \u6ca1\u6709\u8fd9\u518c\u4e66\u7684\u5b9a\u4e49: D:\workspace\open-guji-cv\open_guji_cv\books\bxrl.yaml
ERROR:    Exception in ASGI application
  + Exception Group Traceback (most recent call last):
  |   File "D:\workspace\open-guji-cv\.venv\Lib\site-packages\starlette\_utils.py", line 85, in create_collapsing_task_group
  |     async with anyio.create_task_group() as tg:
  |                ^^^^^^^^^^^^^^^^^^^^^^^^^
  |   File "D:\workspace\open-guji-cv\.venv\Lib\site-packages\anyio\_backends\_asyncio.py", line 847, in __aexit__
  |     raise BaseExceptionGroup(
  | ExceptionGroup: unhandled errors in a TaskGroup (1 sub-exception)
  +-+---------------- 1 ----------------
    | Traceback (most recent call last):
    |   File "D:\workspace\open-guji-cv\.venv\Lib\site-packages\uvicorn\protocols\http\h11_impl.py", line 416, in run_asgi
    |     result = await app(  # type: ignore[func-returns-value]
    |              ^^^^^^^^^^^^^^^^^^^^^^^^^^^^^^^^^^^^^^^^^^^^^^
    |   File "D:\workspace\open-guji-cv\.venv\Lib\site-packages\uvicorn\middleware\proxy_headers.py", line 63, in __call__
    |     return await self.app(scope, receive, send)
    |            ^^^^^^^^^^^^^^^^^^^^^^^^^^^^^^^^^^^^
    |   File "D:\workspace\open-guji-cv\.venv\Lib\site-packages\fastapi\applications.py", line 1163, in __call__
    |     await super().__call__(scope, receive, send)
    |   File "D:\workspace\open-guji-cv\.venv\Lib\site-packages\starlette\applications.py", line 96, in __call__
    |     await self.middleware_stack(scope, receive, send)
    |   File "D:\workspace\open-guji-cv\.venv\Lib\site-packages\starlette\middleware\errors.py", line 186, in __call__
    |     raise exc
    |   File "D:\workspace\open-guji-cv\.venv\Lib\site-packages\starlette\middleware\errors.py", line 164, in __call__
    |     await self.app(scope, receive, _send)
    |   File "D:\workspace\open-guji-cv\.venv\Lib\site-packages\starlette\middleware\base.py", line 193, in __call__
    |     response = await self.dispatch_func(request, call_next)
    |                ^^^^^^^^^^^^^^^^^^^^^^^^^^^^^^^^^^^^^^^^^^^^
    |   File "D:\workspace\open-guji-cv\open_guji_cv\console\app.py", line 61, in _no_cache_static
    |     resp = await call_next(request)
    |            ^^^^^^^^^^^^^^^^^^^^^^^^
    |   File "D:\workspace\open-guji-cv\.venv\Lib\site-packages\starlette\middleware\base.py", line 168, in call_next
    |     raise app_exc from app_exc.__cause__ or app_exc.__context__
    |   File "D:\workspace\open-guji-cv\.venv\Lib\site-packages\starlette\middleware\base.py", line 144, in coro
    |     await self.app(scope, receive_or_disconnect, send_no_error)
    |   File "D:\workspace\open-guji-cv\.venv\Lib\site-packages\starlette\middleware\base.py", line 193, in __call__
    |     response = await self.dispatch_func(request, call_next)
    |                ^^^^^^^^^^^^^^^^^^^^^^^^^^^^^^^^^^^^^^^^^^^^
    |   File "D:\workspace\open-guji-cv\open_guji_cv\console\middleware.py", line 55, in dispatch
    |     return await call_next(request)
    |            ^^^^^^^^^^^^^^^^^^^^^^^^
    |   File "D:\workspace\open-guji-cv\.venv\Lib\site-packages\starlette\middleware\base.py", line 168, in call_next
    |     raise app_exc from app_exc.__cause__ or app_exc.__context__
    |   File "D:\workspace\open-guji-cv\.venv\Lib\site-packages\starlette\middleware\base.py", line 144, in coro
    |     await self.app(scope, receive_or_disconnect, send_no_error)
    |   File "D:\workspace\open-guji-cv\.venv\Lib\site-packages\starlette\middleware\cors.py", line 88, in __call__
    |     await self.app(scope, receive, send)
    |   File "D:\workspace\open-guji-cv\.venv\Lib\site-packages\starlette\middleware\exceptions.py", line 63, in __call__
    |     await wrap_app_handling_exceptions(self.app, conn)(scope, receive, send)
    |   File "D:\workspace\open-guji-cv\.venv\Lib\site-packages\starlette\_exception_handler.py", line 53, in wrapped_app
    |     raise exc
    |   File "D:\workspace\open-guji-cv\.venv\Lib\site-packages\starlette\_exception_handler.py", line 42, in wrapped_app
    |     await app(scope, receive, sender)
    |   File "D:\workspace\open-guji-cv\.venv\Lib\site-packages\fastapi\middleware\asyncexitstack.py", line 18, in __call__
    |     await self.app(scope, receive, send)
    |   File "D:\workspace\open-guji-cv\.venv\Lib\site-packages\starlette\routing.py", line 670, in __call__
    |     await self.middleware_stack(scope, receive, send)
    |   File "D:\workspace\open-guji-cv\.venv\Lib\site-packages\fastapi\routing.py", line 2734, in app
    |     await route.handle(scope, receive, send)
    |   File "D:\workspace\open-guji-cv\.venv\Lib\site-packages\fastapi\routing.py", line 1780, in handle
    |     await self.original_router.handle(scope, receive, send)
    |   File "D:\workspace\open-guji-cv\.venv\Lib\site-packages\fastapi\routing.py", line 2789, in handle
    |     await included_router._handle_selected(scope, receive, send)
    |   File "D:\workspace\open-guji-cv\.venv\Lib\site-packages\fastapi\routing.py", line 1800, in _handle_selected
    |     await original_route.handle(scope, receive, send)
    |   File "D:\workspace\open-guji-cv\.venv\Lib\site-packages\fastapi\routing.py", line 1279, in handle
    |     await app(scope, receive, send)
    |   File "D:\workspace\open-guji-cv\.venv\Lib\site-packages\fastapi\routing.py", line 158, in app
    |     await wrap_app_handling_exceptions(app, request)(scope, receive, send)
    |   File "D:\workspace\open-guji-cv\.venv\Lib\site-packages\starlette\_exception_handler.py", line 53, in wrapped_app
    |     raise exc
    |   File "D:\workspace\open-guji-cv\.venv\Lib\site-packages\starlette\_exception_handler.py", line 42, in wrapped_app
    |     await app(scope, receive, sender)
    |   File "D:\workspace\open-guji-cv\.venv\Lib\site-packages\fastapi\routing.py", line 144, in app
    |     response = await f(request)
    |                ^^^^^^^^^^^^^^^^
    |   File "D:\workspace\open-guji-cv\.venv\Lib\site-packages\fastapi\routing.py", line 706, in app
    |     raw_response = await run_endpoint_function(
    |                    ^^^^^^^^^^^^^^^^^^^^^^^^^^^^
    |   File "D:\workspace\open-guji-cv\.venv\Lib\site-packages\fastapi\routing.py", line 354, in run_endpoint_function
    |     return await run_in_threadpool(dependant.call, **values)
    |            ^^^^^^^^^^^^^^^^^^^^^^^^^^^^^^^^^^^^^^^^^^^^^^^^^
    |   File "D:\workspace\open-guji-cv\.venv\Lib\site-packages\starlette\concurrency.py", line 34, in run_in_threadpool
    |     return await anyio.to_thread.run_sync(func)
    |            ^^^^^^^^^^^^^^^^^^^^^^^^^^^^^^^^^^^^
    |   File "D:\workspace\open-guji-cv\.venv\Lib\site-packages\anyio\to_thread.py", line 65, in run_sync
    |     return await get_async_backend().run_sync_in_worker_thread(
    |            ^^^^^^^^^^^^^^^^^^^^^^^^^^^^^^^^^^^^^^^^^^^^^^^^^^^^
    |   File "D:\workspace\open-guji-cv\.venv\Lib\site-packages\anyio\_backends\_asyncio.py", line 2706, in run_sync_in_worker_thread
    |     return await future
    |            ^^^^^^^^^^^^
    |   File "D:\workspace\open-guji-cv\.venv\Lib\site-packages\anyio\_backends\_asyncio.py", line 1100, in run
    |     result = context.run(func, *args)
    |              ^^^^^^^^^^^^^^^^^^^^^^^^
    |   File "D:\workspace\open-guji-cv\open_guji_cv\console\routers\cutline.py", line 51, in api_cutline_cases
    |     bk = load_book(book)
    |          ^^^^^^^^^^^^^^^
    |   File "D:\workspace\open-guji-cv\open_guji_cv\core\book.py", line 270, in load_book
    |     raise FileNotFoundError(f"\u6ca1\u6709\u8fd9\u518c\u4e66\u7684\u5b9a\u4e49: {path}")
    | FileNotFoundError: \u6ca1\u6709\u8fd9\u518c\u4e66\u7684\u5b9a\u4e49: D:\workspace\open-guji-cv\open_guji_cv\books\bxrl.yaml
    +------------------------------------

The above exception was the direct cause of the following exception:

Traceback (most recent call last):
  File "D:\workspace\open-guji-cv\.venv\Lib\site-packages\uvicorn\protocols\http\h11_impl.py", line 416, in run_asgi
    result = await app(  # type: ignore[func-returns-value]
             ^^^^^^^^^^^^^^^^^^^^^^^^^^^^^^^^^^^^^^^^^^^^^^
  File "D:\workspace\open-guji-cv\.venv\Lib\site-packages\uvicorn\middleware\proxy_headers.py", line 63, in __call__
    return await self.app(scope, receive, send)
           ^^^^^^^^^^^^^^^^^^^^^^^^^^^^^^^^^^^^
  File "D:\workspace\open-guji-cv\.venv\Lib\site-packages\fastapi\applications.py", line 1163, in __call__
    await super().__call__(scope, receive, send)
  File "D:\workspace\open-guji-cv\.venv\Lib\site-packages\starlette\applications.py", line 96, in __call__
    await self.middleware_stack(scope, receive, send)
  File "D:\workspace\open-guji-cv\.venv\Lib\site-packages\starlette\middleware\errors.py", line 186, in __call__
    raise exc
  File "D:\workspace\open-guji-cv\.venv\Lib\site-packages\starlette\middleware\errors.py", line 164, in __call__
    await self.app(scope, receive, _send)
  File "D:\workspace\open-guji-cv\.venv\Lib\site-packages\starlette\middleware\base.py", line 193, in __call__
    response = await self.dispatch_func(request, call_next)
               ^^^^^^^^^^^^^^^^^^^^^^^^^^^^^^^^^^^^^^^^^^^^
  File "D:\workspace\open-guji-cv\open_guji_cv\console\app.py", line 61, in _no_cache_static
    resp = await call_next(request)
           ^^^^^^^^^^^^^^^^^^^^^^^^
  File "D:\workspace\open-guji-cv\.venv\Lib\site-packages\starlette\middleware\base.py", line 168, in call_next
    raise app_exc from app_exc.__cause__ or app_exc.__context__
  File "D:\workspace\open-guji-cv\.venv\Lib\site-packages\starlette\middleware\base.py", line 144, in coro
    await self.app(scope, receive_or_disconnect, send_no_error)
  File "D:\workspace\open-guji-cv\.venv\Lib\site-packages\starlette\middleware\base.py", line 193, in __call__
    response = await self.dispatch_func(request, call_next)
               ^^^^^^^^^^^^^^^^^^^^^^^^^^^^^^^^^^^^^^^^^^^^
  File "D:\workspace\open-guji-cv\open_guji_cv\console\middleware.py", line 55, in dispatch
    return await call_next(request)
           ^^^^^^^^^^^^^^^^^^^^^^^^
  File "D:\workspace\open-guji-cv\.venv\Lib\site-packages\starlette\middleware\base.py", line 168, in call_next
    raise app_exc from app_exc.__cause__ or app_exc.__context__
  File "D:\workspace\open-guji-cv\.venv\Lib\site-packages\starlette\middleware\base.py", line 144, in coro
    await self.app(scope, receive_or_disconnect, send_no_error)
  File "D:\workspace\open-guji-cv\.venv\Lib\site-packages\starlette\middleware\cors.py", line 88, in __call__
    await self.app(scope, receive, send)
  File "D:\workspace\open-guji-cv\.venv\Lib\site-packages\starlette\middleware\exceptions.py", line 63, in __call__
    await wrap_app_handling_exceptions(self.app, conn)(scope, receive, send)
  File "D:\workspace\open-guji-cv\.venv\Lib\site-packages\starlette\_exception_handler.py", line 53, in wrapped_app
    raise exc
  File "D:\workspace\open-guji-cv\.venv\Lib\site-packages\starlette\_exception_handler.py", line 42, in wrapped_app
    await app(scope, receive, sender)
  File "D:\workspace\open-guji-cv\.venv\Lib\site-packages\fastapi\middleware\asyncexitstack.py", line 18, in __call__
    await self.app(scope, receive, send)
  File "D:\workspace\open-guji-cv\.venv\Lib\site-packages\starlette\routing.py", line 670, in __call__
    await self.middleware_stack(scope, receive, send)
  File "D:\workspace\open-guji-cv\.venv\Lib\site-packages\fastapi\routing.py", line 2734, in app
    await route.handle(scope, receive, send)
  File "D:\workspace\open-guji-cv\.venv\Lib\site-packages\fastapi\routing.py", line 1780, in handle
    await self.original_router.handle(scope, receive, send)
  File "D:\workspace\open-guji-cv\.venv\Lib\site-packages\fastapi\routing.py", line 2789, in handle
    await included_router._handle_selected(scope, receive, send)
  File "D:\workspace\open-guji-cv\.venv\Lib\site-packages\fastapi\routing.py", line 1800, in _handle_selected
    await original_route.handle(scope, receive, send)
  File "D:\workspace\open-guji-cv\.venv\Lib\site-packages\fastapi\routing.py", line 1279, in handle
    await app(scope, receive, send)
  File "D:\workspace\open-guji-cv\.venv\Lib\site-packages\fastapi\routing.py", line 158, in app
    await wrap_app_handling_exceptions(app, request)(scope, receive, send)
  File "D:\workspace\open-guji-cv\.venv\Lib\site-packages\starlette\_exception_handler.py", line 53, in wrapped_app
    raise exc
  File "D:\workspace\open-guji-cv\.venv\Lib\site-packages\starlette\_exception_handler.py", line 42, in wrapped_app
    await app(scope, receive, sender)
  File "D:\workspace\open-guji-cv\.venv\Lib\site-packages\fastapi\routing.py", line 144, in app
    response = await f(request)
               ^^^^^^^^^^^^^^^^
  File "D:\workspace\open-guji-cv\.venv\Lib\site-packages\fastapi\routing.py", line 706, in app
    raw_response = await run_endpoint_function(
                   ^^^^^^^^^^^^^^^^^^^^^^^^^^^^
  File "D:\workspace\open-guji-cv\.venv\Lib\site-packages\fastapi\routing.py", line 354, in run_endpoint_function
    return await run_in_threadpool(dependant.call, **values)
           ^^^^^^^^^^^^^^^^^^^^^^^^^^^^^^^^^^^^^^^^^^^^^^^^^
  File "D:\workspace\open-guji-cv\.venv\Lib\site-packages\starlette\concurrency.py", line 34, in run_in_threadpool
    return await anyio.to_thread.run_sync(func)
           ^^^^^^^^^^^^^^^^^^^^^^^^^^^^^^^^^^^^
  File "D:\workspace\open-guji-cv\.venv\Lib\site-packages\anyio\to_thread.py", line 65, in run_sync
    return await get_async_backend().run_sync_in_worker_thread(
           ^^^^^^^^^^^^^^^^^^^^^^^^^^^^^^^^^^^^^^^^^^^^^^^^^^^^
  File "D:\workspace\open-guji-cv\.venv\Lib\site-packages\anyio\_backends\_asyncio.py", line 2706, in run_sync_in_worker_thread
    return await future
           ^^^^^^^^^^^^
  File "D:\workspace\open-guji-cv\.venv\Lib\site-packages\anyio\_backends\_asyncio.py", line 1100, in run
    result = context.run(func, *args)
             ^^^^^^^^^^^^^^^^^^^^^^^^
  File "D:\workspace\open-guji-cv\open_guji_cv\console\routers\cutline.py", line 51, in api_cutline_cases
    bk = load_book(book)
         ^^^^^^^^^^^^^^^
  File "D:\workspace\open-guji-cv\open_guji_cv\core\book.py", line 270, in load_book
    raise FileNotFoundError(f"\u6ca1\u6709\u8fd9\u518c\u4e66\u7684\u5b9a\u4e49: {path}")
FileNotFoundError: \u6ca1\u6709\u8fd9\u518c\u4e66\u7684\u5b9a\u4e49: D:\workspace\open-guji-cv\open_guji_cv\books\bxrl.yaml
ERROR:    Exception in ASGI application
  + Exception Group Traceback (most recent call last):
  |   File "D:\workspace\open-guji-cv\.venv\Lib\site-packages\starlette\_utils.py", line 85, in create_collapsing_task_group
  |     async with anyio.create_task_group() as tg:
  |                ^^^^^^^^^^^^^^^^^^^^^^^^^
  |   File "D:\workspace\open-guji-cv\.venv\Lib\site-packages\anyio\_backends\_asyncio.py", line 847, in __aexit__
  |     raise BaseExceptionGroup(
  | ExceptionGroup: unhandled errors in a TaskGroup (1 sub-exception)
  +-+---------------- 1 ----------------
    | Traceback (most recent call last):
    |   File "D:\workspace\open-guji-cv\.venv\Lib\site-packages\uvicorn\protocols\http\h11_impl.py", line 416, in run_asgi
    |     result = await app(  # type: ignore[func-returns-value]
    |              ^^^^^^^^^^^^^^^^^^^^^^^^^^^^^^^^^^^^^^^^^^^^^^
    |   File "D:\workspace\open-guji-cv\.venv\Lib\site-packages\uvicorn\middleware\proxy_headers.py", line 63, in __call__
    |     return await self.app(scope, receive, send)
    |            ^^^^^^^^^^^^^^^^^^^^^^^^^^^^^^^^^^^^
    |   File "D:\workspace\open-guji-cv\.venv\Lib\site-packages\fastapi\applications.py", line 1163, in __call__
    |     await super().__call__(scope, receive, send)
    |   File "D:\workspace\open-guji-cv\.venv\Lib\site-packages\starlette\applications.py", line 96, in __call__
    |     await self.middleware_stack(scope, receive, send)
    |   File "D:\workspace\open-guji-cv\.venv\Lib\site-packages\starlette\middleware\errors.py", line 186, in __call__
    |     raise exc
    |   File "D:\workspace\open-guji-cv\.venv\Lib\site-packages\starlette\middleware\errors.py", line 164, in __call__
    |     await self.app(scope, receive, _send)
    |   File "D:\workspace\open-guji-cv\.venv\Lib\site-packages\starlette\middleware\base.py", line 193, in __call__
    |     response = await self.dispatch_func(request, call_next)
    |                ^^^^^^^^^^^^^^^^^^^^^^^^^^^^^^^^^^^^^^^^^^^^
    |   File "D:\workspace\open-guji-cv\open_guji_cv\console\app.py", line 61, in _no_cache_static
    |     resp = await call_next(request)
    |            ^^^^^^^^^^^^^^^^^^^^^^^^
    |   File "D:\workspace\open-guji-cv\.venv\Lib\site-packages\starlette\middleware\base.py", line 168, in call_next
    |     raise app_exc from app_exc.__cause__ or app_exc.__context__
    |   File "D:\workspace\open-guji-cv\.venv\Lib\site-packages\starlette\middleware\base.py", line 144, in coro
    |     await self.app(scope, receive_or_disconnect, send_no_error)
    |   File "D:\workspace\open-guji-cv\.venv\Lib\site-packages\starlette\middleware\base.py", line 193, in __call__
    |     response = await self.dispatch_func(request, call_next)
    |                ^^^^^^^^^^^^^^^^^^^^^^^^^^^^^^^^^^^^^^^^^^^^
    |   File "D:\workspace\open-guji-cv\open_guji_cv\console\middleware.py", line 55, in dispatch
    |     return await call_next(request)
    |            ^^^^^^^^^^^^^^^^^^^^^^^^
    |   File "D:\workspace\open-guji-cv\.venv\Lib\site-packages\starlette\middleware\base.py", line 168, in call_next
    |     raise app_exc from app_exc.__cause__ or app_exc.__context__
    |   File "D:\workspace\open-guji-cv\.venv\Lib\site-packages\starlette\middleware\base.py", line 144, in coro
    |     await self.app(scope, receive_or_disconnect, send_no_error)
    |   File "D:\workspace\open-guji-cv\.venv\Lib\site-packages\starlette\middleware\cors.py", line 88, in __call__
    |     await self.app(scope, receive, send)
    |   File "D:\workspace\open-guji-cv\.venv\Lib\site-packages\starlette\middleware\exceptions.py", line 63, in __call__
    |     await wrap_app_handling_exceptions(self.app, conn)(scope, receive, send)
    |   File "D:\workspace\open-guji-cv\.venv\Lib\site-packages\starlette\_exception_handler.py", line 53, in wrapped_app
    |     raise exc
    |   File "D:\workspace\open-guji-cv\.venv\Lib\site-packages\starlette\_exception_handler.py", line 42, in wrapped_app
    |     await app(scope, receive, sender)
    |   File "D:\workspace\open-guji-cv\.venv\Lib\site-packages\fastapi\middleware\asyncexitstack.py", line 18, in __call__
    |     await self.app(scope, receive, send)
    |   File "D:\workspace\open-guji-cv\.venv\Lib\site-packages\starlette\routing.py", line 670, in __call__
    |     await self.middleware_stack(scope, receive, send)
    |   File "D:\workspace\open-guji-cv\.venv\Lib\site-packages\fastapi\routing.py", line 2734, in app
    |     await route.handle(scope, receive, send)
    |   File "D:\workspace\open-guji-cv\.venv\Lib\site-packages\fastapi\routing.py", line 1780, in handle
    |     await self.original_router.handle(scope, receive, send)
    |   File "D:\workspace\open-guji-cv\.venv\Lib\site-packages\fastapi\routing.py", line 2789, in handle
    |     await included_router._handle_selected(scope, receive, send)
    |   File "D:\workspace\open-guji-cv\.venv\Lib\site-packages\fastapi\routing.py", line 1800, in _handle_selected
    |     await original_route.handle(scope, receive, send)
    |   File "D:\workspace\open-guji-cv\.venv\Lib\site-packages\fastapi\routing.py", line 1279, in handle
    |     await app(scope, receive, send)
    |   File "D:\workspace\open-guji-cv\.venv\Lib\site-packages\fastapi\routing.py", line 158, in app
    |     await wrap_app_handling_exceptions(app, request)(scope, receive, send)
    |   File "D:\workspace\open-guji-cv\.venv\Lib\site-packages\starlette\_exception_handler.py", line 53, in wrapped_app
    |     raise exc
    |   File "D:\workspace\open-guji-cv\.venv\Lib\site-packages\starlette\_exception_handler.py", line 42, in wrapped_app
    |     await app(scope, receive, sender)
    |   File "D:\workspace\open-guji-cv\.venv\Lib\site-packages\fastapi\routing.py", line 144, in app
    |     response = await f(request)
    |                ^^^^^^^^^^^^^^^^
    |   File "D:\workspace\open-guji-cv\.venv\Lib\site-packages\fastapi\routing.py", line 706, in app
    |     raw_response = await run_endpoint_function(
    |                    ^^^^^^^^^^^^^^^^^^^^^^^^^^^^
    |   File "D:\workspace\open-guji-cv\.venv\Lib\site-packages\fastapi\routing.py", line 354, in run_endpoint_function
    |     return await run_in_threadpool(dependant.call, **values)
    |            ^^^^^^^^^^^^^^^^^^^^^^^^^^^^^^^^^^^^^^^^^^^^^^^^^
    |   File "D:\workspace\open-guji-cv\.venv\Lib\site-packages\starlette\concurrency.py", line 34, in run_in_threadpool
    |     return await anyio.to_thread.run_sync(func)
    |            ^^^^^^^^^^^^^^^^^^^^^^^^^^^^^^^^^^^^
    |   File "D:\workspace\open-guji-cv\.venv\Lib\site-packages\anyio\to_thread.py", line 65, in run_sync
    |     return await get_async_backend().run_sync_in_worker_thread(
    |            ^^^^^^^^^^^^^^^^^^^^^^^^^^^^^^^^^^^^^^^^^^^^^^^^^^^^
    |   File "D:\workspace\open-guji-cv\.venv\Lib\site-packages\anyio\_backends\_asyncio.py", line 2706, in run_sync_in_worker_thread
    |     return await future
    |            ^^^^^^^^^^^^
    |   File "D:\workspace\open-guji-cv\.venv\Lib\site-packages\anyio\_backends\_asyncio.py", line 1100, in run
    |     result = context.run(func, *args)
    |              ^^^^^^^^^^^^^^^^^^^^^^^^
    |   File "D:\workspace\open-guji-cv\open_guji_cv\console\routers\review.py", line 52, in api_review_cards
    |     return cards(book, pages, limit, only, deps.product_store(), gate_cut=gate_cut)
    |            ^^^^^^^^^^^^^^^^^^^^^^^^^^^^^^^^^^^^^^^^^^^^^^^^^^^^^^^^^^^^^^^^^^^^^^^^
    |   File "D:\workspace\open-guji-cv\open_guji_cv\review\cards.py", line 38, in cards
    |     bk = load_book(book)
    |          ^^^^^^^^^^^^^^^
    |   File "D:\workspace\open-guji-cv\open_guji_cv\core\book.py", line 270, in load_book
    |     raise FileNotFoundError(f"\u6ca1\u6709\u8fd9\u518c\u4e66\u7684\u5b9a\u4e49: {path}")
    | FileNotFoundError: \u6ca1\u6709\u8fd9\u518c\u4e66\u7684\u5b9a\u4e49: D:\workspace\open-guji-cv\open_guji_cv\books\bxrl.yaml
    +------------------------------------

The above exception was the direct cause of the following exception:

Traceback (most recent call last):
  File "D:\workspace\open-guji-cv\.venv\Lib\site-packages\uvicorn\protocols\http\h11_impl.py", line 416, in run_asgi
    result = await app(  # type: ignore[func-returns-value]
             ^^^^^^^^^^^^^^^^^^^^^^^^^^^^^^^^^^^^^^^^^^^^^^
  File "D:\workspace\open-guji-cv\.venv\Lib\site-packages\uvicorn\middleware\proxy_headers.py", line 63, in __call__
    return await self.app(scope, receive, send)
           ^^^^^^^^^^^^^^^^^^^^^^^^^^^^^^^^^^^^
  File "D:\workspace\open-guji-cv\.venv\Lib\site-packages\fastapi\applications.py", line 1163, in __call__
    await super().__call__(scope, receive, send)
  File "D:\workspace\open-guji-cv\.venv\Lib\site-packages\starlette\applications.py", line 96, in __call__
    await self.middleware_stack(scope, receive, send)
  File "D:\workspace\open-guji-cv\.venv\Lib\site-packages\starlette\middleware\errors.py", line 186, in __call__
    raise exc
  File "D:\workspace\open-guji-cv\.venv\Lib\site-packages\starlette\middleware\errors.py", line 164, in __call__
    await self.app(scope, receive, _send)
  File "D:\workspace\open-guji-cv\.venv\Lib\site-packages\starlette\middleware\base.py", line 193, in __call__
    response = await self.dispatch_func(request, call_next)
               ^^^^^^^^^^^^^^^^^^^^^^^^^^^^^^^^^^^^^^^^^^^^
  File "D:\workspace\open-guji-cv\open_guji_cv\console\app.py", line 61, in _no_cache_static
    resp = await call_next(request)
           ^^^^^^^^^^^^^^^^^^^^^^^^
  File "D:\workspace\open-guji-cv\.venv\Lib\site-packages\starlette\middleware\base.py", line 168, in call_next
    raise app_exc from app_exc.__cause__ or app_exc.__context__
  File "D:\workspace\open-guji-cv\.venv\Lib\site-packages\starlette\middleware\base.py", line 144, in coro
    await self.app(scope, receive_or_disconnect, send_no_error)
  File "D:\workspace\open-guji-cv\.venv\Lib\site-packages\starlette\middleware\base.py", line 193, in __call__
    response = await self.dispatch_func(request, call_next)
               ^^^^^^^^^^^^^^^^^^^^^^^^^^^^^^^^^^^^^^^^^^^^
  File "D:\workspace\open-guji-cv\open_guji_cv\console\middleware.py", line 55, in dispatch
    return await call_next(request)
           ^^^^^^^^^^^^^^^^^^^^^^^^
  File "D:\workspace\open-guji-cv\.venv\Lib\site-packages\starlette\middleware\base.py", line 168, in call_next
    raise app_exc from app_exc.__cause__ or app_exc.__context__
  File "D:\workspace\open-guji-cv\.venv\Lib\site-packages\starlette\middleware\base.py", line 144, in coro
    await self.app(scope, receive_or_disconnect, send_no_error)
  File "D:\workspace\open-guji-cv\.venv\Lib\site-packages\starlette\middleware\cors.py", line 88, in __call__
    await self.app(scope, receive, send)
  File "D:\workspace\open-guji-cv\.venv\Lib\site-packages\starlette\middleware\exceptions.py", line 63, in __call__
    await wrap_app_handling_exceptions(self.app, conn)(scope, receive, send)
  File "D:\workspace\open-guji-cv\.venv\Lib\site-packages\starlette\_exception_handler.py", line 53, in wrapped_app
    raise exc
  File "D:\workspace\open-guji-cv\.venv\Lib\site-packages\starlette\_exception_handler.py", line 42, in wrapped_app
    await app(scope, receive, sender)
  File "D:\workspace\open-guji-cv\.venv\Lib\site-packages\fastapi\middleware\asyncexitstack.py", line 18, in __call__
    await self.app(scope, receive, send)
  File "D:\workspace\open-guji-cv\.venv\Lib\site-packages\starlette\routing.py", line 670, in __call__
    await self.middleware_stack(scope, receive, send)
  File "D:\workspace\open-guji-cv\.venv\Lib\site-packages\fastapi\routing.py", line 2734, in app
    await route.handle(scope, receive, send)
  File "D:\workspace\open-guji-cv\.venv\Lib\site-packages\fastapi\routing.py", line 1780, in handle
    await self.original_router.handle(scope, receive, send)
  File "D:\workspace\open-guji-cv\.venv\Lib\site-packages\fastapi\routing.py", line 2789, in handle
    await included_router._handle_selected(scope, receive, send)
  File "D:\workspace\open-guji-cv\.venv\Lib\site-packages\fastapi\routing.py", line 1800, in _handle_selected
    await original_route.handle(scope, receive, send)
  File "D:\workspace\open-guji-cv\.venv\Lib\site-packages\fastapi\routing.py", line 1279, in handle
    await app(scope, receive, send)
  File "D:\workspace\open-guji-cv\.venv\Lib\site-packages\fastapi\routing.py", line 158, in app
    await wrap_app_handling_exceptions(app, request)(scope, receive, send)
  File "D:\workspace\open-guji-cv\.venv\Lib\site-packages\starlette\_exception_handler.py", line 53, in wrapped_app
    raise exc
  File "D:\workspace\open-guji-cv\.venv\Lib\site-packages\starlette\_exception_handler.py", line 42, in wrapped_app
    await app(scope, receive, sender)
  File "D:\workspace\open-guji-cv\.venv\Lib\site-packages\fastapi\routing.py", line 144, in app
    response = await f(request)
               ^^^^^^^^^^^^^^^^
  File "D:\workspace\open-guji-cv\.venv\Lib\site-packages\fastapi\routing.py", line 706, in app
    raw_response = await run_endpoint_function(
                   ^^^^^^^^^^^^^^^^^^^^^^^^^^^^
  File "D:\workspace\open-guji-cv\.venv\Lib\site-packages\fastapi\routing.py", line 354, in run_endpoint_function
    return await run_in_threadpool(dependant.call, **values)
           ^^^^^^^^^^^^^^^^^^^^^^^^^^^^^^^^^^^^^^^^^^^^^^^^^
  File "D:\workspace\open-guji-cv\.venv\Lib\site-packages\starlette\concurrency.py", line 34, in run_in_threadpool
    return await anyio.to_thread.run_sync(func)
           ^^^^^^^^^^^^^^^^^^^^^^^^^^^^^^^^^^^^
  File "D:\workspace\open-guji-cv\.venv\Lib\site-packages\anyio\to_thread.py", line 65, in run_sync
    return await get_async_backend().run_sync_in_worker_thread(
           ^^^^^^^^^^^^^^^^^^^^^^^^^^^^^^^^^^^^^^^^^^^^^^^^^^^^
  File "D:\workspace\open-guji-cv\.venv\Lib\site-packages\anyio\_backends\_asyncio.py", line 2706, in run_sync_in_worker_thread
    return await future
           ^^^^^^^^^^^^
  File "D:\workspace\open-guji-cv\.venv\Lib\site-packages\anyio\_backends\_asyncio.py", line 1100, in run
    result = context.run(func, *args)
             ^^^^^^^^^^^^^^^^^^^^^^^^
  File "D:\workspace\open-guji-cv\open_guji_cv\console\routers\review.py", line 52, in api_review_cards
    return cards(book, pages, limit, only, deps.product_store(), gate_cut=gate_cut)
           ^^^^^^^^^^^^^^^^^^^^^^^^^^^^^^^^^^^^^^^^^^^^^^^^^^^^^^^^^^^^^^^^^^^^^^^^
  File "D:\workspace\open-guji-cv\open_guji_cv\review\cards.py", line 38, in cards
    bk = load_book(book)
         ^^^^^^^^^^^^^^^
  File "D:\workspace\open-guji-cv\open_guji_cv\core\book.py", line 270, in load_book
    raise FileNotFoundError(f"\u6ca1\u6709\u8fd9\u518c\u4e66\u7684\u5b9a\u4e49: {path}")
FileNotFoundError: \u6ca1\u6709\u8fd9\u518c\u4e66\u7684\u5b9a\u4e49: D:\workspace\open-guji-cv\open_guji_cv\books\bxrl.yaml
ERROR:    Exception in ASGI application
  + Exception Group Traceback (most recent call last):
  |   File "D:\workspace\open-guji-cv\.venv\Lib\site-packages\starlette\_utils.py", line 85, in create_collapsing_task_group
  |     async with anyio.create_task_group() as tg:
  |                ^^^^^^^^^^^^^^^^^^^^^^^^^
  |   File "D:\workspace\open-guji-cv\.venv\Lib\site-packages\anyio\_backends\_asyncio.py", line 847, in __aexit__
  |     raise BaseExceptionGroup(
  | ExceptionGroup: unhandled errors in a TaskGroup (1 sub-exception)
  +-+---------------- 1 ----------------
    | Traceback (most recent call last):
    |   File "D:\workspace\open-guji-cv\.venv\Lib\site-packages\uvicorn\protocols\http\h11_impl.py", line 416, in run_asgi
    |     result = await app(  # type: ignore[func-returns-value]
    |              ^^^^^^^^^^^^^^^^^^^^^^^^^^^^^^^^^^^^^^^^^^^^^^
    |   File "D:\workspace\open-guji-cv\.venv\Lib\site-packages\uvicorn\middleware\proxy_headers.py", line 63, in __call__
    |     return await self.app(scope, receive, send)
    |            ^^^^^^^^^^^^^^^^^^^^^^^^^^^^^^^^^^^^
    |   File "D:\workspace\open-guji-cv\.venv\Lib\site-packages\fastapi\applications.py", line 1163, in __call__
    |     await super().__call__(scope, receive, send)
    |   File "D:\workspace\open-guji-cv\.venv\Lib\site-packages\starlette\applications.py", line 96, in __call__
    |     await self.middleware_stack(scope, receive, send)
    |   File "D:\workspace\open-guji-cv\.venv\Lib\site-packages\starlette\middleware\errors.py", line 186, in __call__
    |     raise exc
    |   File "D:\workspace\open-guji-cv\.venv\Lib\site-packages\starlette\middleware\errors.py", line 164, in __call__
    |     await self.app(scope, receive, _send)
    |   File "D:\workspace\open-guji-cv\.venv\Lib\site-packages\starlette\middleware\base.py", line 193, in __call__
    |     response = await self.dispatch_func(request, call_next)
    |                ^^^^^^^^^^^^^^^^^^^^^^^^^^^^^^^^^^^^^^^^^^^^
    |   File "D:\workspace\open-guji-cv\open_guji_cv\console\app.py", line 61, in _no_cache_static
    |     resp = await call_next(request)
    |            ^^^^^^^^^^^^^^^^^^^^^^^^
    |   File "D:\workspace\open-guji-cv\.venv\Lib\site-packages\starlette\middleware\base.py", line 168, in call_next
    |     raise app_exc from app_exc.__cause__ or app_exc.__context__
    |   File "D:\workspace\open-guji-cv\.venv\Lib\site-packages\starlette\middleware\base.py", line 144, in coro
    |     await self.app(scope, receive_or_disconnect, send_no_error)
    |   File "D:\workspace\open-guji-cv\.venv\Lib\site-packages\starlette\middleware\base.py", line 193, in __call__
    |     response = await self.dispatch_func(request, call_next)
    |                ^^^^^^^^^^^^^^^^^^^^^^^^^^^^^^^^^^^^^^^^^^^^
    |   File "D:\workspace\open-guji-cv\open_guji_cv\console\middleware.py", line 55, in dispatch
    |     return await call_next(request)
    |            ^^^^^^^^^^^^^^^^^^^^^^^^
    |   File "D:\workspace\open-guji-cv\.venv\Lib\site-packages\starlette\middleware\base.py", line 168, in call_next
    |     raise app_exc from app_exc.__cause__ or app_exc.__context__
    |   File "D:\workspace\open-guji-cv\.venv\Lib\site-packages\starlette\middleware\base.py", line 144, in coro
    |     await self.app(scope, receive_or_disconnect, send_no_error)
    |   File "D:\workspace\open-guji-cv\.venv\Lib\site-packages\starlette\middleware\cors.py", line 88, in __call__
    |     await self.app(scope, receive, send)
    |   File "D:\workspace\open-guji-cv\.venv\Lib\site-packages\starlette\middleware\exceptions.py", line 63, in __call__
    |     await wrap_app_handling_exceptions(self.app, conn)(scope, receive, send)
    |   File "D:\workspace\open-guji-cv\.venv\Lib\site-packages\starlette\_exception_handler.py", line 53, in wrapped_app
    |     raise exc
    |   File "D:\workspace\open-guji-cv\.venv\Lib\site-packages\starlette\_exception_handler.py", line 42, in wrapped_app
    |     await app(scope, receive, sender)
    |   File "D:\workspace\open-guji-cv\.venv\Lib\site-packages\fastapi\middleware\asyncexitstack.py", line 18, in __call__
    |     await self.app(scope, receive, send)
    |   File "D:\workspace\open-guji-cv\.venv\Lib\site-packages\starlette\routing.py", line 670, in __call__
    |     await self.middleware_stack(scope, receive, send)
    |   File "D:\workspace\open-guji-cv\.venv\Lib\site-packages\fastapi\routing.py", line 2734, in app
    |     await route.handle(scope, receive, send)
    |   File "D:\workspace\open-guji-cv\.venv\Lib\site-packages\fastapi\routing.py", line 1780, in handle
    |     await self.original_router.handle(scope, receive, send)
    |   File "D:\workspace\open-guji-cv\.venv\Lib\site-packages\fastapi\routing.py", line 2789, in handle
    |     await included_router._handle_selected(scope, receive, send)
    |   File "D:\workspace\open-guji-cv\.venv\Lib\site-packages\fastapi\routing.py", line 1800, in _handle_selected
    |     await original_route.handle(scope, receive, send)
    |   File "D:\workspace\open-guji-cv\.venv\Lib\site-packages\fastapi\routing.py", line 1279, in handle
    |     await app(scope, receive, send)
    |   File "D:\workspace\open-guji-cv\.venv\Lib\site-packages\fastapi\routing.py", line 158, in app
    |     await wrap_app_handling_exceptions(app, request)(scope, receive, send)
    |   File "D:\workspace\open-guji-cv\.venv\Lib\site-packages\starlette\_exception_handler.py", line 53, in wrapped_app
    |     raise exc
    |   File "D:\workspace\open-guji-cv\.venv\Lib\site-packages\starlette\_exception_handler.py", line 42, in wrapped_app
    |     await app(scope, receive, sender)
    |   File "D:\workspace\open-guji-cv\.venv\Lib\site-packages\fastapi\routing.py", line 144, in app
    |     response = await f(request)
    |                ^^^^^^^^^^^^^^^^
    |   File "D:\workspace\open-guji-cv\.venv\Lib\site-packages\fastapi\routing.py", line 706, in app
    |     raw_response = await run_endpoint_function(
    |                    ^^^^^^^^^^^^^^^^^^^^^^^^^^^^
    |   File "D:\workspace\open-guji-cv\.venv\Lib\site-packages\fastapi\routing.py", line 354, in run_endpoint_function
    |     return await run_in_threadpool(dependant.call, **values)
    |            ^^^^^^^^^^^^^^^^^^^^^^^^^^^^^^^^^^^^^^^^^^^^^^^^^
    |   File "D:\workspace\open-guji-cv\.venv\Lib\site-packages\starlette\concurrency.py", line 34, in run_in_threadpool
    |     return await anyio.to_thread.run_sync(func)
    |            ^^^^^^^^^^^^^^^^^^^^^^^^^^^^^^^^^^^^
    |   File "D:\workspace\open-guji-cv\.venv\Lib\site-packages\anyio\to_thread.py", line 65, in run_sync
    |     return await get_async_backend().run_sync_in_worker_thread(
    |            ^^^^^^^^^^^^^^^^^^^^^^^^^^^^^^^^^^^^^^^^^^^^^^^^^^^^
    |   File "D:\workspace\open-guji-cv\.venv\Lib\site-packages\anyio\_backends\_asyncio.py", line 2706, in run_sync_in_worker_thread
    |     return await future
    |            ^^^^^^^^^^^^
    |   File "D:\workspace\open-guji-cv\.venv\Lib\site-packages\anyio\_backends\_asyncio.py", line 1100, in run
    |     result = context.run(func, *args)
    |              ^^^^^^^^^^^^^^^^^^^^^^^^
    |   File "D:\workspace\open-guji-cv\open_guji_cv\console\routers\review.py", line 52, in api_review_cards
    |     return cards(book, pages, limit, only, deps.product_store(), gate_cut=gate_cut)
    |            ^^^^^^^^^^^^^^^^^^^^^^^^^^^^^^^^^^^^^^^^^^^^^^^^^^^^^^^^^^^^^^^^^^^^^^^^
    |   File "D:\workspace\open-guji-cv\open_guji_cv\review\cards.py", line 38, in cards
    |     bk = load_book(book)
    |          ^^^^^^^^^^^^^^^
    |   File "D:\workspace\open-guji-cv\open_guji_cv\core\book.py", line 270, in load_book
    |     raise FileNotFoundError(f"\u6ca1\u6709\u8fd9\u518c\u4e66\u7684\u5b9a\u4e49: {path}")
    | FileNotFoundError: \u6ca1\u6709\u8fd9\u518c\u4e66\u7684\u5b9a\u4e49: D:\workspace\open-guji-cv\open_guji_cv\books\bxrl.yaml
    +------------------------------------

The above exception was the direct cause of the following exception:

Traceback (most recent call last):
  File "D:\workspace\open-guji-cv\.venv\Lib\site-packages\uvicorn\protocols\http\h11_impl.py", line 416, in run_asgi
    result = await app(  # type: ignore[func-returns-value]
             ^^^^^^^^^^^^^^^^^^^^^^^^^^^^^^^^^^^^^^^^^^^^^^
  File "D:\workspace\open-guji-cv\.venv\Lib\site-packages\uvicorn\middleware\proxy_headers.py", line 63, in __call__
    return await self.app(scope, receive, send)
           ^^^^^^^^^^^^^^^^^^^^^^^^^^^^^^^^^^^^
  File "D:\workspace\open-guji-cv\.venv\Lib\site-packages\fastapi\applications.py", line 1163, in __call__
    await super().__call__(scope, receive, send)
  File "D:\workspace\open-guji-cv\.venv\Lib\site-packages\starlette\applications.py", line 96, in __call__
    await self.middleware_stack(scope, receive, send)
  File "D:\workspace\open-guji-cv\.venv\Lib\site-packages\starlette\middleware\errors.py", line 186, in __call__
    raise exc
  File "D:\workspace\open-guji-cv\.venv\Lib\site-packages\starlette\middleware\errors.py", line 164, in __call__
    await self.app(scope, receive, _send)
  File "D:\workspace\open-guji-cv\.venv\Lib\site-packages\starlette\middleware\base.py", line 193, in __call__
    response = await self.dispatch_func(request, call_next)
               ^^^^^^^^^^^^^^^^^^^^^^^^^^^^^^^^^^^^^^^^^^^^
  File "D:\workspace\open-guji-cv\open_guji_cv\console\app.py", line 61, in _no_cache_static
    resp = await call_next(request)
           ^^^^^^^^^^^^^^^^^^^^^^^^
  File "D:\workspace\open-guji-cv\.venv\Lib\site-packages\starlette\middleware\base.py", line 168, in call_next
    raise app_exc from app_exc.__cause__ or app_exc.__context__
  File "D:\workspace\open-guji-cv\.venv\Lib\site-packages\starlette\middleware\base.py", line 144, in coro
    await self.app(scope, receive_or_disconnect, send_no_error)
  File "D:\workspace\open-guji-cv\.venv\Lib\site-packages\starlette\middleware\base.py", line 193, in __call__
    response = await self.dispatch_func(request, call_next)
               ^^^^^^^^^^^^^^^^^^^^^^^^^^^^^^^^^^^^^^^^^^^^
  File "D:\workspace\open-guji-cv\open_guji_cv\console\middleware.py", line 55, in dispatch
    return await call_next(request)
           ^^^^^^^^^^^^^^^^^^^^^^^^
  File "D:\workspace\open-guji-cv\.venv\Lib\site-packages\starlette\middleware\base.py", line 168, in call_next
    raise app_exc from app_exc.__cause__ or app_exc.__context__
  File "D:\workspace\open-guji-cv\.venv\Lib\site-packages\starlette\middleware\base.py", line 144, in coro
    await self.app(scope, receive_or_disconnect, send_no_error)
  File "D:\workspace\open-guji-cv\.venv\Lib\site-packages\starlette\middleware\cors.py", line 88, in __call__
    await self.app(scope, receive, send)
  File "D:\workspace\open-guji-cv\.venv\Lib\site-packages\starlette\middleware\exceptions.py", line 63, in __call__
    await wrap_app_handling_exceptions(self.app, conn)(scope, receive, send)
  File "D:\workspace\open-guji-cv\.venv\Lib\site-packages\starlette\_exception_handler.py", line 53, in wrapped_app
    raise exc
  File "D:\workspace\open-guji-cv\.venv\Lib\site-packages\starlette\_exception_handler.py", line 42, in wrapped_app
    await app(scope, receive, sender)
  File "D:\workspace\open-guji-cv\.venv\Lib\site-packages\fastapi\middleware\asyncexitstack.py", line 18, in __call__
    await self.app(scope, receive, send)
  File "D:\workspace\open-guji-cv\.venv\Lib\site-packages\starlette\routing.py", line 670, in __call__
    await self.middleware_stack(scope, receive, send)
  File "D:\workspace\open-guji-cv\.venv\Lib\site-packages\fastapi\routing.py", line 2734, in app
    await route.handle(scope, receive, send)
  File "D:\workspace\open-guji-cv\.venv\Lib\site-packages\fastapi\routing.py", line 1780, in handle
    await self.original_router.handle(scope, receive, send)
  File "D:\workspace\open-guji-cv\.venv\Lib\site-packages\fastapi\routing.py", line 2789, in handle
    await included_router._handle_selected(scope, receive, send)
  File "D:\workspace\open-guji-cv\.venv\Lib\site-packages\fastapi\routing.py", line 1800, in _handle_selected
    await original_route.handle(scope, receive, send)
  File "D:\workspace\open-guji-cv\.venv\Lib\site-packages\fastapi\routing.py", line 1279, in handle
    await app(scope, receive, send)
  File "D:\workspace\open-guji-cv\.venv\Lib\site-packages\fastapi\routing.py", line 158, in app
    await wrap_app_handling_exceptions(app, request)(scope, receive, send)
  File "D:\workspace\open-guji-cv\.venv\Lib\site-packages\starlette\_exception_handler.py", line 53, in wrapped_app
    raise exc
  File "D:\workspace\open-guji-cv\.venv\Lib\site-packages\starlette\_exception_handler.py", line 42, in wrapped_app
    await app(scope, receive, sender)
  File "D:\workspace\open-guji-cv\.venv\Lib\site-packages\fastapi\routing.py", line 144, in app
    response = await f(request)
               ^^^^^^^^^^^^^^^^
  File "D:\workspace\open-guji-cv\.venv\Lib\site-packages\fastapi\routing.py", line 706, in app
    raw_response = await run_endpoint_function(
                   ^^^^^^^^^^^^^^^^^^^^^^^^^^^^
  File "D:\workspace\open-guji-cv\.venv\Lib\site-packages\fastapi\routing.py", line 354, in run_endpoint_function
    return await run_in_threadpool(dependant.call, **values)
           ^^^^^^^^^^^^^^^^^^^^^^^^^^^^^^^^^^^^^^^^^^^^^^^^^
  File "D:\workspace\open-guji-cv\.venv\Lib\site-packages\starlette\concurrency.py", line 34, in run_in_threadpool
    return await anyio.to_thread.run_sync(func)
           ^^^^^^^^^^^^^^^^^^^^^^^^^^^^^^^^^^^^
  File "D:\workspace\open-guji-cv\.venv\Lib\site-packages\anyio\to_thread.py", line 65, in run_sync
    return await get_async_backend().run_sync_in_worker_thread(
           ^^^^^^^^^^^^^^^^^^^^^^^^^^^^^^^^^^^^^^^^^^^^^^^^^^^^
  File "D:\workspace\open-guji-cv\.venv\Lib\site-packages\anyio\_backends\_asyncio.py", line 2706, in run_sync_in_worker_thread
    return await future
           ^^^^^^^^^^^^
  File "D:\workspace\open-guji-cv\.venv\Lib\site-packages\anyio\_backends\_asyncio.py", line 1100, in run
    result = context.run(func, *args)
             ^^^^^^^^^^^^^^^^^^^^^^^^
  File "D:\workspace\open-guji-cv\open_guji_cv\console\routers\review.py", line 52, in api_review_cards
    return cards(book, pages, limit, only, deps.product_store(), gate_cut=gate_cut)
           ^^^^^^^^^^^^^^^^^^^^^^^^^^^^^^^^^^^^^^^^^^^^^^^^^^^^^^^^^^^^^^^^^^^^^^^^
  File "D:\workspace\open-guji-cv\open_guji_cv\review\cards.py", line 38, in cards
    bk = load_book(book)
         ^^^^^^^^^^^^^^^
  File "D:\workspace\open-guji-cv\open_guji_cv\core\book.py", line 270, in load_book
    raise FileNotFoundError(f"\u6ca1\u6709\u8fd9\u518c\u4e66\u7684\u5b9a\u4e49: {path}")
FileNotFoundError: \u6ca1\u6709\u8fd9\u518c\u4e66\u7684\u5b9a\u4e49: D:\workspace\open-guji-cv\open_guji_cv\books\bxrl.yaml
ERROR:    Exception in ASGI application
  + Exception Group Traceback (most recent call last):
  |   File "D:\workspace\open-guji-cv\.venv\Lib\site-packages\starlette\_utils.py", line 85, in create_collapsing_task_group
  |     async with anyio.create_task_group() as tg:
  |                ^^^^^^^^^^^^^^^^^^^^^^^^^
  |   File "D:\workspace\open-guji-cv\.venv\Lib\site-packages\anyio\_backends\_asyncio.py", line 847, in __aexit__
  |     raise BaseExceptionGroup(
  | ExceptionGroup: unhandled errors in a TaskGroup (1 sub-exception)
  +-+---------------- 1 ----------------
    | Traceback (most recent call last):
    |   File "D:\workspace\open-guji-cv\.venv\Lib\site-packages\uvicorn\protocols\http\h11_impl.py", line 416, in run_asgi
    |     result = await app(  # type: ignore[func-returns-value]
    |              ^^^^^^^^^^^^^^^^^^^^^^^^^^^^^^^^^^^^^^^^^^^^^^
    |   File "D:\workspace\open-guji-cv\.venv\Lib\site-packages\uvicorn\middleware\proxy_headers.py", line 63, in __call__
    |     return await self.app(scope, receive, send)
    |            ^^^^^^^^^^^^^^^^^^^^^^^^^^^^^^^^^^^^
    |   File "D:\workspace\open-guji-cv\.venv\Lib\site-packages\fastapi\applications.py", line 1163, in __call__
    |     await super().__call__(scope, receive, send)
    |   File "D:\workspace\open-guji-cv\.venv\Lib\site-packages\starlette\applications.py", line 96, in __call__
    |     await self.middleware_stack(scope, receive, send)
    |   File "D:\workspace\open-guji-cv\.venv\Lib\site-packages\starlette\middleware\errors.py", line 186, in __call__
    |     raise exc
    |   File "D:\workspace\open-guji-cv\.venv\Lib\site-packages\starlette\middleware\errors.py", line 164, in __call__
    |     await self.app(scope, receive, _send)
    |   File "D:\workspace\open-guji-cv\.venv\Lib\site-packages\starlette\middleware\base.py", line 193, in __call__
    |     response = await self.dispatch_func(request, call_next)
    |                ^^^^^^^^^^^^^^^^^^^^^^^^^^^^^^^^^^^^^^^^^^^^
    |   File "D:\workspace\open-guji-cv\open_guji_cv\console\app.py", line 61, in _no_cache_static
    |     resp = await call_next(request)
    |            ^^^^^^^^^^^^^^^^^^^^^^^^
    |   File "D:\workspace\open-guji-cv\.venv\Lib\site-packages\starlette\middleware\base.py", line 168, in call_next
    |     raise app_exc from app_exc.__cause__ or app_exc.__context__
    |   File "D:\workspace\open-guji-cv\.venv\Lib\site-packages\starlette\middleware\base.py", line 144, in coro
    |     await self.app(scope, receive_or_disconnect, send_no_error)
    |   File "D:\workspace\open-guji-cv\.venv\Lib\site-packages\starlette\middleware\base.py", line 193, in __call__
    |     response = await self.dispatch_func(request, call_next)
    |                ^^^^^^^^^^^^^^^^^^^^^^^^^^^^^^^^^^^^^^^^^^^^
    |   File "D:\workspace\open-guji-cv\open_guji_cv\console\middleware.py", line 55, in dispatch
    |     return await call_next(request)
    |            ^^^^^^^^^^^^^^^^^^^^^^^^
    |   File "D:\workspace\open-guji-cv\.venv\Lib\site-packages\starlette\middleware\base.py", line 168, in call_next
    |     raise app_exc from app_exc.__cause__ or app_exc.__context__
    |   File "D:\workspace\open-guji-cv\.venv\Lib\site-packages\starlette\middleware\base.py", line 144, in coro
    |     await self.app(scope, receive_or_disconnect, send_no_error)
    |   File "D:\workspace\open-guji-cv\.venv\Lib\site-packages\starlette\middleware\cors.py", line 88, in __call__
    |     await self.app(scope, receive, send)
    |   File "D:\workspace\open-guji-cv\.venv\Lib\site-packages\starlette\middleware\exceptions.py", line 63, in __call__
    |     await wrap_app_handling_exceptions(self.app, conn)(scope, receive, send)
    |   File "D:\workspace\open-guji-cv\.venv\Lib\site-packages\starlette\_exception_handler.py", line 53, in wrapped_app
    |     raise exc
    |   File "D:\workspace\open-guji-cv\.venv\Lib\site-packages\starlette\_exception_handler.py", line 42, in wrapped_app
    |     await app(scope, receive, sender)
    |   File "D:\workspace\open-guji-cv\.venv\Lib\site-packages\fastapi\middleware\asyncexitstack.py", line 18, in __call__
    |     await self.app(scope, receive, send)
    |   File "D:\workspace\open-guji-cv\.venv\Lib\site-packages\starlette\routing.py", line 670, in __call__
    |     await self.middleware_stack(scope, receive, send)
    |   File "D:\workspace\open-guji-cv\.venv\Lib\site-packages\fastapi\routing.py", line 2734, in app
    |     await route.handle(scope, receive, send)
    |   File "D:\workspace\open-guji-cv\.venv\Lib\site-packages\fastapi\routing.py", line 1780, in handle
    |     await self.original_router.handle(scope, receive, send)
    |   File "D:\workspace\open-guji-cv\.venv\Lib\site-packages\fastapi\routing.py", line 2789, in handle
    |     await included_router._handle_selected(scope, receive, send)
    |   File "D:\workspace\open-guji-cv\.venv\Lib\site-packages\fastapi\routing.py", line 1800, in _handle_selected
    |     await original_route.handle(scope, receive, send)
    |   File "D:\workspace\open-guji-cv\.venv\Lib\site-packages\fastapi\routing.py", line 1279, in handle
    |     await app(scope, receive, send)
    |   File "D:\workspace\open-guji-cv\.venv\Lib\site-packages\fastapi\routing.py", line 158, in app
    |     await wrap_app_handling_exceptions(app, request)(scope, receive, send)
    |   File "D:\workspace\open-guji-cv\.venv\Lib\site-packages\starlette\_exception_handler.py", line 53, in wrapped_app
    |     raise exc
    |   File "D:\workspace\open-guji-cv\.venv\Lib\site-packages\starlette\_exception_handler.py", line 42, in wrapped_app
    |     await app(scope, receive, sender)
    |   File "D:\workspace\open-guji-cv\.venv\Lib\site-packages\fastapi\routing.py", line 144, in app
    |     response = await f(request)
    |                ^^^^^^^^^^^^^^^^
    |   File "D:\workspace\open-guji-cv\.venv\Lib\site-packages\fastapi\routing.py", line 706, in app
    |     raw_response = await run_endpoint_function(
    |                    ^^^^^^^^^^^^^^^^^^^^^^^^^^^^
    |   File "D:\workspace\open-guji-cv\.venv\Lib\site-packages\fastapi\routing.py", line 354, in run_endpoint_function
    |     return await run_in_threadpool(dependant.call, **values)
    |            ^^^^^^^^^^^^^^^^^^^^^^^^^^^^^^^^^^^^^^^^^^^^^^^^^
    |   File "D:\workspace\open-guji-cv\.venv\Lib\site-packages\starlette\concurrency.py", line 34, in run_in_threadpool
    |     return await anyio.to_thread.run_sync(func)
    |            ^^^^^^^^^^^^^^^^^^^^^^^^^^^^^^^^^^^^
    |   File "D:\workspace\open-guji-cv\.venv\Lib\site-packages\anyio\to_thread.py", line 65, in run_sync
    |     return await get_async_backend().run_sync_in_worker_thread(
    |            ^^^^^^^^^^^^^^^^^^^^^^^^^^^^^^^^^^^^^^^^^^^^^^^^^^^^
    |   File "D:\workspace\open-guji-cv\.venv\Lib\site-packages\anyio\_backends\_asyncio.py", line 2706, in run_sync_in_worker_thread
    |     return await future
    |            ^^^^^^^^^^^^
    |   File "D:\workspace\open-guji-cv\.venv\Lib\site-packages\anyio\_backends\_asyncio.py", line 1100, in run
    |     result = context.run(func, *args)
    |              ^^^^^^^^^^^^^^^^^^^^^^^^
    |   File "D:\workspace\open-guji-cv\open_guji_cv\console\routers\cutline.py", line 51, in api_cutline_cases
    |     bk = load_book(book)
    |          ^^^^^^^^^^^^^^^
    |   File "D:\workspace\open-guji-cv\open_guji_cv\core\book.py", line 270, in load_book
    |     raise FileNotFoundError(f"\u6ca1\u6709\u8fd9\u518c\u4e66\u7684\u5b9a\u4e49: {path}")
    | FileNotFoundError: \u6ca1\u6709\u8fd9\u518c\u4e66\u7684\u5b9a\u4e49: D:\workspace\open-guji-cv\open_guji_cv\books\bxrl.yaml
    +------------------------------------

The above exception was the direct cause of the following exception:

Traceback (most recent call last):
  File "D:\workspace\open-guji-cv\.venv\Lib\site-packages\uvicorn\protocols\http\h11_impl.py", line 416, in run_asgi
    result = await app(  # type: ignore[func-returns-value]
             ^^^^^^^^^^^^^^^^^^^^^^^^^^^^^^^^^^^^^^^^^^^^^^
  File "D:\workspace\open-guji-cv\.venv\Lib\site-packages\uvicorn\middleware\proxy_headers.py", line 63, in __call__
    return await self.app(scope, receive, send)
           ^^^^^^^^^^^^^^^^^^^^^^^^^^^^^^^^^^^^
  File "D:\workspace\open-guji-cv\.venv\Lib\site-packages\fastapi\applications.py", line 1163, in __call__
    await super().__call__(scope, receive, send)
  File "D:\workspace\open-guji-cv\.venv\Lib\site-packages\starlette\applications.py", line 96, in __call__
    await self.middleware_stack(scope, receive, send)
  File "D:\workspace\open-guji-cv\.venv\Lib\site-packages\starlette\middleware\errors.py", line 186, in __call__
    raise exc
  File "D:\workspace\open-guji-cv\.venv\Lib\site-packages\starlette\middleware\errors.py", line 164, in __call__
    await self.app(scope, receive, _send)
  File "D:\workspace\open-guji-cv\.venv\Lib\site-packages\starlette\middleware\base.py", line 193, in __call__
    response = await self.dispatch_func(request, call_next)
               ^^^^^^^^^^^^^^^^^^^^^^^^^^^^^^^^^^^^^^^^^^^^
  File "D:\workspace\open-guji-cv\open_guji_cv\console\app.py", line 61, in _no_cache_static
    resp = await call_next(request)
           ^^^^^^^^^^^^^^^^^^^^^^^^
  File "D:\workspace\open-guji-cv\.venv\Lib\site-packages\starlette\middleware\base.py", line 168, in call_next
    raise app_exc from app_exc.__cause__ or app_exc.__context__
  File "D:\workspace\open-guji-cv\.venv\Lib\site-packages\starlette\middleware\base.py", line 144, in coro
    await self.app(scope, receive_or_disconnect, send_no_error)
  File "D:\workspace\open-guji-cv\.venv\Lib\site-packages\starlette\middleware\base.py", line 193, in __call__
    response = await self.dispatch_func(request, call_next)
               ^^^^^^^^^^^^^^^^^^^^^^^^^^^^^^^^^^^^^^^^^^^^
  File "D:\workspace\open-guji-cv\open_guji_cv\console\middleware.py", line 55, in dispatch
    return await call_next(request)
           ^^^^^^^^^^^^^^^^^^^^^^^^
  File "D:\workspace\open-guji-cv\.venv\Lib\site-packages\starlette\middleware\base.py", line 168, in call_next
    raise app_exc from app_exc.__cause__ or app_exc.__context__
  File "D:\workspace\open-guji-cv\.venv\Lib\site-packages\starlette\middleware\base.py", line 144, in coro
    await self.app(scope, receive_or_disconnect, send_no_error)
  File "D:\workspace\open-guji-cv\.venv\Lib\site-packages\starlette\middleware\cors.py", line 88, in __call__
    await self.app(scope, receive, send)
  File "D:\workspace\open-guji-cv\.venv\Lib\site-packages\starlette\middleware\exceptions.py", line 63, in __call__
    await wrap_app_handling_exceptions(self.app, conn)(scope, receive, send)
  File "D:\workspace\open-guji-cv\.venv\Lib\site-packages\starlette\_exception_handler.py", line 53, in wrapped_app
    raise exc
  File "D:\workspace\open-guji-cv\.venv\Lib\site-packages\starlette\_exception_handler.py", line 42, in wrapped_app
    await app(scope, receive, sender)
  File "D:\workspace\open-guji-cv\.venv\Lib\site-packages\fastapi\middleware\asyncexitstack.py", line 18, in __call__
    await self.app(scope, receive, send)
  File "D:\workspace\open-guji-cv\.venv\Lib\site-packages\starlette\routing.py", line 670, in __call__
    await self.middleware_stack(scope, receive, send)
  File "D:\workspace\open-guji-cv\.venv\Lib\site-packages\fastapi\routing.py", line 2734, in app
    await route.handle(scope, receive, send)
  File "D:\workspace\open-guji-cv\.venv\Lib\site-packages\fastapi\routing.py", line 1780, in handle
    await self.original_router.handle(scope, receive, send)
  File "D:\workspace\open-guji-cv\.venv\Lib\site-packages\fastapi\routing.py", line 2789, in handle
    await included_router._handle_selected(scope, receive, send)
  File "D:\workspace\open-guji-cv\.venv\Lib\site-packages\fastapi\routing.py", line 1800, in _handle_selected
    await original_route.handle(scope, receive, send)
  File "D:\workspace\open-guji-cv\.venv\Lib\site-packages\fastapi\routing.py", line 1279, in handle
    await app(scope, receive, send)
  File "D:\workspace\open-guji-cv\.venv\Lib\site-packages\fastapi\routing.py", line 158, in app
    await wrap_app_handling_exceptions(app, request)(scope, receive, send)
  File "D:\workspace\open-guji-cv\.venv\Lib\site-packages\starlette\_exception_handler.py", line 53, in wrapped_app
    raise exc
  File "D:\workspace\open-guji-cv\.venv\Lib\site-packages\starlette\_exception_handler.py", line 42, in wrapped_app
    await app(scope, receive, sender)
  File "D:\workspace\open-guji-cv\.venv\Lib\site-packages\fastapi\routing.py", line 144, in app
    response = await f(request)
               ^^^^^^^^^^^^^^^^
  File "D:\workspace\open-guji-cv\.venv\Lib\site-packages\fastapi\routing.py", line 706, in app
    raw_response = await run_endpoint_function(
                   ^^^^^^^^^^^^^^^^^^^^^^^^^^^^
  File "D:\workspace\open-guji-cv\.venv\Lib\site-packages\fastapi\routing.py", line 354, in run_endpoint_function
    return await run_in_threadpool(dependant.call, **values)
           ^^^^^^^^^^^^^^^^^^^^^^^^^^^^^^^^^^^^^^^^^^^^^^^^^
  File "D:\workspace\open-guji-cv\.venv\Lib\site-packages\starlette\concurrency.py", line 34, in run_in_threadpool
    return await anyio.to_thread.run_sync(func)
           ^^^^^^^^^^^^^^^^^^^^^^^^^^^^^^^^^^^^
  File "D:\workspace\open-guji-cv\.venv\Lib\site-packages\anyio\to_thread.py", line 65, in run_sync
    return await get_async_backend().run_sync_in_worker_thread(
           ^^^^^^^^^^^^^^^^^^^^^^^^^^^^^^^^^^^^^^^^^^^^^^^^^^^^
  File "D:\workspace\open-guji-cv\.venv\Lib\site-packages\anyio\_backends\_asyncio.py", line 2706, in run_sync_in_worker_thread
    return await future
           ^^^^^^^^^^^^
  File "D:\workspace\open-guji-cv\.venv\Lib\site-packages\anyio\_backends\_asyncio.py", line 1100, in run
    result = context.run(func, *args)
             ^^^^^^^^^^^^^^^^^^^^^^^^
  File "D:\workspace\open-guji-cv\open_guji_cv\console\routers\cutline.py", line 51, in api_cutline_cases
    bk = load_book(book)
         ^^^^^^^^^^^^^^^
  File "D:\workspace\open-guji-cv\open_guji_cv\core\book.py", line 270, in load_book
    raise FileNotFoundError(f"\u6ca1\u6709\u8fd9\u518c\u4e66\u7684\u5b9a\u4e49: {path}")
FileNotFoundError: \u6ca1\u6709\u8fd9\u518c\u4e66\u7684\u5b9a\u4e49: D:\workspace\open-guji-cv\open_guji_cv\books\bxrl.yaml
ERROR:    Exception in ASGI application
  + Exception Group Traceback (most recent call last):
  |   File "D:\workspace\open-guji-cv\.venv\Lib\site-packages\starlette\_utils.py", line 85, in create_collapsing_task_group
  |     async with anyio.create_task_group() as tg:
  |                ^^^^^^^^^^^^^^^^^^^^^^^^^
  |   File "D:\workspace\open-guji-cv\.venv\Lib\site-packages\anyio\_backends\_asyncio.py", line 847, in __aexit__
  |     raise BaseExceptionGroup(
  | ExceptionGroup: unhandled errors in a TaskGroup (1 sub-exception)
  +-+---------------- 1 ----------------
    | Traceback (most recent call last):
    |   File "D:\workspace\open-guji-cv\.venv\Lib\site-packages\uvicorn\protocols\http\h11_impl.py", line 416, in run_asgi
    |     result = await app(  # type: ignore[func-returns-value]
    |              ^^^^^^^^^^^^^^^^^^^^^^^^^^^^^^^^^^^^^^^^^^^^^^
    |   File "D:\workspace\open-guji-cv\.venv\Lib\site-packages\uvicorn\middleware\proxy_headers.py", line 63, in __call__
    |     return await self.app(scope, receive, send)
    |            ^^^^^^^^^^^^^^^^^^^^^^^^^^^^^^^^^^^^
    |   File "D:\workspace\open-guji-cv\.venv\Lib\site-packages\fastapi\applications.py", line 1163, in __call__
    |     await super().__call__(scope, receive, send)
    |   File "D:\workspace\open-guji-cv\.venv\Lib\site-packages\starlette\applications.py", line 96, in __call__
    |     await self.middleware_stack(scope, receive, send)
    |   File "D:\workspace\open-guji-cv\.venv\Lib\site-packages\starlette\middleware\errors.py", line 186, in __call__
    |     raise exc
    |   File "D:\workspace\open-guji-cv\.venv\Lib\site-packages\starlette\middleware\errors.py", line 164, in __call__
    |     await self.app(scope, receive, _send)
    |   File "D:\workspace\open-guji-cv\.venv\Lib\site-packages\starlette\middleware\base.py", line 193, in __call__
    |     response = await self.dispatch_func(request, call_next)
    |                ^^^^^^^^^^^^^^^^^^^^^^^^^^^^^^^^^^^^^^^^^^^^
    |   File "D:\workspace\open-guji-cv\open_guji_cv\console\app.py", line 61, in _no_cache_static
    |     resp = await call_next(request)
    |            ^^^^^^^^^^^^^^^^^^^^^^^^
    |   File "D:\workspace\open-guji-cv\.venv\Lib\site-packages\starlette\middleware\base.py", line 168, in call_next
    |     raise app_exc from app_exc.__cause__ or app_exc.__context__
    |   File "D:\workspace\open-guji-cv\.venv\Lib\site-packages\starlette\middleware\base.py", line 144, in coro
    |     await self.app(scope, receive_or_disconnect, send_no_error)
    |   File "D:\workspace\open-guji-cv\.venv\Lib\site-packages\starlette\middleware\base.py", line 193, in __call__
    |     response = await self.dispatch_func(request, call_next)
    |                ^^^^^^^^^^^^^^^^^^^^^^^^^^^^^^^^^^^^^^^^^^^^
    |   File "D:\workspace\open-guji-cv\open_guji_cv\console\middleware.py", line 55, in dispatch
    |     return await call_next(request)
    |            ^^^^^^^^^^^^^^^^^^^^^^^^
    |   File "D:\workspace\open-guji-cv\.venv\Lib\site-packages\starlette\middleware\base.py", line 168, in call_next
    |     raise app_exc from app_exc.__cause__ or app_exc.__context__
    |   File "D:\workspace\open-guji-cv\.venv\Lib\site-packages\starlette\middleware\base.py", line 144, in coro
    |     await self.app(scope, receive_or_disconnect, send_no_error)
    |   File "D:\workspace\open-guji-cv\.venv\Lib\site-packages\starlette\middleware\cors.py", line 88, in __call__
    |     await self.app(scope, receive, send)
    |   File "D:\workspace\open-guji-cv\.venv\Lib\site-packages\starlette\middleware\exceptions.py", line 63, in __call__
    |     await wrap_app_handling_exceptions(self.app, conn)(scope, receive, send)
    |   File "D:\workspace\open-guji-cv\.venv\Lib\site-packages\starlette\_exception_handler.py", line 53, in wrapped_app
    |     raise exc
    |   File "D:\workspace\open-guji-cv\.venv\Lib\site-packages\starlette\_exception_handler.py", line 42, in wrapped_app
    |     await app(scope, receive, sender)
    |   File "D:\workspace\open-guji-cv\.venv\Lib\site-packages\fastapi\middleware\asyncexitstack.py", line 18, in __call__
    |     await self.app(scope, receive, send)
    |   File "D:\workspace\open-guji-cv\.venv\Lib\site-packages\starlette\routing.py", line 670, in __call__
    |     await self.middleware_stack(scope, receive, send)
    |   File "D:\workspace\open-guji-cv\.venv\Lib\site-packages\fastapi\routing.py", line 2734, in app
    |     await route.handle(scope, receive, send)
    |   File "D:\workspace\open-guji-cv\.venv\Lib\site-packages\fastapi\routing.py", line 1780, in handle
    |     await self.original_router.handle(scope, receive, send)
    |   File "D:\workspace\open-guji-cv\.venv\Lib\site-packages\fastapi\routing.py", line 2789, in handle
    |     await included_router._handle_selected(scope, receive, send)
    |   File "D:\workspace\open-guji-cv\.venv\Lib\site-packages\fastapi\routing.py", line 1800, in _handle_selected
    |     await original_route.handle(scope, receive, send)
    |   File "D:\workspace\open-guji-cv\.venv\Lib\site-packages\fastapi\routing.py", line 1279, in handle
    |     await app(scope, receive, send)
    |   File "D:\workspace\open-guji-cv\.venv\Lib\site-packages\fastapi\routing.py", line 158, in app
    |     await wrap_app_handling_exceptions(app, request)(scope, receive, send)
    |   File "D:\workspace\open-guji-cv\.venv\Lib\site-packages\starlette\_exception_handler.py", line 53, in wrapped_app
    |     raise exc
    |   File "D:\workspace\open-guji-cv\.venv\Lib\site-packages\starlette\_exception_handler.py", line 42, in wrapped_app
    |     await app(scope, receive, sender)
    |   File "D:\workspace\open-guji-cv\.venv\Lib\site-packages\fastapi\routing.py", line 144, in app
    |     response = await f(request)
    |                ^^^^^^^^^^^^^^^^
    |   File "D:\workspace\open-guji-cv\.venv\Lib\site-packages\fastapi\routing.py", line 706, in app
    |     raw_response = await run_endpoint_function(
    |                    ^^^^^^^^^^^^^^^^^^^^^^^^^^^^
    |   File "D:\workspace\open-guji-cv\.venv\Lib\site-packages\fastapi\routing.py", line 354, in run_endpoint_function
    |     return await run_in_threadpool(dependant.call, **values)
    |            ^^^^^^^^^^^^^^^^^^^^^^^^^^^^^^^^^^^^^^^^^^^^^^^^^
    |   File "D:\workspace\open-guji-cv\.venv\Lib\site-packages\starlette\concurrency.py", line 34, in run_in_threadpool
    |     return await anyio.to_thread.run_sync(func)
    |            ^^^^^^^^^^^^^^^^^^^^^^^^^^^^^^^^^^^^
    |   File "D:\workspace\open-guji-cv\.venv\Lib\site-packages\anyio\to_thread.py", line 65, in run_sync
    |     return await get_async_backend().run_sync_in_worker_thread(
    |            ^^^^^^^^^^^^^^^^^^^^^^^^^^^^^^^^^^^^^^^^^^^^^^^^^^^^
    |   File "D:\workspace\open-guji-cv\.venv\Lib\site-packages\anyio\_backends\_asyncio.py", line 2706, in run_sync_in_worker_thread
    |     return await future
    |            ^^^^^^^^^^^^
    |   File "D:\workspace\open-guji-cv\.venv\Lib\site-packages\anyio\_backends\_asyncio.py", line 1100, in run
    |     result = context.run(func, *args)
    |              ^^^^^^^^^^^^^^^^^^^^^^^^
    |   File "D:\workspace\open-guji-cv\open_guji_cv\console\errors.py", line 60, in wrapper
    |     return fn(*a, **kw)
    |            ^^^^^^^^^^^^
    |   File "D:\workspace\open-guji-cv\open_guji_cv\console\routers\products.py", line 142, in api_gate_summary
    |     b = load_book(book)
    |         ^^^^^^^^^^^^^^^
    |   File "D:\workspace\open-guji-cv\open_guji_cv\core\book.py", line 270, in load_book
    |     raise FileNotFoundError(f"\u6ca1\u6709\u8fd9\u518c\u4e66\u7684\u5b9a\u4e49: {path}")
    | FileNotFoundError: \u6ca1\u6709\u8fd9\u518c\u4e66\u7684\u5b9a\u4e49: D:\workspace\open-guji-cv\open_guji_cv\books\bxrl.yaml
    +------------------------------------

The above exception was the direct cause of the following exception:

Traceback (most recent call last):
  File "D:\workspace\open-guji-cv\.venv\Lib\site-packages\uvicorn\protocols\http\h11_impl.py", line 416, in run_asgi
    result = await app(  # type: ignore[func-returns-value]
             ^^^^^^^^^^^^^^^^^^^^^^^^^^^^^^^^^^^^^^^^^^^^^^
  File "D:\workspace\open-guji-cv\.venv\Lib\site-packages\uvicorn\middleware\proxy_headers.py", line 63, in __call__
    return await self.app(scope, receive, send)
           ^^^^^^^^^^^^^^^^^^^^^^^^^^^^^^^^^^^^
  File "D:\workspace\open-guji-cv\.venv\Lib\site-packages\fastapi\applications.py", line 1163, in __call__
    await super().__call__(scope, receive, send)
  File "D:\workspace\open-guji-cv\.venv\Lib\site-packages\starlette\applications.py", line 96, in __call__
    await self.middleware_stack(scope, receive, send)
  File "D:\workspace\open-guji-cv\.venv\Lib\site-packages\starlette\middleware\errors.py", line 186, in __call__
    raise exc
  File "D:\workspace\open-guji-cv\.venv\Lib\site-packages\starlette\middleware\errors.py", line 164, in __call__
    await self.app(scope, receive, _send)
  File "D:\workspace\open-guji-cv\.venv\Lib\site-packages\starlette\middleware\base.py", line 193, in __call__
    response = await self.dispatch_func(request, call_next)
               ^^^^^^^^^^^^^^^^^^^^^^^^^^^^^^^^^^^^^^^^^^^^
  File "D:\workspace\open-guji-cv\open_guji_cv\console\app.py", line 61, in _no_cache_static
    resp = await call_next(request)
           ^^^^^^^^^^^^^^^^^^^^^^^^
  File "D:\workspace\open-guji-cv\.venv\Lib\site-packages\starlette\middleware\base.py", line 168, in call_next
    raise app_exc from app_exc.__cause__ or app_exc.__context__
  File "D:\workspace\open-guji-cv\.venv\Lib\site-packages\starlette\middleware\base.py", line 144, in coro
    await self.app(scope, receive_or_disconnect, send_no_error)
  File "D:\workspace\open-guji-cv\.venv\Lib\site-packages\starlette\middleware\base.py", line 193, in __call__
    response = await self.dispatch_func(request, call_next)
               ^^^^^^^^^^^^^^^^^^^^^^^^^^^^^^^^^^^^^^^^^^^^
  File "D:\workspace\open-guji-cv\open_guji_cv\console\middleware.py", line 55, in dispatch
    return await call_next(request)
           ^^^^^^^^^^^^^^^^^^^^^^^^
  File "D:\workspace\open-guji-cv\.venv\Lib\site-packages\starlette\middleware\base.py", line 168, in call_next
    raise app_exc from app_exc.__cause__ or app_exc.__context__
  File "D:\workspace\open-guji-cv\.venv\Lib\site-packages\starlette\middleware\base.py", line 144, in coro
    await self.app(scope, receive_or_disconnect, send_no_error)
  File "D:\workspace\open-guji-cv\.venv\Lib\site-packages\starlette\middleware\cors.py", line 88, in __call__
    await self.app(scope, receive, send)
  File "D:\workspace\open-guji-cv\.venv\Lib\site-packages\starlette\middleware\exceptions.py", line 63, in __call__
    await wrap_app_handling_exceptions(self.app, conn)(scope, receive, send)
  File "D:\workspace\open-guji-cv\.venv\Lib\site-packages\starlette\_exception_handler.py", line 53, in wrapped_app
    raise exc
  File "D:\workspace\open-guji-cv\.venv\Lib\site-packages\starlette\_exception_handler.py", line 42, in wrapped_app
    await app(scope, receive, sender)
  File "D:\workspace\open-guji-cv\.venv\Lib\site-packages\fastapi\middleware\asyncexitstack.py", line 18, in __call__
    await self.app(scope, receive, send)
  File "D:\workspace\open-guji-cv\.venv\Lib\site-packages\starlette\routing.py", line 670, in __call__
    await self.middleware_stack(scope, receive, send)
  File "D:\workspace\open-guji-cv\.venv\Lib\site-packages\fastapi\routing.py", line 2734, in app
    await route.handle(scope, receive, send)
  File "D:\workspace\open-guji-cv\.venv\Lib\site-packages\fastapi\routing.py", line 1780, in handle
    await self.original_router.handle(scope, receive, send)
  File "D:\workspace\open-guji-cv\.venv\Lib\site-packages\fastapi\routing.py", line 2789, in handle
    await included_router._handle_selected(scope, receive, send)
  File "D:\workspace\open-guji-cv\.venv\Lib\site-packages\fastapi\routing.py", line 1800, in _handle_selected
    await original_route.handle(scope, receive, send)
  File "D:\workspace\open-guji-cv\.venv\Lib\site-packages\fastapi\routing.py", line 1279, in handle
    await app(scope, receive, send)
  File "D:\workspace\open-guji-cv\.venv\Lib\site-packages\fastapi\routing.py", line 158, in app
    await wrap_app_handling_exceptions(app, request)(scope, receive, send)
  File "D:\workspace\open-guji-cv\.venv\Lib\site-packages\starlette\_exception_handler.py", line 53, in wrapped_app
    raise exc
  File "D:\workspace\open-guji-cv\.venv\Lib\site-packages\starlette\_exception_handler.py", line 42, in wrapped_app
    await app(scope, receive, sender)
  File "D:\workspace\open-guji-cv\.venv\Lib\site-packages\fastapi\routing.py", line 144, in app
    response = await f(request)
               ^^^^^^^^^^^^^^^^
  File "D:\workspace\open-guji-cv\.venv\Lib\site-packages\fastapi\routing.py", line 706, in app
    raw_response = await run_endpoint_function(
                   ^^^^^^^^^^^^^^^^^^^^^^^^^^^^
  File "D:\workspace\open-guji-cv\.venv\Lib\site-packages\fastapi\routing.py", line 354, in run_endpoint_function
    return await run_in_threadpool(dependant.call, **values)
           ^^^^^^^^^^^^^^^^^^^^^^^^^^^^^^^^^^^^^^^^^^^^^^^^^
  File "D:\workspace\open-guji-cv\.venv\Lib\site-packages\starlette\concurrency.py", line 34, in run_in_threadpool
    return await anyio.to_thread.run_sync(func)
           ^^^^^^^^^^^^^^^^^^^^^^^^^^^^^^^^^^^^
  File "D:\workspace\open-guji-cv\.venv\Lib\site-packages\anyio\to_thread.py", line 65, in run_sync
    return await get_async_backend().run_sync_in_worker_thread(
           ^^^^^^^^^^^^^^^^^^^^^^^^^^^^^^^^^^^^^^^^^^^^^^^^^^^^
  File "D:\workspace\open-guji-cv\.venv\Lib\site-packages\anyio\_backends\_asyncio.py", line 2706, in run_sync_in_worker_thread
    return await future
           ^^^^^^^^^^^^
  File "D:\workspace\open-guji-cv\.venv\Lib\site-packages\anyio\_backends\_asyncio.py", line 1100, in run
    result = context.run(func, *args)
             ^^^^^^^^^^^^^^^^^^^^^^^^
  File "D:\workspace\open-guji-cv\open_guji_cv\console\errors.py", line 60, in wrapper
    return fn(*a, **kw)
           ^^^^^^^^^^^^
  File "D:\workspace\open-guji-cv\open_guji_cv\console\routers\products.py", line 142, in api_gate_summary
    b = load_book(book)
        ^^^^^^^^^^^^^^^
  File "D:\workspace\open-guji-cv\open_guji_cv\core\book.py", line 270, in load_book
    raise FileNotFoundError(f"\u6ca1\u6709\u8fd9\u518c\u4e66\u7684\u5b9a\u4e49: {path}")
FileNotFoundError: \u6ca1\u6709\u8fd9\u518c\u4e66\u7684\u5b9a\u4e49: D:\workspace\open-guji-cv\open_guji_cv\books\bxrl.yaml
ERROR:    Exception in ASGI application
  + Exception Group Traceback (most recent call last):
  |   File "D:\workspace\open-guji-cv\.venv\Lib\site-packages\starlette\_utils.py", line 85, in create_collapsing_task_group
  |     async with anyio.create_task_group() as tg:
  |                ^^^^^^^^^^^^^^^^^^^^^^^^^
  |   File "D:\workspace\open-guji-cv\.venv\Lib\site-packages\anyio\_backends\_asyncio.py", line 847, in __aexit__
  |     raise BaseExceptionGroup(
  | ExceptionGroup: unhandled errors in a TaskGroup (1 sub-exception)
  +-+---------------- 1 ----------------
    | Traceback (most recent call last):
    |   File "D:\workspace\open-guji-cv\.venv\Lib\site-packages\uvicorn\protocols\http\h11_impl.py", line 416, in run_asgi
    |     result = await app(  # type: ignore[func-returns-value]
    |              ^^^^^^^^^^^^^^^^^^^^^^^^^^^^^^^^^^^^^^^^^^^^^^
    |   File "D:\workspace\open-guji-cv\.venv\Lib\site-packages\uvicorn\middleware\proxy_headers.py", line 63, in __call__
    |     return await self.app(scope, receive, send)
    |            ^^^^^^^^^^^^^^^^^^^^^^^^^^^^^^^^^^^^
    |   File "D:\workspace\open-guji-cv\.venv\Lib\site-packages\fastapi\applications.py", line 1163, in __call__
    |     await super().__call__(scope, receive, send)
    |   File "D:\workspace\open-guji-cv\.venv\Lib\site-packages\starlette\applications.py", line 96, in __call__
    |     await self.middleware_stack(scope, receive, send)
    |   File "D:\workspace\open-guji-cv\.venv\Lib\site-packages\starlette\middleware\errors.py", line 186, in __call__
    |     raise exc
    |   File "D:\workspace\open-guji-cv\.venv\Lib\site-packages\starlette\middleware\errors.py", line 164, in __call__
    |     await self.app(scope, receive, _send)
    |   File "D:\workspace\open-guji-cv\.venv\Lib\site-packages\starlette\middleware\base.py", line 193, in __call__
    |     response = await self.dispatch_func(request, call_next)
    |                ^^^^^^^^^^^^^^^^^^^^^^^^^^^^^^^^^^^^^^^^^^^^
    |   File "D:\workspace\open-guji-cv\open_guji_cv\console\app.py", line 61, in _no_cache_static
    |     resp = await call_next(request)
    |            ^^^^^^^^^^^^^^^^^^^^^^^^
    |   File "D:\workspace\open-guji-cv\.venv\Lib\site-packages\starlette\middleware\base.py", line 168, in call_next
    |     raise app_exc from app_exc.__cause__ or app_exc.__context__
    |   File "D:\workspace\open-guji-cv\.venv\Lib\site-packages\starlette\middleware\base.py", line 144, in coro
    |     await self.app(scope, receive_or_disconnect, send_no_error)
    |   File "D:\workspace\open-guji-cv\.venv\Lib\site-packages\starlette\middleware\base.py", line 193, in __call__
    |     response = await self.dispatch_func(request, call_next)
    |                ^^^^^^^^^^^^^^^^^^^^^^^^^^^^^^^^^^^^^^^^^^^^
    |   File "D:\workspace\open-guji-cv\open_guji_cv\console\middleware.py", line 55, in dispatch
    |     return await call_next(request)
    |            ^^^^^^^^^^^^^^^^^^^^^^^^
    |   File "D:\workspace\open-guji-cv\.venv\Lib\site-packages\starlette\middleware\base.py", line 168, in call_next
    |     raise app_exc from app_exc.__cause__ or app_exc.__context__
    |   File "D:\workspace\open-guji-cv\.venv\Lib\site-packages\starlette\middleware\base.py", line 144, in coro
    |     await self.app(scope, receive_or_disconnect, send_no_error)
    |   File "D:\workspace\open-guji-cv\.venv\Lib\site-packages\starlette\middleware\cors.py", line 88, in __call__
    |     await self.app(scope, receive, send)
    |   File "D:\workspace\open-guji-cv\.venv\Lib\site-packages\starlette\middleware\exceptions.py", line 63, in __call__
    |     await wrap_app_handling_exceptions(self.app, conn)(scope, receive, send)
    |   File "D:\workspace\open-guji-cv\.venv\Lib\site-packages\starlette\_exception_handler.py", line 53, in wrapped_app
    |     raise exc
    |   File "D:\workspace\open-guji-cv\.venv\Lib\site-packages\starlette\_exception_handler.py", line 42, in wrapped_app
    |     await app(scope, receive, sender)
    |   File "D:\workspace\open-guji-cv\.venv\Lib\site-packages\fastapi\middleware\asyncexitstack.py", line 18, in __call__
    |     await self.app(scope, receive, send)
    |   File "D:\workspace\open-guji-cv\.venv\Lib\site-packages\starlette\routing.py", line 670, in __call__
    |     await self.middleware_stack(scope, receive, send)
    |   File "D:\workspace\open-guji-cv\.venv\Lib\site-packages\fastapi\routing.py", line 2734, in app
    |     await route.handle(scope, receive, send)
    |   File "D:\workspace\open-guji-cv\.venv\Lib\site-packages\fastapi\routing.py", line 1780, in handle
    |     await self.original_router.handle(scope, receive, send)
    |   File "D:\workspace\open-guji-cv\.venv\Lib\site-packages\fastapi\routing.py", line 2789, in handle
    |     await included_router._handle_selected(scope, receive, send)
    |   File "D:\workspace\open-guji-cv\.venv\Lib\site-packages\fastapi\routing.py", line 1800, in _handle_selected
    |     await original_route.handle(scope, receive, send)
    |   File "D:\workspace\open-guji-cv\.venv\Lib\site-packages\fastapi\routing.py", line 1279, in handle
    |     await app(scope, receive, send)
    |   File "D:\workspace\open-guji-cv\.venv\Lib\site-packages\fastapi\routing.py", line 158, in app
    |     await wrap_app_handling_exceptions(app, request)(scope, receive, send)
    |   File "D:\workspace\open-guji-cv\.venv\Lib\site-packages\starlette\_exception_handler.py", line 53, in wrapped_app
    |     raise exc
    |   File "D:\workspace\open-guji-cv\.venv\Lib\site-packages\starlette\_exception_handler.py", line 42, in wrapped_app
    |     await app(scope, receive, sender)
    |   File "D:\workspace\open-guji-cv\.venv\Lib\site-packages\fastapi\routing.py", line 144, in app
    |     response = await f(request)
    |                ^^^^^^^^^^^^^^^^
    |   File "D:\workspace\open-guji-cv\.venv\Lib\site-packages\fastapi\routing.py", line 706, in app
    |     raw_response = await run_endpoint_function(
    |                    ^^^^^^^^^^^^^^^^^^^^^^^^^^^^
    |   File "D:\workspace\open-guji-cv\.venv\Lib\site-packages\fastapi\routing.py", line 354, in run_endpoint_function
    |     return await run_in_threadpool(dependant.call, **values)
    |            ^^^^^^^^^^^^^^^^^^^^^^^^^^^^^^^^^^^^^^^^^^^^^^^^^
    |   File "D:\workspace\open-guji-cv\.venv\Lib\site-packages\starlette\concurrency.py", line 34, in run_in_threadpool
    |     return await anyio.to_thread.run_sync(func)
    |            ^^^^^^^^^^^^^^^^^^^^^^^^^^^^^^^^^^^^
    |   File "D:\workspace\open-guji-cv\.venv\Lib\site-packages\anyio\to_thread.py", line 65, in run_sync
    |     return await get_async_backend().run_sync_in_worker_thread(
    |            ^^^^^^^^^^^^^^^^^^^^^^^^^^^^^^^^^^^^^^^^^^^^^^^^^^^^
    |   File "D:\workspace\open-guji-cv\.venv\Lib\site-packages\anyio\_backends\_asyncio.py", line 2706, in run_sync_in_worker_thread
    |     return await future
    |            ^^^^^^^^^^^^
    |   File "D:\workspace\open-guji-cv\.venv\Lib\site-packages\anyio\_backends\_asyncio.py", line 1100, in run
    |     result = context.run(func, *args)
    |              ^^^^^^^^^^^^^^^^^^^^^^^^
    |   File "D:\workspace\open-guji-cv\open_guji_cv\console\errors.py", line 60, in wrapper
    |     return fn(*a, **kw)
    |            ^^^^^^^^^^^^
    |   File "D:\workspace\open-guji-cv\open_guji_cv\console\routers\products.py", line 142, in api_gate_summary
    |     b = load_book(book)
    |         ^^^^^^^^^^^^^^^
    |   File "D:\workspace\open-guji-cv\open_guji_cv\core\book.py", line 270, in load_book
    |     raise FileNotFoundError(f"\u6ca1\u6709\u8fd9\u518c\u4e66\u7684\u5b9a\u4e49: {path}")
    | FileNotFoundError: \u6ca1\u6709\u8fd9\u518c\u4e66\u7684\u5b9a\u4e49: D:\workspace\open-guji-cv\open_guji_cv\books\bxrl.yaml
    +------------------------------------

The above exception was the direct cause of the following exception:

Traceback (most recent call last):
  File "D:\workspace\open-guji-cv\.venv\Lib\site-packages\uvicorn\protocols\http\h11_impl.py", line 416, in run_asgi
    result = await app(  # type: ignore[func-returns-value]
             ^^^^^^^^^^^^^^^^^^^^^^^^^^^^^^^^^^^^^^^^^^^^^^
  File "D:\workspace\open-guji-cv\.venv\Lib\site-packages\uvicorn\middleware\proxy_headers.py", line 63, in __call__
    return await self.app(scope, receive, send)
           ^^^^^^^^^^^^^^^^^^^^^^^^^^^^^^^^^^^^
  File "D:\workspace\open-guji-cv\.venv\Lib\site-packages\fastapi\applications.py", line 1163, in __call__
    await super().__call__(scope, receive, send)
  File "D:\workspace\open-guji-cv\.venv\Lib\site-packages\starlette\applications.py", line 96, in __call__
    await self.middleware_stack(scope, receive, send)
  File "D:\workspace\open-guji-cv\.venv\Lib\site-packages\starlette\middleware\errors.py", line 186, in __call__
    raise exc
  File "D:\workspace\open-guji-cv\.venv\Lib\site-packages\starlette\middleware\errors.py", line 164, in __call__
    await self.app(scope, receive, _send)
  File "D:\workspace\open-guji-cv\.venv\Lib\site-packages\starlette\middleware\base.py", line 193, in __call__
    response = await self.dispatch_func(request, call_next)
               ^^^^^^^^^^^^^^^^^^^^^^^^^^^^^^^^^^^^^^^^^^^^
  File "D:\workspace\open-guji-cv\open_guji_cv\console\app.py", line 61, in _no_cache_static
    resp = await call_next(request)
           ^^^^^^^^^^^^^^^^^^^^^^^^
  File "D:\workspace\open-guji-cv\.venv\Lib\site-packages\starlette\middleware\base.py", line 168, in call_next
    raise app_exc from app_exc.__cause__ or app_exc.__context__
  File "D:\workspace\open-guji-cv\.venv\Lib\site-packages\starlette\middleware\base.py", line 144, in coro
    await self.app(scope, receive_or_disconnect, send_no_error)
  File "D:\workspace\open-guji-cv\.venv\Lib\site-packages\starlette\middleware\base.py", line 193, in __call__
    response = await self.dispatch_func(request, call_next)
               ^^^^^^^^^^^^^^^^^^^^^^^^^^^^^^^^^^^^^^^^^^^^
  File "D:\workspace\open-guji-cv\open_guji_cv\console\middleware.py", line 55, in dispatch
    return await call_next(request)
           ^^^^^^^^^^^^^^^^^^^^^^^^
  File "D:\workspace\open-guji-cv\.venv\Lib\site-packages\starlette\middleware\base.py", line 168, in call_next
    raise app_exc from app_exc.__cause__ or app_exc.__context__
  File "D:\workspace\open-guji-cv\.venv\Lib\site-packages\starlette\middleware\base.py", line 144, in coro
    await self.app(scope, receive_or_disconnect, send_no_error)
  File "D:\workspace\open-guji-cv\.venv\Lib\site-packages\starlette\middleware\cors.py", line 88, in __call__
    await self.app(scope, receive, send)
  File "D:\workspace\open-guji-cv\.venv\Lib\site-packages\starlette\middleware\exceptions.py", line 63, in __call__
    await wrap_app_handling_exceptions(self.app, conn)(scope, receive, send)
  File "D:\workspace\open-guji-cv\.venv\Lib\site-packages\starlette\_exception_handler.py", line 53, in wrapped_app
    raise exc
  File "D:\workspace\open-guji-cv\.venv\Lib\site-packages\starlette\_exception_handler.py", line 42, in wrapped_app
    await app(scope, receive, sender)
  File "D:\workspace\open-guji-cv\.venv\Lib\site-packages\fastapi\middleware\asyncexitstack.py", line 18, in __call__
    await self.app(scope, receive, send)
  File "D:\workspace\open-guji-cv\.venv\Lib\site-packages\starlette\routing.py", line 670, in __call__
    await self.middleware_stack(scope, receive, send)
  File "D:\workspace\open-guji-cv\.venv\Lib\site-packages\fastapi\routing.py", line 2734, in app
    await route.handle(scope, receive, send)
  File "D:\workspace\open-guji-cv\.venv\Lib\site-packages\fastapi\routing.py", line 1780, in handle
    await self.original_router.handle(scope, receive, send)
  File "D:\workspace\open-guji-cv\.venv\Lib\site-packages\fastapi\routing.py", line 2789, in handle
    await included_router._handle_selected(scope, receive, send)
  File "D:\workspace\open-guji-cv\.venv\Lib\site-packages\fastapi\routing.py", line 1800, in _handle_selected
    await original_route.handle(scope, receive, send)
  File "D:\workspace\open-guji-cv\.venv\Lib\site-packages\fastapi\routing.py", line 1279, in handle
    await app(scope, receive, send)
  File "D:\workspace\open-guji-cv\.venv\Lib\site-packages\fastapi\routing.py", line 158, in app
    await wrap_app_handling_exceptions(app, request)(scope, receive, send)
  File "D:\workspace\open-guji-cv\.venv\Lib\site-packages\starlette\_exception_handler.py", line 53, in wrapped_app
    raise exc
  File "D:\workspace\open-guji-cv\.venv\Lib\site-packages\starlette\_exception_handler.py", line 42, in wrapped_app
    await app(scope, receive, sender)
  File "D:\workspace\open-guji-cv\.venv\Lib\site-packages\fastapi\routing.py", line 144, in app
    response = await f(request)
               ^^^^^^^^^^^^^^^^
  File "D:\workspace\open-guji-cv\.venv\Lib\site-packages\fastapi\routing.py", line 706, in app
    raw_response = await run_endpoint_function(
                   ^^^^^^^^^^^^^^^^^^^^^^^^^^^^
  File "D:\workspace\open-guji-cv\.venv\Lib\site-packages\fastapi\routing.py", line 354, in run_endpoint_function
    return await run_in_threadpool(dependant.call, **values)
           ^^^^^^^^^^^^^^^^^^^^^^^^^^^^^^^^^^^^^^^^^^^^^^^^^
  File "D:\workspace\open-guji-cv\.venv\Lib\site-packages\starlette\concurrency.py", line 34, in run_in_threadpool
    return await anyio.to_thread.run_sync(func)
           ^^^^^^^^^^^^^^^^^^^^^^^^^^^^^^^^^^^^
  File "D:\workspace\open-guji-cv\.venv\Lib\site-packages\anyio\to_thread.py", line 65, in run_sync
    return await get_async_backend().run_sync_in_worker_thread(
           ^^^^^^^^^^^^^^^^^^^^^^^^^^^^^^^^^^^^^^^^^^^^^^^^^^^^
  File "D:\workspace\open-guji-cv\.venv\Lib\site-packages\anyio\_backends\_asyncio.py", line 2706, in run_sync_in_worker_thread
    return await future
           ^^^^^^^^^^^^
  File "D:\workspace\open-guji-cv\.venv\Lib\site-packages\anyio\_backends\_asyncio.py", line 1100, in run
    result = context.run(func, *args)
             ^^^^^^^^^^^^^^^^^^^^^^^^
  File "D:\workspace\open-guji-cv\open_guji_cv\console\errors.py", line 60, in wrapper
    return fn(*a, **kw)
           ^^^^^^^^^^^^
  File "D:\workspace\open-guji-cv\open_guji_cv\console\routers\products.py", line 142, in api_gate_summary
    b = load_book(book)
        ^^^^^^^^^^^^^^^
  File "D:\workspace\open-guji-cv\open_guji_cv\core\book.py", line 270, in load_book
    raise FileNotFoundError(f"\u6ca1\u6709\u8fd9\u518c\u4e66\u7684\u5b9a\u4e49: {path}")
FileNotFoundError: \u6ca1\u6709\u8fd9\u518c\u4e66\u7684\u5b9a\u4e49: D:\workspace\open-guji-cv\open_guji_cv\books\bxrl.yaml
ERROR:    Exception in ASGI application
  + Exception Group Traceback (most recent call last):
  |   File "D:\workspace\open-guji-cv\.venv\Lib\site-packages\starlette\_utils.py", line 85, in create_collapsing_task_group
  |     async with anyio.create_task_group() as tg:
  |                ^^^^^^^^^^^^^^^^^^^^^^^^^
  |   File "D:\workspace\open-guji-cv\.venv\Lib\site-packages\anyio\_backends\_asyncio.py", line 847, in __aexit__
  |     raise BaseExceptionGroup(
  | ExceptionGroup: unhandled errors in a TaskGroup (1 sub-exception)
  +-+---------------- 1 ----------------
    | Traceback (most recent call last):
    |   File "D:\workspace\open-guji-cv\.venv\Lib\site-packages\uvicorn\protocols\http\h11_impl.py", line 416, in run_asgi
    |     result = await app(  # type: ignore[func-returns-value]
    |              ^^^^^^^^^^^^^^^^^^^^^^^^^^^^^^^^^^^^^^^^^^^^^^
    |   File "D:\workspace\open-guji-cv\.venv\Lib\site-packages\uvicorn\middleware\proxy_headers.py", line 63, in __call__
    |     return await self.app(scope, receive, send)
    |            ^^^^^^^^^^^^^^^^^^^^^^^^^^^^^^^^^^^^
    |   File "D:\workspace\open-guji-cv\.venv\Lib\site-packages\fastapi\applications.py", line 1163, in __call__
    |     await super().__call__(scope, receive, send)
    |   File "D:\workspace\open-guji-cv\.venv\Lib\site-packages\starlette\applications.py", line 96, in __call__
    |     await self.middleware_stack(scope, receive, send)
    |   File "D:\workspace\open-guji-cv\.venv\Lib\site-packages\starlette\middleware\errors.py", line 186, in __call__
    |     raise exc
    |   File "D:\workspace\open-guji-cv\.venv\Lib\site-packages\starlette\middleware\errors.py", line 164, in __call__
    |     await self.app(scope, receive, _send)
    |   File "D:\workspace\open-guji-cv\.venv\Lib\site-packages\starlette\middleware\base.py", line 193, in __call__
    |     response = await self.dispatch_func(request, call_next)
    |                ^^^^^^^^^^^^^^^^^^^^^^^^^^^^^^^^^^^^^^^^^^^^
    |   File "D:\workspace\open-guji-cv\open_guji_cv\console\app.py", line 61, in _no_cache_static
    |     resp = await call_next(request)
    |            ^^^^^^^^^^^^^^^^^^^^^^^^
    |   File "D:\workspace\open-guji-cv\.venv\Lib\site-packages\starlette\middleware\base.py", line 168, in call_next
    |     raise app_exc from app_exc.__cause__ or app_exc.__context__
    |   File "D:\workspace\open-guji-cv\.venv\Lib\site-packages\starlette\middleware\base.py", line 144, in coro
    |     await self.app(scope, receive_or_disconnect, send_no_error)
    |   File "D:\workspace\open-guji-cv\.venv\Lib\site-packages\starlette\middleware\base.py", line 193, in __call__
    |     response = await self.dispatch_func(request, call_next)
    |                ^^^^^^^^^^^^^^^^^^^^^^^^^^^^^^^^^^^^^^^^^^^^
    |   File "D:\workspace\open-guji-cv\open_guji_cv\console\middleware.py", line 55, in dispatch
    |     return await call_next(request)
    |            ^^^^^^^^^^^^^^^^^^^^^^^^
    |   File "D:\workspace\open-guji-cv\.venv\Lib\site-packages\starlette\middleware\base.py", line 168, in call_next
    |     raise app_exc from app_exc.__cause__ or app_exc.__context__
    |   File "D:\workspace\open-guji-cv\.venv\Lib\site-packages\starlette\middleware\base.py", line 144, in coro
    |     await self.app(scope, receive_or_disconnect, send_no_error)
    |   File "D:\workspace\open-guji-cv\.venv\Lib\site-packages\starlette\middleware\cors.py", line 88, in __call__
    |     await self.app(scope, receive, send)
    |   File "D:\workspace\open-guji-cv\.venv\Lib\site-packages\starlette\middleware\exceptions.py", line 63, in __call__
    |     await wrap_app_handling_exceptions(self.app, conn)(scope, receive, send)
    |   File "D:\workspace\open-guji-cv\.venv\Lib\site-packages\starlette\_exception_handler.py", line 53, in wrapped_app
    |     raise exc
    |   File "D:\workspace\open-guji-cv\.venv\Lib\site-packages\starlette\_exception_handler.py", line 42, in wrapped_app
    |     await app(scope, receive, sender)
    |   File "D:\workspace\open-guji-cv\.venv\Lib\site-packages\fastapi\middleware\asyncexitstack.py", line 18, in __call__
    |     await self.app(scope, receive, send)
    |   File "D:\workspace\open-guji-cv\.venv\Lib\site-packages\starlette\routing.py", line 670, in __call__
    |     await self.middleware_stack(scope, receive, send)
    |   File "D:\workspace\open-guji-cv\.venv\Lib\site-packages\fastapi\routing.py", line 2734, in app
    |     await route.handle(scope, receive, send)
    |   File "D:\workspace\open-guji-cv\.venv\Lib\site-packages\fastapi\routing.py", line 1780, in handle
    |     await self.original_router.handle(scope, receive, send)
    |   File "D:\workspace\open-guji-cv\.venv\Lib\site-packages\fastapi\routing.py", line 2789, in handle
    |     await included_router._handle_selected(scope, receive, send)
    |   File "D:\workspace\open-guji-cv\.venv\Lib\site-packages\fastapi\routing.py", line 1800, in _handle_selected
    |     await original_route.handle(scope, receive, send)
    |   File "D:\workspace\open-guji-cv\.venv\Lib\site-packages\fastapi\routing.py", line 1279, in handle
    |     await app(scope, receive, send)
    |   File "D:\workspace\open-guji-cv\.venv\Lib\site-packages\fastapi\routing.py", line 158, in app
    |     await wrap_app_handling_exceptions(app, request)(scope, receive, send)
    |   File "D:\workspace\open-guji-cv\.venv\Lib\site-packages\starlette\_exception_handler.py", line 53, in wrapped_app
    |     raise exc
    |   File "D:\workspace\open-guji-cv\.venv\Lib\site-packages\starlette\_exception_handler.py", line 42, in wrapped_app
    |     await app(scope, receive, sender)
    |   File "D:\workspace\open-guji-cv\.venv\Lib\site-packages\fastapi\routing.py", line 144, in app
    |     response = await f(request)
    |                ^^^^^^^^^^^^^^^^
    |   File "D:\workspace\open-guji-cv\.venv\Lib\site-packages\fastapi\routing.py", line 706, in app
    |     raw_response = await run_endpoint_function(
    |                    ^^^^^^^^^^^^^^^^^^^^^^^^^^^^
    |   File "D:\workspace\open-guji-cv\.venv\Lib\site-packages\fastapi\routing.py", line 354, in run_endpoint_function
    |     return await run_in_threadpool(dependant.call, **values)
    |            ^^^^^^^^^^^^^^^^^^^^^^^^^^^^^^^^^^^^^^^^^^^^^^^^^
    |   File "D:\workspace\open-guji-cv\.venv\Lib\site-packages\starlette\concurrency.py", line 34, in run_in_threadpool
    |     return await anyio.to_thread.run_sync(func)
    |            ^^^^^^^^^^^^^^^^^^^^^^^^^^^^^^^^^^^^
    |   File "D:\workspace\open-guji-cv\.venv\Lib\site-packages\anyio\to_thread.py", line 65, in run_sync
    |     return await get_async_backend().run_sync_in_worker_thread(
    |            ^^^^^^^^^^^^^^^^^^^^^^^^^^^^^^^^^^^^^^^^^^^^^^^^^^^^
    |   File "D:\workspace\open-guji-cv\.venv\Lib\site-packages\anyio\_backends\_asyncio.py", line 2706, in run_sync_in_worker_thread
    |     return await future
    |            ^^^^^^^^^^^^
    |   File "D:\workspace\open-guji-cv\.venv\Lib\site-packages\anyio\_backends\_asyncio.py", line 1100, in run
    |     result = context.run(func, *args)
    |              ^^^^^^^^^^^^^^^^^^^^^^^^
    |   File "D:\workspace\open-guji-cv\open_guji_cv\console\errors.py", line 60, in wrapper
    |     return fn(*a, **kw)
    |            ^^^^^^^^^^^^
    |   File "D:\workspace\open-guji-cv\open_guji_cv\console\routers\products.py", line 89, in api_overlay
    |     return _png(overlay(book, step, page, deps.product_store()), scale)
    |                 ^^^^^^^^^^^^^^^^^^^^^^^^^^^^^^^^^^^^^^^^^^^^^^^
    |   File "D:\workspace\open-guji-cv\open_guji_cv\render\overlay.py", line 68, in overlay
    |     b = load_book(book)
    |         ^^^^^^^^^^^^^^^
    |   File "D:\workspace\open-guji-cv\open_guji_cv\core\book.py", line 270, in load_book
    |     raise FileNotFoundError(f"\u6ca1\u6709\u8fd9\u518c\u4e66\u7684\u5b9a\u4e49: {path}")
    | FileNotFoundError: \u6ca1\u6709\u8fd9\u518c\u4e66\u7684\u5b9a\u4e49: D:\workspace\open-guji-cv\open_guji_cv\books\bxrl.yaml
    +------------------------------------

The above exception was the direct cause of the following exception:

Traceback (most recent call last):
  File "D:\workspace\open-guji-cv\.venv\Lib\site-packages\uvicorn\protocols\http\h11_impl.py", line 416, in run_asgi
    result = await app(  # type: ignore[func-returns-value]
             ^^^^^^^^^^^^^^^^^^^^^^^^^^^^^^^^^^^^^^^^^^^^^^
  File "D:\workspace\open-guji-cv\.venv\Lib\site-packages\uvicorn\middleware\proxy_headers.py", line 63, in __call__
    return await self.app(scope, receive, send)
           ^^^^^^^^^^^^^^^^^^^^^^^^^^^^^^^^^^^^
  File "D:\workspace\open-guji-cv\.venv\Lib\site-packages\fastapi\applications.py", line 1163, in __call__
    await super().__call__(scope, receive, send)
  File "D:\workspace\open-guji-cv\.venv\Lib\site-packages\starlette\applications.py", line 96, in __call__
    await self.middleware_stack(scope, receive, send)
  File "D:\workspace\open-guji-cv\.venv\Lib\site-packages\starlette\middleware\errors.py", line 186, in __call__
    raise exc
  File "D:\workspace\open-guji-cv\.venv\Lib\site-packages\starlette\middleware\errors.py", line 164, in __call__
    await self.app(scope, receive, _send)
  File "D:\workspace\open-guji-cv\.venv\Lib\site-packages\starlette\middleware\base.py", line 193, in __call__
    response = await self.dispatch_func(request, call_next)
               ^^^^^^^^^^^^^^^^^^^^^^^^^^^^^^^^^^^^^^^^^^^^
  File "D:\workspace\open-guji-cv\open_guji_cv\console\app.py", line 61, in _no_cache_static
    resp = await call_next(request)
           ^^^^^^^^^^^^^^^^^^^^^^^^
  File "D:\workspace\open-guji-cv\.venv\Lib\site-packages\starlette\middleware\base.py", line 168, in call_next
    raise app_exc from app_exc.__cause__ or app_exc.__context__
  File "D:\workspace\open-guji-cv\.venv\Lib\site-packages\starlette\middleware\base.py", line 144, in coro
    await self.app(scope, receive_or_disconnect, send_no_error)
  File "D:\workspace\open-guji-cv\.venv\Lib\site-packages\starlette\middleware\base.py", line 193, in __call__
    response = await self.dispatch_func(request, call_next)
               ^^^^^^^^^^^^^^^^^^^^^^^^^^^^^^^^^^^^^^^^^^^^
  File "D:\workspace\open-guji-cv\open_guji_cv\console\middleware.py", line 55, in dispatch
    return await call_next(request)
           ^^^^^^^^^^^^^^^^^^^^^^^^
  File "D:\workspace\open-guji-cv\.venv\Lib\site-packages\starlette\middleware\base.py", line 168, in call_next
    raise app_exc from app_exc.__cause__ or app_exc.__context__
  File "D:\workspace\open-guji-cv\.venv\Lib\site-packages\starlette\middleware\base.py", line 144, in coro
    await self.app(scope, receive_or_disconnect, send_no_error)
  File "D:\workspace\open-guji-cv\.venv\Lib\site-packages\starlette\middleware\cors.py", line 88, in __call__
    await self.app(scope, receive, send)
  File "D:\workspace\open-guji-cv\.venv\Lib\site-packages\starlette\middleware\exceptions.py", line 63, in __call__
    await wrap_app_handling_exceptions(self.app, conn)(scope, receive, send)
  File "D:\workspace\open-guji-cv\.venv\Lib\site-packages\starlette\_exception_handler.py", line 53, in wrapped_app
    raise exc
  File "D:\workspace\open-guji-cv\.venv\Lib\site-packages\starlette\_exception_handler.py", line 42, in wrapped_app
    await app(scope, receive, sender)
  File "D:\workspace\open-guji-cv\.venv\Lib\site-packages\fastapi\middleware\asyncexitstack.py", line 18, in __call__
    await self.app(scope, receive, send)
  File "D:\workspace\open-guji-cv\.venv\Lib\site-packages\starlette\routing.py", line 670, in __call__
    await self.middleware_stack(scope, receive, send)
  File "D:\workspace\open-guji-cv\.venv\Lib\site-packages\fastapi\routing.py", line 2734, in app
    await route.handle(scope, receive, send)
  File "D:\workspace\open-guji-cv\.venv\Lib\site-packages\fastapi\routing.py", line 1780, in handle
    await self.original_router.handle(scope, receive, send)
  File "D:\workspace\open-guji-cv\.venv\Lib\site-packages\fastapi\routing.py", line 2789, in handle
    await included_router._handle_selected(scope, receive, send)
  File "D:\workspace\open-guji-cv\.venv\Lib\site-packages\fastapi\routing.py", line 1800, in _handle_selected
    await original_route.handle(scope, receive, send)
  File "D:\workspace\open-guji-cv\.venv\Lib\site-packages\fastapi\routing.py", line 1279, in handle
    await app(scope, receive, send)
  File "D:\workspace\open-guji-cv\.venv\Lib\site-packages\fastapi\routing.py", line 158, in app
    await wrap_app_handling_exceptions(app, request)(scope, receive, send)
  File "D:\workspace\open-guji-cv\.venv\Lib\site-packages\starlette\_exception_handler.py", line 53, in wrapped_app
    raise exc
  File "D:\workspace\open-guji-cv\.venv\Lib\site-packages\starlette\_exception_handler.py", line 42, in wrapped_app
    await app(scope, receive, sender)
  File "D:\workspace\open-guji-cv\.venv\Lib\site-packages\fastapi\routing.py", line 144, in app
    response = await f(request)
               ^^^^^^^^^^^^^^^^
  File "D:\workspace\open-guji-cv\.venv\Lib\site-packages\fastapi\routing.py", line 706, in app
    raw_response = await run_endpoint_function(
                   ^^^^^^^^^^^^^^^^^^^^^^^^^^^^
  File "D:\workspace\open-guji-cv\.venv\Lib\site-packages\fastapi\routing.py", line 354, in run_endpoint_function
    return await run_in_threadpool(dependant.call, **values)
           ^^^^^^^^^^^^^^^^^^^^^^^^^^^^^^^^^^^^^^^^^^^^^^^^^
  File "D:\workspace\open-guji-cv\.venv\Lib\site-packages\starlette\concurrency.py", line 34, in run_in_threadpool
    return await anyio.to_thread.run_sync(func)
           ^^^^^^^^^^^^^^^^^^^^^^^^^^^^^^^^^^^^
  File "D:\workspace\open-guji-cv\.venv\Lib\site-packages\anyio\to_thread.py", line 65, in run_sync
    return await get_async_backend().run_sync_in_worker_thread(
           ^^^^^^^^^^^^^^^^^^^^^^^^^^^^^^^^^^^^^^^^^^^^^^^^^^^^
  File "D:\workspace\open-guji-cv\.venv\Lib\site-packages\anyio\_backends\_asyncio.py", line 2706, in run_sync_in_worker_thread
    return await future
           ^^^^^^^^^^^^
  File "D:\workspace\open-guji-cv\.venv\Lib\site-packages\anyio\_backends\_asyncio.py", line 1100, in run
    result = context.run(func, *args)
             ^^^^^^^^^^^^^^^^^^^^^^^^
  File "D:\workspace\open-guji-cv\open_guji_cv\console\errors.py", line 60, in wrapper
    return fn(*a, **kw)
           ^^^^^^^^^^^^
  File "D:\workspace\open-guji-cv\open_guji_cv\console\routers\products.py", line 89, in api_overlay
    return _png(overlay(book, step, page, deps.product_store()), scale)
                ^^^^^^^^^^^^^^^^^^^^^^^^^^^^^^^^^^^^^^^^^^^^^^^
  File "D:\workspace\open-guji-cv\open_guji_cv\render\overlay.py", line 68, in overlay
    b = load_book(book)
        ^^^^^^^^^^^^^^^
  File "D:\workspace\open-guji-cv\open_guji_cv\core\book.py", line 270, in load_book
    raise FileNotFoundError(f"\u6ca1\u6709\u8fd9\u518c\u4e66\u7684\u5b9a\u4e49: {path}")
FileNotFoundError: \u6ca1\u6709\u8fd9\u518c\u4e66\u7684\u5b9a\u4e49: D:\workspace\open-guji-cv\open_guji_cv\books\bxrl.yaml
ERROR:    Exception in ASGI application
  + Exception Group Traceback (most recent call last):
  |   File "D:\workspace\open-guji-cv\.venv\Lib\site-packages\starlette\_utils.py", line 85, in create_collapsing_task_group
  |     async with anyio.create_task_group() as tg:
  |                ^^^^^^^^^^^^^^^^^^^^^^^^^
  |   File "D:\workspace\open-guji-cv\.venv\Lib\site-packages\anyio\_backends\_asyncio.py", line 847, in __aexit__
  |     raise BaseExceptionGroup(
  | ExceptionGroup: unhandled errors in a TaskGroup (1 sub-exception)
  +-+---------------- 1 ----------------
    | Traceback (most recent call last):
    |   File "D:\workspace\open-guji-cv\.venv\Lib\site-packages\uvicorn\protocols\http\h11_impl.py", line 416, in run_asgi
    |     result = await app(  # type: ignore[func-returns-value]
    |              ^^^^^^^^^^^^^^^^^^^^^^^^^^^^^^^^^^^^^^^^^^^^^^
    |   File "D:\workspace\open-guji-cv\.venv\Lib\site-packages\uvicorn\middleware\proxy_headers.py", line 63, in __call__
    |     return await self.app(scope, receive, send)
    |            ^^^^^^^^^^^^^^^^^^^^^^^^^^^^^^^^^^^^
    |   File "D:\workspace\open-guji-cv\.venv\Lib\site-packages\fastapi\applications.py", line 1163, in __call__
    |     await super().__call__(scope, receive, send)
    |   File "D:\workspace\open-guji-cv\.venv\Lib\site-packages\starlette\applications.py", line 96, in __call__
    |     await self.middleware_stack(scope, receive, send)
    |   File "D:\workspace\open-guji-cv\.venv\Lib\site-packages\starlette\middleware\errors.py", line 186, in __call__
    |     raise exc
    |   File "D:\workspace\open-guji-cv\.venv\Lib\site-packages\starlette\middleware\errors.py", line 164, in __call__
    |     await self.app(scope, receive, _send)
    |   File "D:\workspace\open-guji-cv\.venv\Lib\site-packages\starlette\middleware\base.py", line 193, in __call__
    |     response = await self.dispatch_func(request, call_next)
    |                ^^^^^^^^^^^^^^^^^^^^^^^^^^^^^^^^^^^^^^^^^^^^
    |   File "D:\workspace\open-guji-cv\open_guji_cv\console\app.py", line 61, in _no_cache_static
    |     resp = await call_next(request)
    |            ^^^^^^^^^^^^^^^^^^^^^^^^
    |   File "D:\workspace\open-guji-cv\.venv\Lib\site-packages\starlette\middleware\base.py", line 168, in call_next
    |     raise app_exc from app_exc.__cause__ or app_exc.__context__
    |   File "D:\workspace\open-guji-cv\.venv\Lib\site-packages\starlette\middleware\base.py", line 144, in coro
    |     await self.app(scope, receive_or_disconnect, send_no_error)
    |   File "D:\workspace\open-guji-cv\.venv\Lib\site-packages\starlette\middleware\base.py", line 193, in __call__
    |     response = await self.dispatch_func(request, call_next)
    |                ^^^^^^^^^^^^^^^^^^^^^^^^^^^^^^^^^^^^^^^^^^^^
    |   File "D:\workspace\open-guji-cv\open_guji_cv\console\middleware.py", line 55, in dispatch
    |     return await call_next(request)
    |            ^^^^^^^^^^^^^^^^^^^^^^^^
    |   File "D:\workspace\open-guji-cv\.venv\Lib\site-packages\starlette\middleware\base.py", line 168, in call_next
    |     raise app_exc from app_exc.__cause__ or app_exc.__context__
    |   File "D:\workspace\open-guji-cv\.venv\Lib\site-packages\starlette\middleware\base.py", line 144, in coro
    |     await self.app(scope, receive_or_disconnect, send_no_error)
    |   File "D:\workspace\open-guji-cv\.venv\Lib\site-packages\starlette\middleware\cors.py", line 88, in __call__
    |     await self.app(scope, receive, send)
    |   File "D:\workspace\open-guji-cv\.venv\Lib\site-packages\starlette\middleware\exceptions.py", line 63, in __call__
    |     await wrap_app_handling_exceptions(self.app, conn)(scope, receive, send)
    |   File "D:\workspace\open-guji-cv\.venv\Lib\site-packages\starlette\_exception_handler.py", line 53, in wrapped_app
    |     raise exc
    |   File "D:\workspace\open-guji-cv\.venv\Lib\site-packages\starlette\_exception_handler.py", line 42, in wrapped_app
    |     await app(scope, receive, sender)
    |   File "D:\workspace\open-guji-cv\.venv\Lib\site-packages\fastapi\middleware\asyncexitstack.py", line 18, in __call__
    |     await self.app(scope, receive, send)
    |   File "D:\workspace\open-guji-cv\.venv\Lib\site-packages\starlette\routing.py", line 670, in __call__
    |     await self.middleware_stack(scope, receive, send)
    |   File "D:\workspace\open-guji-cv\.venv\Lib\site-packages\fastapi\routing.py", line 2734, in app
    |     await route.handle(scope, receive, send)
    |   File "D:\workspace\open-guji-cv\.venv\Lib\site-packages\fastapi\routing.py", line 1780, in handle
    |     await self.original_router.handle(scope, receive, send)
    |   File "D:\workspace\open-guji-cv\.venv\Lib\site-packages\fastapi\routing.py", line 2789, in handle
    |     await included_router._handle_selected(scope, receive, send)
    |   File "D:\workspace\open-guji-cv\.venv\Lib\site-packages\fastapi\routing.py", line 1800, in _handle_selected
    |     await original_route.handle(scope, receive, send)
    |   File "D:\workspace\open-guji-cv\.venv\Lib\site-packages\fastapi\routing.py", line 1279, in handle
    |     await app(scope, receive, send)
    |   File "D:\workspace\open-guji-cv\.venv\Lib\site-packages\fastapi\routing.py", line 158, in app
    |     await wrap_app_handling_exceptions(app, request)(scope, receive, send)
    |   File "D:\workspace\open-guji-cv\.venv\Lib\site-packages\starlette\_exception_handler.py", line 53, in wrapped_app
    |     raise exc
    |   File "D:\workspace\open-guji-cv\.venv\Lib\site-packages\starlette\_exception_handler.py", line 42, in wrapped_app
    |     await app(scope, receive, sender)
    |   File "D:\workspace\open-guji-cv\.venv\Lib\site-packages\fastapi\routing.py", line 144, in app
    |     response = await f(request)
    |                ^^^^^^^^^^^^^^^^
    |   File "D:\workspace\open-guji-cv\.venv\Lib\site-packages\fastapi\routing.py", line 706, in app
    |     raw_response = await run_endpoint_function(
    |                    ^^^^^^^^^^^^^^^^^^^^^^^^^^^^
    |   File "D:\workspace\open-guji-cv\.venv\Lib\site-packages\fastapi\routing.py", line 354, in run_endpoint_function
    |     return await run_in_threadpool(dependant.call, **values)
    |            ^^^^^^^^^^^^^^^^^^^^^^^^^^^^^^^^^^^^^^^^^^^^^^^^^
    |   File "D:\workspace\open-guji-cv\.venv\Lib\site-packages\starlette\concurrency.py", line 34, in run_in_threadpool
    |     return await anyio.to_thread.run_sync(func)
    |            ^^^^^^^^^^^^^^^^^^^^^^^^^^^^^^^^^^^^
    |   File "D:\workspace\open-guji-cv\.venv\Lib\site-packages\anyio\to_thread.py", line 65, in run_sync
    |     return await get_async_backend().run_sync_in_worker_thread(
    |            ^^^^^^^^^^^^^^^^^^^^^^^^^^^^^^^^^^^^^^^^^^^^^^^^^^^^
    |   File "D:\workspace\open-guji-cv\.venv\Lib\site-packages\anyio\_backends\_asyncio.py", line 2706, in run_sync_in_worker_thread
    |     return await future
    |            ^^^^^^^^^^^^
    |   File "D:\workspace\open-guji-cv\.venv\Lib\site-packages\anyio\_backends\_asyncio.py", line 1100, in run
    |     result = context.run(func, *args)
    |              ^^^^^^^^^^^^^^^^^^^^^^^^
    |   File "D:\workspace\open-guji-cv\open_guji_cv\console\errors.py", line 60, in wrapper
    |     return fn(*a, **kw)
    |            ^^^^^^^^^^^^
    |   File "D:\workspace\open-guji-cv\open_guji_cv\console\routers\products.py", line 89, in api_overlay
    |     return _png(overlay(book, step, page, deps.product_store()), scale)
    |                 ^^^^^^^^^^^^^^^^^^^^^^^^^^^^^^^^^^^^^^^^^^^^^^^
    |   File "D:\workspace\open-guji-cv\open_guji_cv\render\overlay.py", line 68, in overlay
    |     b = load_book(book)
    |         ^^^^^^^^^^^^^^^
    |   File "D:\workspace\open-guji-cv\open_guji_cv\core\book.py", line 270, in load_book
    |     raise FileNotFoundError(f"\u6ca1\u6709\u8fd9\u518c\u4e66\u7684\u5b9a\u4e49: {path}")
    | FileNotFoundError: \u6ca1\u6709\u8fd9\u518c\u4e66\u7684\u5b9a\u4e49: D:\workspace\open-guji-cv\open_guji_cv\books\bxrl.yaml
    +------------------------------------

The above exception was the direct cause of the following exception:

Traceback (most recent call last):
  File "D:\workspace\open-guji-cv\.venv\Lib\site-packages\uvicorn\protocols\http\h11_impl.py", line 416, in run_asgi
    result = await app(  # type: ignore[func-returns-value]
             ^^^^^^^^^^^^^^^^^^^^^^^^^^^^^^^^^^^^^^^^^^^^^^
  File "D:\workspace\open-guji-cv\.venv\Lib\site-packages\uvicorn\middleware\proxy_headers.py", line 63, in __call__
    return await self.app(scope, receive, send)
           ^^^^^^^^^^^^^^^^^^^^^^^^^^^^^^^^^^^^
  File "D:\workspace\open-guji-cv\.venv\Lib\site-packages\fastapi\applications.py", line 1163, in __call__
    await super().__call__(scope, receive, send)
  File "D:\workspace\open-guji-cv\.venv\Lib\site-packages\starlette\applications.py", line 96, in __call__
    await self.middleware_stack(scope, receive, send)
  File "D:\workspace\open-guji-cv\.venv\Lib\site-packages\starlette\middleware\errors.py", line 186, in __call__
    raise exc
  File "D:\workspace\open-guji-cv\.venv\Lib\site-packages\starlette\middleware\errors.py", line 164, in __call__
    await self.app(scope, receive, _send)
  File "D:\workspace\open-guji-cv\.venv\Lib\site-packages\starlette\middleware\base.py", line 193, in __call__
    response = await self.dispatch_func(request, call_next)
               ^^^^^^^^^^^^^^^^^^^^^^^^^^^^^^^^^^^^^^^^^^^^
  File "D:\workspace\open-guji-cv\open_guji_cv\console\app.py", line 61, in _no_cache_static
    resp = await call_next(request)
           ^^^^^^^^^^^^^^^^^^^^^^^^
  File "D:\workspace\open-guji-cv\.venv\Lib\site-packages\starlette\middleware\base.py", line 168, in call_next
    raise app_exc from app_exc.__cause__ or app_exc.__context__
  File "D:\workspace\open-guji-cv\.venv\Lib\site-packages\starlette\middleware\base.py", line 144, in coro
    await self.app(scope, receive_or_disconnect, send_no_error)
  File "D:\workspace\open-guji-cv\.venv\Lib\site-packages\starlette\middleware\base.py", line 193, in __call__
    response = await self.dispatch_func(request, call_next)
               ^^^^^^^^^^^^^^^^^^^^^^^^^^^^^^^^^^^^^^^^^^^^
  File "D:\workspace\open-guji-cv\open_guji_cv\console\middleware.py", line 55, in dispatch
    return await call_next(request)
           ^^^^^^^^^^^^^^^^^^^^^^^^
  File "D:\workspace\open-guji-cv\.venv\Lib\site-packages\starlette\middleware\base.py", line 168, in call_next
    raise app_exc from app_exc.__cause__ or app_exc.__context__
  File "D:\workspace\open-guji-cv\.venv\Lib\site-packages\starlette\middleware\base.py", line 144, in coro
    await self.app(scope, receive_or_disconnect, send_no_error)
  File "D:\workspace\open-guji-cv\.venv\Lib\site-packages\starlette\middleware\cors.py", line 88, in __call__
    await self.app(scope, receive, send)
  File "D:\workspace\open-guji-cv\.venv\Lib\site-packages\starlette\middleware\exceptions.py", line 63, in __call__
    await wrap_app_handling_exceptions(self.app, conn)(scope, receive, send)
  File "D:\workspace\open-guji-cv\.venv\Lib\site-packages\starlette\_exception_handler.py", line 53, in wrapped_app
    raise exc
  File "D:\workspace\open-guji-cv\.venv\Lib\site-packages\starlette\_exception_handler.py", line 42, in wrapped_app
    await app(scope, receive, sender)
  File "D:\workspace\open-guji-cv\.venv\Lib\site-packages\fastapi\middleware\asyncexitstack.py", line 18, in __call__
    await self.app(scope, receive, send)
  File "D:\workspace\open-guji-cv\.venv\Lib\site-packages\starlette\routing.py", line 670, in __call__
    await self.middleware_stack(scope, receive, send)
  File "D:\workspace\open-guji-cv\.venv\Lib\site-packages\fastapi\routing.py", line 2734, in app
    await route.handle(scope, receive, send)
  File "D:\workspace\open-guji-cv\.venv\Lib\site-packages\fastapi\routing.py", line 1780, in handle
    await self.original_router.handle(scope, receive, send)
  File "D:\workspace\open-guji-cv\.venv\Lib\site-packages\fastapi\routing.py", line 2789, in handle
    await included_router._handle_selected(scope, receive, send)
  File "D:\workspace\open-guji-cv\.venv\Lib\site-packages\fastapi\routing.py", line 1800, in _handle_selected
    await original_route.handle(scope, receive, send)
  File "D:\workspace\open-guji-cv\.venv\Lib\site-packages\fastapi\routing.py", line 1279, in handle
    await app(scope, receive, send)
  File "D:\workspace\open-guji-cv\.venv\Lib\site-packages\fastapi\routing.py", line 158, in app
    await wrap_app_handling_exceptions(app, request)(scope, receive, send)
  File "D:\workspace\open-guji-cv\.venv\Lib\site-packages\starlette\_exception_handler.py", line 53, in wrapped_app
    raise exc
  File "D:\workspace\open-guji-cv\.venv\Lib\site-packages\starlette\_exception_handler.py", line 42, in wrapped_app
    await app(scope, receive, sender)
  File "D:\workspace\open-guji-cv\.venv\Lib\site-packages\fastapi\routing.py", line 144, in app
    response = await f(request)
               ^^^^^^^^^^^^^^^^
  File "D:\workspace\open-guji-cv\.venv\Lib\site-packages\fastapi\routing.py", line 706, in app
    raw_response = await run_endpoint_function(
                   ^^^^^^^^^^^^^^^^^^^^^^^^^^^^
  File "D:\workspace\open-guji-cv\.venv\Lib\site-packages\fastapi\routing.py", line 354, in run_endpoint_function
    return await run_in_threadpool(dependant.call, **values)
           ^^^^^^^^^^^^^^^^^^^^^^^^^^^^^^^^^^^^^^^^^^^^^^^^^
  File "D:\workspace\open-guji-cv\.venv\Lib\site-packages\starlette\concurrency.py", line 34, in run_in_threadpool
    return await anyio.to_thread.run_sync(func)
           ^^^^^^^^^^^^^^^^^^^^^^^^^^^^^^^^^^^^
  File "D:\workspace\open-guji-cv\.venv\Lib\site-packages\anyio\to_thread.py", line 65, in run_sync
    return await get_async_backend().run_sync_in_worker_thread(
           ^^^^^^^^^^^^^^^^^^^^^^^^^^^^^^^^^^^^^^^^^^^^^^^^^^^^
  File "D:\workspace\open-guji-cv\.venv\Lib\site-packages\anyio\_backends\_asyncio.py", line 2706, in run_sync_in_worker_thread
    return await future
           ^^^^^^^^^^^^
  File "D:\workspace\open-guji-cv\.venv\Lib\site-packages\anyio\_backends\_asyncio.py", line 1100, in run
    result = context.run(func, *args)
             ^^^^^^^^^^^^^^^^^^^^^^^^
  File "D:\workspace\open-guji-cv\open_guji_cv\console\errors.py", line 60, in wrapper
    return fn(*a, **kw)
           ^^^^^^^^^^^^
  File "D:\workspace\open-guji-cv\open_guji_cv\console\routers\products.py", line 89, in api_overlay
    return _png(overlay(book, step, page, deps.product_store()), scale)
                ^^^^^^^^^^^^^^^^^^^^^^^^^^^^^^^^^^^^^^^^^^^^^^^
  File "D:\workspace\open-guji-cv\open_guji_cv\render\overlay.py", line 68, in overlay
    b = load_book(book)
        ^^^^^^^^^^^^^^^
  File "D:\workspace\open-guji-cv\open_guji_cv\core\book.py", line 270, in load_book
    raise FileNotFoundError(f"\u6ca1\u6709\u8fd9\u518c\u4e66\u7684\u5b9a\u4e49: {path}")
FileNotFoundError: \u6ca1\u6709\u8fd9\u518c\u4e66\u7684\u5b9a\u4e49: D:\workspace\open-guji-cv\open_guji_cv\books\bxrl.yaml
ERROR:    Exception in ASGI application
  + Exception Group Traceback (most recent call last):
  |   File "D:\workspace\open-guji-cv\.venv\Lib\site-packages\starlette\_utils.py", line 85, in create_collapsing_task_group
  |     async with anyio.create_task_group() as tg:
  |                ^^^^^^^^^^^^^^^^^^^^^^^^^
  |   File "D:\workspace\open-guji-cv\.venv\Lib\site-packages\anyio\_backends\_asyncio.py", line 847, in __aexit__
  |     raise BaseExceptionGroup(
  | ExceptionGroup: unhandled errors in a TaskGroup (1 sub-exception)
  +-+---------------- 1 ----------------
    | Traceback (most recent call last):
    |   File "D:\workspace\open-guji-cv\.venv\Lib\site-packages\uvicorn\protocols\http\h11_impl.py", line 416, in run_asgi
    |     result = await app(  # type: ignore[func-returns-value]
    |              ^^^^^^^^^^^^^^^^^^^^^^^^^^^^^^^^^^^^^^^^^^^^^^
    |   File "D:\workspace\open-guji-cv\.venv\Lib\site-packages\uvicorn\middleware\proxy_headers.py", line 63, in __call__
    |     return await self.app(scope, receive, send)
    |            ^^^^^^^^^^^^^^^^^^^^^^^^^^^^^^^^^^^^
    |   File "D:\workspace\open-guji-cv\.venv\Lib\site-packages\fastapi\applications.py", line 1163, in __call__
    |     await super().__call__(scope, receive, send)
    |   File "D:\workspace\open-guji-cv\.venv\Lib\site-packages\starlette\applications.py", line 96, in __call__
    |     await self.middleware_stack(scope, receive, send)
    |   File "D:\workspace\open-guji-cv\.venv\Lib\site-packages\starlette\middleware\errors.py", line 186, in __call__
    |     raise exc
    |   File "D:\workspace\open-guji-cv\.venv\Lib\site-packages\starlette\middleware\errors.py", line 164, in __call__
    |     await self.app(scope, receive, _send)
    |   File "D:\workspace\open-guji-cv\.venv\Lib\site-packages\starlette\middleware\base.py", line 193, in __call__
    |     response = await self.dispatch_func(request, call_next)
    |                ^^^^^^^^^^^^^^^^^^^^^^^^^^^^^^^^^^^^^^^^^^^^
    |   File "D:\workspace\open-guji-cv\open_guji_cv\console\app.py", line 61, in _no_cache_static
    |     resp = await call_next(request)
    |            ^^^^^^^^^^^^^^^^^^^^^^^^
    |   File "D:\workspace\open-guji-cv\.venv\Lib\site-packages\starlette\middleware\base.py", line 168, in call_next
    |     raise app_exc from app_exc.__cause__ or app_exc.__context__
    |   File "D:\workspace\open-guji-cv\.venv\Lib\site-packages\starlette\middleware\base.py", line 144, in coro
    |     await self.app(scope, receive_or_disconnect, send_no_error)
    |   File "D:\workspace\open-guji-cv\.venv\Lib\site-packages\starlette\middleware\base.py", line 193, in __call__
    |     response = await self.dispatch_func(request, call_next)
    |                ^^^^^^^^^^^^^^^^^^^^^^^^^^^^^^^^^^^^^^^^^^^^
    |   File "D:\workspace\open-guji-cv\open_guji_cv\console\middleware.py", line 55, in dispatch
    |     return await call_next(request)
    |            ^^^^^^^^^^^^^^^^^^^^^^^^
    |   File "D:\workspace\open-guji-cv\.venv\Lib\site-packages\starlette\middleware\base.py", line 168, in call_next
    |     raise app_exc from app_exc.__cause__ or app_exc.__context__
    |   File "D:\workspace\open-guji-cv\.venv\Lib\site-packages\starlette\middleware\base.py", line 144, in coro
    |     await self.app(scope, receive_or_disconnect, send_no_error)
    |   File "D:\workspace\open-guji-cv\.venv\Lib\site-packages\starlette\middleware\cors.py", line 88, in __call__
    |     await self.app(scope, receive, send)
    |   File "D:\workspace\open-guji-cv\.venv\Lib\site-packages\starlette\middleware\exceptions.py", line 63, in __call__
    |     await wrap_app_handling_exceptions(self.app, conn)(scope, receive, send)
    |   File "D:\workspace\open-guji-cv\.venv\Lib\site-packages\starlette\_exception_handler.py", line 53, in wrapped_app
    |     raise exc
    |   File "D:\workspace\open-guji-cv\.venv\Lib\site-packages\starlette\_exception_handler.py", line 42, in wrapped_app
    |     await app(scope, receive, sender)
    |   File "D:\workspace\open-guji-cv\.venv\Lib\site-packages\fastapi\middleware\asyncexitstack.py", line 18, in __call__
    |     await self.app(scope, receive, send)
    |   File "D:\workspace\open-guji-cv\.venv\Lib\site-packages\starlette\routing.py", line 670, in __call__
    |     await self.middleware_stack(scope, receive, send)
    |   File "D:\workspace\open-guji-cv\.venv\Lib\site-packages\fastapi\routing.py", line 2734, in app
    |     await route.handle(scope, receive, send)
    |   File "D:\workspace\open-guji-cv\.venv\Lib\site-packages\fastapi\routing.py", line 1780, in handle
    |     await self.original_router.handle(scope, receive, send)
    |   File "D:\workspace\open-guji-cv\.venv\Lib\site-packages\fastapi\routing.py", line 2789, in handle
    |     await included_router._handle_selected(scope, receive, send)
    |   File "D:\workspace\open-guji-cv\.venv\Lib\site-packages\fastapi\routing.py", line 1800, in _handle_selected
    |     await original_route.handle(scope, receive, send)
    |   File "D:\workspace\open-guji-cv\.venv\Lib\site-packages\fastapi\routing.py", line 1279, in handle
    |     await app(scope, receive, send)
    |   File "D:\workspace\open-guji-cv\.venv\Lib\site-packages\fastapi\routing.py", line 158, in app
    |     await wrap_app_handling_exceptions(app, request)(scope, receive, send)
    |   File "D:\workspace\open-guji-cv\.venv\Lib\site-packages\starlette\_exception_handler.py", line 53, in wrapped_app
    |     raise exc
    |   File "D:\workspace\open-guji-cv\.venv\Lib\site-packages\starlette\_exception_handler.py", line 42, in wrapped_app
    |     await app(scope, receive, sender)
    |   File "D:\workspace\open-guji-cv\.venv\Lib\site-packages\fastapi\routing.py", line 144, in app
    |     response = await f(request)
    |                ^^^^^^^^^^^^^^^^
    |   File "D:\workspace\open-guji-cv\.venv\Lib\site-packages\fastapi\routing.py", line 706, in app
    |     raw_response = await run_endpoint_function(
    |                    ^^^^^^^^^^^^^^^^^^^^^^^^^^^^
    |   File "D:\workspace\open-guji-cv\.venv\Lib\site-packages\fastapi\routing.py", line 354, in run_endpoint_function
    |     return await run_in_threadpool(dependant.call, **values)
    |            ^^^^^^^^^^^^^^^^^^^^^^^^^^^^^^^^^^^^^^^^^^^^^^^^^
    |   File "D:\workspace\open-guji-cv\.venv\Lib\site-packages\starlette\concurrency.py", line 34, in run_in_threadpool
    |     return await anyio.to_thread.run_sync(func)
    |            ^^^^^^^^^^^^^^^^^^^^^^^^^^^^^^^^^^^^
    |   File "D:\workspace\open-guji-cv\.venv\Lib\site-packages\anyio\to_thread.py", line 65, in run_sync
    |     return await get_async_backend().run_sync_in_worker_thread(
    |            ^^^^^^^^^^^^^^^^^^^^^^^^^^^^^^^^^^^^^^^^^^^^^^^^^^^^
    |   File "D:\workspace\open-guji-cv\.venv\Lib\site-packages\anyio\_backends\_asyncio.py", line 2706, in run_sync_in_worker_thread
    |     return await future
    |            ^^^^^^^^^^^^
    |   File "D:\workspace\open-guji-cv\.venv\Lib\site-packages\anyio\_backends\_asyncio.py", line 1100, in run
    |     result = context.run(func, *args)
    |              ^^^^^^^^^^^^^^^^^^^^^^^^
    |   File "D:\workspace\open-guji-cv\open_guji_cv\console\errors.py", line 60, in wrapper
    |     return fn(*a, **kw)
    |            ^^^^^^^^^^^^
    |   File "D:\workspace\open-guji-cv\open_guji_cv\console\routers\products.py", line 89, in api_overlay
    |     return _png(overlay(book, step, page, deps.product_store()), scale)
    |                 ^^^^^^^^^^^^^^^^^^^^^^^^^^^^^^^^^^^^^^^^^^^^^^^
    |   File "D:\workspace\open-guji-cv\open_guji_cv\render\overlay.py", line 68, in overlay
    |     b = load_book(book)
    |         ^^^^^^^^^^^^^^^
    |   File "D:\workspace\open-guji-cv\open_guji_cv\core\book.py", line 270, in load_book
    |     raise FileNotFoundError(f"\u6ca1\u6709\u8fd9\u518c\u4e66\u7684\u5b9a\u4e49: {path}")
    | FileNotFoundError: \u6ca1\u6709\u8fd9\u518c\u4e66\u7684\u5b9a\u4e49: D:\workspace\open-guji-cv\open_guji_cv\books\bxrl.yaml
    +------------------------------------

The above exception was the direct cause of the following exception:

Traceback (most recent call last):
  File "D:\workspace\open-guji-cv\.venv\Lib\site-packages\uvicorn\protocols\http\h11_impl.py", line 416, in run_asgi
    result = await app(  # type: ignore[func-returns-value]
             ^^^^^^^^^^^^^^^^^^^^^^^^^^^^^^^^^^^^^^^^^^^^^^
  File "D:\workspace\open-guji-cv\.venv\Lib\site-packages\uvicorn\middleware\proxy_headers.py", line 63, in __call__
    return await self.app(scope, receive, send)
           ^^^^^^^^^^^^^^^^^^^^^^^^^^^^^^^^^^^^
  File "D:\workspace\open-guji-cv\.venv\Lib\site-packages\fastapi\applications.py", line 1163, in __call__
    await super().__call__(scope, receive, send)
  File "D:\workspace\open-guji-cv\.venv\Lib\site-packages\starlette\applications.py", line 96, in __call__
    await self.middleware_stack(scope, receive, send)
  File "D:\workspace\open-guji-cv\.venv\Lib\site-packages\starlette\middleware\errors.py", line 186, in __call__
    raise exc
  File "D:\workspace\open-guji-cv\.venv\Lib\site-packages\starlette\middleware\errors.py", line 164, in __call__
    await self.app(scope, receive, _send)
  File "D:\workspace\open-guji-cv\.venv\Lib\site-packages\starlette\middleware\base.py", line 193, in __call__
    response = await self.dispatch_func(request, call_next)
               ^^^^^^^^^^^^^^^^^^^^^^^^^^^^^^^^^^^^^^^^^^^^
  File "D:\workspace\open-guji-cv\open_guji_cv\console\app.py", line 61, in _no_cache_static
    resp = await call_next(request)
           ^^^^^^^^^^^^^^^^^^^^^^^^
  File "D:\workspace\open-guji-cv\.venv\Lib\site-packages\starlette\middleware\base.py", line 168, in call_next
    raise app_exc from app_exc.__cause__ or app_exc.__context__
  File "D:\workspace\open-guji-cv\.venv\Lib\site-packages\starlette\middleware\base.py", line 144, in coro
    await self.app(scope, receive_or_disconnect, send_no_error)
  File "D:\workspace\open-guji-cv\.venv\Lib\site-packages\starlette\middleware\base.py", line 193, in __call__
    response = await self.dispatch_func(request, call_next)
               ^^^^^^^^^^^^^^^^^^^^^^^^^^^^^^^^^^^^^^^^^^^^
  File "D:\workspace\open-guji-cv\open_guji_cv\console\middleware.py", line 55, in dispatch
    return await call_next(request)
           ^^^^^^^^^^^^^^^^^^^^^^^^
  File "D:\workspace\open-guji-cv\.venv\Lib\site-packages\starlette\middleware\base.py", line 168, in call_next
    raise app_exc from app_exc.__cause__ or app_exc.__context__
  File "D:\workspace\open-guji-cv\.venv\Lib\site-packages\starlette\middleware\base.py", line 144, in coro
    await self.app(scope, receive_or_disconnect, send_no_error)
  File "D:\workspace\open-guji-cv\.venv\Lib\site-packages\starlette\middleware\cors.py", line 88, in __call__
    await self.app(scope, receive, send)
  File "D:\workspace\open-guji-cv\.venv\Lib\site-packages\starlette\middleware\exceptions.py", line 63, in __call__
    await wrap_app_handling_exceptions(self.app, conn)(scope, receive, send)
  File "D:\workspace\open-guji-cv\.venv\Lib\site-packages\starlette\_exception_handler.py", line 53, in wrapped_app
    raise exc
  File "D:\workspace\open-guji-cv\.venv\Lib\site-packages\starlette\_exception_handler.py", line 42, in wrapped_app
    await app(scope, receive, sender)
  File "D:\workspace\open-guji-cv\.venv\Lib\site-packages\fastapi\middleware\asyncexitstack.py", line 18, in __call__
    await self.app(scope, receive, send)
  File "D:\workspace\open-guji-cv\.venv\Lib\site-packages\starlette\routing.py", line 670, in __call__
    await self.middleware_stack(scope, receive, send)
  File "D:\workspace\open-guji-cv\.venv\Lib\site-packages\fastapi\routing.py", line 2734, in app
    await route.handle(scope, receive, send)
  File "D:\workspace\open-guji-cv\.venv\Lib\site-packages\fastapi\routing.py", line 1780, in handle
    await self.original_router.handle(scope, receive, send)
  File "D:\workspace\open-guji-cv\.venv\Lib\site-packages\fastapi\routing.py", line 2789, in handle
    await included_router._handle_selected(scope, receive, send)
  File "D:\workspace\open-guji-cv\.venv\Lib\site-packages\fastapi\routing.py", line 1800, in _handle_selected
    await original_route.handle(scope, receive, send)
  File "D:\workspace\open-guji-cv\.venv\Lib\site-packages\fastapi\routing.py", line 1279, in handle
    await app(scope, receive, send)
  File "D:\workspace\open-guji-cv\.venv\Lib\site-packages\fastapi\routing.py", line 158, in app
    await wrap_app_handling_exceptions(app, request)(scope, receive, send)
  File "D:\workspace\open-guji-cv\.venv\Lib\site-packages\starlette\_exception_handler.py", line 53, in wrapped_app
    raise exc
  File "D:\workspace\open-guji-cv\.venv\Lib\site-packages\starlette\_exception_handler.py", line 42, in wrapped_app
    await app(scope, receive, sender)
  File "D:\workspace\open-guji-cv\.venv\Lib\site-packages\fastapi\routing.py", line 144, in app
    response = await f(request)
               ^^^^^^^^^^^^^^^^
  File "D:\workspace\open-guji-cv\.venv\Lib\site-packages\fastapi\routing.py", line 706, in app
    raw_response = await run_endpoint_function(
                   ^^^^^^^^^^^^^^^^^^^^^^^^^^^^
  File "D:\workspace\open-guji-cv\.venv\Lib\site-packages\fastapi\routing.py", line 354, in run_endpoint_function
    return await run_in_threadpool(dependant.call, **values)
           ^^^^^^^^^^^^^^^^^^^^^^^^^^^^^^^^^^^^^^^^^^^^^^^^^
  File "D:\workspace\open-guji-cv\.venv\Lib\site-packages\starlette\concurrency.py", line 34, in run_in_threadpool
    return await anyio.to_thread.run_sync(func)
           ^^^^^^^^^^^^^^^^^^^^^^^^^^^^^^^^^^^^
  File "D:\workspace\open-guji-cv\.venv\Lib\site-packages\anyio\to_thread.py", line 65, in run_sync
    return await get_async_backend().run_sync_in_worker_thread(
           ^^^^^^^^^^^^^^^^^^^^^^^^^^^^^^^^^^^^^^^^^^^^^^^^^^^^
  File "D:\workspace\open-guji-cv\.venv\Lib\site-packages\anyio\_backends\_asyncio.py", line 2706, in run_sync_in_worker_thread
    return await future
           ^^^^^^^^^^^^
  File "D:\workspace\open-guji-cv\.venv\Lib\site-packages\anyio\_backends\_asyncio.py", line 1100, in run
    result = context.run(func, *args)
             ^^^^^^^^^^^^^^^^^^^^^^^^
  File "D:\workspace\open-guji-cv\open_guji_cv\console\errors.py", line 60, in wrapper
    return fn(*a, **kw)
           ^^^^^^^^^^^^
  File "D:\workspace\open-guji-cv\open_guji_cv\console\routers\products.py", line 89, in api_overlay
    return _png(overlay(book, step, page, deps.product_store()), scale)
                ^^^^^^^^^^^^^^^^^^^^^^^^^^^^^^^^^^^^^^^^^^^^^^^
  File "D:\workspace\open-guji-cv\open_guji_cv\render\overlay.py", line 68, in overlay
    b = load_book(book)
        ^^^^^^^^^^^^^^^
  File "D:\workspace\open-guji-cv\open_guji_cv\core\book.py", line 270, in load_book
    raise FileNotFoundError(f"\u6ca1\u6709\u8fd9\u518c\u4e66\u7684\u5b9a\u4e49: {path}")
FileNotFoundError: \u6ca1\u6709\u8fd9\u518c\u4e66\u7684\u5b9a\u4e49: D:\workspace\open-guji-cv\open_guji_cv\books\bxrl.yaml
ERROR:    Exception in ASGI application
  + Exception Group Traceback (most recent call last):
  |   File "D:\workspace\open-guji-cv\.venv\Lib\site-packages\starlette\_utils.py", line 85, in create_collapsing_task_group
  |     async with anyio.create_task_group() as tg:
  |                ^^^^^^^^^^^^^^^^^^^^^^^^^
  |   File "D:\workspace\open-guji-cv\.venv\Lib\site-packages\anyio\_backends\_asyncio.py", line 847, in __aexit__
  |     raise BaseExceptionGroup(
  | ExceptionGroup: unhandled errors in a TaskGroup (1 sub-exception)
  +-+---------------- 1 ----------------
    | Traceback (most recent call last):
    |   File "D:\workspace\open-guji-cv\.venv\Lib\site-packages\uvicorn\protocols\http\h11_impl.py", line 416, in run_asgi
    |     result = await app(  # type: ignore[func-returns-value]
    |              ^^^^^^^^^^^^^^^^^^^^^^^^^^^^^^^^^^^^^^^^^^^^^^
    |   File "D:\workspace\open-guji-cv\.venv\Lib\site-packages\uvicorn\middleware\proxy_headers.py", line 63, in __call__
    |     return await self.app(scope, receive, send)
    |            ^^^^^^^^^^^^^^^^^^^^^^^^^^^^^^^^^^^^
    |   File "D:\workspace\open-guji-cv\.venv\Lib\site-packages\fastapi\applications.py", line 1163, in __call__
    |     await super().__call__(scope, receive, send)
    |   File "D:\workspace\open-guji-cv\.venv\Lib\site-packages\starlette\applications.py", line 96, in __call__
    |     await self.middleware_stack(scope, receive, send)
    |   File "D:\workspace\open-guji-cv\.venv\Lib\site-packages\starlette\middleware\errors.py", line 186, in __call__
    |     raise exc
    |   File "D:\workspace\open-guji-cv\.venv\Lib\site-packages\starlette\middleware\errors.py", line 164, in __call__
    |     await self.app(scope, receive, _send)
    |   File "D:\workspace\open-guji-cv\.venv\Lib\site-packages\starlette\middleware\base.py", line 193, in __call__
    |     response = await self.dispatch_func(request, call_next)
    |                ^^^^^^^^^^^^^^^^^^^^^^^^^^^^^^^^^^^^^^^^^^^^
    |   File "D:\workspace\open-guji-cv\open_guji_cv\console\app.py", line 61, in _no_cache_static
    |     resp = await call_next(request)
    |            ^^^^^^^^^^^^^^^^^^^^^^^^
    |   File "D:\workspace\open-guji-cv\.venv\Lib\site-packages\starlette\middleware\base.py", line 168, in call_next
    |     raise app_exc from app_exc.__cause__ or app_exc.__context__
    |   File "D:\workspace\open-guji-cv\.venv\Lib\site-packages\starlette\middleware\base.py", line 144, in coro
    |     await self.app(scope, receive_or_disconnect, send_no_error)
    |   File "D:\workspace\open-guji-cv\.venv\Lib\site-packages\starlette\middleware\base.py", line 193, in __call__
    |     response = await self.dispatch_func(request, call_next)
    |                ^^^^^^^^^^^^^^^^^^^^^^^^^^^^^^^^^^^^^^^^^^^^
    |   File "D:\workspace\open-guji-cv\open_guji_cv\console\middleware.py", line 55, in dispatch
    |     return await call_next(request)
    |            ^^^^^^^^^^^^^^^^^^^^^^^^
    |   File "D:\workspace\open-guji-cv\.venv\Lib\site-packages\starlette\middleware\base.py", line 168, in call_next
    |     raise app_exc from app_exc.__cause__ or app_exc.__context__
    |   File "D:\workspace\open-guji-cv\.venv\Lib\site-packages\starlette\middleware\base.py", line 144, in coro
    |     await self.app(scope, receive_or_disconnect, send_no_error)
    |   File "D:\workspace\open-guji-cv\.venv\Lib\site-packages\starlette\middleware\cors.py", line 88, in __call__
    |     await self.app(scope, receive, send)
    |   File "D:\workspace\open-guji-cv\.venv\Lib\site-packages\starlette\middleware\exceptions.py", line 63, in __call__
    |     await wrap_app_handling_exceptions(self.app, conn)(scope, receive, send)
    |   File "D:\workspace\open-guji-cv\.venv\Lib\site-packages\starlette\_exception_handler.py", line 53, in wrapped_app
    |     raise exc
    |   File "D:\workspace\open-guji-cv\.venv\Lib\site-packages\starlette\_exception_handler.py", line 42, in wrapped_app
    |     await app(scope, receive, sender)
    |   File "D:\workspace\open-guji-cv\.venv\Lib\site-packages\fastapi\middleware\asyncexitstack.py", line 18, in __call__
    |     await self.app(scope, receive, send)
    |   File "D:\workspace\open-guji-cv\.venv\Lib\site-packages\starlette\routing.py", line 670, in __call__
    |     await self.middleware_stack(scope, receive, send)
    |   File "D:\workspace\open-guji-cv\.venv\Lib\site-packages\fastapi\routing.py", line 2734, in app
    |     await route.handle(scope, receive, send)
    |   File "D:\workspace\open-guji-cv\.venv\Lib\site-packages\fastapi\routing.py", line 1780, in handle
    |     await self.original_router.handle(scope, receive, send)
    |   File "D:\workspace\open-guji-cv\.venv\Lib\site-packages\fastapi\routing.py", line 2789, in handle
    |     await included_router._handle_selected(scope, receive, send)
    |   File "D:\workspace\open-guji-cv\.venv\Lib\site-packages\fastapi\routing.py", line 1800, in _handle_selected
    |     await original_route.handle(scope, receive, send)
    |   File "D:\workspace\open-guji-cv\.venv\Lib\site-packages\fastapi\routing.py", line 1279, in handle
    |     await app(scope, receive, send)
    |   File "D:\workspace\open-guji-cv\.venv\Lib\site-packages\fastapi\routing.py", line 158, in app
    |     await wrap_app_handling_exceptions(app, request)(scope, receive, send)
    |   File "D:\workspace\open-guji-cv\.venv\Lib\site-packages\starlette\_exception_handler.py", line 53, in wrapped_app
    |     raise exc
    |   File "D:\workspace\open-guji-cv\.venv\Lib\site-packages\starlette\_exception_handler.py", line 42, in wrapped_app
    |     await app(scope, receive, sender)
    |   File "D:\workspace\open-guji-cv\.venv\Lib\site-packages\fastapi\routing.py", line 144, in app
    |     response = await f(request)
    |                ^^^^^^^^^^^^^^^^
    |   File "D:\workspace\open-guji-cv\.venv\Lib\site-packages\fastapi\routing.py", line 706, in app
    |     raw_response = await run_endpoint_function(
    |                    ^^^^^^^^^^^^^^^^^^^^^^^^^^^^
    |   File "D:\workspace\open-guji-cv\.venv\Lib\site-packages\fastapi\routing.py", line 354, in run_endpoint_function
    |     return await run_in_threadpool(dependant.call, **values)
    |            ^^^^^^^^^^^^^^^^^^^^^^^^^^^^^^^^^^^^^^^^^^^^^^^^^
    |   File "D:\workspace\open-guji-cv\.venv\Lib\site-packages\starlette\concurrency.py", line 34, in run_in_threadpool
    |     return await anyio.to_thread.run_sync(func)
    |            ^^^^^^^^^^^^^^^^^^^^^^^^^^^^^^^^^^^^
    |   File "D:\workspace\open-guji-cv\.venv\Lib\site-packages\anyio\to_thread.py", line 65, in run_sync
    |     return await get_async_backend().run_sync_in_worker_thread(
    |            ^^^^^^^^^^^^^^^^^^^^^^^^^^^^^^^^^^^^^^^^^^^^^^^^^^^^
    |   File "D:\workspace\open-guji-cv\.venv\Lib\site-packages\anyio\_backends\_asyncio.py", line 2706, in run_sync_in_worker_thread
    |     return await future
    |            ^^^^^^^^^^^^
    |   File "D:\workspace\open-guji-cv\.venv\Lib\site-packages\anyio\_backends\_asyncio.py", line 1100, in run
    |     result = context.run(func, *args)
    |              ^^^^^^^^^^^^^^^^^^^^^^^^
    |   File "D:\workspace\open-guji-cv\open_guji_cv\console\errors.py", line 60, in wrapper
    |     return fn(*a, **kw)
    |            ^^^^^^^^^^^^
    |   File "D:\workspace\open-guji-cv\open_guji_cv\console\routers\products.py", line 89, in api_overlay
    |     return _png(overlay(book, step, page, deps.product_store()), scale)
    |                 ^^^^^^^^^^^^^^^^^^^^^^^^^^^^^^^^^^^^^^^^^^^^^^^
    |   File "D:\workspace\open-guji-cv\open_guji_cv\render\overlay.py", line 68, in overlay
    |     b = load_book(book)
    |         ^^^^^^^^^^^^^^^
    |   File "D:\workspace\open-guji-cv\open_guji_cv\core\book.py", line 270, in load_book
    |     raise FileNotFoundError(f"\u6ca1\u6709\u8fd9\u518c\u4e66\u7684\u5b9a\u4e49: {path}")
    | FileNotFoundError: \u6ca1\u6709\u8fd9\u518c\u4e66\u7684\u5b9a\u4e49: D:\workspace\open-guji-cv\open_guji_cv\books\bxrl.yaml
    +------------------------------------

The above exception was the direct cause of the following exception:

Traceback (most recent call last):
  File "D:\workspace\open-guji-cv\.venv\Lib\site-packages\uvicorn\protocols\http\h11_impl.py", line 416, in run_asgi
    result = await app(  # type: ignore[func-returns-value]
             ^^^^^^^^^^^^^^^^^^^^^^^^^^^^^^^^^^^^^^^^^^^^^^
  File "D:\workspace\open-guji-cv\.venv\Lib\site-packages\uvicorn\middleware\proxy_headers.py", line 63, in __call__
    return await self.app(scope, receive, send)
           ^^^^^^^^^^^^^^^^^^^^^^^^^^^^^^^^^^^^
  File "D:\workspace\open-guji-cv\.venv\Lib\site-packages\fastapi\applications.py", line 1163, in __call__
    await super().__call__(scope, receive, send)
  File "D:\workspace\open-guji-cv\.venv\Lib\site-packages\starlette\applications.py", line 96, in __call__
    await self.middleware_stack(scope, receive, send)
  File "D:\workspace\open-guji-cv\.venv\Lib\site-packages\starlette\middleware\errors.py", line 186, in __call__
    raise exc
  File "D:\workspace\open-guji-cv\.venv\Lib\site-packages\starlette\middleware\errors.py", line 164, in __call__
    await self.app(scope, receive, _send)
  File "D:\workspace\open-guji-cv\.venv\Lib\site-packages\starlette\middleware\base.py", line 193, in __call__
    response = await self.dispatch_func(request, call_next)
               ^^^^^^^^^^^^^^^^^^^^^^^^^^^^^^^^^^^^^^^^^^^^
  File "D:\workspace\open-guji-cv\open_guji_cv\console\app.py", line 61, in _no_cache_static
    resp = await call_next(request)
           ^^^^^^^^^^^^^^^^^^^^^^^^
  File "D:\workspace\open-guji-cv\.venv\Lib\site-packages\starlette\middleware\base.py", line 168, in call_next
    raise app_exc from app_exc.__cause__ or app_exc.__context__
  File "D:\workspace\open-guji-cv\.venv\Lib\site-packages\starlette\middleware\base.py", line 144, in coro
    await self.app(scope, receive_or_disconnect, send_no_error)
  File "D:\workspace\open-guji-cv\.venv\Lib\site-packages\starlette\middleware\base.py", line 193, in __call__
    response = await self.dispatch_func(request, call_next)
               ^^^^^^^^^^^^^^^^^^^^^^^^^^^^^^^^^^^^^^^^^^^^
  File "D:\workspace\open-guji-cv\open_guji_cv\console\middleware.py", line 55, in dispatch
    return await call_next(request)
           ^^^^^^^^^^^^^^^^^^^^^^^^
  File "D:\workspace\open-guji-cv\.venv\Lib\site-packages\starlette\middleware\base.py", line 168, in call_next
    raise app_exc from app_exc.__cause__ or app_exc.__context__
  File "D:\workspace\open-guji-cv\.venv\Lib\site-packages\starlette\middleware\base.py", line 144, in coro
    await self.app(scope, receive_or_disconnect, send_no_error)
  File "D:\workspace\open-guji-cv\.venv\Lib\site-packages\starlette\middleware\cors.py", line 88, in __call__
    await self.app(scope, receive, send)
  File "D:\workspace\open-guji-cv\.venv\Lib\site-packages\starlette\middleware\exceptions.py", line 63, in __call__
    await wrap_app_handling_exceptions(self.app, conn)(scope, receive, send)
  File "D:\workspace\open-guji-cv\.venv\Lib\site-packages\starlette\_exception_handler.py", line 53, in wrapped_app
    raise exc
  File "D:\workspace\open-guji-cv\.venv\Lib\site-packages\starlette\_exception_handler.py", line 42, in wrapped_app
    await app(scope, receive, sender)
  File "D:\workspace\open-guji-cv\.venv\Lib\site-packages\fastapi\middleware\asyncexitstack.py", line 18, in __call__
    await self.app(scope, receive, send)
  File "D:\workspace\open-guji-cv\.venv\Lib\site-packages\starlette\routing.py", line 670, in __call__
    await self.middleware_stack(scope, receive, send)
  File "D:\workspace\open-guji-cv\.venv\Lib\site-packages\fastapi\routing.py", line 2734, in app
    await route.handle(scope, receive, send)
  File "D:\workspace\open-guji-cv\.venv\Lib\site-packages\fastapi\routing.py", line 1780, in handle
    await self.original_router.handle(scope, receive, send)
  File "D:\workspace\open-guji-cv\.venv\Lib\site-packages\fastapi\routing.py", line 2789, in handle
    await included_router._handle_selected(scope, receive, send)
  File "D:\workspace\open-guji-cv\.venv\Lib\site-packages\fastapi\routing.py", line 1800, in _handle_selected
    await original_route.handle(scope, receive, send)
  File "D:\workspace\open-guji-cv\.venv\Lib\site-packages\fastapi\routing.py", line 1279, in handle
    await app(scope, receive, send)
  File "D:\workspace\open-guji-cv\.venv\Lib\site-packages\fastapi\routing.py", line 158, in app
    await wrap_app_handling_exceptions(app, request)(scope, receive, send)
  File "D:\workspace\open-guji-cv\.venv\Lib\site-packages\starlette\_exception_handler.py", line 53, in wrapped_app
    raise exc
  File "D:\workspace\open-guji-cv\.venv\Lib\site-packages\starlette\_exception_handler.py", line 42, in wrapped_app
    await app(scope, receive, sender)
  File "D:\workspace\open-guji-cv\.venv\Lib\site-packages\fastapi\routing.py", line 144, in app
    response = await f(request)
               ^^^^^^^^^^^^^^^^
  File "D:\workspace\open-guji-cv\.venv\Lib\site-packages\fastapi\routing.py", line 706, in app
    raw_response = await run_endpoint_function(
                   ^^^^^^^^^^^^^^^^^^^^^^^^^^^^
  File "D:\workspace\open-guji-cv\.venv\Lib\site-packages\fastapi\routing.py", line 354, in run_endpoint_function
    return await run_in_threadpool(dependant.call, **values)
           ^^^^^^^^^^^^^^^^^^^^^^^^^^^^^^^^^^^^^^^^^^^^^^^^^
  File "D:\workspace\open-guji-cv\.venv\Lib\site-packages\starlette\concurrency.py", line 34, in run_in_threadpool
    return await anyio.to_thread.run_sync(func)
           ^^^^^^^^^^^^^^^^^^^^^^^^^^^^^^^^^^^^
  File "D:\workspace\open-guji-cv\.venv\Lib\site-packages\anyio\to_thread.py", line 65, in run_sync
    return await get_async_backend().run_sync_in_worker_thread(
           ^^^^^^^^^^^^^^^^^^^^^^^^^^^^^^^^^^^^^^^^^^^^^^^^^^^^
  File "D:\workspace\open-guji-cv\.venv\Lib\site-packages\anyio\_backends\_asyncio.py", line 2706, in run_sync_in_worker_thread
    return await future
           ^^^^^^^^^^^^
  File "D:\workspace\open-guji-cv\.venv\Lib\site-packages\anyio\_backends\_asyncio.py", line 1100, in run
    result = context.run(func, *args)
             ^^^^^^^^^^^^^^^^^^^^^^^^
  File "D:\workspace\open-guji-cv\open_guji_cv\console\errors.py", line 60, in wrapper
    return fn(*a, **kw)
           ^^^^^^^^^^^^
  File "D:\workspace\open-guji-cv\open_guji_cv\console\routers\products.py", line 89, in api_overlay
    return _png(overlay(book, step, page, deps.product_store()), scale)
                ^^^^^^^^^^^^^^^^^^^^^^^^^^^^^^^^^^^^^^^^^^^^^^^
  File "D:\workspace\open-guji-cv\open_guji_cv\render\overlay.py", line 68, in overlay
    b = load_book(book)
        ^^^^^^^^^^^^^^^
  File "D:\workspace\open-guji-cv\open_guji_cv\core\book.py", line 270, in load_book
    raise FileNotFoundError(f"\u6ca1\u6709\u8fd9\u518c\u4e66\u7684\u5b9a\u4e49: {path}")
FileNotFoundError: \u6ca1\u6709\u8fd9\u518c\u4e66\u7684\u5b9a\u4e49: D:\workspace\open-guji-cv\open_guji_cv\books\bxrl.yaml
ERROR:    Exception in ASGI application
  + Exception Group Traceback (most recent call last):
  |   File "D:\workspace\open-guji-cv\.venv\Lib\site-packages\starlette\_utils.py", line 85, in create_collapsing_task_group
  |     async with anyio.create_task_group() as tg:
  |                ^^^^^^^^^^^^^^^^^^^^^^^^^
  |   File "D:\workspace\open-guji-cv\.venv\Lib\site-packages\anyio\_backends\_asyncio.py", line 847, in __aexit__
  |     raise BaseExceptionGroup(
  | ExceptionGroup: unhandled errors in a TaskGroup (1 sub-exception)
  +-+---------------- 1 ----------------
    | Traceback (most recent call last):
    |   File "D:\workspace\open-guji-cv\.venv\Lib\site-packages\uvicorn\protocols\http\h11_impl.py", line 416, in run_asgi
    |     result = await app(  # type: ignore[func-returns-value]
    |              ^^^^^^^^^^^^^^^^^^^^^^^^^^^^^^^^^^^^^^^^^^^^^^
    |   File "D:\workspace\open-guji-cv\.venv\Lib\site-packages\uvicorn\middleware\proxy_headers.py", line 63, in __call__
    |     return await self.app(scope, receive, send)
    |            ^^^^^^^^^^^^^^^^^^^^^^^^^^^^^^^^^^^^
    |   File "D:\workspace\open-guji-cv\.venv\Lib\site-packages\fastapi\applications.py", line 1163, in __call__
    |     await super().__call__(scope, receive, send)
    |   File "D:\workspace\open-guji-cv\.venv\Lib\site-packages\starlette\applications.py", line 96, in __call__
    |     await self.middleware_stack(scope, receive, send)
    |   File "D:\workspace\open-guji-cv\.venv\Lib\site-packages\starlette\middleware\errors.py", line 186, in __call__
    |     raise exc
    |   File "D:\workspace\open-guji-cv\.venv\Lib\site-packages\starlette\middleware\errors.py", line 164, in __call__
    |     await self.app(scope, receive, _send)
    |   File "D:\workspace\open-guji-cv\.venv\Lib\site-packages\starlette\middleware\base.py", line 193, in __call__
    |     response = await self.dispatch_func(request, call_next)
    |                ^^^^^^^^^^^^^^^^^^^^^^^^^^^^^^^^^^^^^^^^^^^^
    |   File "D:\workspace\open-guji-cv\open_guji_cv\console\app.py", line 61, in _no_cache_static
    |     resp = await call_next(request)
    |            ^^^^^^^^^^^^^^^^^^^^^^^^
    |   File "D:\workspace\open-guji-cv\.venv\Lib\site-packages\starlette\middleware\base.py", line 168, in call_next
    |     raise app_exc from app_exc.__cause__ or app_exc.__context__
    |   File "D:\workspace\open-guji-cv\.venv\Lib\site-packages\starlette\middleware\base.py", line 144, in coro
    |     await self.app(scope, receive_or_disconnect, send_no_error)
    |   File "D:\workspace\open-guji-cv\.venv\Lib\site-packages\starlette\middleware\base.py", line 193, in __call__
    |     response = await self.dispatch_func(request, call_next)
    |                ^^^^^^^^^^^^^^^^^^^^^^^^^^^^^^^^^^^^^^^^^^^^
    |   File "D:\workspace\open-guji-cv\open_guji_cv\console\middleware.py", line 55, in dispatch
    |     return await call_next(request)
    |            ^^^^^^^^^^^^^^^^^^^^^^^^
    |   File "D:\workspace\open-guji-cv\.venv\Lib\site-packages\starlette\middleware\base.py", line 168, in call_next
    |     raise app_exc from app_exc.__cause__ or app_exc.__context__
    |   File "D:\workspace\open-guji-cv\.venv\Lib\site-packages\starlette\middleware\base.py", line 144, in coro
    |     await self.app(scope, receive_or_disconnect, send_no_error)
    |   File "D:\workspace\open-guji-cv\.venv\Lib\site-packages\starlette\middleware\cors.py", line 88, in __call__
    |     await self.app(scope, receive, send)
    |   File "D:\workspace\open-guji-cv\.venv\Lib\site-packages\starlette\middleware\exceptions.py", line 63, in __call__
    |     await wrap_app_handling_exceptions(self.app, conn)(scope, receive, send)
    |   File "D:\workspace\open-guji-cv\.venv\Lib\site-packages\starlette\_exception_handler.py", line 53, in wrapped_app
    |     raise exc
    |   File "D:\workspace\open-guji-cv\.venv\Lib\site-packages\starlette\_exception_handler.py", line 42, in wrapped_app
    |     await app(scope, receive, sender)
    |   File "D:\workspace\open-guji-cv\.venv\Lib\site-packages\fastapi\middleware\asyncexitstack.py", line 18, in __call__
    |     await self.app(scope, receive, send)
    |   File "D:\workspace\open-guji-cv\.venv\Lib\site-packages\starlette\routing.py", line 670, in __call__
    |     await self.middleware_stack(scope, receive, send)
    |   File "D:\workspace\open-guji-cv\.venv\Lib\site-packages\fastapi\routing.py", line 2734, in app
    |     await route.handle(scope, receive, send)
    |   File "D:\workspace\open-guji-cv\.venv\Lib\site-packages\fastapi\routing.py", line 1780, in handle
    |     await self.original_router.handle(scope, receive, send)
    |   File "D:\workspace\open-guji-cv\.venv\Lib\site-packages\fastapi\routing.py", line 2789, in handle
    |     await included_router._handle_selected(scope, receive, send)
    |   File "D:\workspace\open-guji-cv\.venv\Lib\site-packages\fastapi\routing.py", line 1800, in _handle_selected
    |     await original_route.handle(scope, receive, send)
    |   File "D:\workspace\open-guji-cv\.venv\Lib\site-packages\fastapi\routing.py", line 1279, in handle
    |     await app(scope, receive, send)
    |   File "D:\workspace\open-guji-cv\.venv\Lib\site-packages\fastapi\routing.py", line 158, in app
    |     await wrap_app_handling_exceptions(app, request)(scope, receive, send)
    |   File "D:\workspace\open-guji-cv\.venv\Lib\site-packages\starlette\_exception_handler.py", line 53, in wrapped_app
    |     raise exc
    |   File "D:\workspace\open-guji-cv\.venv\Lib\site-packages\starlette\_exception_handler.py", line 42, in wrapped_app
    |     await app(scope, receive, sender)
    |   File "D:\workspace\open-guji-cv\.venv\Lib\site-packages\fastapi\routing.py", line 144, in app
    |     response = await f(request)
    |                ^^^^^^^^^^^^^^^^
    |   File "D:\workspace\open-guji-cv\.venv\Lib\site-packages\fastapi\routing.py", line 706, in app
    |     raw_response = await run_endpoint_function(
    |                    ^^^^^^^^^^^^^^^^^^^^^^^^^^^^
    |   File "D:\workspace\open-guji-cv\.venv\Lib\site-packages\fastapi\routing.py", line 354, in run_endpoint_function
    |     return await run_in_threadpool(dependant.call, **values)
    |            ^^^^^^^^^^^^^^^^^^^^^^^^^^^^^^^^^^^^^^^^^^^^^^^^^
    |   File "D:\workspace\open-guji-cv\.venv\Lib\site-packages\starlette\concurrency.py", line 34, in run_in_threadpool
    |     return await anyio.to_thread.run_sync(func)
    |            ^^^^^^^^^^^^^^^^^^^^^^^^^^^^^^^^^^^^
    |   File "D:\workspace\open-guji-cv\.venv\Lib\site-packages\anyio\to_thread.py", line 65, in run_sync
    |     return await get_async_backend().run_sync_in_worker_thread(
    |            ^^^^^^^^^^^^^^^^^^^^^^^^^^^^^^^^^^^^^^^^^^^^^^^^^^^^
    |   File "D:\workspace\open-guji-cv\.venv\Lib\site-packages\anyio\_backends\_asyncio.py", line 2706, in run_sync_in_worker_thread
    |     return await future
    |            ^^^^^^^^^^^^
    |   File "D:\workspace\open-guji-cv\.venv\Lib\site-packages\anyio\_backends\_asyncio.py", line 1100, in run
    |     result = context.run(func, *args)
    |              ^^^^^^^^^^^^^^^^^^^^^^^^
    |   File "D:\workspace\open-guji-cv\open_guji_cv\console\errors.py", line 60, in wrapper
    |     return fn(*a, **kw)
    |            ^^^^^^^^^^^^
    |   File "D:\workspace\open-guji-cv\open_guji_cv\console\routers\products.py", line 142, in api_gate_summary
    |     b = load_book(book)
    |         ^^^^^^^^^^^^^^^
    |   File "D:\workspace\open-guji-cv\open_guji_cv\core\book.py", line 272, in load_book
    |     raise FileNotFoundError(f"\u6ca1\u6709\u8fd9\u518c\u4e66\u7684\u5b9a\u4e49: {path}")
    | FileNotFoundError: \u6ca1\u6709\u8fd9\u518c\u4e66\u7684\u5b9a\u4e49: D:\workspace\open-guji-cv\open_guji_cv\books\bxrl.yaml
    +------------------------------------

The above exception was the direct cause of the following exception:

Traceback (most recent call last):
  File "D:\workspace\open-guji-cv\.venv\Lib\site-packages\uvicorn\protocols\http\h11_impl.py", line 416, in run_asgi
    result = await app(  # type: ignore[func-returns-value]
             ^^^^^^^^^^^^^^^^^^^^^^^^^^^^^^^^^^^^^^^^^^^^^^
  File "D:\workspace\open-guji-cv\.venv\Lib\site-packages\uvicorn\middleware\proxy_headers.py", line 63, in __call__
    return await self.app(scope, receive, send)
           ^^^^^^^^^^^^^^^^^^^^^^^^^^^^^^^^^^^^
  File "D:\workspace\open-guji-cv\.venv\Lib\site-packages\fastapi\applications.py", line 1163, in __call__
    await super().__call__(scope, receive, send)
  File "D:\workspace\open-guji-cv\.venv\Lib\site-packages\starlette\applications.py", line 96, in __call__
    await self.middleware_stack(scope, receive, send)
  File "D:\workspace\open-guji-cv\.venv\Lib\site-packages\starlette\middleware\errors.py", line 186, in __call__
    raise exc
  File "D:\workspace\open-guji-cv\.venv\Lib\site-packages\starlette\middleware\errors.py", line 164, in __call__
    await self.app(scope, receive, _send)
  File "D:\workspace\open-guji-cv\.venv\Lib\site-packages\starlette\middleware\base.py", line 193, in __call__
    response = await self.dispatch_func(request, call_next)
               ^^^^^^^^^^^^^^^^^^^^^^^^^^^^^^^^^^^^^^^^^^^^
  File "D:\workspace\open-guji-cv\open_guji_cv\console\app.py", line 61, in _no_cache_static
    resp = await call_next(request)
           ^^^^^^^^^^^^^^^^^^^^^^^^
  File "D:\workspace\open-guji-cv\.venv\Lib\site-packages\starlette\middleware\base.py", line 168, in call_next
    raise app_exc from app_exc.__cause__ or app_exc.__context__
  File "D:\workspace\open-guji-cv\.venv\Lib\site-packages\starlette\middleware\base.py", line 144, in coro
    await self.app(scope, receive_or_disconnect, send_no_error)
  File "D:\workspace\open-guji-cv\.venv\Lib\site-packages\starlette\middleware\base.py", line 193, in __call__
    response = await self.dispatch_func(request, call_next)
               ^^^^^^^^^^^^^^^^^^^^^^^^^^^^^^^^^^^^^^^^^^^^
  File "D:\workspace\open-guji-cv\open_guji_cv\console\middleware.py", line 55, in dispatch
    return await call_next(request)
           ^^^^^^^^^^^^^^^^^^^^^^^^
  File "D:\workspace\open-guji-cv\.venv\Lib\site-packages\starlette\middleware\base.py", line 168, in call_next
    raise app_exc from app_exc.__cause__ or app_exc.__context__
  File "D:\workspace\open-guji-cv\.venv\Lib\site-packages\starlette\middleware\base.py", line 144, in coro
    await self.app(scope, receive_or_disconnect, send_no_error)
  File "D:\workspace\open-guji-cv\.venv\Lib\site-packages\starlette\middleware\cors.py", line 88, in __call__
    await self.app(scope, receive, send)
  File "D:\workspace\open-guji-cv\.venv\Lib\site-packages\starlette\middleware\exceptions.py", line 63, in __call__
    await wrap_app_handling_exceptions(self.app, conn)(scope, receive, send)
  File "D:\workspace\open-guji-cv\.venv\Lib\site-packages\starlette\_exception_handler.py", line 53, in wrapped_app
    raise exc
  File "D:\workspace\open-guji-cv\.venv\Lib\site-packages\starlette\_exception_handler.py", line 42, in wrapped_app
    await app(scope, receive, sender)
  File "D:\workspace\open-guji-cv\.venv\Lib\site-packages\fastapi\middleware\asyncexitstack.py", line 18, in __call__
    await self.app(scope, receive, send)
  File "D:\workspace\open-guji-cv\.venv\Lib\site-packages\starlette\routing.py", line 670, in __call__
    await self.middleware_stack(scope, receive, send)
  File "D:\workspace\open-guji-cv\.venv\Lib\site-packages\fastapi\routing.py", line 2734, in app
    await route.handle(scope, receive, send)
  File "D:\workspace\open-guji-cv\.venv\Lib\site-packages\fastapi\routing.py", line 1780, in handle
    await self.original_router.handle(scope, receive, send)
  File "D:\workspace\open-guji-cv\.venv\Lib\site-packages\fastapi\routing.py", line 2789, in handle
    await included_router._handle_selected(scope, receive, send)
  File "D:\workspace\open-guji-cv\.venv\Lib\site-packages\fastapi\routing.py", line 1800, in _handle_selected
    await original_route.handle(scope, receive, send)
  File "D:\workspace\open-guji-cv\.venv\Lib\site-packages\fastapi\routing.py", line 1279, in handle
    await app(scope, receive, send)
  File "D:\workspace\open-guji-cv\.venv\Lib\site-packages\fastapi\routing.py", line 158, in app
    await wrap_app_handling_exceptions(app, request)(scope, receive, send)
  File "D:\workspace\open-guji-cv\.venv\Lib\site-packages\starlette\_exception_handler.py", line 53, in wrapped_app
    raise exc
  File "D:\workspace\open-guji-cv\.venv\Lib\site-packages\starlette\_exception_handler.py", line 42, in wrapped_app
    await app(scope, receive, sender)
  File "D:\workspace\open-guji-cv\.venv\Lib\site-packages\fastapi\routing.py", line 144, in app
    response = await f(request)
               ^^^^^^^^^^^^^^^^
  File "D:\workspace\open-guji-cv\.venv\Lib\site-packages\fastapi\routing.py", line 706, in app
    raw_response = await run_endpoint_function(
                   ^^^^^^^^^^^^^^^^^^^^^^^^^^^^
  File "D:\workspace\open-guji-cv\.venv\Lib\site-packages\fastapi\routing.py", line 354, in run_endpoint_function
    return await run_in_threadpool(dependant.call, **values)
           ^^^^^^^^^^^^^^^^^^^^^^^^^^^^^^^^^^^^^^^^^^^^^^^^^
  File "D:\workspace\open-guji-cv\.venv\Lib\site-packages\starlette\concurrency.py", line 34, in run_in_threadpool
    return await anyio.to_thread.run_sync(func)
           ^^^^^^^^^^^^^^^^^^^^^^^^^^^^^^^^^^^^
  File "D:\workspace\open-guji-cv\.venv\Lib\site-packages\anyio\to_thread.py", line 65, in run_sync
    return await get_async_backend().run_sync_in_worker_thread(
           ^^^^^^^^^^^^^^^^^^^^^^^^^^^^^^^^^^^^^^^^^^^^^^^^^^^^
  File "D:\workspace\open-guji-cv\.venv\Lib\site-packages\anyio\_backends\_asyncio.py", line 2706, in run_sync_in_worker_thread
    return await future
           ^^^^^^^^^^^^
  File "D:\workspace\open-guji-cv\.venv\Lib\site-packages\anyio\_backends\_asyncio.py", line 1100, in run
    result = context.run(func, *args)
             ^^^^^^^^^^^^^^^^^^^^^^^^
  File "D:\workspace\open-guji-cv\open_guji_cv\console\errors.py", line 60, in wrapper
    return fn(*a, **kw)
           ^^^^^^^^^^^^
  File "D:\workspace\open-guji-cv\open_guji_cv\console\routers\products.py", line 142, in api_gate_summary
    b = load_book(book)
        ^^^^^^^^^^^^^^^
  File "D:\workspace\open-guji-cv\open_guji_cv\core\book.py", line 272, in load_book
    raise FileNotFoundError(f"\u6ca1\u6709\u8fd9\u518c\u4e66\u7684\u5b9a\u4e49: {path}")
FileNotFoundError: \u6ca1\u6709\u8fd9\u518c\u4e66\u7684\u5b9a\u4e49: D:\workspace\open-guji-cv\open_guji_cv\books\bxrl.yaml
ERROR:    Exception in ASGI application
  + Exception Group Traceback (most recent call last):
  |   File "D:\workspace\open-guji-cv\.venv\Lib\site-packages\starlette\_utils.py", line 85, in create_collapsing_task_group
  |     async with anyio.create_task_group() as tg:
  |                ^^^^^^^^^^^^^^^^^^^^^^^^^
  |   File "D:\workspace\open-guji-cv\.venv\Lib\site-packages\anyio\_backends\_asyncio.py", line 847, in __aexit__
  |     raise BaseExceptionGroup(
  | ExceptionGroup: unhandled errors in a TaskGroup (1 sub-exception)
  +-+---------------- 1 ----------------
    | Traceback (most recent call last):
    |   File "D:\workspace\open-guji-cv\.venv\Lib\site-packages\uvicorn\protocols\http\h11_impl.py", line 416, in run_asgi
    |     result = await app(  # type: ignore[func-returns-value]
    |              ^^^^^^^^^^^^^^^^^^^^^^^^^^^^^^^^^^^^^^^^^^^^^^
    |   File "D:\workspace\open-guji-cv\.venv\Lib\site-packages\uvicorn\middleware\proxy_headers.py", line 63, in __call__
    |     return await self.app(scope, receive, send)
    |            ^^^^^^^^^^^^^^^^^^^^^^^^^^^^^^^^^^^^
    |   File "D:\workspace\open-guji-cv\.venv\Lib\site-packages\fastapi\applications.py", line 1163, in __call__
    |     await super().__call__(scope, receive, send)
    |   File "D:\workspace\open-guji-cv\.venv\Lib\site-packages\starlette\applications.py", line 96, in __call__
    |     await self.middleware_stack(scope, receive, send)
    |   File "D:\workspace\open-guji-cv\.venv\Lib\site-packages\starlette\middleware\errors.py", line 186, in __call__
    |     raise exc
    |   File "D:\workspace\open-guji-cv\.venv\Lib\site-packages\starlette\middleware\errors.py", line 164, in __call__
    |     await self.app(scope, receive, _send)
    |   File "D:\workspace\open-guji-cv\.venv\Lib\site-packages\starlette\middleware\base.py", line 193, in __call__
    |     response = await self.dispatch_func(request, call_next)
    |                ^^^^^^^^^^^^^^^^^^^^^^^^^^^^^^^^^^^^^^^^^^^^
    |   File "D:\workspace\open-guji-cv\open_guji_cv\console\app.py", line 61, in _no_cache_static
    |     resp = await call_next(request)
    |            ^^^^^^^^^^^^^^^^^^^^^^^^
    |   File "D:\workspace\open-guji-cv\.venv\Lib\site-packages\starlette\middleware\base.py", line 168, in call_next
    |     raise app_exc from app_exc.__cause__ or app_exc.__context__
    |   File "D:\workspace\open-guji-cv\.venv\Lib\site-packages\starlette\middleware\base.py", line 144, in coro
    |     await self.app(scope, receive_or_disconnect, send_no_error)
    |   File "D:\workspace\open-guji-cv\.venv\Lib\site-packages\starlette\middleware\base.py", line 193, in __call__
    |     response = await self.dispatch_func(request, call_next)
    |                ^^^^^^^^^^^^^^^^^^^^^^^^^^^^^^^^^^^^^^^^^^^^
    |   File "D:\workspace\open-guji-cv\open_guji_cv\console\middleware.py", line 55, in dispatch
    |     return await call_next(request)
    |            ^^^^^^^^^^^^^^^^^^^^^^^^
    |   File "D:\workspace\open-guji-cv\.venv\Lib\site-packages\starlette\middleware\base.py", line 168, in call_next
    |     raise app_exc from app_exc.__cause__ or app_exc.__context__
    |   File "D:\workspace\open-guji-cv\.venv\Lib\site-packages\starlette\middleware\base.py", line 144, in coro
    |     await self.app(scope, receive_or_disconnect, send_no_error)
    |   File "D:\workspace\open-guji-cv\.venv\Lib\site-packages\starlette\middleware\cors.py", line 88, in __call__
    |     await self.app(scope, receive, send)
    |   File "D:\workspace\open-guji-cv\.venv\Lib\site-packages\starlette\middleware\exceptions.py", line 63, in __call__
    |     await wrap_app_handling_exceptions(self.app, conn)(scope, receive, send)
    |   File "D:\workspace\open-guji-cv\.venv\Lib\site-packages\starlette\_exception_handler.py", line 53, in wrapped_app
    |     raise exc
    |   File "D:\workspace\open-guji-cv\.venv\Lib\site-packages\starlette\_exception_handler.py", line 42, in wrapped_app
    |     await app(scope, receive, sender)
    |   File "D:\workspace\open-guji-cv\.venv\Lib\site-packages\fastapi\middleware\asyncexitstack.py", line 18, in __call__
    |     await self.app(scope, receive, send)
    |   File "D:\workspace\open-guji-cv\.venv\Lib\site-packages\starlette\routing.py", line 670, in __call__
    |     await self.middleware_stack(scope, receive, send)
    |   File "D:\workspace\open-guji-cv\.venv\Lib\site-packages\fastapi\routing.py", line 2734, in app
    |     await route.handle(scope, receive, send)
    |   File "D:\workspace\open-guji-cv\.venv\Lib\site-packages\fastapi\routing.py", line 1780, in handle
    |     await self.original_router.handle(scope, receive, send)
    |   File "D:\workspace\open-guji-cv\.venv\Lib\site-packages\fastapi\routing.py", line 2789, in handle
    |     await included_router._handle_selected(scope, receive, send)
    |   File "D:\workspace\open-guji-cv\.venv\Lib\site-packages\fastapi\routing.py", line 1800, in _handle_selected
    |     await original_route.handle(scope, receive, send)
    |   File "D:\workspace\open-guji-cv\.venv\Lib\site-packages\fastapi\routing.py", line 1279, in handle
    |     await app(scope, receive, send)
    |   File "D:\workspace\open-guji-cv\.venv\Lib\site-packages\fastapi\routing.py", line 158, in app
    |     await wrap_app_handling_exceptions(app, request)(scope, receive, send)
    |   File "D:\workspace\open-guji-cv\.venv\Lib\site-packages\starlette\_exception_handler.py", line 53, in wrapped_app
    |     raise exc
    |   File "D:\workspace\open-guji-cv\.venv\Lib\site-packages\starlette\_exception_handler.py", line 42, in wrapped_app
    |     await app(scope, receive, sender)
    |   File "D:\workspace\open-guji-cv\.venv\Lib\site-packages\fastapi\routing.py", line 144, in app
    |     response = await f(request)
    |                ^^^^^^^^^^^^^^^^
    |   File "D:\workspace\open-guji-cv\.venv\Lib\site-packages\fastapi\routing.py", line 706, in app
    |     raw_response = await run_endpoint_function(
    |                    ^^^^^^^^^^^^^^^^^^^^^^^^^^^^
    |   File "D:\workspace\open-guji-cv\.venv\Lib\site-packages\fastapi\routing.py", line 354, in run_endpoint_function
    |     return await run_in_threadpool(dependant.call, **values)
    |            ^^^^^^^^^^^^^^^^^^^^^^^^^^^^^^^^^^^^^^^^^^^^^^^^^
    |   File "D:\workspace\open-guji-cv\.venv\Lib\site-packages\starlette\concurrency.py", line 34, in run_in_threadpool
    |     return await anyio.to_thread.run_sync(func)
    |            ^^^^^^^^^^^^^^^^^^^^^^^^^^^^^^^^^^^^
    |   File "D:\workspace\open-guji-cv\.venv\Lib\site-packages\anyio\to_thread.py", line 65, in run_sync
    |     return await get_async_backend().run_sync_in_worker_thread(
    |            ^^^^^^^^^^^^^^^^^^^^^^^^^^^^^^^^^^^^^^^^^^^^^^^^^^^^
    |   File "D:\workspace\open-guji-cv\.venv\Lib\site-packages\anyio\_backends\_asyncio.py", line 2706, in run_sync_in_worker_thread
    |     return await future
    |            ^^^^^^^^^^^^
    |   File "D:\workspace\open-guji-cv\.venv\Lib\site-packages\anyio\_backends\_asyncio.py", line 1100, in run
    |     result = context.run(func, *args)
    |              ^^^^^^^^^^^^^^^^^^^^^^^^
    |   File "D:\workspace\open-guji-cv\open_guji_cv\console\errors.py", line 60, in wrapper
    |     return fn(*a, **kw)
    |            ^^^^^^^^^^^^
    |   File "D:\workspace\open-guji-cv\open_guji_cv\console\routers\products.py", line 142, in api_gate_summary
    |     b = load_book(book)
    |         ^^^^^^^^^^^^^^^
    |   File "D:\workspace\open-guji-cv\open_guji_cv\core\book.py", line 272, in load_book
    |     raise FileNotFoundError(f"\u6ca1\u6709\u8fd9\u518c\u4e66\u7684\u5b9a\u4e49: {path}")
    | FileNotFoundError: \u6ca1\u6709\u8fd9\u518c\u4e66\u7684\u5b9a\u4e49: D:\workspace\open-guji-cv\open_guji_cv\books\bxrl.yaml
    +------------------------------------

The above exception was the direct cause of the following exception:

Traceback (most recent call last):
  File "D:\workspace\open-guji-cv\.venv\Lib\site-packages\uvicorn\protocols\http\h11_impl.py", line 416, in run_asgi
    result = await app(  # type: ignore[func-returns-value]
             ^^^^^^^^^^^^^^^^^^^^^^^^^^^^^^^^^^^^^^^^^^^^^^
  File "D:\workspace\open-guji-cv\.venv\Lib\site-packages\uvicorn\middleware\proxy_headers.py", line 63, in __call__
    return await self.app(scope, receive, send)
           ^^^^^^^^^^^^^^^^^^^^^^^^^^^^^^^^^^^^
  File "D:\workspace\open-guji-cv\.venv\Lib\site-packages\fastapi\applications.py", line 1163, in __call__
    await super().__call__(scope, receive, send)
  File "D:\workspace\open-guji-cv\.venv\Lib\site-packages\starlette\applications.py", line 96, in __call__
    await self.middleware_stack(scope, receive, send)
  File "D:\workspace\open-guji-cv\.venv\Lib\site-packages\starlette\middleware\errors.py", line 186, in __call__
    raise exc
  File "D:\workspace\open-guji-cv\.venv\Lib\site-packages\starlette\middleware\errors.py", line 164, in __call__
    await self.app(scope, receive, _send)
  File "D:\workspace\open-guji-cv\.venv\Lib\site-packages\starlette\middleware\base.py", line 193, in __call__
    response = await self.dispatch_func(request, call_next)
               ^^^^^^^^^^^^^^^^^^^^^^^^^^^^^^^^^^^^^^^^^^^^
  File "D:\workspace\open-guji-cv\open_guji_cv\console\app.py", line 61, in _no_cache_static
    resp = await call_next(request)
           ^^^^^^^^^^^^^^^^^^^^^^^^
  File "D:\workspace\open-guji-cv\.venv\Lib\site-packages\starlette\middleware\base.py", line 168, in call_next
    raise app_exc from app_exc.__cause__ or app_exc.__context__
  File "D:\workspace\open-guji-cv\.venv\Lib\site-packages\starlette\middleware\base.py", line 144, in coro
    await self.app(scope, receive_or_disconnect, send_no_error)
  File "D:\workspace\open-guji-cv\.venv\Lib\site-packages\starlette\middleware\base.py", line 193, in __call__
    response = await self.dispatch_func(request, call_next)
               ^^^^^^^^^^^^^^^^^^^^^^^^^^^^^^^^^^^^^^^^^^^^
  File "D:\workspace\open-guji-cv\open_guji_cv\console\middleware.py", line 55, in dispatch
    return await call_next(request)
           ^^^^^^^^^^^^^^^^^^^^^^^^
  File "D:\workspace\open-guji-cv\.venv\Lib\site-packages\starlette\middleware\base.py", line 168, in call_next
    raise app_exc from app_exc.__cause__ or app_exc.__context__
  File "D:\workspace\open-guji-cv\.venv\Lib\site-packages\starlette\middleware\base.py", line 144, in coro
    await self.app(scope, receive_or_disconnect, send_no_error)
  File "D:\workspace\open-guji-cv\.venv\Lib\site-packages\starlette\middleware\cors.py", line 88, in __call__
    await self.app(scope, receive, send)
  File "D:\workspace\open-guji-cv\.venv\Lib\site-packages\starlette\middleware\exceptions.py", line 63, in __call__
    await wrap_app_handling_exceptions(self.app, conn)(scope, receive, send)
  File "D:\workspace\open-guji-cv\.venv\Lib\site-packages\starlette\_exception_handler.py", line 53, in wrapped_app
    raise exc
  File "D:\workspace\open-guji-cv\.venv\Lib\site-packages\starlette\_exception_handler.py", line 42, in wrapped_app
    await app(scope, receive, sender)
  File "D:\workspace\open-guji-cv\.venv\Lib\site-packages\fastapi\middleware\asyncexitstack.py", line 18, in __call__
    await self.app(scope, receive, send)
  File "D:\workspace\open-guji-cv\.venv\Lib\site-packages\starlette\routing.py", line 670, in __call__
    await self.middleware_stack(scope, receive, send)
  File "D:\workspace\open-guji-cv\.venv\Lib\site-packages\fastapi\routing.py", line 2734, in app
    await route.handle(scope, receive, send)
  File "D:\workspace\open-guji-cv\.venv\Lib\site-packages\fastapi\routing.py", line 1780, in handle
    await self.original_router.handle(scope, receive, send)
  File "D:\workspace\open-guji-cv\.venv\Lib\site-packages\fastapi\routing.py", line 2789, in handle
    await included_router._handle_selected(scope, receive, send)
  File "D:\workspace\open-guji-cv\.venv\Lib\site-packages\fastapi\routing.py", line 1800, in _handle_selected
    await original_route.handle(scope, receive, send)
  File "D:\workspace\open-guji-cv\.venv\Lib\site-packages\fastapi\routing.py", line 1279, in handle
    await app(scope, receive, send)
  File "D:\workspace\open-guji-cv\.venv\Lib\site-packages\fastapi\routing.py", line 158, in app
    await wrap_app_handling_exceptions(app, request)(scope, receive, send)
  File "D:\workspace\open-guji-cv\.venv\Lib\site-packages\starlette\_exception_handler.py", line 53, in wrapped_app
    raise exc
  File "D:\workspace\open-guji-cv\.venv\Lib\site-packages\starlette\_exception_handler.py", line 42, in wrapped_app
    await app(scope, receive, sender)
  File "D:\workspace\open-guji-cv\.venv\Lib\site-packages\fastapi\routing.py", line 144, in app
    response = await f(request)
               ^^^^^^^^^^^^^^^^
  File "D:\workspace\open-guji-cv\.venv\Lib\site-packages\fastapi\routing.py", line 706, in app
    raw_response = await run_endpoint_function(
                   ^^^^^^^^^^^^^^^^^^^^^^^^^^^^
  File "D:\workspace\open-guji-cv\.venv\Lib\site-packages\fastapi\routing.py", line 354, in run_endpoint_function
    return await run_in_threadpool(dependant.call, **values)
           ^^^^^^^^^^^^^^^^^^^^^^^^^^^^^^^^^^^^^^^^^^^^^^^^^
  File "D:\workspace\open-guji-cv\.venv\Lib\site-packages\starlette\concurrency.py", line 34, in run_in_threadpool
    return await anyio.to_thread.run_sync(func)
           ^^^^^^^^^^^^^^^^^^^^^^^^^^^^^^^^^^^^
  File "D:\workspace\open-guji-cv\.venv\Lib\site-packages\anyio\to_thread.py", line 65, in run_sync
    return await get_async_backend().run_sync_in_worker_thread(
           ^^^^^^^^^^^^^^^^^^^^^^^^^^^^^^^^^^^^^^^^^^^^^^^^^^^^
  File "D:\workspace\open-guji-cv\.venv\Lib\site-packages\anyio\_backends\_asyncio.py", line 2706, in run_sync_in_worker_thread
    return await future
           ^^^^^^^^^^^^
  File "D:\workspace\open-guji-cv\.venv\Lib\site-packages\anyio\_backends\_asyncio.py", line 1100, in run
    result = context.run(func, *args)
             ^^^^^^^^^^^^^^^^^^^^^^^^
  File "D:\workspace\open-guji-cv\open_guji_cv\console\errors.py", line 60, in wrapper
    return fn(*a, **kw)
           ^^^^^^^^^^^^
  File "D:\workspace\open-guji-cv\open_guji_cv\console\routers\products.py", line 142, in api_gate_summary
    b = load_book(book)
        ^^^^^^^^^^^^^^^
  File "D:\workspace\open-guji-cv\open_guji_cv\core\book.py", line 272, in load_book
    raise FileNotFoundError(f"\u6ca1\u6709\u8fd9\u518c\u4e66\u7684\u5b9a\u4e49: {path}")
FileNotFoundError: \u6ca1\u6709\u8fd9\u518c\u4e66\u7684\u5b9a\u4e49: D:\workspace\open-guji-cv\open_guji_cv\books\bxrl.yaml
ERROR:    Exception in ASGI application
  + Exception Group Traceback (most recent call last):
  |   File "D:\workspace\open-guji-cv\.venv\Lib\site-packages\starlette\_utils.py", line 85, in create_collapsing_task_group
  |     async with anyio.create_task_group() as tg:
  |                ^^^^^^^^^^^^^^^^^^^^^^^^^
  |   File "D:\workspace\open-guji-cv\.venv\Lib\site-packages\anyio\_backends\_asyncio.py", line 847, in __aexit__
  |     raise BaseExceptionGroup(
  | ExceptionGroup: unhandled errors in a TaskGroup (1 sub-exception)
  +-+---------------- 1 ----------------
    | Traceback (most recent call last):
    |   File "D:\workspace\open-guji-cv\.venv\Lib\site-packages\uvicorn\protocols\http\h11_impl.py", line 416, in run_asgi
    |     result = await app(  # type: ignore[func-returns-value]
    |              ^^^^^^^^^^^^^^^^^^^^^^^^^^^^^^^^^^^^^^^^^^^^^^
    |   File "D:\workspace\open-guji-cv\.venv\Lib\site-packages\uvicorn\middleware\proxy_headers.py", line 63, in __call__
    |     return await self.app(scope, receive, send)
    |            ^^^^^^^^^^^^^^^^^^^^^^^^^^^^^^^^^^^^
    |   File "D:\workspace\open-guji-cv\.venv\Lib\site-packages\fastapi\applications.py", line 1163, in __call__
    |     await super().__call__(scope, receive, send)
    |   File "D:\workspace\open-guji-cv\.venv\Lib\site-packages\starlette\applications.py", line 96, in __call__
    |     await self.middleware_stack(scope, receive, send)
    |   File "D:\workspace\open-guji-cv\.venv\Lib\site-packages\starlette\middleware\errors.py", line 186, in __call__
    |     raise exc
    |   File "D:\workspace\open-guji-cv\.venv\Lib\site-packages\starlette\middleware\errors.py", line 164, in __call__
    |     await self.app(scope, receive, _send)
    |   File "D:\workspace\open-guji-cv\.venv\Lib\site-packages\starlette\middleware\base.py", line 193, in __call__
    |     response = await self.dispatch_func(request, call_next)
    |                ^^^^^^^^^^^^^^^^^^^^^^^^^^^^^^^^^^^^^^^^^^^^
    |   File "D:\workspace\open-guji-cv\open_guji_cv\console\app.py", line 61, in _no_cache_static
    |     resp = await call_next(request)
    |            ^^^^^^^^^^^^^^^^^^^^^^^^
    |   File "D:\workspace\open-guji-cv\.venv\Lib\site-packages\starlette\middleware\base.py", line 168, in call_next
    |     raise app_exc from app_exc.__cause__ or app_exc.__context__
    |   File "D:\workspace\open-guji-cv\.venv\Lib\site-packages\starlette\middleware\base.py", line 144, in coro
    |     await self.app(scope, receive_or_disconnect, send_no_error)
    |   File "D:\workspace\open-guji-cv\.venv\Lib\site-packages\starlette\middleware\base.py", line 193, in __call__
    |     response = await self.dispatch_func(request, call_next)
    |                ^^^^^^^^^^^^^^^^^^^^^^^^^^^^^^^^^^^^^^^^^^^^
    |   File "D:\workspace\open-guji-cv\open_guji_cv\console\middleware.py", line 55, in dispatch
    |     return await call_next(request)
    |            ^^^^^^^^^^^^^^^^^^^^^^^^
    |   File "D:\workspace\open-guji-cv\.venv\Lib\site-packages\starlette\middleware\base.py", line 168, in call_next
    |     raise app_exc from app_exc.__cause__ or app_exc.__context__
    |   File "D:\workspace\open-guji-cv\.venv\Lib\site-packages\starlette\middleware\base.py", line 144, in coro
    |     await self.app(scope, receive_or_disconnect, send_no_error)
    |   File "D:\workspace\open-guji-cv\.venv\Lib\site-packages\starlette\middleware\cors.py", line 88, in __call__
    |     await self.app(scope, receive, send)
    |   File "D:\workspace\open-guji-cv\.venv\Lib\site-packages\starlette\middleware\exceptions.py", line 63, in __call__
    |     await wrap_app_handling_exceptions(self.app, conn)(scope, receive, send)
    |   File "D:\workspace\open-guji-cv\.venv\Lib\site-packages\starlette\_exception_handler.py", line 53, in wrapped_app
    |     raise exc
    |   File "D:\workspace\open-guji-cv\.venv\Lib\site-packages\starlette\_exception_handler.py", line 42, in wrapped_app
    |     await app(scope, receive, sender)
    |   File "D:\workspace\open-guji-cv\.venv\Lib\site-packages\fastapi\middleware\asyncexitstack.py", line 18, in __call__
    |     await self.app(scope, receive, send)
    |   File "D:\workspace\open-guji-cv\.venv\Lib\site-packages\starlette\routing.py", line 670, in __call__
    |     await self.middleware_stack(scope, receive, send)
    |   File "D:\workspace\open-guji-cv\.venv\Lib\site-packages\fastapi\routing.py", line 2734, in app
    |     await route.handle(scope, receive, send)
    |   File "D:\workspace\open-guji-cv\.venv\Lib\site-packages\fastapi\routing.py", line 1780, in handle
    |     await self.original_router.handle(scope, receive, send)
    |   File "D:\workspace\open-guji-cv\.venv\Lib\site-packages\fastapi\routing.py", line 2789, in handle
    |     await included_router._handle_selected(scope, receive, send)
    |   File "D:\workspace\open-guji-cv\.venv\Lib\site-packages\fastapi\routing.py", line 1800, in _handle_selected
    |     await original_route.handle(scope, receive, send)
    |   File "D:\workspace\open-guji-cv\.venv\Lib\site-packages\fastapi\routing.py", line 1279, in handle
    |     await app(scope, receive, send)
    |   File "D:\workspace\open-guji-cv\.venv\Lib\site-packages\fastapi\routing.py", line 158, in app
    |     await wrap_app_handling_exceptions(app, request)(scope, receive, send)
    |   File "D:\workspace\open-guji-cv\.venv\Lib\site-packages\starlette\_exception_handler.py", line 53, in wrapped_app
    |     raise exc
    |   File "D:\workspace\open-guji-cv\.venv\Lib\site-packages\starlette\_exception_handler.py", line 42, in wrapped_app
    |     await app(scope, receive, sender)
    |   File "D:\workspace\open-guji-cv\.venv\Lib\site-packages\fastapi\routing.py", line 144, in app
    |     response = await f(request)
    |                ^^^^^^^^^^^^^^^^
    |   File "D:\workspace\open-guji-cv\.venv\Lib\site-packages\fastapi\routing.py", line 706, in app
    |     raw_response = await run_endpoint_function(
    |                    ^^^^^^^^^^^^^^^^^^^^^^^^^^^^
    |   File "D:\workspace\open-guji-cv\.venv\Lib\site-packages\fastapi\routing.py", line 354, in run_endpoint_function
    |     return await run_in_threadpool(dependant.call, **values)
    |            ^^^^^^^^^^^^^^^^^^^^^^^^^^^^^^^^^^^^^^^^^^^^^^^^^
    |   File "D:\workspace\open-guji-cv\.venv\Lib\site-packages\starlette\concurrency.py", line 34, in run_in_threadpool
    |     return await anyio.to_thread.run_sync(func)
    |            ^^^^^^^^^^^^^^^^^^^^^^^^^^^^^^^^^^^^
    |   File "D:\workspace\open-guji-cv\.venv\Lib\site-packages\anyio\to_thread.py", line 65, in run_sync
    |     return await get_async_backend().run_sync_in_worker_thread(
    |            ^^^^^^^^^^^^^^^^^^^^^^^^^^^^^^^^^^^^^^^^^^^^^^^^^^^^
    |   File "D:\workspace\open-guji-cv\.venv\Lib\site-packages\anyio\_backends\_asyncio.py", line 2706, in run_sync_in_worker_thread
    |     return await future
    |            ^^^^^^^^^^^^
    |   File "D:\workspace\open-guji-cv\.venv\Lib\site-packages\anyio\_backends\_asyncio.py", line 1100, in run
    |     result = context.run(func, *args)
    |              ^^^^^^^^^^^^^^^^^^^^^^^^
    |   File "D:\workspace\open-guji-cv\open_guji_cv\console\errors.py", line 60, in wrapper
    |     return fn(*a, **kw)
    |            ^^^^^^^^^^^^
    |   File "D:\workspace\open-guji-cv\open_guji_cv\console\routers\products.py", line 142, in api_gate_summary
    |     b = load_book(book)
    |         ^^^^^^^^^^^^^^^
    |   File "D:\workspace\open-guji-cv\open_guji_cv\core\book.py", line 272, in load_book
    |     raise FileNotFoundError(f"\u6ca1\u6709\u8fd9\u518c\u4e66\u7684\u5b9a\u4e49: {path}")
    | FileNotFoundError: \u6ca1\u6709\u8fd9\u518c\u4e66\u7684\u5b9a\u4e49: D:\workspace\open-guji-cv\open_guji_cv\books\bxrl.yaml
    +------------------------------------

The above exception was the direct cause of the following exception:

Traceback (most recent call last):
  File "D:\workspace\open-guji-cv\.venv\Lib\site-packages\uvicorn\protocols\http\h11_impl.py", line 416, in run_asgi
    result = await app(  # type: ignore[func-returns-value]
             ^^^^^^^^^^^^^^^^^^^^^^^^^^^^^^^^^^^^^^^^^^^^^^
  File "D:\workspace\open-guji-cv\.venv\Lib\site-packages\uvicorn\middleware\proxy_headers.py", line 63, in __call__
    return await self.app(scope, receive, send)
           ^^^^^^^^^^^^^^^^^^^^^^^^^^^^^^^^^^^^
  File "D:\workspace\open-guji-cv\.venv\Lib\site-packages\fastapi\applications.py", line 1163, in __call__
    await super().__call__(scope, receive, send)
  File "D:\workspace\open-guji-cv\.venv\Lib\site-packages\starlette\applications.py", line 96, in __call__
    await self.middleware_stack(scope, receive, send)
  File "D:\workspace\open-guji-cv\.venv\Lib\site-packages\starlette\middleware\errors.py", line 186, in __call__
    raise exc
  File "D:\workspace\open-guji-cv\.venv\Lib\site-packages\starlette\middleware\errors.py", line 164, in __call__
    await self.app(scope, receive, _send)
  File "D:\workspace\open-guji-cv\.venv\Lib\site-packages\starlette\middleware\base.py", line 193, in __call__
    response = await self.dispatch_func(request, call_next)
               ^^^^^^^^^^^^^^^^^^^^^^^^^^^^^^^^^^^^^^^^^^^^
  File "D:\workspace\open-guji-cv\open_guji_cv\console\app.py", line 61, in _no_cache_static
    resp = await call_next(request)
           ^^^^^^^^^^^^^^^^^^^^^^^^
  File "D:\workspace\open-guji-cv\.venv\Lib\site-packages\starlette\middleware\base.py", line 168, in call_next
    raise app_exc from app_exc.__cause__ or app_exc.__context__
  File "D:\workspace\open-guji-cv\.venv\Lib\site-packages\starlette\middleware\base.py", line 144, in coro
    await self.app(scope, receive_or_disconnect, send_no_error)
  File "D:\workspace\open-guji-cv\.venv\Lib\site-packages\starlette\middleware\base.py", line 193, in __call__
    response = await self.dispatch_func(request, call_next)
               ^^^^^^^^^^^^^^^^^^^^^^^^^^^^^^^^^^^^^^^^^^^^
  File "D:\workspace\open-guji-cv\open_guji_cv\console\middleware.py", line 55, in dispatch
    return await call_next(request)
           ^^^^^^^^^^^^^^^^^^^^^^^^
  File "D:\workspace\open-guji-cv\.venv\Lib\site-packages\starlette\middleware\base.py", line 168, in call_next
    raise app_exc from app_exc.__cause__ or app_exc.__context__
  File "D:\workspace\open-guji-cv\.venv\Lib\site-packages\starlette\middleware\base.py", line 144, in coro
    await self.app(scope, receive_or_disconnect, send_no_error)
  File "D:\workspace\open-guji-cv\.venv\Lib\site-packages\starlette\middleware\cors.py", line 88, in __call__
    await self.app(scope, receive, send)
  File "D:\workspace\open-guji-cv\.venv\Lib\site-packages\starlette\middleware\exceptions.py", line 63, in __call__
    await wrap_app_handling_exceptions(self.app, conn)(scope, receive, send)
  File "D:\workspace\open-guji-cv\.venv\Lib\site-packages\starlette\_exception_handler.py", line 53, in wrapped_app
    raise exc
  File "D:\workspace\open-guji-cv\.venv\Lib\site-packages\starlette\_exception_handler.py", line 42, in wrapped_app
    await app(scope, receive, sender)
  File "D:\workspace\open-guji-cv\.venv\Lib\site-packages\fastapi\middleware\asyncexitstack.py", line 18, in __call__
    await self.app(scope, receive, send)
  File "D:\workspace\open-guji-cv\.venv\Lib\site-packages\starlette\routing.py", line 670, in __call__
    await self.middleware_stack(scope, receive, send)
  File "D:\workspace\open-guji-cv\.venv\Lib\site-packages\fastapi\routing.py", line 2734, in app
    await route.handle(scope, receive, send)
  File "D:\workspace\open-guji-cv\.venv\Lib\site-packages\fastapi\routing.py", line 1780, in handle
    await self.original_router.handle(scope, receive, send)
  File "D:\workspace\open-guji-cv\.venv\Lib\site-packages\fastapi\routing.py", line 2789, in handle
    await included_router._handle_selected(scope, receive, send)
  File "D:\workspace\open-guji-cv\.venv\Lib\site-packages\fastapi\routing.py", line 1800, in _handle_selected
    await original_route.handle(scope, receive, send)
  File "D:\workspace\open-guji-cv\.venv\Lib\site-packages\fastapi\routing.py", line 1279, in handle
    await app(scope, receive, send)
  File "D:\workspace\open-guji-cv\.venv\Lib\site-packages\fastapi\routing.py", line 158, in app
    await wrap_app_handling_exceptions(app, request)(scope, receive, send)
  File "D:\workspace\open-guji-cv\.venv\Lib\site-packages\starlette\_exception_handler.py", line 53, in wrapped_app
    raise exc
  File "D:\workspace\open-guji-cv\.venv\Lib\site-packages\starlette\_exception_handler.py", line 42, in wrapped_app
    await app(scope, receive, sender)
  File "D:\workspace\open-guji-cv\.venv\Lib\site-packages\fastapi\routing.py", line 144, in app
    response = await f(request)
               ^^^^^^^^^^^^^^^^
  File "D:\workspace\open-guji-cv\.venv\Lib\site-packages\fastapi\routing.py", line 706, in app
    raw_response = await run_endpoint_function(
                   ^^^^^^^^^^^^^^^^^^^^^^^^^^^^
  File "D:\workspace\open-guji-cv\.venv\Lib\site-packages\fastapi\routing.py", line 354, in run_endpoint_function
    return await run_in_threadpool(dependant.call, **values)
           ^^^^^^^^^^^^^^^^^^^^^^^^^^^^^^^^^^^^^^^^^^^^^^^^^
  File "D:\workspace\open-guji-cv\.venv\Lib\site-packages\starlette\concurrency.py", line 34, in run_in_threadpool
    return await anyio.to_thread.run_sync(func)
           ^^^^^^^^^^^^^^^^^^^^^^^^^^^^^^^^^^^^
  File "D:\workspace\open-guji-cv\.venv\Lib\site-packages\anyio\to_thread.py", line 65, in run_sync
    return await get_async_backend().run_sync_in_worker_thread(
           ^^^^^^^^^^^^^^^^^^^^^^^^^^^^^^^^^^^^^^^^^^^^^^^^^^^^
  File "D:\workspace\open-guji-cv\.venv\Lib\site-packages\anyio\_backends\_asyncio.py", line 2706, in run_sync_in_worker_thread
    return await future
           ^^^^^^^^^^^^
  File "D:\workspace\open-guji-cv\.venv\Lib\site-packages\anyio\_backends\_asyncio.py", line 1100, in run
    result = context.run(func, *args)
             ^^^^^^^^^^^^^^^^^^^^^^^^
  File "D:\workspace\open-guji-cv\open_guji_cv\console\errors.py", line 60, in wrapper
    return fn(*a, **kw)
           ^^^^^^^^^^^^
  File "D:\workspace\open-guji-cv\open_guji_cv\console\routers\products.py", line 142, in api_gate_summary
    b = load_book(book)
        ^^^^^^^^^^^^^^^
  File "D:\workspace\open-guji-cv\open_guji_cv\core\book.py", line 272, in load_book
    raise FileNotFoundError(f"\u6ca1\u6709\u8fd9\u518c\u4e66\u7684\u5b9a\u4e49: {path}")
FileNotFoundError: \u6ca1\u6709\u8fd9\u518c\u4e66\u7684\u5b9a\u4e49: D:\workspace\open-guji-cv\open_guji_cv\books\bxrl.yaml
ERROR:    Exception in ASGI application
  + Exception Group Traceback (most recent call last):
  |   File "D:\workspace\open-guji-cv\.venv\Lib\site-packages\starlette\_utils.py", line 85, in create_collapsing_task_group
  |     async with anyio.create_task_group() as tg:
  |                ^^^^^^^^^^^^^^^^^^^^^^^^^
  |   File "D:\workspace\open-guji-cv\.venv\Lib\site-packages\anyio\_backends\_asyncio.py", line 847, in __aexit__
  |     raise BaseExceptionGroup(
  | ExceptionGroup: unhandled errors in a TaskGroup (1 sub-exception)
  +-+---------------- 1 ----------------
    | Traceback (most recent call last):
    |   File "D:\workspace\open-guji-cv\.venv\Lib\site-packages\uvicorn\protocols\http\h11_impl.py", line 416, in run_asgi
    |     result = await app(  # type: ignore[func-returns-value]
    |              ^^^^^^^^^^^^^^^^^^^^^^^^^^^^^^^^^^^^^^^^^^^^^^
    |   File "D:\workspace\open-guji-cv\.venv\Lib\site-packages\uvicorn\middleware\proxy_headers.py", line 63, in __call__
    |     return await self.app(scope, receive, send)
    |            ^^^^^^^^^^^^^^^^^^^^^^^^^^^^^^^^^^^^
    |   File "D:\workspace\open-guji-cv\.venv\Lib\site-packages\fastapi\applications.py", line 1163, in __call__
    |     await super().__call__(scope, receive, send)
    |   File "D:\workspace\open-guji-cv\.venv\Lib\site-packages\starlette\applications.py", line 96, in __call__
    |     await self.middleware_stack(scope, receive, send)
    |   File "D:\workspace\open-guji-cv\.venv\Lib\site-packages\starlette\middleware\errors.py", line 186, in __call__
    |     raise exc
    |   File "D:\workspace\open-guji-cv\.venv\Lib\site-packages\starlette\middleware\errors.py", line 164, in __call__
    |     await self.app(scope, receive, _send)
    |   File "D:\workspace\open-guji-cv\.venv\Lib\site-packages\starlette\middleware\base.py", line 193, in __call__
    |     response = await self.dispatch_func(request, call_next)
    |                ^^^^^^^^^^^^^^^^^^^^^^^^^^^^^^^^^^^^^^^^^^^^
    |   File "D:\workspace\open-guji-cv\open_guji_cv\console\app.py", line 61, in _no_cache_static
    |     resp = await call_next(request)
    |            ^^^^^^^^^^^^^^^^^^^^^^^^
    |   File "D:\workspace\open-guji-cv\.venv\Lib\site-packages\starlette\middleware\base.py", line 168, in call_next
    |     raise app_exc from app_exc.__cause__ or app_exc.__context__
    |   File "D:\workspace\open-guji-cv\.venv\Lib\site-packages\starlette\middleware\base.py", line 144, in coro
    |     await self.app(scope, receive_or_disconnect, send_no_error)
    |   File "D:\workspace\open-guji-cv\.venv\Lib\site-packages\starlette\middleware\base.py", line 193, in __call__
    |     response = await self.dispatch_func(request, call_next)
    |                ^^^^^^^^^^^^^^^^^^^^^^^^^^^^^^^^^^^^^^^^^^^^
    |   File "D:\workspace\open-guji-cv\open_guji_cv\console\middleware.py", line 55, in dispatch
    |     return await call_next(request)
    |            ^^^^^^^^^^^^^^^^^^^^^^^^
    |   File "D:\workspace\open-guji-cv\.venv\Lib\site-packages\starlette\middleware\base.py", line 168, in call_next
    |     raise app_exc from app_exc.__cause__ or app_exc.__context__
    |   File "D:\workspace\open-guji-cv\.venv\Lib\site-packages\starlette\middleware\base.py", line 144, in coro
    |     await self.app(scope, receive_or_disconnect, send_no_error)
    |   File "D:\workspace\open-guji-cv\.venv\Lib\site-packages\starlette\middleware\cors.py", line 88, in __call__
    |     await self.app(scope, receive, send)
    |   File "D:\workspace\open-guji-cv\.venv\Lib\site-packages\starlette\middleware\exceptions.py", line 63, in __call__
    |     await wrap_app_handling_exceptions(self.app, conn)(scope, receive, send)
    |   File "D:\workspace\open-guji-cv\.venv\Lib\site-packages\starlette\_exception_handler.py", line 53, in wrapped_app
    |     raise exc
    |   File "D:\workspace\open-guji-cv\.venv\Lib\site-packages\starlette\_exception_handler.py", line 42, in wrapped_app
    |     await app(scope, receive, sender)
    |   File "D:\workspace\open-guji-cv\.venv\Lib\site-packages\fastapi\middleware\asyncexitstack.py", line 18, in __call__
    |     await self.app(scope, receive, send)
    |   File "D:\workspace\open-guji-cv\.venv\Lib\site-packages\starlette\routing.py", line 670, in __call__
    |     await self.middleware_stack(scope, receive, send)
    |   File "D:\workspace\open-guji-cv\.venv\Lib\site-packages\fastapi\routing.py", line 2734, in app
    |     await route.handle(scope, receive, send)
    |   File "D:\workspace\open-guji-cv\.venv\Lib\site-packages\fastapi\routing.py", line 1780, in handle
    |     await self.original_router.handle(scope, receive, send)
    |   File "D:\workspace\open-guji-cv\.venv\Lib\site-packages\fastapi\routing.py", line 2789, in handle
    |     await included_router._handle_selected(scope, receive, send)
    |   File "D:\workspace\open-guji-cv\.venv\Lib\site-packages\fastapi\routing.py", line 1800, in _handle_selected
    |     await original_route.handle(scope, receive, send)
    |   File "D:\workspace\open-guji-cv\.venv\Lib\site-packages\fastapi\routing.py", line 1279, in handle
    |     await app(scope, receive, send)
    |   File "D:\workspace\open-guji-cv\.venv\Lib\site-packages\fastapi\routing.py", line 158, in app
    |     await wrap_app_handling_exceptions(app, request)(scope, receive, send)
    |   File "D:\workspace\open-guji-cv\.venv\Lib\site-packages\starlette\_exception_handler.py", line 53, in wrapped_app
    |     raise exc
    |   File "D:\workspace\open-guji-cv\.venv\Lib\site-packages\starlette\_exception_handler.py", line 42, in wrapped_app
    |     await app(scope, receive, sender)
    |   File "D:\workspace\open-guji-cv\.venv\Lib\site-packages\fastapi\routing.py", line 144, in app
    |     response = await f(request)
    |                ^^^^^^^^^^^^^^^^
    |   File "D:\workspace\open-guji-cv\.venv\Lib\site-packages\fastapi\routing.py", line 706, in app
    |     raw_response = await run_endpoint_function(
    |                    ^^^^^^^^^^^^^^^^^^^^^^^^^^^^
    |   File "D:\workspace\open-guji-cv\.venv\Lib\site-packages\fastapi\routing.py", line 354, in run_endpoint_function
    |     return await run_in_threadpool(dependant.call, **values)
    |            ^^^^^^^^^^^^^^^^^^^^^^^^^^^^^^^^^^^^^^^^^^^^^^^^^
    |   File "D:\workspace\open-guji-cv\.venv\Lib\site-packages\starlette\concurrency.py", line 34, in run_in_threadpool
    |     return await anyio.to_thread.run_sync(func)
    |            ^^^^^^^^^^^^^^^^^^^^^^^^^^^^^^^^^^^^
    |   File "D:\workspace\open-guji-cv\.venv\Lib\site-packages\anyio\to_thread.py", line 65, in run_sync
    |     return await get_async_backend().run_sync_in_worker_thread(
    |            ^^^^^^^^^^^^^^^^^^^^^^^^^^^^^^^^^^^^^^^^^^^^^^^^^^^^
    |   File "D:\workspace\open-guji-cv\.venv\Lib\site-packages\anyio\_backends\_asyncio.py", line 2706, in run_sync_in_worker_thread
    |     return await future
    |            ^^^^^^^^^^^^
    |   File "D:\workspace\open-guji-cv\.venv\Lib\site-packages\anyio\_backends\_asyncio.py", line 1100, in run
    |     result = context.run(func, *args)
    |              ^^^^^^^^^^^^^^^^^^^^^^^^
    |   File "D:\workspace\open-guji-cv\open_guji_cv\console\routers\evals.py", line 63, in api_rulers
    |     bk = load_book(book)
    |          ^^^^^^^^^^^^^^^
    |   File "D:\workspace\open-guji-cv\open_guji_cv\core\book.py", line 272, in load_book
    |     raise FileNotFoundError(f"\u6ca1\u6709\u8fd9\u518c\u4e66\u7684\u5b9a\u4e49: {path}")
    | FileNotFoundError: \u6ca1\u6709\u8fd9\u518c\u4e66\u7684\u5b9a\u4e49: D:\workspace\open-guji-cv\open_guji_cv\books\bxrl.yaml
    +------------------------------------

The above exception was the direct cause of the following exception:

Traceback (most recent call last):
  File "D:\workspace\open-guji-cv\.venv\Lib\site-packages\uvicorn\protocols\http\h11_impl.py", line 416, in run_asgi
    result = await app(  # type: ignore[func-returns-value]
             ^^^^^^^^^^^^^^^^^^^^^^^^^^^^^^^^^^^^^^^^^^^^^^
  File "D:\workspace\open-guji-cv\.venv\Lib\site-packages\uvicorn\middleware\proxy_headers.py", line 63, in __call__
    return await self.app(scope, receive, send)
           ^^^^^^^^^^^^^^^^^^^^^^^^^^^^^^^^^^^^
  File "D:\workspace\open-guji-cv\.venv\Lib\site-packages\fastapi\applications.py", line 1163, in __call__
    await super().__call__(scope, receive, send)
  File "D:\workspace\open-guji-cv\.venv\Lib\site-packages\starlette\applications.py", line 96, in __call__
    await self.middleware_stack(scope, receive, send)
  File "D:\workspace\open-guji-cv\.venv\Lib\site-packages\starlette\middleware\errors.py", line 186, in __call__
    raise exc
  File "D:\workspace\open-guji-cv\.venv\Lib\site-packages\starlette\middleware\errors.py", line 164, in __call__
    await self.app(scope, receive, _send)
  File "D:\workspace\open-guji-cv\.venv\Lib\site-packages\starlette\middleware\base.py", line 193, in __call__
    response = await self.dispatch_func(request, call_next)
               ^^^^^^^^^^^^^^^^^^^^^^^^^^^^^^^^^^^^^^^^^^^^
  File "D:\workspace\open-guji-cv\open_guji_cv\console\app.py", line 61, in _no_cache_static
    resp = await call_next(request)
           ^^^^^^^^^^^^^^^^^^^^^^^^
  File "D:\workspace\open-guji-cv\.venv\Lib\site-packages\starlette\middleware\base.py", line 168, in call_next
    raise app_exc from app_exc.__cause__ or app_exc.__context__
  File "D:\workspace\open-guji-cv\.venv\Lib\site-packages\starlette\middleware\base.py", line 144, in coro
    await self.app(scope, receive_or_disconnect, send_no_error)
  File "D:\workspace\open-guji-cv\.venv\Lib\site-packages\starlette\middleware\base.py", line 193, in __call__
    response = await self.dispatch_func(request, call_next)
               ^^^^^^^^^^^^^^^^^^^^^^^^^^^^^^^^^^^^^^^^^^^^
  File "D:\workspace\open-guji-cv\open_guji_cv\console\middleware.py", line 55, in dispatch
    return await call_next(request)
           ^^^^^^^^^^^^^^^^^^^^^^^^
  File "D:\workspace\open-guji-cv\.venv\Lib\site-packages\starlette\middleware\base.py", line 168, in call_next
    raise app_exc from app_exc.__cause__ or app_exc.__context__
  File "D:\workspace\open-guji-cv\.venv\Lib\site-packages\starlette\middleware\base.py", line 144, in coro
    await self.app(scope, receive_or_disconnect, send_no_error)
  File "D:\workspace\open-guji-cv\.venv\Lib\site-packages\starlette\middleware\cors.py", line 88, in __call__
    await self.app(scope, receive, send)
  File "D:\workspace\open-guji-cv\.venv\Lib\site-packages\starlette\middleware\exceptions.py", line 63, in __call__
    await wrap_app_handling_exceptions(self.app, conn)(scope, receive, send)
  File "D:\workspace\open-guji-cv\.venv\Lib\site-packages\starlette\_exception_handler.py", line 53, in wrapped_app
    raise exc
  File "D:\workspace\open-guji-cv\.venv\Lib\site-packages\starlette\_exception_handler.py", line 42, in wrapped_app
    await app(scope, receive, sender)
  File "D:\workspace\open-guji-cv\.venv\Lib\site-packages\fastapi\middleware\asyncexitstack.py", line 18, in __call__
    await self.app(scope, receive, send)
  File "D:\workspace\open-guji-cv\.venv\Lib\site-packages\starlette\routing.py", line 670, in __call__
    await self.middleware_stack(scope, receive, send)
  File "D:\workspace\open-guji-cv\.venv\Lib\site-packages\fastapi\routing.py", line 2734, in app
    await route.handle(scope, receive, send)
  File "D:\workspace\open-guji-cv\.venv\Lib\site-packages\fastapi\routing.py", line 1780, in handle
    await self.original_router.handle(scope, receive, send)
  File "D:\workspace\open-guji-cv\.venv\Lib\site-packages\fastapi\routing.py", line 2789, in handle
    await included_router._handle_selected(scope, receive, send)
  File "D:\workspace\open-guji-cv\.venv\Lib\site-packages\fastapi\routing.py", line 1800, in _handle_selected
    await original_route.handle(scope, receive, send)
  File "D:\workspace\open-guji-cv\.venv\Lib\site-packages\fastapi\routing.py", line 1279, in handle
    await app(scope, receive, send)
  File "D:\workspace\open-guji-cv\.venv\Lib\site-packages\fastapi\routing.py", line 158, in app
    await wrap_app_handling_exceptions(app, request)(scope, receive, send)
  File "D:\workspace\open-guji-cv\.venv\Lib\site-packages\starlette\_exception_handler.py", line 53, in wrapped_app
    raise exc
  File "D:\workspace\open-guji-cv\.venv\Lib\site-packages\starlette\_exception_handler.py", line 42, in wrapped_app
    await app(scope, receive, sender)
  File "D:\workspace\open-guji-cv\.venv\Lib\site-packages\fastapi\routing.py", line 144, in app
    response = await f(request)
               ^^^^^^^^^^^^^^^^
  File "D:\workspace\open-guji-cv\.venv\Lib\site-packages\fastapi\routing.py", line 706, in app
    raw_response = await run_endpoint_function(
                   ^^^^^^^^^^^^^^^^^^^^^^^^^^^^
  File "D:\workspace\open-guji-cv\.venv\Lib\site-packages\fastapi\routing.py", line 354, in run_endpoint_function
    return await run_in_threadpool(dependant.call, **values)
           ^^^^^^^^^^^^^^^^^^^^^^^^^^^^^^^^^^^^^^^^^^^^^^^^^
  File "D:\workspace\open-guji-cv\.venv\Lib\site-packages\starlette\concurrency.py", line 34, in run_in_threadpool
    return await anyio.to_thread.run_sync(func)
           ^^^^^^^^^^^^^^^^^^^^^^^^^^^^^^^^^^^^
  File "D:\workspace\open-guji-cv\.venv\Lib\site-packages\anyio\to_thread.py", line 65, in run_sync
    return await get_async_backend().run_sync_in_worker_thread(
           ^^^^^^^^^^^^^^^^^^^^^^^^^^^^^^^^^^^^^^^^^^^^^^^^^^^^
  File "D:\workspace\open-guji-cv\.venv\Lib\site-packages\anyio\_backends\_asyncio.py", line 2706, in run_sync_in_worker_thread
    return await future
           ^^^^^^^^^^^^
  File "D:\workspace\open-guji-cv\.venv\Lib\site-packages\anyio\_backends\_asyncio.py", line 1100, in run
    result = context.run(func, *args)
             ^^^^^^^^^^^^^^^^^^^^^^^^
  File "D:\workspace\open-guji-cv\open_guji_cv\console\routers\evals.py", line 63, in api_rulers
    bk = load_book(book)
         ^^^^^^^^^^^^^^^
  File "D:\workspace\open-guji-cv\open_guji_cv\core\book.py", line 272, in load_book
    raise FileNotFoundError(f"\u6ca1\u6709\u8fd9\u518c\u4e66\u7684\u5b9a\u4e49: {path}")
FileNotFoundError: \u6ca1\u6709\u8fd9\u518c\u4e66\u7684\u5b9a\u4e49: D:\workspace\open-guji-cv\open_guji_cv\books\bxrl.yaml
ERROR:    Exception in ASGI application
  + Exception Group Traceback (most recent call last):
  |   File "D:\workspace\open-guji-cv\.venv\Lib\site-packages\starlette\_utils.py", line 85, in create_collapsing_task_group
  |     async with anyio.create_task_group() as tg:
  |                ^^^^^^^^^^^^^^^^^^^^^^^^^
  |   File "D:\workspace\open-guji-cv\.venv\Lib\site-packages\anyio\_backends\_asyncio.py", line 847, in __aexit__
  |     raise BaseExceptionGroup(
  | ExceptionGroup: unhandled errors in a TaskGroup (1 sub-exception)
  +-+---------------- 1 ----------------
    | Traceback (most recent call last):
    |   File "D:\workspace\open-guji-cv\.venv\Lib\site-packages\uvicorn\protocols\http\h11_impl.py", line 416, in run_asgi
    |     result = await app(  # type: ignore[func-returns-value]
    |              ^^^^^^^^^^^^^^^^^^^^^^^^^^^^^^^^^^^^^^^^^^^^^^
    |   File "D:\workspace\open-guji-cv\.venv\Lib\site-packages\uvicorn\middleware\proxy_headers.py", line 63, in __call__
    |     return await self.app(scope, receive, send)
    |            ^^^^^^^^^^^^^^^^^^^^^^^^^^^^^^^^^^^^
    |   File "D:\workspace\open-guji-cv\.venv\Lib\site-packages\fastapi\applications.py", line 1163, in __call__
    |     await super().__call__(scope, receive, send)
    |   File "D:\workspace\open-guji-cv\.venv\Lib\site-packages\starlette\applications.py", line 96, in __call__
    |     await self.middleware_stack(scope, receive, send)
    |   File "D:\workspace\open-guji-cv\.venv\Lib\site-packages\starlette\middleware\errors.py", line 186, in __call__
    |     raise exc
    |   File "D:\workspace\open-guji-cv\.venv\Lib\site-packages\starlette\middleware\errors.py", line 164, in __call__
    |     await self.app(scope, receive, _send)
    |   File "D:\workspace\open-guji-cv\.venv\Lib\site-packages\starlette\middleware\base.py", line 193, in __call__
    |     response = await self.dispatch_func(request, call_next)
    |                ^^^^^^^^^^^^^^^^^^^^^^^^^^^^^^^^^^^^^^^^^^^^
    |   File "D:\workspace\open-guji-cv\open_guji_cv\console\app.py", line 61, in _no_cache_static
    |     resp = await call_next(request)
    |            ^^^^^^^^^^^^^^^^^^^^^^^^
    |   File "D:\workspace\open-guji-cv\.venv\Lib\site-packages\starlette\middleware\base.py", line 168, in call_next
    |     raise app_exc from app_exc.__cause__ or app_exc.__context__
    |   File "D:\workspace\open-guji-cv\.venv\Lib\site-packages\starlette\middleware\base.py", line 144, in coro
    |     await self.app(scope, receive_or_disconnect, send_no_error)
    |   File "D:\workspace\open-guji-cv\.venv\Lib\site-packages\starlette\middleware\base.py", line 193, in __call__
    |     response = await self.dispatch_func(request, call_next)
    |                ^^^^^^^^^^^^^^^^^^^^^^^^^^^^^^^^^^^^^^^^^^^^
    |   File "D:\workspace\open-guji-cv\open_guji_cv\console\middleware.py", line 55, in dispatch
    |     return await call_next(request)
    |            ^^^^^^^^^^^^^^^^^^^^^^^^
    |   File "D:\workspace\open-guji-cv\.venv\Lib\site-packages\starlette\middleware\base.py", line 168, in call_next
    |     raise app_exc from app_exc.__cause__ or app_exc.__context__
    |   File "D:\workspace\open-guji-cv\.venv\Lib\site-packages\starlette\middleware\base.py", line 144, in coro
    |     await self.app(scope, receive_or_disconnect, send_no_error)
    |   File "D:\workspace\open-guji-cv\.venv\Lib\site-packages\starlette\middleware\cors.py", line 88, in __call__
    |     await self.app(scope, receive, send)
    |   File "D:\workspace\open-guji-cv\.venv\Lib\site-packages\starlette\middleware\exceptions.py", line 63, in __call__
    |     await wrap_app_handling_exceptions(self.app, conn)(scope, receive, send)
    |   File "D:\workspace\open-guji-cv\.venv\Lib\site-packages\starlette\_exception_handler.py", line 53, in wrapped_app
    |     raise exc
    |   File "D:\workspace\open-guji-cv\.venv\Lib\site-packages\starlette\_exception_handler.py", line 42, in wrapped_app
    |     await app(scope, receive, sender)
    |   File "D:\workspace\open-guji-cv\.venv\Lib\site-packages\fastapi\middleware\asyncexitstack.py", line 18, in __call__
    |     await self.app(scope, receive, send)
    |   File "D:\workspace\open-guji-cv\.venv\Lib\site-packages\starlette\routing.py", line 670, in __call__
    |     await self.middleware_stack(scope, receive, send)
    |   File "D:\workspace\open-guji-cv\.venv\Lib\site-packages\fastapi\routing.py", line 2734, in app
    |     await route.handle(scope, receive, send)
    |   File "D:\workspace\open-guji-cv\.venv\Lib\site-packages\fastapi\routing.py", line 1780, in handle
    |     await self.original_router.handle(scope, receive, send)
    |   File "D:\workspace\open-guji-cv\.venv\Lib\site-packages\fastapi\routing.py", line 2789, in handle
    |     await included_router._handle_selected(scope, receive, send)
    |   File "D:\workspace\open-guji-cv\.venv\Lib\site-packages\fastapi\routing.py", line 1800, in _handle_selected
    |     await original_route.handle(scope, receive, send)
    |   File "D:\workspace\open-guji-cv\.venv\Lib\site-packages\fastapi\routing.py", line 1279, in handle
    |     await app(scope, receive, send)
    |   File "D:\workspace\open-guji-cv\.venv\Lib\site-packages\fastapi\routing.py", line 158, in app
    |     await wrap_app_handling_exceptions(app, request)(scope, receive, send)
    |   File "D:\workspace\open-guji-cv\.venv\Lib\site-packages\starlette\_exception_handler.py", line 53, in wrapped_app
    |     raise exc
    |   File "D:\workspace\open-guji-cv\.venv\Lib\site-packages\starlette\_exception_handler.py", line 42, in wrapped_app
    |     await app(scope, receive, sender)
    |   File "D:\workspace\open-guji-cv\.venv\Lib\site-packages\fastapi\routing.py", line 144, in app
    |     response = await f(request)
    |                ^^^^^^^^^^^^^^^^
    |   File "D:\workspace\open-guji-cv\.venv\Lib\site-packages\fastapi\routing.py", line 706, in app
    |     raw_response = await run_endpoint_function(
    |                    ^^^^^^^^^^^^^^^^^^^^^^^^^^^^
    |   File "D:\workspace\open-guji-cv\.venv\Lib\site-packages\fastapi\routing.py", line 354, in run_endpoint_function
    |     return await run_in_threadpool(dependant.call, **values)
    |            ^^^^^^^^^^^^^^^^^^^^^^^^^^^^^^^^^^^^^^^^^^^^^^^^^
    |   File "D:\workspace\open-guji-cv\.venv\Lib\site-packages\starlette\concurrency.py", line 34, in run_in_threadpool
    |     return await anyio.to_thread.run_sync(func)
    |            ^^^^^^^^^^^^^^^^^^^^^^^^^^^^^^^^^^^^
    |   File "D:\workspace\open-guji-cv\.venv\Lib\site-packages\anyio\to_thread.py", line 65, in run_sync
    |     return await get_async_backend().run_sync_in_worker_thread(
    |            ^^^^^^^^^^^^^^^^^^^^^^^^^^^^^^^^^^^^^^^^^^^^^^^^^^^^
    |   File "D:\workspace\open-guji-cv\.venv\Lib\site-packages\anyio\_backends\_asyncio.py", line 2706, in run_sync_in_worker_thread
    |     return await future
    |            ^^^^^^^^^^^^
    |   File "D:\workspace\open-guji-cv\.venv\Lib\site-packages\anyio\_backends\_asyncio.py", line 1100, in run
    |     result = context.run(func, *args)
    |              ^^^^^^^^^^^^^^^^^^^^^^^^
    |   File "D:\workspace\open-guji-cv\open_guji_cv\console\routers\evals.py", line 142, in api_overview_summary
    |     align = align_ref_summary(book, None, st)
    |             ^^^^^^^^^^^^^^^^^^^^^^^^^^^^^^^^^
    |   File "D:\workspace\open-guji-cv\open_guji_cv\steps\align_ref.py", line 321, in align_ref_summary
    |     book = load_book(book_id)
    |            ^^^^^^^^^^^^^^^^^^
    |   File "D:\workspace\open-guji-cv\open_guji_cv\core\book.py", line 272, in load_book
    |     raise FileNotFoundError(f"\u6ca1\u6709\u8fd9\u518c\u4e66\u7684\u5b9a\u4e49: {path}")
    | FileNotFoundError: \u6ca1\u6709\u8fd9\u518c\u4e66\u7684\u5b9a\u4e49: D:\workspace\open-guji-cv\open_guji_cv\books\bxrl.yaml
    +------------------------------------

The above exception was the direct cause of the following exception:

Traceback (most recent call last):
  File "D:\workspace\open-guji-cv\.venv\Lib\site-packages\uvicorn\protocols\http\h11_impl.py", line 416, in run_asgi
    result = await app(  # type: ignore[func-returns-value]
             ^^^^^^^^^^^^^^^^^^^^^^^^^^^^^^^^^^^^^^^^^^^^^^
  File "D:\workspace\open-guji-cv\.venv\Lib\site-packages\uvicorn\middleware\proxy_headers.py", line 63, in __call__
    return await self.app(scope, receive, send)
           ^^^^^^^^^^^^^^^^^^^^^^^^^^^^^^^^^^^^
  File "D:\workspace\open-guji-cv\.venv\Lib\site-packages\fastapi\applications.py", line 1163, in __call__
    await super().__call__(scope, receive, send)
  File "D:\workspace\open-guji-cv\.venv\Lib\site-packages\starlette\applications.py", line 96, in __call__
    await self.middleware_stack(scope, receive, send)
  File "D:\workspace\open-guji-cv\.venv\Lib\site-packages\starlette\middleware\errors.py", line 186, in __call__
    raise exc
  File "D:\workspace\open-guji-cv\.venv\Lib\site-packages\starlette\middleware\errors.py", line 164, in __call__
    await self.app(scope, receive, _send)
  File "D:\workspace\open-guji-cv\.venv\Lib\site-packages\starlette\middleware\base.py", line 193, in __call__
    response = await self.dispatch_func(request, call_next)
               ^^^^^^^^^^^^^^^^^^^^^^^^^^^^^^^^^^^^^^^^^^^^
  File "D:\workspace\open-guji-cv\open_guji_cv\console\app.py", line 61, in _no_cache_static
    resp = await call_next(request)
           ^^^^^^^^^^^^^^^^^^^^^^^^
  File "D:\workspace\open-guji-cv\.venv\Lib\site-packages\starlette\middleware\base.py", line 168, in call_next
    raise app_exc from app_exc.__cause__ or app_exc.__context__
  File "D:\workspace\open-guji-cv\.venv\Lib\site-packages\starlette\middleware\base.py", line 144, in coro
    await self.app(scope, receive_or_disconnect, send_no_error)
  File "D:\workspace\open-guji-cv\.venv\Lib\site-packages\starlette\middleware\base.py", line 193, in __call__
    response = await self.dispatch_func(request, call_next)
               ^^^^^^^^^^^^^^^^^^^^^^^^^^^^^^^^^^^^^^^^^^^^
  File "D:\workspace\open-guji-cv\open_guji_cv\console\middleware.py", line 55, in dispatch
    return await call_next(request)
           ^^^^^^^^^^^^^^^^^^^^^^^^
  File "D:\workspace\open-guji-cv\.venv\Lib\site-packages\starlette\middleware\base.py", line 168, in call_next
    raise app_exc from app_exc.__cause__ or app_exc.__context__
  File "D:\workspace\open-guji-cv\.venv\Lib\site-packages\starlette\middleware\base.py", line 144, in coro
    await self.app(scope, receive_or_disconnect, send_no_error)
  File "D:\workspace\open-guji-cv\.venv\Lib\site-packages\starlette\middleware\cors.py", line 88, in __call__
    await self.app(scope, receive, send)
  File "D:\workspace\open-guji-cv\.venv\Lib\site-packages\starlette\middleware\exceptions.py", line 63, in __call__
    await wrap_app_handling_exceptions(self.app, conn)(scope, receive, send)
  File "D:\workspace\open-guji-cv\.venv\Lib\site-packages\starlette\_exception_handler.py", line 53, in wrapped_app
    raise exc
  File "D:\workspace\open-guji-cv\.venv\Lib\site-packages\starlette\_exception_handler.py", line 42, in wrapped_app
    await app(scope, receive, sender)
  File "D:\workspace\open-guji-cv\.venv\Lib\site-packages\fastapi\middleware\asyncexitstack.py", line 18, in __call__
    await self.app(scope, receive, send)
  File "D:\workspace\open-guji-cv\.venv\Lib\site-packages\starlette\routing.py", line 670, in __call__
    await self.middleware_stack(scope, receive, send)
  File "D:\workspace\open-guji-cv\.venv\Lib\site-packages\fastapi\routing.py", line 2734, in app
    await route.handle(scope, receive, send)
  File "D:\workspace\open-guji-cv\.venv\Lib\site-packages\fastapi\routing.py", line 1780, in handle
    await self.original_router.handle(scope, receive, send)
  File "D:\workspace\open-guji-cv\.venv\Lib\site-packages\fastapi\routing.py", line 2789, in handle
    await included_router._handle_selected(scope, receive, send)
  File "D:\workspace\open-guji-cv\.venv\Lib\site-packages\fastapi\routing.py", line 1800, in _handle_selected
    await original_route.handle(scope, receive, send)
  File "D:\workspace\open-guji-cv\.venv\Lib\site-packages\fastapi\routing.py", line 1279, in handle
    await app(scope, receive, send)
  File "D:\workspace\open-guji-cv\.venv\Lib\site-packages\fastapi\routing.py", line 158, in app
    await wrap_app_handling_exceptions(app, request)(scope, receive, send)
  File "D:\workspace\open-guji-cv\.venv\Lib\site-packages\starlette\_exception_handler.py", line 53, in wrapped_app
    raise exc
  File "D:\workspace\open-guji-cv\.venv\Lib\site-packages\starlette\_exception_handler.py", line 42, in wrapped_app
    await app(scope, receive, sender)
  File "D:\workspace\open-guji-cv\.venv\Lib\site-packages\fastapi\routing.py", line 144, in app
    response = await f(request)
               ^^^^^^^^^^^^^^^^
  File "D:\workspace\open-guji-cv\.venv\Lib\site-packages\fastapi\routing.py", line 706, in app
    raw_response = await run_endpoint_function(
                   ^^^^^^^^^^^^^^^^^^^^^^^^^^^^
  File "D:\workspace\open-guji-cv\.venv\Lib\site-packages\fastapi\routing.py", line 354, in run_endpoint_function
    return await run_in_threadpool(dependant.call, **values)
           ^^^^^^^^^^^^^^^^^^^^^^^^^^^^^^^^^^^^^^^^^^^^^^^^^
  File "D:\workspace\open-guji-cv\.venv\Lib\site-packages\starlette\concurrency.py", line 34, in run_in_threadpool
    return await anyio.to_thread.run_sync(func)
           ^^^^^^^^^^^^^^^^^^^^^^^^^^^^^^^^^^^^
  File "D:\workspace\open-guji-cv\.venv\Lib\site-packages\anyio\to_thread.py", line 65, in run_sync
    return await get_async_backend().run_sync_in_worker_thread(
           ^^^^^^^^^^^^^^^^^^^^^^^^^^^^^^^^^^^^^^^^^^^^^^^^^^^^
  File "D:\workspace\open-guji-cv\.venv\Lib\site-packages\anyio\_backends\_asyncio.py", line 2706, in run_sync_in_worker_thread
    return await future
           ^^^^^^^^^^^^
  File "D:\workspace\open-guji-cv\.venv\Lib\site-packages\anyio\_backends\_asyncio.py", line 1100, in run
    result = context.run(func, *args)
             ^^^^^^^^^^^^^^^^^^^^^^^^
  File "D:\workspace\open-guji-cv\open_guji_cv\console\routers\evals.py", line 142, in api_overview_summary
    align = align_ref_summary(book, None, st)
            ^^^^^^^^^^^^^^^^^^^^^^^^^^^^^^^^^
  File "D:\workspace\open-guji-cv\open_guji_cv\steps\align_ref.py", line 321, in align_ref_summary
    book = load_book(book_id)
           ^^^^^^^^^^^^^^^^^^
  File "D:\workspace\open-guji-cv\open_guji_cv\core\book.py", line 272, in load_book
    raise FileNotFoundError(f"\u6ca1\u6709\u8fd9\u518c\u4e66\u7684\u5b9a\u4e49: {path}")
FileNotFoundError: \u6ca1\u6709\u8fd9\u518c\u4e66\u7684\u5b9a\u4e49: D:\workspace\open-guji-cv\open_guji_cv\books\bxrl.yaml
ERROR:    Exception in ASGI application
  + Exception Group Traceback (most recent call last):
  |   File "D:\workspace\open-guji-cv\.venv\Lib\site-packages\starlette\_utils.py", line 85, in create_collapsing_task_group
  |     async with anyio.create_task_group() as tg:
  |                ^^^^^^^^^^^^^^^^^^^^^^^^^
  |   File "D:\workspace\open-guji-cv\.venv\Lib\site-packages\anyio\_backends\_asyncio.py", line 847, in __aexit__
  |     raise BaseExceptionGroup(
  | ExceptionGroup: unhandled errors in a TaskGroup (1 sub-exception)
  +-+---------------- 1 ----------------
    | Traceback (most recent call last):
    |   File "D:\workspace\open-guji-cv\.venv\Lib\site-packages\uvicorn\protocols\http\h11_impl.py", line 416, in run_asgi
    |     result = await app(  # type: ignore[func-returns-value]
    |              ^^^^^^^^^^^^^^^^^^^^^^^^^^^^^^^^^^^^^^^^^^^^^^
    |   File "D:\workspace\open-guji-cv\.venv\Lib\site-packages\uvicorn\middleware\proxy_headers.py", line 63, in __call__
    |     return await self.app(scope, receive, send)
    |            ^^^^^^^^^^^^^^^^^^^^^^^^^^^^^^^^^^^^
    |   File "D:\workspace\open-guji-cv\.venv\Lib\site-packages\fastapi\applications.py", line 1163, in __call__
    |     await super().__call__(scope, receive, send)
    |   File "D:\workspace\open-guji-cv\.venv\Lib\site-packages\starlette\applications.py", line 96, in __call__
    |     await self.middleware_stack(scope, receive, send)
    |   File "D:\workspace\open-guji-cv\.venv\Lib\site-packages\starlette\middleware\errors.py", line 186, in __call__
    |     raise exc
    |   File "D:\workspace\open-guji-cv\.venv\Lib\site-packages\starlette\middleware\errors.py", line 164, in __call__
    |     await self.app(scope, receive, _send)
    |   File "D:\workspace\open-guji-cv\.venv\Lib\site-packages\starlette\middleware\base.py", line 193, in __call__
    |     response = await self.dispatch_func(request, call_next)
    |                ^^^^^^^^^^^^^^^^^^^^^^^^^^^^^^^^^^^^^^^^^^^^
    |   File "D:\workspace\open-guji-cv\open_guji_cv\console\app.py", line 61, in _no_cache_static
    |     resp = await call_next(request)
    |            ^^^^^^^^^^^^^^^^^^^^^^^^
    |   File "D:\workspace\open-guji-cv\.venv\Lib\site-packages\starlette\middleware\base.py", line 168, in call_next
    |     raise app_exc from app_exc.__cause__ or app_exc.__context__
    |   File "D:\workspace\open-guji-cv\.venv\Lib\site-packages\starlette\middleware\base.py", line 144, in coro
    |     await self.app(scope, receive_or_disconnect, send_no_error)
    |   File "D:\workspace\open-guji-cv\.venv\Lib\site-packages\starlette\middleware\base.py", line 193, in __call__
    |     response = await self.dispatch_func(request, call_next)
    |                ^^^^^^^^^^^^^^^^^^^^^^^^^^^^^^^^^^^^^^^^^^^^
    |   File "D:\workspace\open-guji-cv\open_guji_cv\console\middleware.py", line 55, in dispatch
    |     return await call_next(request)
    |            ^^^^^^^^^^^^^^^^^^^^^^^^
    |   File "D:\workspace\open-guji-cv\.venv\Lib\site-packages\starlette\middleware\base.py", line 168, in call_next
    |     raise app_exc from app_exc.__cause__ or app_exc.__context__
    |   File "D:\workspace\open-guji-cv\.venv\Lib\site-packages\starlette\middleware\base.py", line 144, in coro
    |     await self.app(scope, receive_or_disconnect, send_no_error)
    |   File "D:\workspace\open-guji-cv\.venv\Lib\site-packages\starlette\middleware\cors.py", line 88, in __call__
    |     await self.app(scope, receive, send)
    |   File "D:\workspace\open-guji-cv\.venv\Lib\site-packages\starlette\middleware\exceptions.py", line 63, in __call__
    |     await wrap_app_handling_exceptions(self.app, conn)(scope, receive, send)
    |   File "D:\workspace\open-guji-cv\.venv\Lib\site-packages\starlette\_exception_handler.py", line 53, in wrapped_app
    |     raise exc
    |   File "D:\workspace\open-guji-cv\.venv\Lib\site-packages\starlette\_exception_handler.py", line 42, in wrapped_app
    |     await app(scope, receive, sender)
    |   File "D:\workspace\open-guji-cv\.venv\Lib\site-packages\fastapi\middleware\asyncexitstack.py", line 18, in __call__
    |     await self.app(scope, receive, send)
    |   File "D:\workspace\open-guji-cv\.venv\Lib\site-packages\starlette\routing.py", line 670, in __call__
    |     await self.middleware_stack(scope, receive, send)
    |   File "D:\workspace\open-guji-cv\.venv\Lib\site-packages\fastapi\routing.py", line 2734, in app
    |     await route.handle(scope, receive, send)
    |   File "D:\workspace\open-guji-cv\.venv\Lib\site-packages\fastapi\routing.py", line 1780, in handle
    |     await self.original_router.handle(scope, receive, send)
    |   File "D:\workspace\open-guji-cv\.venv\Lib\site-packages\fastapi\routing.py", line 2789, in handle
    |     await included_router._handle_selected(scope, receive, send)
    |   File "D:\workspace\open-guji-cv\.venv\Lib\site-packages\fastapi\routing.py", line 1800, in _handle_selected
    |     await original_route.handle(scope, receive, send)
    |   File "D:\workspace\open-guji-cv\.venv\Lib\site-packages\fastapi\routing.py", line 1279, in handle
    |     await app(scope, receive, send)
    |   File "D:\workspace\open-guji-cv\.venv\Lib\site-packages\fastapi\routing.py", line 158, in app
    |     await wrap_app_handling_exceptions(app, request)(scope, receive, send)
    |   File "D:\workspace\open-guji-cv\.venv\Lib\site-packages\starlette\_exception_handler.py", line 53, in wrapped_app
    |     raise exc
    |   File "D:\workspace\open-guji-cv\.venv\Lib\site-packages\starlette\_exception_handler.py", line 42, in wrapped_app
    |     await app(scope, receive, sender)
    |   File "D:\workspace\open-guji-cv\.venv\Lib\site-packages\fastapi\routing.py", line 144, in app
    |     response = await f(request)
    |                ^^^^^^^^^^^^^^^^
    |   File "D:\workspace\open-guji-cv\.venv\Lib\site-packages\fastapi\routing.py", line 706, in app
    |     raw_response = await run_endpoint_function(
    |                    ^^^^^^^^^^^^^^^^^^^^^^^^^^^^
    |   File "D:\workspace\open-guji-cv\.venv\Lib\site-packages\fastapi\routing.py", line 354, in run_endpoint_function
    |     return await run_in_threadpool(dependant.call, **values)
    |            ^^^^^^^^^^^^^^^^^^^^^^^^^^^^^^^^^^^^^^^^^^^^^^^^^
    |   File "D:\workspace\open-guji-cv\.venv\Lib\site-packages\starlette\concurrency.py", line 34, in run_in_threadpool
    |     return await anyio.to_thread.run_sync(func)
    |            ^^^^^^^^^^^^^^^^^^^^^^^^^^^^^^^^^^^^
    |   File "D:\workspace\open-guji-cv\.venv\Lib\site-packages\anyio\to_thread.py", line 65, in run_sync
    |     return await get_async_backend().run_sync_in_worker_thread(
    |            ^^^^^^^^^^^^^^^^^^^^^^^^^^^^^^^^^^^^^^^^^^^^^^^^^^^^
    |   File "D:\workspace\open-guji-cv\.venv\Lib\site-packages\anyio\_backends\_asyncio.py", line 2706, in run_sync_in_worker_thread
    |     return await future
    |            ^^^^^^^^^^^^
    |   File "D:\workspace\open-guji-cv\.venv\Lib\site-packages\anyio\_backends\_asyncio.py", line 1100, in run
    |     result = context.run(func, *args)
    |              ^^^^^^^^^^^^^^^^^^^^^^^^
    |   File "D:\workspace\open-guji-cv\open_guji_cv\console\routers\review.py", line 52, in api_review_cards
    |     return cards(book, pages, limit, only, deps.product_store(), gate_cut=gate_cut)
    |            ^^^^^^^^^^^^^^^^^^^^^^^^^^^^^^^^^^^^^^^^^^^^^^^^^^^^^^^^^^^^^^^^^^^^^^^^
    |   File "D:\workspace\open-guji-cv\open_guji_cv\review\cards.py", line 38, in cards
    |     bk = load_book(book)
    |          ^^^^^^^^^^^^^^^
    |   File "D:\workspace\open-guji-cv\open_guji_cv\core\book.py", line 272, in load_book
    |     raise FileNotFoundError(f"\u6ca1\u6709\u8fd9\u518c\u4e66\u7684\u5b9a\u4e49: {path}")
    | FileNotFoundError: \u6ca1\u6709\u8fd9\u518c\u4e66\u7684\u5b9a\u4e49: D:\workspace\open-guji-cv\open_guji_cv\books\bxrl.yaml
    +------------------------------------

The above exception was the direct cause of the following exception:

Traceback (most recent call last):
  File "D:\workspace\open-guji-cv\.venv\Lib\site-packages\uvicorn\protocols\http\h11_impl.py", line 416, in run_asgi
    result = await app(  # type: ignore[func-returns-value]
             ^^^^^^^^^^^^^^^^^^^^^^^^^^^^^^^^^^^^^^^^^^^^^^
  File "D:\workspace\open-guji-cv\.venv\Lib\site-packages\uvicorn\middleware\proxy_headers.py", line 63, in __call__
    return await self.app(scope, receive, send)
           ^^^^^^^^^^^^^^^^^^^^^^^^^^^^^^^^^^^^
  File "D:\workspace\open-guji-cv\.venv\Lib\site-packages\fastapi\applications.py", line 1163, in __call__
    await super().__call__(scope, receive, send)
  File "D:\workspace\open-guji-cv\.venv\Lib\site-packages\starlette\applications.py", line 96, in __call__
    await self.middleware_stack(scope, receive, send)
  File "D:\workspace\open-guji-cv\.venv\Lib\site-packages\starlette\middleware\errors.py", line 186, in __call__
    raise exc
  File "D:\workspace\open-guji-cv\.venv\Lib\site-packages\starlette\middleware\errors.py", line 164, in __call__
    await self.app(scope, receive, _send)
  File "D:\workspace\open-guji-cv\.venv\Lib\site-packages\starlette\middleware\base.py", line 193, in __call__
    response = await self.dispatch_func(request, call_next)
               ^^^^^^^^^^^^^^^^^^^^^^^^^^^^^^^^^^^^^^^^^^^^
  File "D:\workspace\open-guji-cv\open_guji_cv\console\app.py", line 61, in _no_cache_static
    resp = await call_next(request)
           ^^^^^^^^^^^^^^^^^^^^^^^^
  File "D:\workspace\open-guji-cv\.venv\Lib\site-packages\starlette\middleware\base.py", line 168, in call_next
    raise app_exc from app_exc.__cause__ or app_exc.__context__
  File "D:\workspace\open-guji-cv\.venv\Lib\site-packages\starlette\middleware\base.py", line 144, in coro
    await self.app(scope, receive_or_disconnect, send_no_error)
  File "D:\workspace\open-guji-cv\.venv\Lib\site-packages\starlette\middleware\base.py", line 193, in __call__
    response = await self.dispatch_func(request, call_next)
               ^^^^^^^^^^^^^^^^^^^^^^^^^^^^^^^^^^^^^^^^^^^^
  File "D:\workspace\open-guji-cv\open_guji_cv\console\middleware.py", line 55, in dispatch
    return await call_next(request)
           ^^^^^^^^^^^^^^^^^^^^^^^^
  File "D:\workspace\open-guji-cv\.venv\Lib\site-packages\starlette\middleware\base.py", line 168, in call_next
    raise app_exc from app_exc.__cause__ or app_exc.__context__
  File "D:\workspace\open-guji-cv\.venv\Lib\site-packages\starlette\middleware\base.py", line 144, in coro
    await self.app(scope, receive_or_disconnect, send_no_error)
  File "D:\workspace\open-guji-cv\.venv\Lib\site-packages\starlette\middleware\cors.py", line 88, in __call__
    await self.app(scope, receive, send)
  File "D:\workspace\open-guji-cv\.venv\Lib\site-packages\starlette\middleware\exceptions.py", line 63, in __call__
    await wrap_app_handling_exceptions(self.app, conn)(scope, receive, send)
  File "D:\workspace\open-guji-cv\.venv\Lib\site-packages\starlette\_exception_handler.py", line 53, in wrapped_app
    raise exc
  File "D:\workspace\open-guji-cv\.venv\Lib\site-packages\starlette\_exception_handler.py", line 42, in wrapped_app
    await app(scope, receive, sender)
  File "D:\workspace\open-guji-cv\.venv\Lib\site-packages\fastapi\middleware\asyncexitstack.py", line 18, in __call__
    await self.app(scope, receive, send)
  File "D:\workspace\open-guji-cv\.venv\Lib\site-packages\starlette\routing.py", line 670, in __call__
    await self.middleware_stack(scope, receive, send)
  File "D:\workspace\open-guji-cv\.venv\Lib\site-packages\fastapi\routing.py", line 2734, in app
    await route.handle(scope, receive, send)
  File "D:\workspace\open-guji-cv\.venv\Lib\site-packages\fastapi\routing.py", line 1780, in handle
    await self.original_router.handle(scope, receive, send)
  File "D:\workspace\open-guji-cv\.venv\Lib\site-packages\fastapi\routing.py", line 2789, in handle
    await included_router._handle_selected(scope, receive, send)
  File "D:\workspace\open-guji-cv\.venv\Lib\site-packages\fastapi\routing.py", line 1800, in _handle_selected
    await original_route.handle(scope, receive, send)
  File "D:\workspace\open-guji-cv\.venv\Lib\site-packages\fastapi\routing.py", line 1279, in handle
    await app(scope, receive, send)
  File "D:\workspace\open-guji-cv\.venv\Lib\site-packages\fastapi\routing.py", line 158, in app
    await wrap_app_handling_exceptions(app, request)(scope, receive, send)
  File "D:\workspace\open-guji-cv\.venv\Lib\site-packages\starlette\_exception_handler.py", line 53, in wrapped_app
    raise exc
  File "D:\workspace\open-guji-cv\.venv\Lib\site-packages\starlette\_exception_handler.py", line 42, in wrapped_app
    await app(scope, receive, sender)
  File "D:\workspace\open-guji-cv\.venv\Lib\site-packages\fastapi\routing.py", line 144, in app
    response = await f(request)
               ^^^^^^^^^^^^^^^^
  File "D:\workspace\open-guji-cv\.venv\Lib\site-packages\fastapi\routing.py", line 706, in app
    raw_response = await run_endpoint_function(
                   ^^^^^^^^^^^^^^^^^^^^^^^^^^^^
  File "D:\workspace\open-guji-cv\.venv\Lib\site-packages\fastapi\routing.py", line 354, in run_endpoint_function
    return await run_in_threadpool(dependant.call, **values)
           ^^^^^^^^^^^^^^^^^^^^^^^^^^^^^^^^^^^^^^^^^^^^^^^^^
  File "D:\workspace\open-guji-cv\.venv\Lib\site-packages\starlette\concurrency.py", line 34, in run_in_threadpool
    return await anyio.to_thread.run_sync(func)
           ^^^^^^^^^^^^^^^^^^^^^^^^^^^^^^^^^^^^
  File "D:\workspace\open-guji-cv\.venv\Lib\site-packages\anyio\to_thread.py", line 65, in run_sync
    return await get_async_backend().run_sync_in_worker_thread(
           ^^^^^^^^^^^^^^^^^^^^^^^^^^^^^^^^^^^^^^^^^^^^^^^^^^^^
  File "D:\workspace\open-guji-cv\.venv\Lib\site-packages\anyio\_backends\_asyncio.py", line 2706, in run_sync_in_worker_thread
    return await future
           ^^^^^^^^^^^^
  File "D:\workspace\open-guji-cv\.venv\Lib\site-packages\anyio\_backends\_asyncio.py", line 1100, in run
    result = context.run(func, *args)
             ^^^^^^^^^^^^^^^^^^^^^^^^
  File "D:\workspace\open-guji-cv\open_guji_cv\console\routers\review.py", line 52, in api_review_cards
    return cards(book, pages, limit, only, deps.product_store(), gate_cut=gate_cut)
           ^^^^^^^^^^^^^^^^^^^^^^^^^^^^^^^^^^^^^^^^^^^^^^^^^^^^^^^^^^^^^^^^^^^^^^^^
  File "D:\workspace\open-guji-cv\open_guji_cv\review\cards.py", line 38, in cards
    bk = load_book(book)
         ^^^^^^^^^^^^^^^
  File "D:\workspace\open-guji-cv\open_guji_cv\core\book.py", line 272, in load_book
    raise FileNotFoundError(f"\u6ca1\u6709\u8fd9\u518c\u4e66\u7684\u5b9a\u4e49: {path}")
FileNotFoundError: \u6ca1\u6709\u8fd9\u518c\u4e66\u7684\u5b9a\u4e49: D:\workspace\open-guji-cv\open_guji_cv\books\bxrl.yaml
