{
  "lsd_summary": {
    "total": 157,
    "vertical": 113,
    "horizontal": 39,
    "other": 5
  },
  "borders": {
    "image_size": {
      "width": 742,
      "height": 1739
    },
    "outer_frame": {
      "top": {
        "outer": {
          "intercept": 15.531000828937097,
          "slope": -0.008546453007241326,
          "avg_width": 3.910134061481661,
          "total_length": 368.7892608642578,
          "line_count": 5,
          "segments": [
            {
              "start": 35.58653259277344,
              "end": 404.37579345703125
            }
          ]
        },
        "inner": {
          "intercept": 38.738016171416696,
          "slope": -0.017957173559991327,
          "avg_width": 3.7848107716768755,
          "total_length": 388.8117421269417,
          "line_count": 11,
          "segments": [
            {
              "start": 0.5860545039176941,
              "end": 389.3977966308594
            }
          ]
        }
      },
      "bottom": {
        "outer": {
          "intercept": 1338.8426680733999,
          "slope": -0.003747262119000925,
          "avg_width": 4.293502757282472,
          "total_length": 415.0218455195427,
          "line_count": 5,
          "segments": [
            {
              "start": 0.6019032597541809,
              "end": 415.6237487792969
            }
          ]
        },
        "inner": {
          "intercept": 1320.4306084576701,
          "slope": -0.005190871154277959,
          "avg_width": 4.195936837080049,
          "total_length": 393.78314328193665,
          "line_count": 10,
          "segments": [
            {
              "start": 0.6129748821258545,
              "end": 394.3961181640625
            }
          ]
        }
      },
      "left": {
        "outer": {
          "intercept": 92.2846866684494,
          "slope": 0.004908040338109463,
          "avg_width": 3.2823884410373516,
          "total_length": 1240.0642395019531,
          "line_count": 23,
          "segments": [
            {
              "start": 73.09078979492188,
              "end": 1313.155029296875
            }
          ]
        },
        "inner": null
      },
      "right": {
        "outer": {
          "intercept": 409.0225164585222,
          "slope": 0.0052052907854993665,
          "avg_width": 4.3120994410701305,
          "total_length": 1001.3052062988281,
          "line_count": 14,
          "segments": [
            {
              "start": 14.363433837890625,
              "end": 256.9122009277344
            },
            {
              "start": 368.09881591796875,
              "end": 404.3931579589844
            },
            {
              "start": 525.6239013671875,
              "end": 598.126708984375
            },
            {
              "start": 686.8715209960938,
              "end": 1336.830810546875
            }
          ]
        },
        "inner": {
          "intercept": 388.2168996405876,
          "slope": 0.001907853659187056,
          "avg_width": 3.8983271849347485,
          "total_length": 1271.2770156860352,
          "line_count": 36,
          "segments": [
            {
              "start": 40.609092712402344,
              "end": 1311.8861083984375
            }
          ]
        }
      }
    },
    "inner_frame": {
      "top": {
        "intercept": 38.738016171416696,
        "slope": -0.017957173559991327
      },
      "bottom": {
        "intercept": 1320.4306084576701,
        "slope": -0.005190871154277959
      },
      "left": {
        "intercept": 92.2846866684494,
        "slope": 0.004908040338109463
      },
      "right": {
        "intercept": 388.2168996405876,
        "slope": 0.001907853659187056
      }
    },
    "column_dividers": [
      {
        "intercept": 189.40526537002566,
        "slope": 0.005570827403925535,
        "avg_width": 3.561543949017212,
        "coverage": 0.35497258195758813,
        "segments": [
          {
            "start": 240.63107299804688,
            "end": 520.605224609375
          },
          {
            "start": 1136.876220703125,
            "end": 1311.8677978515625
          }
        ],
        "line_count": 9
      },
      {
        "intercept": 286.8685320385162,
        "slope": 0.004923369710930643,
        "avg_width": 2.8504818229155755,
        "coverage": 0.6397834069701852,
        "segments": [
          {
            "start": 41.868202209472656,
            "end": 118.12586975097656
          },
          {
            "start": 275.62152099609375,
            "end": 374.37451171875
          },
          {
            "start": 509.3778076171875,
            "end": 541.87646484375
          },
          {
            "start": 700.6417236328125,
            "end": 1313.1380615234375
          }
        ],
        "line_count": 22
      }
    ],
    "num_columns": 3,
    "columns": [
      {
        "index": 0,
        "left_x": 92.2846866684494,
        "right_x": 189.40526537002566,
        "width": 97.12057870157626
      },
      {
        "index": 1,
        "left_x": 189.40526537002566,
        "right_x": 286.8685320385162,
        "width": 97.46326666849055
      },
      {
        "index": 2,
        "left_x": 286.8685320385162,
        "right_x": 388.2168996405876,
        "width": 101.34836760207139
      }
    ],
    "_column_mismatch": {
      "expected": 9,
      "detected": 3
    }
  },
  "columns": {
    "columns": [
      {
        "index": 0,
        "left_x": 92.2846866684494,
        "right_x": 189.40526537002566,
        "width": 97.12057870157626
      },
      {
        "index": 1,
        "left_x": 189.40526537002566,
        "right_x": 286.8685320385162,
        "width": 97.46326666849055
      },
      {
        "index": 2,
        "left_x": 286.8685320385162,
        "right_x": 388.2168996405876,
        "width": 101.34836760207139
      }
    ],
    "column_width_stats": {
      "mean": 98.64407099071273,
      "std": 1.9173373694303948,
      "cv": 0.01943692459337886
    },
    "is_uniform": true
  }
}