{
  "lsd_summary": {
    "total": 340,
    "vertical": 226,
    "horizontal": 104,
    "other": 10
  },
  "borders": {
    "image_size": {
      "width": 1542,
      "height": 1739
    },
    "outer_frame": {
      "top": {
        "outer": {
          "intercept": 35.30182349530165,
          "slope": -0.010896095299839991,
          "avg_width": 4.190702264836236,
          "total_length": 1126.2621765136719,
          "line_count": 9,
          "segments": [
            {
              "start": 259.372802734375,
              "end": 331.87762451171875
            },
            {
              "start": 486.8726501464844,
              "end": 1540.6300048828125
            }
          ]
        },
        "inner": {
          "intercept": 56.69043693466457,
          "slope": -0.011919979819286065,
          "avg_width": 3.780585404961884,
          "total_length": 1278.76611328125,
          "line_count": 27,
          "segments": [
            {
              "start": 261.8675537109375,
              "end": 1540.6336669921875
            }
          ]
        }
      },
      "bottom": {
        "outer": {
          "intercept": 1359.8311780746913,
          "slope": -0.01064346725165076,
          "avg_width": 4.363560354141997,
          "total_length": 1143.7712707519531,
          "line_count": 11,
          "segments": [
            {
              "start": 316.8745422363281,
              "end": 578.1306762695312
            },
            {
              "start": 655.62939453125,
              "end": 1538.14453125
            }
          ]
        },
        "inner": {
          "intercept": 1337.097641107559,
          "slope": -0.00836859456025911,
          "avg_width": 3.6616509018676866,
          "total_length": 1235.05615234375,
          "line_count": 39,
          "segments": [
            {
              "start": 305.6004638671875,
              "end": 1540.6566162109375
            }
          ]
        }
      },
      "left": {
        "outer": {
          "intercept": 242.91514750821008,
          "slope": 0.00671666903488494,
          "avg_width": 3.6006083374084485,
          "total_length": 1111.2909049987793,
          "line_count": 7,
          "segments": [
            {
              "start": 33.0933723449707,
              "end": 1036.884033203125
            },
            {
              "start": 1130.6248779296875,
              "end": 1238.1251220703125
            }
          ]
        },
        "inner": {
          "intercept": 263.85451698017573,
          "slope": 0.00739889223935312,
          "avg_width": 3.7031596335314676,
          "total_length": 1279.9969596862793,
          "line_count": 21,
          "segments": [
            {
              "start": 56.8730354309082,
              "end": 1336.8699951171875
            }
          ]
        }
      },
      "right": {
        "outer": {
          "intercept": 1442.4660495743788,
          "slope": 0.00442802404820489,
          "avg_width": 3.3544050220017034,
          "total_length": 893.7591552734375,
          "line_count": 19,
          "segments": [
            {
              "start": 271.8736267089844,
              "end": 305.6235046386719
            },
            {
              "start": 456.8658447265625,
              "end": 1316.8751220703125
            }
          ]
        },
        "inner": null
      }
    },
    "inner_frame": {
      "top": {
        "intercept": 56.69043693466457,
        "slope": -0.011919979819286065
      },
      "bottom": {
        "intercept": 1337.097641107559,
        "slope": -0.00836859456025911
      },
      "left": {
        "intercept": 263.85451698017573,
        "slope": 0.00739889223935312
      },
      "right": {
        "intercept": 1442.4660495743788,
        "slope": 0.00442802404820489
      }
    },
    "column_dividers": [
      {
        "intercept": 366.4873289875219,
        "slope": 0.0052330387585266,
        "avg_width": 3.0131077714935723,
        "coverage": 0.43153752398211775,
        "segments": [
          {
            "start": 81.9015121459961,
            "end": 149.37744140625
          },
          {
            "start": 210.6249542236328,
            "end": 269.3763122558594
          },
          {
            "start": 331.8744812011719,
            "end": 371.8772888183594
          },
          {
            "start": 941.8744506835938,
            "end": 1328.1881103515625
          }
        ],
        "line_count": 16
      },
      {
        "intercept": 465.6523814831102,
        "slope": 0.0031150747919193086,
        "avg_width": 3.1413868351972165,
        "coverage": 0.8571567441051127,
        "segments": [
          {
            "start": 60.624576568603516,
            "end": 398.1255798339844
          },
          {
            "start": 496.87457275390625,
            "end": 685.6260986328125
          },
          {
            "start": 755.6179809570312,
            "end": 1326.8751220703125
          }
        ],
        "line_count": 19
      },
      {
        "intercept": 562.8800988103927,
        "slope": 0.003829925414319321,
        "avg_width": 3.1782467687930764,
        "coverage": 0.5457305770292815,
        "segments": [
          {
            "start": 104.36840057373047,
            "end": 416.8740539550781
          },
          {
            "start": 744.37060546875,
            "end": 784.3787841796875
          },
          {
            "start": 978.13134765625,
            "end": 1324.3748779296875
          }
        ],
        "line_count": 15
      },
      {
        "intercept": 752.57131690187,
        "slope": 0.003780169198857411,
        "avg_width": 3.5373973017879123,
        "coverage": 0.6658653868627127,
        "segments": [
          {
            "start": 58.12160110473633,
            "end": 344.3841552734375
          },
          {
            "start": 759.3096923828125,
            "end": 1325.6259765625
          }
        ],
        "line_count": 15
      },
      {
        "intercept": 850.2305143628716,
        "slope": 0.005928943089313242,
        "avg_width": 3.438775180574058,
        "coverage": 0.761494896907234,
        "segments": [
          {
            "start": 108.11531829833984,
            "end": 159.37770080566406
          },
          {
            "start": 241.8746337890625,
            "end": 569.3750610351562
          },
          {
            "start": 686.8748779296875,
            "end": 1283.1356201171875
          }
        ],
        "line_count": 18
      },
      {
        "intercept": 1039.775722146321,
        "slope": 0.009637076970182975,
        "avg_width": 3.5817296132444394,
        "coverage": 0.5408820358976817,
        "segments": [
          {
            "start": 361.83489990234375,
            "end": 393.1342468261719
          },
          {
            "start": 494.3744812011719,
            "end": 595.62158203125
          },
          {
            "start": 746.8775634765625,
            "end": 1306.88037109375
          }
        ],
        "line_count": 12
      },
      {
        "intercept": 1140.2004551955895,
        "slope": 0.00663241701643617,
        "avg_width": 3.617512504058451,
        "coverage": 0.989929452125193,
        "segments": [
          {
            "start": 53.12086486816406,
            "end": 1320.6336669921875
          }
        ],
        "line_count": 27
      },
      {
        "intercept": 1249.6042526030733,
        "slope": 0.004812254486874977,
        "avg_width": 4.1410276921251405,
        "coverage": 0.7653603397165079,
        "segments": [
          {
            "start": 114.37297821044922,
            "end": 198.1267547607422
          },
          {
            "start": 356.9149169921875,
            "end": 603.1253662109375
          },
          {
            "start": 666.8746337890625,
            "end": 1316.88330078125
          }
        ],