{
  "lsd_summary": {
    "total": 159,
    "vertical": 135,
    "horizontal": 22,
    "other": 2
  },
  "borders": {
    "image_size": {
      "width": 763,
      "height": 1738
    },
    "outer_frame": {
      "top": {
        "outer": {
          "intercept": 286.5494773631365,
          "slope": 0.0017835255174306203,
          "avg_width": 5.684417094152261,
          "total_length": 395.0032024383545,
          "line_count": 1,
          "segments": [
            {
              "start": 28.125490188598633,
              "end": 423.1286926269531
            }
          ]
        },
        "inner": {
          "intercept": 307.2792738440175,
          "slope": 0.0078057022303635775,
          "avg_width": 4.029122888670025,
          "total_length": 422.50201708078384,
          "line_count": 10,
          "segments": [
            {
              "start": 0.624051034450531,
              "end": 423.1260681152344
            }
          ]
        }
      },
      "bottom": {
        "outer": {
          "intercept": 1590.7353695945792,
          "slope": 0.00497079074168452,
          "avg_width": 3.747180133876832,
          "total_length": 417.5148578286171,
          "line_count": 7,
          "segments": [
            {
              "start": 0.625736653804779,
              "end": 418.1405944824219
            }
          ]
        },
        "inner": null
      },
      "left": {
        "outer": {
          "intercept": 39.72739882925112,
          "slope": -0.009415346641755203,
          "avg_width": 3.672151746508235,
          "total_length": 1151.3029174804688,
          "line_count": 19,
          "segments": [
            {
              "start": 329.36627197265625,
              "end": 606.9011840820312
            },
            {
              "start": 708.1239624023438,
              "end": 1581.8919677734375
            }
          ]
        },
        "inner": null
      },
      "right": {
        "outer": {
          "intercept": 452.930149188726,
          "slope": -0.009804072653705071,
          "avg_width": 4.383725891493419,
          "total_length": 1010.0612487792969,
          "line_count": 11,
          "segments": [
            {
              "start": 384.3528137207031,
              "end": 1126.875244140625
            },
            {
              "start": 1261.8187255859375,
              "end": 1403.13623046875
            },
            {
              "start": 1483.1568603515625,
              "end": 1609.378173828125
            }
          ]
        },
        "inner": {
          "intercept": 429.67581436039086,
          "slope": -0.009515828820115337,
          "avg_width": 4.048198680280862,
          "total_length": 1228.7197570800781,
          "line_count": 35,
          "segments": [
            {
              "start": 366.9104919433594,
              "end": 1595.6302490234375
            }
          ]
        }
      }
    },
    "inner_frame": {
      "top": {
        "intercept": 307.2792738440175,
        "slope": 0.0078057022303635775
      },
      "bottom": {
        "intercept": 1590.7353695945792,
        "slope": 0.00497079074168452
      },
      "left": {
        "intercept": 39.72739882925112,
        "slope": -0.009415346641755203
      },
      "right": {
        "intercept": 429.67581436039086,
        "slope": -0.009515828820115337
      }
    },
    "column_dividers": [
      {
        "intercept": 131.94136632988574,
        "slope": -0.007601406693499114,
        "avg_width": 3.678559562650291,
        "coverage": 0.6749695334926319,
        "segments": [
          {
            "start": 605.6004638671875,
            "end": 660.61962890625
          },
          {
            "start": 765.6019897460938,
            "end": 1576.8765869140625
          }
        ],
        "line_count": 17
      },
      {
        "intercept": 236.69268787369447,
        "slope": -0.011768520050966414,
        "avg_width": 3.1687513424105243,
        "coverage": 0.7294686354264139,
        "segments": [
          {
            "start": 550.6170654296875,
            "end": 1269.36572265625
          },
          {
            "start": 1364.37890625,
            "end": 1581.8712158203125
          }
        ],
        "line_count": 21
      },
      {
        "intercept": 335.06353542639096,
        "slope": -0.014016924921022045,
        "avg_width": 3.576590308795032,
        "coverage": 0.8931176188983121,
        "segments": [
          {
            "start": 318.1302795410156,
            "end": 353.1290283203125
          },
          {
            "start": 471.87188720703125,
            "end": 1583.150390625
          }
        ],
        "line_count": 23
      }
    ],
    "num_columns": 4,
    "columns": [
      {
        "index": 0,
        "left_x": 39.72739882925112,
        "right_x": 131.94136632988574,
        "width": 92.21396750063462
      },
      {
        "index": 1,
        "left_x": 131.94136632988574,
        "right_x": 236.69268787369447,
        "width": 104.75132154380873
      },
      {
        "index": 2,
        "left_x": 236.69268787369447,
        "right_x": 335.06353542639096,
        "width": 98.37084755269649
      },
      {
        "index": 3,
        "left_x": 335.06353542639096,
        "right_x": 429.67581436039086,
        "width": 94.6122789339999
      }
    ],
    "_column_mismatch": {
      "expected": 9,
      "detected": 4
    }
  },
  "columns": {
    "columns": [
      {
        "index": 0,
        "left_x": 39.72739882925112,
        "right_x": 131.94136632988574,
        "width": 92.21396750063462
      },
      {
        "index": 1,
        "left_x": 131.94136632988574,
        "right_x": 236.69268787369447,
        "width": 104.75132154380873
      },
      {
        "index": 2,
        "left_x": 236.69268787369447,
        "right_x": 335.06353542639096,
        "width": 98.37084755269649
      },
      {
        "index": 3,
        "left_x": 335.06353542639096,
        "right_x": 429.67581436039086,
        "width": 94.6122789339999
      }
    ],
    "column_width_stats": {
      "mean": 97.48710388278494,
      "std": 4.733403819973341,
      "cv": 0.04855415364133311
    },
    "is_uniform": true
  }
}