{
  "lsd_summary": {
    "total": 373,
    "vertical": 259,
    "horizontal": 103,
    "other": 11
  },
  "borders": {
    "image_size": {
      "width": 1544,
      "height": 1739
    },
    "outer_frame": {
      "top": {
        "outer": {
          "intercept": 29.58525893442794,
          "slope": -0.0020095921216730503,
          "avg_width": 4.356700143443482,
          "total_length": 1215.0042724609375,
          "line_count": 7,
          "segments": [
            {
              "start": 318.1268310546875,
              "end": 1533.131103515625
            }
          ]
        },
        "inner": {
          "intercept": 52.50492219017658,
          "slope": -0.0020674788826202787,
          "avg_width": 3.620782329314116,
          "total_length": 1280.0170593261719,
          "line_count": 34,
          "segments": [
            {
              "start": 261.8741760253906,
              "end": 1541.8912353515625
            }
          ]
        }
      },
      "bottom": {
        "outer": {
          "intercept": 1711.2405545764377,
          "slope": 0.002716796096171484,
          "avg_width": 3.3971457594485934,
          "total_length": 557.503662109375,
          "line_count": 10,
          "segments": [
            {
              "start": 984.372314453125,
              "end": 1541.8759765625
            }
          ]
        },
        "inner": null
      },
      "left": {
        "outer": {
          "intercept": 242.66942913571995,
          "slope": 0.002098369987445545,
          "avg_width": 4.349179435385741,
          "total_length": 1320.0283222198486,
          "line_count": 11,
          "segments": [
            {
              "start": 30.621091842651367,
              "end": 1350.6494140625
            }
          ]
        },
        "inner": {
          "intercept": 263.67839195485345,
          "slope": 0.0019364317426561848,
          "avg_width": 4.017076956718867,
          "total_length": 1277.5142860412598,
          "line_count": 39,
          "segments": [
            {
              "start": 49.357906341552734,
              "end": 1326.8721923828125
            }
          ]
        }
      },
      "right": {
        "outer": {
          "intercept": 1448.0874015240645,
          "slope": -0.0019094006658587391,
          "avg_width": 3.30266229881225,
          "total_length": 713.7515106201172,
          "line_count": 15,
          "segments": [
            {
              "start": 221.8738250732422,
              "end": 313.1264953613281
            },
            {
              "start": 538.1236572265625,
              "end": 591.874267578125
            },
            {
              "start": 686.8739624023438,
              "end": 780.6253662109375
            },
            {
              "start": 841.881103515625,
              "end": 1316.8779296875
            }
          ]
        },
        "inner": null
      }
    },
    "inner_frame": {
      "top": {
        "intercept": 52.50492219017658,
        "slope": -0.0020674788826202787
      },
      "bottom": {
        "intercept": 1711.2405545764377,
        "slope": 0.002716796096171484
      },
      "left": {
        "intercept": 263.67839195485345,
        "slope": 0.0019364317426561848
      },
      "right": {
        "intercept": 1448.0874015240645,
        "slope": -0.0019094006658587391
      }
    },
    "column_dividers": [
      {
        "intercept": 365.9731402367819,
        "slope": -0.0015765843468517468,
        "avg_width": 4.153486082177223,
        "coverage": 0.4869074941615686,
        "segments": [
          {
            "start": 90.61937713623047,
            "end": 138.13816833496094
          },
          {
            "start": 205.63693237304688,
            "end": 298.1293640136719
          },
          {
            "start": 459.36920166015625,
            "end": 526.8901977539062
          },
          {
            "start": 599.3508911132812,
            "end": 1033.1285400390625
          },
          {
            "start": 1158.1251220703125,
            "end": 1324.466064453125
          }
        ],
        "line_count": 16
      },
      {
        "intercept": 461.0151106645492,
        "slope": 0.0009321777668401827,
        "avg_width": 3.3009088513493894,
        "coverage": 0.7626352900976441,
        "segments": [
          {
            "start": 59.37113952636719,
            "end": 1324.3814697265625
          }
        ],
        "line_count": 23
      },
      {
        "intercept": 559.8324422312849,
        "slope": -0.002408211590954947,
        "avg_width": 3.6013175773289943,
        "coverage": 0.5358375535974383,
        "segments": [
          {
            "start": 116.86605072021484,
            "end": 708.13134765625
          },
          {
            "start": 989.3764038085938,
            "end": 1286.9239501953125
          }
        ],
        "line_count": 17
      },
      {
        "intercept": 655.8862976815454,
        "slope": 0.00047955264414553715,
        "avg_width": 3.4010989581965942,
        "coverage": 0.49059541558960745,
        "segments": [
          {
            "start": 55.622459411621094,
            "end": 116.87606048583984
          },
          {
            "start": 299.37481689453125,
            "end": 385.6298828125
          },
          {
            "start": 468.1213684082031,
            "end": 766.8821411132812
          },
          {
            "start": 955.624755859375,
            "end": 1323.1234130859375
          }
        ],
        "line_count": 20
      },
      {
        "intercept": 752.137301450277,
        "slope": -0.0011820951885862599,
        "avg_width": 3.4269975786128746,
        "coverage": 0.6337720283759202,
        "segments": [
          {
            "start": 80.61322784423828,
            "end": 601.87548828125
          },
          {
            "start": 701.8822631835938,
            "end": 1084.3782958984375
          },
          {
            "start": 1179.3726806640625,
            "end": 1326.8746337890625
          }
        ],
        "line_count": 20
      },
      {
        "intercept": 847.5027474364233,
        "slope": 0.0027934061617589244,
        "avg_width": 3.8613176228162276,
        "coverage": 0.45669904328852656,
        "segments": [
          {
            "start": 91.8730697631836,
            "end": 138.12545776367188
          },
          {
            "start": 268.1221923828125,
            "end": 411.8786315917969
          },
          {
            "start": 500.6246032714844,
            "end": 610.625732421875
          },
          {
            "start": 711.88037109375,
            "end": 1023.1398315429688
          },
          {
            "start": 1176.8660888671875,
            "end": 1323.1396484375
          }
        ],
        "line_count": 15
      },
      {
        "intercept": 947.016664046843,
        "slope": 0.003074568264498191,
        "avg_width": 3.220518409847253,
        "coverage": 0.2607447633602966,
        "segments": [
          {
            "start": 101.86798858642578,
            "end": 140.62339782714844
          },
          {
            "start": 575.6246337890625,
            "end": 608.1256103515625
          },
          {
            "start": 921.8756103515625,
            "end": 1283.1258544921875
          }
        ],
        "line_count": 10
      },
      {
        "intercept": 1045.5436033728295,
        "slope": 0.00176778962537037,
        "avg_width": 3.62277665109902,
        "coverage": 0.5086871607214549,
        "segments": [
          {
            "start": 104.37580108642578,
            "end": 149.37579345703125
          },
          {
            "start": 286.87615966796875,
            "end": 334.3788757324219
          },
          {
            "start": 484.3734436035156,
            "end": 640.6261596679688
          },
          {
            "start": 730.6170654296875,