{
  "lsd_summary": {
    "total": 163,
    "vertical": 119,
    "horizontal": 39,
    "other": 5
  },
  "borders": {
    "image_size": {
      "width": 845,
      "height": 1738
    },
    "outer_frame": {
      "top": {
        "outer": {
          "intercept": 283.1459797131527,
          "slope": 0.0011332545984815417,
          "avg_width": 3.159907499903807,
          "total_length": 421.2544708251953,
          "line_count": 4,
          "segments": [
            {
              "start": 61.87434387207031,
              "end": 328.125
            },
            {
              "start": 391.8713073730469,
              "end": 546.8751220703125
            }
          ]
        },
        "inner": {
          "intercept": 307.8753777165269,
          "slope": -0.007661025138699597,
          "avg_width": 3.799244613822878,
          "total_length": 532.5059531927109,
          "line_count": 15,
          "segments": [
            {
              "start": 0.6185585260391235,
              "end": 533.12451171875
            }
          ]
        }
      },
      "bottom": {
        "outer": {
          "intercept": 1608.6132386185907,
          "slope": -0.0005259592788691938,
          "avg_width": 4.203233081716676,
          "total_length": 546.2639976143837,
          "line_count": 5,
          "segments": [
            {
              "start": 0.6110634207725525,
              "end": 546.8750610351562
            }
          ]
        },
        "inner": {
          "intercept": 1588.2608656278567,
          "slope": -0.002376388170051218,
          "avg_width": 4.513301959136832,
          "total_length": 531.2670150995255,
          "line_count": 8,
          "segments": [
            {
              "start": 0.6223281621932983,
              "end": 531.8893432617188
            }
          ]
        }
      },
      "left": {
        "outer": {
          "intercept": 34.030944385528535,
          "slope": 0.0011218829198113263,
          "avg_width": 3.2475633198928238,
          "total_length": 1026.2501525878906,
          "line_count": 22,
          "segments": [
            {
              "start": 315.6256408691406,
              "end": 805.6171875
            },
            {
              "start": 948.1243286132812,
              "end": 1113.12744140625
            },
            {
              "start": 1210.624267578125,
              "end": 1581.8797607421875
            }
          ]
        },
        "inner": null
      },
      "right": {
        "outer": {
          "intercept": 548.0820591822751,
          "slope": -0.0003242377537358566,
          "avg_width": 4.542227587815296,
          "total_length": 1172.580810546875,
          "line_count": 12,
          "segments": [
            {
              "start": 295.56689453125,
              "end": 1468.147705078125
            }
          ]
        },
        "inner": {
          "intercept": 530.8223668223574,
          "slope": -0.002467400096273077,
          "avg_width": 4.183605620166722,
          "total_length": 1286.3336486816406,
          "line_count": 31,
          "segments": [
            {
              "start": 301.7994079589844,
              "end": 1588.133056640625
            }
          ]
        }
      }
    },
    "inner_frame": {
      "top": {
        "intercept": 307.8753777165269,
        "slope": -0.007661025138699597
      },
      "bottom": {
        "intercept": 1588.2608656278567,
        "slope": -0.002376388170051218
      },
      "left": {
        "intercept": 34.030944385528535,
        "slope": 0.0011218829198113263
      },
      "right": {
        "intercept": 530.8223668223574,
        "slope": -0.002467400096273077
      }
    },
    "column_dividers": [
      {
        "intercept": 132.18430156113692,
        "slope": 0.001715514757666301,
        "avg_width": 2.5638864750667,
        "coverage": 0.6931663787965424,
        "segments": [
          {
            "start": 319.3738708496094,
            "end": 795.643310546875
          },
          {
            "start": 1170.6248779296875,
            "end": 1581.8756103515625
          }
        ],
        "line_count": 16
      },
      {
        "intercept": 229.7362219449398,
        "slope": -0.0014807474494666268,
        "avg_width": 3.675386235126185,
        "coverage": 0.3516251656458343,
        "segments": [
          {
            "start": 336.86676025390625,
            "end": 414.383056640625
          },
          {
            "start": 764.377197265625,
            "end": 805.6314697265625
          },
          {
            "start": 1054.2852783203125,
            "end": 1086.97509765625
          },
          {
            "start": 1283.1204833984375,
            "end": 1581.8758544921875
          }
        ],
        "line_count": 8
      },
      {
        "intercept": 331.5071472021877,
        "slope": -0.0015996852301059222,
        "avg_width": 3.6804822597033104,
        "coverage": 0.5183917247748782,
        "segments": [
          {
            "start": 330.617919921875,
            "end": 413.1223449707031
          },
          {
            "start": 505.62127685546875,
            "end": 581.8751220703125
          },
          {
            "start": 754.3790893554688,
            "end": 858.1265869140625
          },
          {
            "start": 1006.8753662109375,
            "end": 1073.1253662109375
          },
          {
            "start": 1245.621337890625,
            "end": 1580.6068115234375
          }
        ],
        "line_count": 12
      },
      {
        "intercept": 427.99405203864944,
        "slope": -0.0020763020629737134,
        "avg_width": 3.5238197121388586,
        "coverage": 0.6892843291587887,
        "segments": [
          {
            "start": 313.1202087402344,
            "end": 655.6348876953125
          },
          {
            "start": 771.8677368164062,
            "end": 925.62646484375
          },
          {
            "start": 1068.1104736328125,
            "end": 1110.634033203125
          },
          {
            "start": 1236.8721923828125,
            "end": 1580.6248779296875
          }
        ],
        "line_count": 16
      }
    ],
    "num_columns": 5,
    "columns": [
      {
        "index": 0,
        "left_x": 34.030944385528535,
        "right_x": 132.18430156113692,
        "width": 98.15335717560839
      },
      {
        "index": 1,
        "left_x": 132.18430156113692,
        "right_x": 229.7362219449398,
        "width": 97.5519203838029
      },
      {
        "index": 2,
        "left_x": 229.7362219449398,
        "right_x": 331.5071472021877,
        "width": 101.77092525724788
      },
      {
        "index": 3,
        "left_x": 331.5071472021877,
        "right_x": 427.99405203864944,
        "width": 96.48690483646175
      },
      {
        "index": 4,
        "left_x": 427.99405203864944,
        "right_x": 530.8223668223574,
        "width": 102.82831478370792
      }
    ],
    "_column_mismatch": {
      "expected": 9,
      "detected": 5
    }
  },
  "columns": {
    "columns": [
      {
        "index": 0,
        "left_x": 34.030944385528535,
        "right_x": 132.18430156113692,
        "width": 98.15335717560839
      },
      {
        "index": 1,
        "left_x": 132.18430156113692,
        "right_x": 229.7362219449398,
        "width": 97.5519203838029
      },
      {
        "index": 2,
        "left_x": 229.7362219449398,
        "right_x": 331.5071472021877,
        "width": 101.77092525724788
      },
      {
        "index": 3,
        "left_x": 331.5071472021877,
        "right_x": 427.99405203864944,
        "width": 96.48690483646175
      },
      {
        "index": 4,
        "left_x": 427.99405203864944,
        "right_x": 530.8223668223574,
        "width": 102.82831478370792
      }
    ],
    "column_width_stats": {
      "mean": 99.35828448736576,
      "std": 2.482803574305259,
      "cv": 0.024988390118802505
    },