{
  "lsd_summary": {
    "total": 346,
    "vertical": 233,
    "horizontal": 88,
    "other": 25
  },
  "borders": {
    "image_size": {
      "width": 1379,
      "height": 1738
    },
    "outer_frame": {
      "top": {
        "outer": {
          "intercept": 288.6394889790982,
          "slope": -0.0011826077800367808,
          "avg_width": 3.7326601277186753,
          "total_length": 1080.0226135253906,
          "line_count": 5,
          "segments": [
            {
              "start": 296.8527526855469,
              "end": 1376.8753662109375
            }
          ]
        },
        "inner": {
          "intercept": 313.87532757962697,
          "slope": -0.0045364905644023875,
          "avg_width": 3.961342184587693,
          "total_length": 1081.2738647460938,
          "line_count": 23,
          "segments": [
            {
              "start": 295.61334228515625,
              "end": 1376.88720703125
            }
          ]
        }
      },
      "bottom": {
        "outer": {
          "intercept": 1622.9965022905078,
          "slope": -0.009262040854860938,
          "avg_width": 4.244249804028852,
          "total_length": 1025.0166625976562,
          "line_count": 12,
          "segments": [
            {
              "start": 286.8733825683594,
              "end": 395.62664794921875
            },
            {
              "start": 460.6129455566406,
              "end": 1376.8763427734375
            }
          ]
        },
        "inner": {
          "intercept": 1602.5878747726733,
          "slope": -0.011516755468045958,
          "avg_width": 3.5278448604123445,
          "total_length": 1078.7806701660156,
          "line_count": 31,
          "segments": [
            {
              "start": 298.1050720214844,
              "end": 1376.8857421875
            }
          ]
        }
      },
      "left": {
        "outer": {
          "intercept": 271.14919431997663,
          "slope": 0.00097554534333246,
          "avg_width": 3.9857746554307596,
          "total_length": 1323.7520446777344,
          "line_count": 9,
          "segments": [
            {
              "start": 291.8740539550781,
              "end": 1615.6260986328125
            }
          ]
        },
        "inner": {
          "intercept": 288.2926932014912,
          "slope": 0.00518948713309282,
          "avg_width": 4.006700416740732,
          "total_length": 1272.5323791503906,
          "line_count": 36,
          "segments": [
            {
              "start": 318.1186218261719,
              "end": 1590.6510009765625
            }
          ]
        }
      },
      "right": {
        "outer": {
          "intercept": 1287.4798658229745,
          "slope": -0.002270796040226806,
          "avg_width": 3.889739344335671,
          "total_length": 1125.0654602050781,
          "line_count": 23,
          "segments": [
            {
              "start": 320.5877990722656,
              "end": 795.655029296875
            },
            {
              "start": 934.3755493164062,
              "end": 1584.373779296875
            }
          ]
        },
        "inner": null
      }
    },
    "inner_frame": {
      "top": {
        "intercept": 313.87532757962697,
        "slope": -0.0045364905644023875
      },
      "bottom": {
        "intercept": 1602.5878747726733,
        "slope": -0.011516755468045958
      },
      "left": {
        "intercept": 288.2926932014912,
        "slope": 0.00518948713309282
      },
      "right": {
        "intercept": 1287.4798658229745,
        "slope": -0.002270796040226806
      }
    },
    "column_dividers": [
      {
        "intercept": 391.958999182766,
        "slope": 0.0022312934481700684,
        "avg_width": 3.523749916844797,
        "coverage": 0.7973098237199109,
        "segments": [
          {
            "start": 475.62506103515625,
            "end": 673.1251831054688
          },
          {
            "start": 740.6224365234375,
            "end": 1570.62548828125
          }
        ],
        "line_count": 13
      },
      {
        "intercept": 490.2328926404621,
        "slope": 0.0011269127981232718,
        "avg_width": 3.0794735354551057,
        "coverage": 0.9621954957325148,
        "segments": [
          {
            "start": 316.875,
            "end": 1556.868408203125
          }
        ],
        "line_count": 15
      },
      {
        "intercept": 590.5177455264875,
        "slope": 0.0003857958714593147,
        "avg_width": 3.3385182953567925,
        "coverage": 0.8370825292999388,
        "segments": [
          {
            "start": 336.8693542480469,
            "end": 506.875
          },
          {
            "start": 588.1234741210938,
            "end": 1496.8765869140625
          }
        ],
        "line_count": 22
      },
      {
        "intercept": 684.5101950758472,
        "slope": 0.0032046711932817674,
        "avg_width": 2.6205927809012164,
        "coverage": 0.5441647271523343,
        "segments": [
          {
            "start": 315.6262512207031,
            "end": 389.3761901855469
          },
          {
            "start": 468.1238708496094,
            "end": 511.8738098144531
          },
          {
            "start": 759.3720092773438,
            "end": 846.8770141601562
          },
          {
            "start": 966.8732299804688,
            "end": 1031.8858642578125
          },
          {
            "start": 1151.8712158203125,
            "end": 1583.1256103515625
          }
        ],
        "line_count": 15
      },
      {
        "intercept": 780.9461512136851,
        "slope": 0.0032718668575437656,
        "avg_width": 3.523855935189154,
        "coverage": 0.8846032189732034,
        "segments": [
          {
            "start": 318.1258544921875,
            "end": 918.1251220703125
          },
          {
            "start": 981.875,
            "end": 1521.875
          }
        ],
        "line_count": 17
      },
      {
        "intercept": 881.8687577816098,
        "slope": 0.002042970744237464,
        "avg_width": 3.4472421094911403,
        "coverage": 0.9864540700512449,
        "segments": [
          {
            "start": 315.6319580078125,
            "end": 1586.8876953125
          }
        ],
        "line_count": 17
      },
      {
        "intercept": 976.2019539835601,
        "slope": 0.001987129486027548,
        "avg_width": 3.102210659103442,
        "coverage": 0.6644441370598545,
        "segments": [
          {
            "start": 324.3760681152344,
            "end": 424.37652587890625
          },
          {
            "start": 505.620849609375,
            "end": 646.8781127929688
          },
          {
            "start": 715.6156005859375,
            "end": 866.884033203125
          },
          {
            "start": 965.6259765625,
            "end": 1039.378662109375
          },
          {
            "start": 1196.8778076171875,
            "end": 1586.87646484375
          }
        ],
        "line_count": 15
      },
      {
        "intercept": 1073.2226851495564,
        "slope": 0.004527442373347933,
        "avg_width": 3.366512837140128,
        "coverage": 0.8923784831996836,
        "segments": [
          {
            "start": 328.1260681152344,
            "end": 443.1385192871094
          },
          {
            "start": 550.6222534179688,
            "end": 1585.629150390625
          }
        ],
        "line_count": 18
      },
      {
        "intercept": 1171.279814683299,
        "slope": 0.00333383681925125,
        "avg_width": 3.775448780666387,
        "coverage": 0.9825854061556507,
        "segments": [
          {
            "start": 318.116943359375,
            "end": 1584.3870849609375
          }
        ],
        "line_count": 21
      }
    ],
    "num_columns": 10,
    "columns": [
      {
        "index": 0,
        "left_x": 288.2926932014912,