{
  "lsd_summary": {
    "total": 145,
    "vertical": 98,
    "horizontal": 35,
    "other": 12
  },
  "borders": {
    "image_size": {
      "width": 799,
      "height": 1739
    },
    "outer_frame": {
      "top": {
        "outer": {
          "intercept": 26.417018699499394,
          "slope": 6.120894648552121e-05,
          "avg_width": 5.50321258800087,
          "total_length": 427.57045674324036,
          "line_count": 3,
          "segments": [
            {
              "start": 0.6074340343475342,
              "end": 63.14352798461914
            },
            {
              "start": 148.0908203125,
              "end": 513.1251831054688
            }
          ]
        },
        "inner": {
          "intercept": 48.7173072468808,
          "slope": 0.00018389097815379296,
          "avg_width": 4.258150401382838,
          "total_length": 492.50616776943207,
          "line_count": 11,
          "segments": [
            {
              "start": 0.6149870157241821,
              "end": 493.12115478515625
            }
          ]
        }
      },
      "bottom": {
        "outer": {
          "intercept": 1347.3538800156896,
          "slope": 0.00133274785857206,
          "avg_width": 5.681367598450716,
          "total_length": 445.0090751647949,
          "line_count": 4,
          "segments": [
            {
              "start": 61.87187576293945,
              "end": 506.8809509277344
            }
          ]
        },
        "inner": {
          "intercept": 1325.918614228849,
          "slope": -0.0005590259513153504,
          "avg_width": 4.725149530672188,
          "total_length": 471.26343631744385,
          "line_count": 12,
          "segments": [
            {
              "start": 10.615134239196777,
              "end": 481.8785705566406
            }
          ]
        }
      },
      "left": {
        "outer": {
          "intercept": 101.8006063873669,
          "slope": -0.009339871173477572,
          "avg_width": 4.300285528601775,
          "total_length": 940.0874862670898,
          "line_count": 15,
          "segments": [
            {
              "start": 79.36418151855469,
              "end": 109.38660430908203
            },
            {
              "start": 338.0956115722656,
              "end": 369.35809326171875
            },
            {
              "start": 440.6201477050781,
              "end": 1319.4227294921875
            }
          ]
        },
        "inner": null
      },
      "right": {
        "outer": {
          "intercept": 515.8906767262566,
          "slope": -0.008029522640870583,
          "avg_width": 5.40360498076975,
          "total_length": 1081.5772666931152,
          "line_count": 9,
          "segments": [
            {
              "start": 29.35135269165039,
              "end": 344.39556884765625
            },
            {
              "start": 411.8502502441406,
              "end": 1033.1317138671875
            },
            {
              "start": 1124.34228515625,
              "end": 1176.89306640625
            },
            {
              "start": 1242.9427490234375,
              "end": 1335.6435546875
            }
          ]
        },
        "inner": {
          "intercept": 493.8684837730127,
          "slope": -0.005425137358352017,
          "avg_width": 4.94668191883845,
          "total_length": 1287.5294151306152,
          "line_count": 24,
          "segments": [
            {
              "start": 44.345829010009766,
              "end": 1331.875244140625
            }
          ]
        }
      }
    },
    "inner_frame": {
      "top": {
        "intercept": 48.7173072468808,
        "slope": 0.00018389097815379296
      },
      "bottom": {
        "intercept": 1325.918614228849,
        "slope": -0.0005590259513153504
      },
      "left": {
        "intercept": 101.8006063873669,
        "slope": -0.009339871173477572
      },
      "right": {
        "intercept": 493.8684837730127,
        "slope": -0.005425137358352017
      }
    },
    "column_dividers": [
      {
        "intercept": 191.11902713753287,
        "slope": -0.002660977676972748,
        "avg_width": 4.4908068122993665,
        "coverage": 0.5765555921542479,
        "segments": [
          {
            "start": 121.83646392822266,
            "end": 155.62857055664062
          },
          {
            "start": 516.84912109375,
            "end": 548.1597290039062
          },
          {
            "start": 649.3572387695312,
            "end": 1320.632080078125
          }
        ],
        "line_count": 12
      },
      {
        "intercept": 285.86212594481316,
        "slope": 0.0014789068320669439,
        "avg_width": 4.140352788008332,
        "coverage": 0.579447776058084,
        "segments": [
          {
            "start": 105.62525939941406,
            "end": 304.38909912109375
          },
          {
            "start": 498.10565185546875,
            "end": 556.8599853515625
          },
          {
            "start": 646.85302734375,
            "end": 716.9024658203125
          },
          {
            "start": 908.1213989257812,
            "end": 1320.625244140625
          }
        ],
        "line_count": 12
      },
      {
        "intercept": 390.9692836716807,
        "slope": -0.006617532390603425,
        "avg_width": 4.39826408640884,
        "coverage": 0.8505488101706821,
        "segments": [
          {
            "start": 56.849578857421875,
            "end": 150.61614990234375
          },
          {
            "start": 215.60943603515625,
            "end": 356.8847351074219
          },
          {
            "start": 470.5966491699219,
            "end": 1321.8768310546875
          }
        ],
        "line_count": 18
      }
    ],
    "num_columns": 4,
    "columns": [
      {
        "index": 0,
        "left_x": 101.8006063873669,
        "right_x": 191.11902713753287,
        "width": 89.31842075016597
      },
      {
        "index": 1,
        "left_x": 191.11902713753287,
        "right_x": 285.86212594481316,
        "width": 94.74309880728029
      },
      {
        "index": 2,
        "left_x": 285.86212594481316,
        "right_x": 390.9692836716807,
        "width": 105.10715772686757
      },
      {
        "index": 3,
        "left_x": 390.9692836716807,
        "right_x": 493.8684837730127,
        "width": 102.89920010133199
      }
    ],
    "_column_mismatch": {
      "expected": 9,
      "detected": 4
    }
  },
  "columns": {
    "columns": [
      {
        "index": 0,
        "left_x": 101.8006063873669,
        "right_x": 191.11902713753287,
        "width": 89.31842075016597
      },
      {
        "index": 1,
        "left_x": 191.11902713753287,
        "right_x": 285.86212594481316,
        "width": 94.74309880728029
      },
      {
        "index": 2,
        "left_x": 285.86212594481316,
        "right_x": 390.9692836716807,
        "width": 105.10715772686757
      },
      {
        "index": 3,
        "left_x": 390.9692836716807,
        "right_x": 493.8684837730127,
        "width": 102.89920010133199
      }
    ],
    "column_width_stats": {
      "mean": 98.01696934641146,
      "std": 6.334230900489855,
      "cv": 0.0646238191481255
    },
    "is_uniform": true
  }
}