{
  "lsd_summary": {
    "total": 329,
    "vertical": 224,
    "horizontal": 91,
    "other": 14
  },
  "borders": {
    "image_size": {
      "width": 1481,
      "height": 1739
    },
    "outer_frame": {
      "top": {
        "outer": {
          "intercept": 44.07297597558621,
          "slope": -0.002956734745734133,
          "avg_width": 5.312407482651255,
          "total_length": 1201.2612609863281,
          "line_count": 6,
          "segments": [
            {
              "start": 278.1183776855469,
              "end": 1479.379638671875
            }
          ]
        },
        "inner": {
          "intercept": 65.67926695144104,
          "slope": -0.0028092518375144176,
          "avg_width": 4.305514696145828,
          "total_length": 1186.2605895996094,
          "line_count": 21,
          "segments": [
            {
              "start": 293.1240539550781,
              "end": 1479.3846435546875
            }
          ]
        }
      },
      "bottom": {
        "outer": {
          "intercept": 1738.6976990802546,
          "slope": -0.014148125095129891,
          "avg_width": 5.23248768091874,
          "total_length": 525.0128173828125,
          "line_count": 6,
          "segments": [
            {
              "start": 898.123779296875,
              "end": 1423.1365966796875
            }
          ]
        },
        "inner": null
      },
      "left": {
        "outer": {
          "intercept": 277.3989204592283,
          "slope": 0.00030410675408401843,
          "avg_width": 5.260212451297604,
          "total_length": 1282.537223815918,
          "line_count": 6,
          "segments": [
            {
              "start": 65.58899688720703,
              "end": 1348.126220703125
            }
          ]
        },
        "inner": {
          "intercept": 297.106405924118,
          "slope": 0.004063884136013695,
          "avg_width": 4.508212518052503,
          "total_length": 1272.5600967407227,
          "line_count": 33,
          "segments": [
            {
              "start": 74.36458587646484,
              "end": 1346.9246826171875
            }
          ]
        }
      },
      "right": {
        "outer": {
          "intercept": 1389.2414180471874,
          "slope": -0.003974825498184874,
          "avg_width": 4.171460337982922,
          "total_length": 1262.4994277954102,
          "line_count": 18,
          "segments": [
            {
              "start": 73.12203216552734,
              "end": 1335.6214599609375
            }
          ]
        },
        "inner": null
      }
    },
    "inner_frame": {
      "top": {
        "intercept": 65.67926695144104,
        "slope": -0.0028092518375144176
      },
      "bottom": {
        "intercept": 1738.6976990802546,
        "slope": -0.014148125095129891
      },
      "left": {
        "intercept": 297.106405924118,
        "slope": 0.004063884136013695
      },
      "right": {
        "intercept": 1389.2414180471874,
        "slope": -0.003974825498184874
      }
    },
    "column_dividers": [
      {
        "intercept": 397.3447175279379,
        "slope": 0.002635538007938516,
        "avg_width": 4.399229315739853,
        "coverage": 0.6956348334402915,
        "segments": [
          {
            "start": 70.61608123779297,
            "end": 118.12864685058594
          },
          {
            "start": 219.37014770507812,
            "end": 1335.66748046875
          }
        ],
        "line_count": 18
      },
      {
        "intercept": 493.07283278224423,
        "slope": 0.0016264276877467863,
        "avg_width": 4.097056703794036,
        "coverage": 0.6388430032596616,
        "segments": [
          {
            "start": 71.85235595703125,
            "end": 110.61229705810547
          },
          {
            "start": 193.08059692382812,
            "end": 235.6145477294922
          },
          {
            "start": 349.3748474121094,
            "end": 1336.8770751953125
          }
        ],
        "line_count": 14
      },
      {
        "intercept": 593.2249521037941,
        "slope": 2.7742362491821132e-05,
        "avg_width": 4.1138480554099495,
        "coverage": 0.5880172072263746,
        "segments": [
          {
            "start": 131.8642578125,
            "end": 176.87034606933594
          },
          {
            "start": 279.3774108886719,
            "end": 621.8805541992188
          },
          {
            "start": 739.375,
            "end": 1335.62939453125
          }
        ],
        "line_count": 15
      },
      {
        "intercept": 687.4159479097754,
        "slope": 0.002709161951015916,
        "avg_width": 3.459784873298859,
        "coverage": 0.4968702818748202,
        "segments": [
          {
            "start": 70.6231689453125,
            "end": 113.14112091064453
          },
          {
            "start": 471.875244140625,
            "end": 846.8796997070312
          },
          {
            "start": 921.8741455078125,
            "end": 1335.6248779296875
          }
        ],
        "line_count": 13
      },
      {
        "intercept": 787.228501236227,
        "slope": -0.0019576441156777934,
        "avg_width": 4.47113962240781,
        "coverage": 0.6589990350230313,
        "segments": [
          {
            "start": 73.12035369873047,
            "end": 120.62540435791016
          },
          {
            "start": 281.8669128417969,
            "end": 1336.87939453125
          }
        ],
        "line_count": 12
      },
      {
        "intercept": 886.4146643038091,
        "slope": -0.0012859286422822267,
        "avg_width": 4.141365915324355,
        "coverage": 0.6926223913063413,
        "segments": [
          {
            "start": 73.12248992919922,
            "end": 173.12533569335938
          },
          {
            "start": 276.8747863769531,
            "end": 1335.6419677734375
          }
        ],
        "line_count": 15
      },
      {
        "intercept": 976.6740217261857,
        "slope": 0.005170527256751913,
        "avg_width": 3.7458835128030468,
        "coverage": 0.38553476908297546,
        "segments": [
          {
            "start": 335.6076965332031,
            "end": 368.1029968261719
          },
          {
            "start": 589.3756713867188,
            "end": 624.3796997070312
          },
          {
            "start": 756.87255859375,
            "end": 1334.3800048828125
          }
        ],
        "line_count": 14
      },
      {
        "intercept": 1077.9787185319988,
        "slope": 0.0035963275069092904,
        "avg_width": 3.7572249737480257,
        "coverage": 0.5969986841569765,
        "segments": [
          {
            "start": 86.86534881591797,
            "end": 128.144775390625
          },
          {
            "start": 310.62286376953125,
            "end": 646.8619995117188
          },
          {
            "start": 714.3670654296875,
            "end": 1335.6383056640625
          }
        ],
        "line_count": 19
      },
      {
        "intercept": 1175.352343980254,
        "slope": 0.0024575069073776074,
        "avg_width": 4.031458222519353,
        "coverage": 0.7576119817171642,
        "segments": [
          {
            "start": 68.12301635742188,
            "end": 1335.621826171875
          }
        ],
        "line_count": 23
      },
      {
        "intercept": 1290.0119409164158,
        "slope": -0.003329299390182007,
        "avg_width": 4.271301698922056,
        "coverage": 0.6096844945807873,
        "segments": [
          {
            "start": 70.62173461914062,
            "end": 168.12677001953125
          },
          {
            "start": 269.37139892578125,
            "end": 889.3753662109375
          },
          {
            "start": 1033.1248779296875,
            "end": 1335.6292724609375
          }
        ],
        "line_count": 19
      }
    ],
    "num_columns": 11,