{
  "lsd_summary": {
    "total": 169,
    "vertical": 122,
    "horizontal": 43,
    "other": 4
  },
  "borders": {
    "image_size": {
      "width": 820,
      "height": 1738
    },
    "outer_frame": {
      "top": {
        "outer": {
          "intercept": 278.4190800722133,
          "slope": -0.0045433007928985325,
          "avg_width": 4.373880837541986,
          "total_length": 431.29265332221985,
          "line_count": 4,
          "segments": [
            {
              "start": 0.6249492168426514,
              "end": 356.9049987792969
            },
            {
              "start": 424.369873046875,
              "end": 499.3824768066406
            }
          ]
        },
        "inner": {
          "intercept": 299.69091468509856,
          "slope": -0.003570261116758955,
          "avg_width": 3.645542920429793,
          "total_length": 486.2590481042862,
          "line_count": 9,
          "segments": [
            {
              "start": 0.6165317296981812,
              "end": 486.8755798339844
            }
          ]
        }
      },
      "bottom": {
        "outer": {
          "intercept": 1602.5071052955964,
          "slope": 0.0004961729724226424,
          "avg_width": 4.324507230563401,
          "total_length": 498.7736226320267,
          "line_count": 5,
          "segments": [
            {
              "start": 0.6218241453170776,
              "end": 499.39544677734375
            }
          ]
        },
        "inner": {
          "intercept": 1580.7996189759892,
          "slope": 0.0014360661414806058,
          "avg_width": 3.5115448592838647,
          "total_length": 484.9913656115532,
          "line_count": 17,
          "segments": [
            {
              "start": 0.6245706677436829,
              "end": 485.6159362792969
            }
          ]
        }
      },
      "left": {
        "outer": {
          "intercept": 101.63499014452923,
          "slope": -0.005882327145115686,
          "avg_width": 3.392964935253617,
          "total_length": 966.3002014160156,
          "line_count": 20,
          "segments": [
            {
              "start": 310.5935363769531,
              "end": 441.8896484375
            },
            {
              "start": 741.8720092773438,
              "end": 1576.8760986328125
            }
          ]
        },
        "inner": null
      },
      "right": {
        "outer": {
          "intercept": 515.1006647445715,
          "slope": -0.006006895058303866,
          "avg_width": 4.36043163556837,
          "total_length": 1151.2937927246094,
          "line_count": 18,
          "segments": [
            {
              "start": 280.6242980957031,
              "end": 1073.13037109375
            },
            {
              "start": 1196.87939453125,
              "end": 1555.6671142578125
            }
          ]
        },
        "inner": {
          "intercept": 495.9496819435115,
          "slope": -0.009157302204409398,
          "avg_width": 4.1908073999441395,
          "total_length": 1257.5143432617188,
          "line_count": 32,
          "segments": [
            {
              "start": 300.61810302734375,
              "end": 1558.1324462890625
            }
          ]
        }
      }
    },
    "inner_frame": {
      "top": {
        "intercept": 299.69091468509856,
        "slope": -0.003570261116758955
      },
      "bottom": {
        "intercept": 1580.7996189759892,
        "slope": 0.0014360661414806058
      },
      "left": {
        "intercept": 101.63499014452923,
        "slope": -0.005882327145115686
      },
      "right": {
        "intercept": 495.9496819435115,
        "slope": -0.009157302204409398
      }
    },
    "column_dividers": [
      {
        "intercept": 196.93898172910227,
        "slope": -0.006579200131712847,
        "avg_width": 3.1321716990068347,
        "coverage": 0.6586287975587978,
        "segments": [
          {
            "start": 320.6271667480469,
            "end": 406.8816223144531
          },
          {
            "start": 756.8614501953125,
            "end": 1073.12548828125
          },
          {
            "start": 1135.6153564453125,
            "end": 1576.8719482421875
          }
        ],
        "line_count": 15
      },
      {
        "intercept": 294.18027529436046,
        "slope": -0.005477098843590655,
        "avg_width": 3.01740992382749,
        "coverage": 0.5132434809908769,
        "segments": [
          {
            "start": 521.8868408203125,
            "end": 556.8978881835938
          },
          {
            "start": 754.3748779296875,
            "end": 899.375
          },
          {
            "start": 1009.383056640625,
            "end": 1049.39111328125
          },
          {
            "start": 1138.12451171875,
            "end": 1575.6259765625
          }
        ],
        "line_count": 14
      },
      {
        "intercept": 389.6223931971353,
        "slope": -0.004565335844660225,
        "avg_width": 3.076217441891955,
        "coverage": 0.728864344172301,
        "segments": [
          {
            "start": 306.86639404296875,
            "end": 398.12060546875
          },
          {
            "start": 718.125,
            "end": 1560.625244140625
          }
        ],
        "line_count": 15
      }
    ],
    "num_columns": 4,
    "columns": [
      {
        "index": 0,
        "left_x": 101.63499014452923,
        "right_x": 196.93898172910227,
        "width": 95.30399158457304
      },
      {
        "index": 1,
        "left_x": 196.93898172910227,
        "right_x": 294.18027529436046,
        "width": 97.24129356525819
      },
      {
        "index": 2,
        "left_x": 294.18027529436046,
        "right_x": 389.6223931971353,
        "width": 95.44211790277484
      },
      {
        "index": 3,
        "left_x": 389.6223931971353,
        "right_x": 495.9496819435115,
        "width": 106.32728874637621
      }
    ],
    "_column_mismatch": {
      "expected": 9,
      "detected": 4
    }
  },
  "columns": {
    "columns": [
      {
        "index": 0,
        "left_x": 101.63499014452923,
        "right_x": 196.93898172910227,
        "width": 95.30399158457304
      },
      {
        "index": 1,
        "left_x": 196.93898172910227,
        "right_x": 294.18027529436046,
        "width": 97.24129356525819
      },
      {
        "index": 2,
        "left_x": 294.18027529436046,
        "right_x": 389.6223931971353,
        "width": 95.44211790277484
      },
      {
        "index": 3,
        "left_x": 389.6223931971353,
        "right_x": 495.9496819435115,
        "width": 106.32728874637621
      }
    ],
    "column_width_stats": {
      "mean": 98.57867294974557,
      "std": 4.5384784341211635,
      "cv": 0.04603915125165901
    },
    "is_uniform": true
  }
}