{
  "lsd_summary": {
    "total": 430,
    "vertical": 302,
    "horizontal": 106,
    "other": 22
  },
  "borders": {
    "image_size": {
      "width": 1552,
      "height": 1739
    },
    "outer_frame": {
      "top": {
        "outer": {
          "intercept": 30.876763183317735,
          "slope": -0.00661104105796938,
          "avg_width": 4.239682725120596,
          "total_length": 1290.0177307128906,
          "line_count": 10,
          "segments": [
            {
              "start": 260.6076354980469,
              "end": 1550.6253662109375
            }
          ]
        },
        "inner": {
          "intercept": 52.331900051038566,
          "slope": -0.005667324037099819,
          "avg_width": 3.9214078553423946,
          "total_length": 1283.75146484375,
          "line_count": 30,
          "segments": [
            {
              "start": 266.874267578125,
              "end": 1550.625732421875
            }
          ]
        }
      },
      "bottom": {
        "outer": {
          "intercept": 1355.745106950746,
          "slope": -0.006987872954862257,
          "avg_width": 4.525104650822073,
          "total_length": 1248.7618408203125,
          "line_count": 10,
          "segments": [
            {
              "start": 254.3634033203125,
              "end": 1503.125244140625
            }
          ]
        },
        "inner": {
          "intercept": 1333.7612324490872,
          "slope": -0.006631110685818783,
          "avg_width": 3.626125022508259,
          "total_length": 1268.7724609375,
          "line_count": 36,
          "segments": [
            {
              "start": 281.867919921875,
              "end": 1550.640380859375
            }
          ]
        }
      },
      "left": {
        "outer": {
          "intercept": 249.84109540266735,
          "slope": 0.0030629004522578804,
          "avg_width": 4.1409457272583134,
          "total_length": 1288.7523498535156,
          "line_count": 12,
          "segments": [
            {
              "start": 50.622650146484375,
              "end": 1339.375
            }
          ]
        },
        "inner": {
          "intercept": 272.24542968296953,
          "slope": 0.0021424742768992185,
          "avg_width": 3.177326536633082,
          "total_length": 1286.2823181152344,
          "line_count": 35,
          "segments": [
            {
              "start": 46.850372314453125,
              "end": 1333.1326904296875
            }
          ]
        }
      },
      "right": {
        "outer": {
          "intercept": 1454.1107100045656,
          "slope": 0.001455091169833161,
          "avg_width": 4.057608890473826,
          "total_length": 1193.7495193481445,
          "line_count": 16,
          "segments": [
            {
              "start": 123.12633514404297,
              "end": 1316.8758544921875
            }
          ]
        },
        "inner": null
      }
    },
    "inner_frame": {
      "top": {
        "intercept": 52.331900051038566,
        "slope": -0.005667324037099819
      },
      "bottom": {
        "intercept": 1333.7612324490872,
        "slope": -0.006631110685818783
      },
      "left": {
        "intercept": 272.24542968296953,
        "slope": 0.0021424742768992185
      },
      "right": {
        "intercept": 1454.1107100045656,
        "slope": 0.001455091169833161
      }
    },
    "column_dividers": [
      {
        "intercept": 374.24644102780206,
        "slope": 1.2682626013762067e-05,
        "avg_width": 4.379617412322629,
        "coverage": 0.9891438805375986,
        "segments": [
          {
            "start": 56.874839782714844,
            "end": 1324.392822265625
          }
        ],
        "line_count": 23
      },
      {
        "intercept": 470.2622899970074,
        "slope": 0.0019513997907546015,
        "avg_width": 3.2225014959175153,
        "coverage": 0.9315894421999127,
        "segments": [
          {
            "start": 56.87428283691406,
            "end": 989.3859252929688
          },
          {
            "start": 1061.8741455078125,
            "end": 1323.1285400390625
          }
        ],
        "line_count": 20
      },
      {
        "intercept": 569.4924601262103,
        "slope": 0.0014193520059963328,
        "avg_width": 3.375088629794855,
        "coverage": 0.9852465691099271,
        "segments": [
          {
            "start": 60.62434005737305,
            "end": 1323.148193359375
          }
        ],
        "line_count": 27
      },
      {
        "intercept": 666.6107671980586,
        "slope": 0.0008938127136347686,
        "avg_width": 3.360864592839611,
        "coverage": 0.9901436840291843,
        "segments": [
          {
            "start": 54.32229995727539,
            "end": 1323.1214599609375
          }
        ],
        "line_count": 24
      },
      {
        "intercept": 762.0846363652016,
        "slope": 0.0018186772481054308,
        "avg_width": 3.492042096902054,
        "coverage": 0.9901166328659431,
        "segments": [
          {
            "start": 54.361236572265625,
            "end": 1323.125732421875
          }
        ],
        "line_count": 13
      },
      {
        "intercept": 859.3988534905423,
        "slope": 0.0028236855694776393,
        "avg_width": 3.7137272552221225,
        "coverage": 0.9901126497630031,
        "segments": [
          {
            "start": 53.11560821533203,
            "end": 1321.875
          }
        ],
        "line_count": 17
      },
      {
        "intercept": 951.9501730080351,
        "slope": 0.0035142321818004744,
        "avg_width": 2.844098013116455,
        "coverage": 0.8711143355816913,
        "segments": [
          {
            "start": 54.375389099121094,
            "end": 626.8768920898438
          },
          {
            "start": 688.1145629882812,
            "end": 854.3792114257812
          },
          {
            "start": 940.6251831054688,
            "end": 1318.1304931640625
          }
        ],
        "line_count": 21
      },
      {
        "intercept": 1049.1862553686524,
        "slope": 0.0055977968102791055,
        "avg_width": 3.615057949300629,
        "coverage": 0.9842246829145973,
        "segments": [
          {
            "start": 56.916358947753906,
            "end": 1318.1307373046875
          }
        ],
        "line_count": 20
      },
      {
        "intercept": 1148.3678167944515,
        "slope": 0.0036035823449123575,
        "avg_width": 4.066210778945735,
        "coverage": 0.9881612538053285,
        "segments": [
          {
            "start": 51.86703872680664,
            "end": 1318.1258544921875
          }
        ],
        "line_count": 21
      },
      {
        "intercept": 1258.7892689736202,
        "slope": 0.0020469313019712268,
        "avg_width": 4.18989227196143,
        "coverage": 0.9891382512045195,
        "segments": [
          {
            "start": 51.87448501586914,
            "end": 1319.38525390625
          }
        ],
        "line_count": 26
      },
      {
        "intercept": 1358.4372999228065,
        "slope": 0.00043357615620375357,
        "avg_width": 3.509713120163754,
        "coverage": 0.9023242601749191,
        "segments": [
          {
            "start": 56.862728118896484,
            "end": 631.8773193359375
          },
          {
            "start": 738.1246948242188,
            "end": 1319.3748779296875
          }
        ],
        "line_count": 18
      }
    ],
    "num_columns": 12,
    "columns": [
      {
        "index": 0,
        "left_x": 272.24542968296953,
        "right_x": 374.24644102780206,
        "width": 102.00101134483253
      },
      {
        "index": 1,
        "left_x": 374.24644102780206,
        "right_x": 470.2622899970074,
        "width": 96.01584896920531
      },
      {
        "index": 2,
        "left_x": 470.2622899970074,
        "right_x": 569.4924601262103,