{
  "lsd_summary": {
    "total": 170,
    "vertical": 123,
    "horizontal": 40,
    "other": 7
  },
  "borders": {
    "image_size": {
      "width": 829,
      "height": 1739
    },
    "outer_frame": {
      "top": {
        "outer": {
          "intercept": 19.95018764676,
          "slope": -0.0038145543703316308,
          "avg_width": 4.067353454921087,
          "total_length": 493.75554275512695,
          "line_count": 3,
          "segments": [
            {
              "start": 11.871471405029297,
              "end": 505.62701416015625
            }
          ]
        },
        "inner": {
          "intercept": 41.71085464339422,
          "slope": -0.006490094041705324,
          "avg_width": 4.046566336411445,
          "total_length": 481.26299262046814,
          "line_count": 9,
          "segments": [
            {
              "start": 0.6209185123443604,
              "end": 481.8839111328125
            }
          ]
        }
      },
      "bottom": {
        "outer": {
          "intercept": 1342.659752833825,
          "slope": -0.005790148052437671,
          "avg_width": 3.9659053811952356,
          "total_length": 407.5042266845703,
          "line_count": 2,
          "segments": [
            {
              "start": 10.625030517578125,
              "end": 91.87503051757812
            },
            {
              "start": 184.37269592285156,
              "end": 510.6269226074219
            }
          ]
        },
        "inner": {
          "intercept": 1321.5350857935057,
          "slope": -0.004289367805476772,
          "avg_width": 3.6154132204261056,
          "total_length": 495.0235608816147,
          "line_count": 14,
          "segments": [
            {
              "start": 0.6092516183853149,
              "end": 495.6328125
            }
          ]
        }
      },
      "left": {
        "outer": {
          "intercept": 92.27345824937176,
          "slope": 0.003715589494205721,
          "avg_width": 2.791928370376919,
          "total_length": 1038.7763977050781,
          "line_count": 21,
          "segments": [
            {
              "start": 50.60504150390625,
              "end": 206.875
            },
            {
              "start": 370.6225280761719,
              "end": 759.3782958984375
            },
            {
              "start": 821.8746948242188,
              "end": 1315.6253662109375
            }
          ]
        },
        "inner": null
      },
      "right": {
        "outer": {
          "intercept": 508.0812792622025,
          "slope": 0.002404345443488276,
          "avg_width": 4.236528007284175,
          "total_length": 1208.801929473877,
          "line_count": 13,
          "segments": [
            {
              "start": 53.1246452331543,
              "end": 604.4013061523438
            },
            {
              "start": 680.61572265625,
              "end": 1338.1409912109375
            }
          ]
        },
        "inner": {
          "intercept": 485.02270848859575,
          "slope": 0.00259624235233517,
          "avg_width": 4.151625350536977,
          "total_length": 1285.0324783325195,
          "line_count": 29,
          "segments": [
            {
              "start": 38.11901092529297,
              "end": 1323.1514892578125
            }
          ]
        }
      }
    },
    "inner_frame": {
      "top": {
        "intercept": 41.71085464339422,
        "slope": -0.006490094041705324
      },
      "bottom": {
        "intercept": 1321.5350857935057,
        "slope": -0.004289367805476772
      },
      "left": {
        "intercept": 92.27345824937176,
        "slope": 0.003715589494205721
      },
      "right": {
        "intercept": 485.02270848859575,
        "slope": 0.00259624235233517
      }
    },
    "column_dividers": [
      {
        "intercept": 187.98192841868592,
        "slope": 0.0028125574920660787,
        "avg_width": 3.260575803241816,
        "coverage": 0.5294060954808726,
        "segments": [
          {
            "start": 48.124637603759766,
            "end": 139.37744140625
          },
          {
            "start": 505.6195068359375,
            "end": 601.8847045898438
          },
          {
            "start": 689.3776245117188,
            "end": 729.3836059570312
          },
          {
            "start": 850.6054077148438,
            "end": 1300.628173828125
          }
        ],
        "line_count": 17
      },
      {
        "intercept": 288.1865740619811,
        "slope": 0.0025736994872177866,
        "avg_width": 3.8826849200950124,
        "coverage": 0.4004411638592203,
        "segments": [
          {
            "start": 51.87331771850586,
            "end": 101.87976837158203
          },
          {
            "start": 340.62255859375,
            "end": 378.1258544921875
          },
          {
            "start": 486.92724609375,
            "end": 529.38427734375
          },
          {
            "start": 931.8555297851562,
            "end": 1314.383056640625
          }
        ],
        "line_count": 11
      },
      {
        "intercept": 385.56163045036254,
        "slope": 0.0018360071105127578,
        "avg_width": 3.2888066664873894,
        "coverage": 0.8594968253964816,
        "segments": [
          {
            "start": 60.61430740356445,
            "end": 458.1332702636719
          },
          {
            "start": 519.3516845703125,
            "end": 574.3788452148438
          },
          {
            "start": 664.375244140625,
            "end": 1311.833984375
          }
        ],
        "line_count": 25
      }
    ],
    "num_columns": 4,
    "columns": [
      {
        "index": 0,
        "left_x": 92.27345824937176,
        "right_x": 187.98192841868592,
        "width": 95.70847016931417
      },
      {
        "index": 1,
        "left_x": 187.98192841868592,
        "right_x": 288.1865740619811,
        "width": 100.20464564329518
      },
      {
        "index": 2,
        "left_x": 288.1865740619811,
        "right_x": 385.56163045036254,
        "width": 97.37505638838144
      },
      {
        "index": 3,
        "left_x": 385.56163045036254,
        "right_x": 485.02270848859575,
        "width": 99.46107803823321
      }
    ],
    "_column_mismatch": {
      "expected": 9,
      "detected": 4
    }
  },
  "columns": {
    "columns": [
      {
        "index": 0,
        "left_x": 92.27345824937176,
        "right_x": 187.98192841868592,
        "width": 95.70847016931417
      },
      {
        "index": 1,
        "left_x": 187.98192841868592,
        "right_x": 288.1865740619811,
        "width": 100.20464564329518
      },
      {
        "index": 2,
        "left_x": 288.1865740619811,
        "right_x": 385.56163045036254,
        "width": 97.37505638838144
      },
      {
        "index": 3,
        "left_x": 385.56163045036254,
        "right_x": 485.02270848859575,
        "width": 99.46107803823321
      }
    ],
    "column_width_stats": {
      "mean": 98.187312559806,
      "std": 1.7675216369743123,
      "cv": 0.01800152780327614
    },
    "is_uniform": true
  }
}