{
  "lsd_summary": {
    "total": 413,
    "vertical": 283,
    "horizontal": 102,
    "other": 28
  },
  "borders": {
    "image_size": {
      "width": 1566,
      "height": 1738
    },
    "outer_frame": {
      "top": {
        "outer": {
          "intercept": 291.8742961292985,
          "slope": -0.007588561842701784,
          "avg_width": 4.4094375236529455,
          "total_length": 1206.2677307128906,
          "line_count": 11,
          "segments": [
            {
              "start": 263.1241760253906,
              "end": 991.8778686523438
            },
            {
              "start": 1086.8695068359375,
              "end": 1564.383544921875
            }
          ]
        },
        "inner": {
          "intercept": 313.74052583923594,
          "slope": -0.007291035528039654,
          "avg_width": 3.940798607743789,
          "total_length": 1245.0026550292969,
          "line_count": 31,
          "segments": [
            {
              "start": 286.8877258300781,
              "end": 1531.890380859375
            }
          ]
        }
      },
      "bottom": {
        "outer": {
          "intercept": 1621.565227978449,
          "slope": -0.011014263740590778,
          "avg_width": 4.905580601116624,
          "total_length": 998.8774108886719,
          "line_count": 8,
          "segments": [
            {
              "start": 284.3703918457031,
              "end": 870.6260986328125
            },
            {
              "start": 1065.558349609375,
              "end": 1478.1800537109375
            }
          ]
        },
        "inner": {
          "intercept": 1600.151575164138,
          "slope": -0.008963449170938338,
          "avg_width": 3.8144553710720888,
          "total_length": 1277.5427551269531,
          "line_count": 38,
          "segments": [
            {
              "start": 286.8323669433594,
              "end": 1564.3751220703125
            }
          ]
        }
      },
      "left": {
        "outer": {
          "intercept": 284.4138062527039,
          "slope": -0.007030475182574182,
          "avg_width": 4.0035659845132034,
          "total_length": 1323.8503723144531,
          "line_count": 46,
          "segments": [
            {
              "start": 291.8000183105469,
              "end": 1615.650390625
            }
          ]
        },
        "inner": null
      },
      "right": {
        "outer": {
          "intercept": 1472.3837889769402,
          "slope": -0.003164124213220896,
          "avg_width": 3.567395153174294,
          "total_length": 857.5533447265625,
          "line_count": 17,
          "segments": [
            {
              "start": 529.3729858398438,
              "end": 744.3897705078125
            },
            {
              "start": 810.6036987304688,
              "end": 843.1244506835938
            },
            {
              "start": 958.1140747070312,
              "end": 1568.1298828125
            }
          ]
        },
        "inner": null
      }
    },
    "inner_frame": {
      "top": {
        "intercept": 313.74052583923594,
        "slope": -0.007291035528039654
      },
      "bottom": {
        "intercept": 1600.151575164138,
        "slope": -0.008963449170938338
      },
      "left": {
        "intercept": 284.4138062527039,
        "slope": -0.007030475182574182
      },
      "right": {
        "intercept": 1472.3837889769402,
        "slope": -0.003164124213220896
      }
    },
    "column_dividers": [
      {
        "intercept": 383.74408882954975,
        "slope": 0.002077302536454187,
        "avg_width": 3.2346898878757386,
        "coverage": 0.7210839665648708,
        "segments": [
          {
            "start": 320.5935974121094,
            "end": 356.8851013183594
          },
          {
            "start": 479.3674011230469,
            "end": 575.6213989257812
          },
          {
            "start": 661.8890380859375,
            "end": 753.13916015625
          },
          {
            "start": 880.6244506835938,
            "end": 1584.439208984375
          }
        ],
        "line_count": 19
      },
      {
        "intercept": 479.8794254757093,
        "slope": 0.0016476761387420973,
        "avg_width": 3.4714342245134504,
        "coverage": 0.4926499236059642,
        "segments": [
          {
            "start": 609.3734741210938,
            "end": 643.1257934570312
          },
          {
            "start": 926.87744140625,
            "end": 965.6321411132812
          },
          {
            "start": 1028.1318359375,
            "end": 1589.3751220703125
          }
        ],
        "line_count": 10
      },
      {
        "intercept": 584.4772255002308,
        "slope": -0.0014264974069933382,
        "avg_width": 3.1641345967429033,
        "coverage": 0.7269076877018136,
        "segments": [
          {
            "start": 318.1069641113281,
            "end": 358.1978759765625
          },
          {
            "start": 558.1174926757812,
            "end": 591.8779296875
          },
          {
            "start": 729.3741455078125,
            "end": 1590.6248779296875
          }
        ],
        "line_count": 20
      },
      {
        "intercept": 669.7655577693008,
        "slope": 0.0073177784293113725,
        "avg_width": 3.342405158673523,
        "coverage": 0.5111206334972065,
        "segments": [
          {
            "start": 851.8734130859375,
            "end": 895.62451171875
          },
          {
            "start": 971.8653564453125,
            "end": 1585.62548828125
          }
        ],
        "line_count": 12
      },
      {
        "intercept": 770.3546059288824,
        "slope": 0.0020776021663153218,
        "avg_width": 3.5035718700604987,
        "coverage": 0.9104785717122695,
        "segments": [
          {
            "start": 318.12445068359375,
            "end": 634.3768310546875
          },
          {
            "start": 730.6307373046875,
            "end": 1585.6280517578125
          }
        ],
        "line_count": 23
      },
      {
        "intercept": 868.728453982471,
        "slope": 0.003538666885166262,
        "avg_width": 3.3437058977594347,
        "coverage": 0.977533873513053,
        "segments": [
          {
            "start": 326.8656005859375,
            "end": 1584.3759765625
          }
        ],
        "line_count": 32
      },
      {
        "intercept": 963.0668541056343,
        "slope": 0.003457312427097051,
        "avg_width": 3.457611464330539,
        "coverage": 0.290550469214739,
        "segments": [
          {
            "start": 1210.607177734375,
            "end": 1584.37451171875
          }
        ],
        "line_count": 8
      },
      {
        "intercept": 1056.812159419598,
        "slope": 0.005685875418305505,
        "avg_width": 3.6356987002616856,
        "coverage": 0.7958084046236732,
        "segments": [
          {
            "start": 334.3700256347656,
            "end": 488.1241455078125
          },
          {
            "start": 713.1447143554688,
            "end": 1583.1273193359375
          }
        ],
        "line_count": 18
      },
      {
        "intercept": 1152.9622702836102,
        "slope": 0.007699773161400809,
        "avg_width": 3.860462391741862,
        "coverage": 0.8706998291465101,
        "segments": [
          {
            "start": 333.0760192871094,
            "end": 484.4059143066406
          },
          {
            "start": 611.8733520507812,
            "end": 1580.621337890625
          }
        ],
        "line_count": 26
      },
      {
        "intercept": 1278.9237915752708,
        "slope": -0.004666883497427566,
        "avg_width": 3.8012109926307613,
        "coverage": 0.7568643097016318,
        "segments": [
          {
            "start": 316.87359619140625,