{
  "lsd_summary": {
    "total": 279,
    "vertical": 179,
    "horizontal": 89,
    "other": 11
  },
  "borders": {
    "image_size": {
      "width": 1567,
      "height": 1739
    },
    "outer_frame": {
      "top": {
        "outer": {
          "intercept": 36.03062670232954,
          "slope": -0.0032452113147866577,
          "avg_width": 5.185646788668397,
          "total_length": 1233.7692565917969,
          "line_count": 9,
          "segments": [
            {
              "start": 269.3756408691406,
              "end": 1159.389892578125
            },
            {
              "start": 1221.8756103515625,
              "end": 1565.630615234375
            }
          ]
        },
        "inner": {
          "intercept": 58.17957628793834,
          "slope": -0.003577557930851268,
          "avg_width": 4.212292254002258,
          "total_length": 1281.2691040039062,
          "line_count": 32,
          "segments": [
            {
              "start": 284.36273193359375,
              "end": 1565.6318359375
            }
          ]
        }
      },
      "bottom": {
        "outer": {
          "intercept": 1364.5834675457857,
          "slope": -0.00453181768887373,
          "avg_width": 5.602886768783606,
          "total_length": 1297.5206909179688,
          "line_count": 6,
          "segments": [
            {
              "start": 268.12530517578125,
              "end": 1565.64599609375
            }
          ]
        },
        "inner": {
          "intercept": 1343.4853224326896,
          "slope": -0.004021566072536747,
          "avg_width": 4.467175565803513,
          "total_length": 1285.023193359375,
          "line_count": 22,
          "segments": [
            {
              "start": 280.611328125,
              "end": 1565.634521484375
            }
          ]
        }
      },
      "left": {
        "outer": {
          "intercept": 269.11700300796883,
          "slope": -0.003462450882436033,
          "avg_width": 5.342818383580117,
          "total_length": 1282.5202178955078,
          "line_count": 7,
          "segments": [
            {
              "start": 36.88578796386719,
              "end": 1319.406005859375
            }
          ]
        },
        "inner": {
          "intercept": 286.96252446924393,
          "slope": -0.0007712822676647215,
          "avg_width": 4.633791645108545,
          "total_length": 1273.832992553711,
          "line_count": 24,
          "segments": [
            {
              "start": 70.60694885253906,
              "end": 1344.43994140625
            }
          ]
        }
      },
      "right": {
        "outer": {
          "intercept": 1474.9208685224132,
          "slope": -0.005846582486333627,
          "avg_width": 3.8412178641015426,
          "total_length": 755.0061645507812,
          "line_count": 11,
          "segments": [
            {
              "start": 240.6109619140625,
              "end": 335.6149597167969
            },
            {
              "start": 509.3765563964844,
              "end": 540.6297607421875
            },
            {
              "start": 701.8733520507812,
              "end": 1330.622314453125
            }
          ]
        },
        "inner": null
      }
    },
    "inner_frame": {
      "top": {
        "intercept": 58.17957628793834,
        "slope": -0.003577557930851268
      },
      "bottom": {
        "intercept": 1343.4853224326896,
        "slope": -0.004021566072536747
      },
      "left": {
        "intercept": 286.96252446924393,
        "slope": -0.0007712822676647215
      },
      "right": {
        "intercept": 1474.9208685224132,
        "slope": -0.005846582486333627
      }
    },
    "column_dividers": [
      {
        "intercept": 389.34213011394024,
        "slope": -0.0007727027072271052,
        "avg_width": 3.9437040149017424,
        "coverage": 0.36566918455885544,
        "segments": [
          {
            "start": 451.86456298828125,
            "end": 500.6212158203125
          },
          {
            "start": 711.90234375,
            "end": 818.1346435546875
          },
          {
            "start": 995.6250610351562,
            "end": 1310.6328125
          }
        ],
        "line_count": 9
      },
      {
        "intercept": 485.45218463665935,
        "slope": -0.0031487673955575795,
        "avg_width": 3.863355207987425,
        "coverage": 0.37931715052698994,
        "segments": [
          {
            "start": 755.6284790039062,
            "end": 803.15478515625
          },
          {
            "start": 893.1173095703125,
            "end": 1333.1295166015625
          }
        ],
        "line_count": 9
      },
      {
        "intercept": 586.2943321955416,
        "slope": -0.0030368454799700214,
        "avg_width": 3.8019702132414985,
        "coverage": 0.3472595669440108,
        "segments": [
          {
            "start": 759.3732299804688,
            "end": 804.385009765625
          },
          {
            "start": 930.6173706054688,
            "end": 1331.9403076171875
          }
        ],
        "line_count": 10
      },
      {
        "intercept": 685.6952807319982,
        "slope": -0.006609912114542771,
        "avg_width": 3.6345683683703265,
        "coverage": 0.34915349794277073,
        "segments": [
          {
            "start": 83.11685180664062,
            "end": 118.13206481933594
          },
          {
            "start": 916.8751220703125,
            "end": 1330.62890625
          }
        ],
        "line_count": 7
      },
      {
        "intercept": 775.514896907402,
        "slope": -0.003589205592308258,
        "avg_width": 4.059108600053981,
        "coverage": 0.5796937306541883,
        "segments": [
          {
            "start": 61.874996185302734,
            "end": 158.12884521484375
          },
          {
            "start": 471.8734130859375,
            "end": 564.4142456054688
          },
          {
            "start": 708.11083984375,
            "end": 789.3870239257812
          },
          {
            "start": 859.37255859375,
            "end": 1334.3853759765625
          }
        ],
        "line_count": 18
      },
      {
        "intercept": 873.6784537946389,
        "slope": -0.003984936016898413,
        "avg_width": 4.228424042307707,
        "coverage": 0.9239201593811317,
        "segments": [
          {
            "start": 64.37162017822266,
            "end": 173.13095092773438
          },
          {
            "start": 245.62359619140625,
            "end": 1324.3841552734375
          }
        ],
        "line_count": 19
      },
      {
        "intercept": 967.5101215517989,
        "slope": -0.0020643159113667344,
        "avg_width": 4.082999648251831,
        "coverage": 0.2917596115170162,
        "segments": [
          {
            "start": 956.8733520507812,
            "end": 1331.8736572265625
          }
        ],
        "line_count": 5
      },
      {
        "intercept": 1069.0769522540447,
        "slope": -0.002822784599024358,
        "avg_width": 3.8832622235944756,
        "coverage": 0.7449855456165104,
        "segments": [
          {
            "start": 84.36380767822266,
            "end": 173.12548828125
          },
          {
            "start": 464.37310791015625,
            "end": 1333.1456298828125
          }
        ],
        "line_count": 20
      },
      {
        "intercept": 1161.7203916283427,
        "slope": 8.485092415020692e-05,
        "avg_width": 4.339047172619151,
        "coverage": 0.7313504723355607,
        "segments": [
          {
            "start": 63.12883758544922,
            "end": 181.8902130126953
          },
          {
            "start": 440.6333312988281,
            "end": 635.63916015625
          },
          {
            "start": 705.6317749023438,
            "end": 1331.87353515625
          }
        ],