{
  "lsd_summary": {
    "total": 143,
    "vertical": 88,
    "horizontal": 46,
    "other": 9
  },
  "borders": {
    "image_size": {
      "width": 813,
      "height": 1739
    },
    "outer_frame": {
      "top": {
        "outer": {
          "intercept": 16.444788227753868,
          "slope": -0.00019530130596859973,
          "avg_width": 5.998360621975072,
          "total_length": 398.79688262939453,
          "line_count": 4,
          "segments": [
            {
              "start": 19.377281188964844,
              "end": 418.1741638183594
            }
          ]
        },
        "inner": {
          "intercept": 37.18210779089852,
          "slope": -0.003497103093094371,
          "avg_width": 3.990972333745174,
          "total_length": 488.7653083205223,
          "line_count": 16,
          "segments": [
            {
              "start": 0.6179619431495667,
              "end": 489.3832702636719
            }
          ]
        }
      },
      "bottom": {
        "outer": {
          "intercept": 1340.7704782715412,
          "slope": -0.0001238362044761432,
          "avg_width": 5.254473689398852,
          "total_length": 472.54783630371094,
          "line_count": 5,
          "segments": [
            {
              "start": 30.593795776367188,
              "end": 503.1416320800781
            }
          ]
        },
        "inner": {
          "intercept": 1321.2851735579536,
          "slope": -0.005644271722295493,
          "avg_width": 4.201463578747201,
          "total_length": 480.016072511673,
          "line_count": 14,
          "segments": [
            {
              "start": 0.6116740703582764,
              "end": 480.62774658203125
            }
          ]
        }
      },
      "left": {
        "outer": {
          "intercept": 104.62998664308647,
          "slope": -0.009597579059297758,
          "avg_width": 4.10832180037906,
          "total_length": 933.7749214172363,
          "line_count": 13,
          "segments": [
            {
              "start": 59.37589645385742,
              "end": 150.62716674804688
            },
            {
              "start": 311.8626403808594,
              "end": 353.1220703125
            },
            {
              "start": 419.3756103515625,
              "end": 461.87860107421875
            },
            {
              "start": 556.8740234375,
              "end": 1315.63525390625
            }
          ]
        },
        "inner": null
      },
      "right": {
        "outer": {
          "intercept": 514.0142106991223,
          "slope": -0.007330651305777525,
          "avg_width": 5.957890662729197,
          "total_length": 1318.7605838775635,
          "line_count": 4,
          "segments": [
            {
              "start": 20.599401473999023,
              "end": 1339.3599853515625
            }
          ]
        },
        "inner": {
          "intercept": 493.2342738447406,
          "slope": -0.0093569670960006,
          "avg_width": 4.55237465820304,
          "total_length": 1291.2906875610352,
          "line_count": 31,
          "segments": [
            {
              "start": 33.088096618652344,
              "end": 1324.3787841796875
            }
          ]
        }
      }
    },
    "inner_frame": {
      "top": {
        "intercept": 37.18210779089852,
        "slope": -0.003497103093094371
      },
      "bottom": {
        "intercept": 1321.2851735579536,
        "slope": -0.005644271722295493
      },
      "left": {
        "intercept": 104.62998664308647,
        "slope": -0.009597579059297758
      },
      "right": {
        "intercept": 493.2342738447406,
        "slope": -0.0093569670960006
      }
    },
    "column_dividers": [
      {
        "intercept": 196.37906077367535,
        "slope": -0.005723755613516803,
        "avg_width": 4.285610565547595,
        "coverage": 0.40015731205674615,
        "segments": [
          {
            "start": 491.8711242675781,
            "end": 523.1293334960938
          },
          {
            "start": 689.3328247070312,
            "end": 728.1488037109375
          },
          {
            "start": 870.616455078125,
            "end": 1314.385498046875
          }
        ],
        "line_count": 10
      },
      {
        "intercept": 290.6740607019702,
        "slope": -0.0037063953702370497,
        "avg_width": 4.492471680088462,
        "coverage": 0.31735806330522365,
        "segments": [
          {
            "start": 91.83868408203125,
            "end": 121.85057067871094
          },
          {
            "start": 254.36691284179688,
            "end": 286.87542724609375
          },
          {
            "start": 969.3735961914062,
            "end": 1314.3736572265625
          }
        ],
        "line_count": 4
      },
      {
        "intercept": 389.7292248634071,
        "slope": -0.007516749264233228,
        "avg_width": 3.9840692873579324,
        "coverage": 0.5928941594259078,
        "segments": [
          {
            "start": 48.11215591430664,
            "end": 118.13712310791016
          },
          {
            "start": 193.1064910888672,
            "end": 321.8777160644531
          },
          {
            "start": 489.37103271484375,
            "end": 533.1384887695312
          },
          {
            "start": 694.35986328125,
            "end": 741.881591796875
          },
          {
            "start": 843.1243896484375,
            "end": 1314.376220703125
          }
        ],
        "line_count": 17
      }
    ],
    "num_columns": 4,
    "columns": [
      {
        "index": 0,
        "left_x": 104.62998664308647,
        "right_x": 196.37906077367535,
        "width": 91.74907413058888
      },
      {
        "index": 1,
        "left_x": 196.37906077367535,
        "right_x": 290.6740607019702,
        "width": 94.29499992829483
      },
      {
        "index": 2,
        "left_x": 290.6740607019702,
        "right_x": 389.7292248634071,
        "width": 99.05516416143695
      },
      {
        "index": 3,
        "left_x": 389.7292248634071,
        "right_x": 493.2342738447406,
        "width": 103.50504898133346
      }
    ],
    "_column_mismatch": {
      "expected": 9,
      "detected": 4
    }
  },
  "columns": {
    "columns": [
      {
        "index": 0,
        "left_x": 104.62998664308647,
        "right_x": 196.37906077367535,
        "width": 91.74907413058888
      },
      {
        "index": 1,
        "left_x": 196.37906077367535,
        "right_x": 290.6740607019702,
        "width": 94.29499992829483
      },
      {
        "index": 2,
        "left_x": 290.6740607019702,
        "right_x": 389.7292248634071,
        "width": 99.05516416143695
      },
      {
        "index": 3,
        "left_x": 389.7292248634071,
        "right_x": 493.2342738447406,
        "width": 103.50504898133346
      }
    ],
    "column_width_stats": {
      "mean": 97.15107180041353,
      "std": 4.509360240057825,
      "cv": 0.046415959767503366
    },
    "is_uniform": true
  }
}