{
  "lsd_summary": {
    "total": 150,
    "vertical": 113,
    "horizontal": 26,
    "other": 11
  },
  "borders": {
    "image_size": {
      "width": 836,
      "height": 1738
    },
    "outer_frame": {
      "top": {
        "outer": {
          "intercept": 266.1563884916327,
          "slope": -0.002334909975467221,
          "avg_width": 4.548549898931269,
          "total_length": 477.52032220363617,
          "line_count": 4,
          "segments": [
            {
              "start": 0.6079126596450806,
              "end": 478.12823486328125
            }
          ]
        },
        "inner": {
          "intercept": 283.4922280285362,
          "slope": 0.0040974867202261565,
          "avg_width": 4.020344170817305,
          "total_length": 373.75948333740234,
          "line_count": 9,
          "segments": [
            {
              "start": 36.87329864501953,
              "end": 94.37689208984375
            },
            {
              "start": 165.62481689453125,
              "end": 481.8807067871094
            }
          ]
        }
      },
      "bottom": {
        "outer": {
          "intercept": 1591.9631471438895,
          "slope": 0.0008860848392070014,
          "avg_width": 4.456436285830713,
          "total_length": 452.5074577331543,
          "line_count": 3,
          "segments": [
            {
              "start": 30.644611358642578,
              "end": 483.1520690917969
            }
          ]
        },
        "inner": null
      },
      "left": {
        "outer": {
          "intercept": 101.40782910763996,
          "slope": -0.004887715543845161,
          "avg_width": 3.317014482923785,
          "total_length": 997.5638122558594,
          "line_count": 21,
          "segments": [
            {
              "start": 329.3695373535156,
              "end": 394.3865966796875
            },
            {
              "start": 520.623046875,
              "end": 1036.8775634765625
            },
            {
              "start": 1146.868408203125,
              "end": 1563.16064453125
            }
          ]
        },
        "inner": null
      },
      "right": {
        "outer": {
          "intercept": 512.5991740434283,
          "slope": -0.0038799239779977396,
          "avg_width": 4.210379897021525,
          "total_length": 768.7733764648438,
          "line_count": 7,
          "segments": [
            {
              "start": 266.85345458984375,
              "end": 734.377685546875
            },
            {
              "start": 1201.8759765625,
              "end": 1503.1251220703125
            }
          ]
        },
        "inner": {
          "intercept": 484.2971278009345,
          "slope": 0.0006964962056108167,
          "avg_width": 4.099741176153237,
          "total_length": 1241.2687377929688,
          "line_count": 40,
          "segments": [
            {
              "start": 279.36016845703125,
              "end": 1520.62890625
            }
          ]
        }
      }
    },
    "inner_frame": {
      "top": {
        "intercept": 283.4922280285362,
        "slope": 0.0040974867202261565
      },
      "bottom": {
        "intercept": 1591.9631471438895,
        "slope": 0.0008860848392070014
      },
      "left": {
        "intercept": 101.40782910763996,
        "slope": -0.004887715543845161
      },
      "right": {
        "intercept": 484.2971278009345,
        "slope": 0.0006964962056108167
      }
    },
    "column_dividers": [
      {
        "intercept": 197.43035811125432,
        "slope": -0.004132015132098354,
        "avg_width": 3.671713447088827,
        "coverage": 0.4088971497040259,
        "segments": [
          {
            "start": 964.36962890625,
            "end": 1108.1417236328125
          },
          {
            "start": 1170.61767578125,
            "end": 1561.8756103515625
          }
        ],
        "line_count": 11
      },
      {
        "intercept": 282.6209618235605,
        "slope": 0.0038915143957325106,
        "avg_width": 3.2877685063764828,
        "coverage": 0.22734969834188148,
        "segments": [
          {
            "start": 1260.64453125,
            "end": 1558.125
          }
        ],
        "line_count": 5
      },
      {
        "intercept": 389.2515524941744,
        "slope": -0.0039713489834676844,
        "avg_width": 3.0478916273030894,
        "coverage": 0.6534519144884867,
        "segments": [
          {
            "start": 313.12152099609375,
            "end": 646.876220703125
          },
          {
            "start": 739.3713989257812,
            "end": 798.131591796875
          },
          {
            "start": 1024.364990234375,
            "end": 1486.8729248046875
          }
        ],
        "line_count": 19
      }
    ],
    "num_columns": 4,
    "columns": [
      {
        "index": 0,
        "left_x": 101.40782910763996,
        "right_x": 197.43035811125432,
        "width": 96.02252900361437
      },
      {
        "index": 1,
        "left_x": 197.43035811125432,
        "right_x": 282.6209618235605,
        "width": 85.19060371230617
      },
      {
        "index": 2,
        "left_x": 282.6209618235605,
        "right_x": 389.2515524941744,
        "width": 106.63059067061391
      },
      {
        "index": 3,
        "left_x": 389.2515524941744,
        "right_x": 484.2971278009345,
        "width": 95.0455753067601
      }
    ],
    "_column_mismatch": {
      "expected": 9,
      "detected": 4
    }
  },
  "columns": {
    "columns": [
      {
        "index": 0,
        "left_x": 101.40782910763996,
        "right_x": 197.43035811125432,
        "width": 96.02252900361437
      },
      {
        "index": 1,
        "left_x": 197.43035811125432,
        "right_x": 282.6209618235605,
        "width": 85.19060371230617
      },
      {
        "index": 2,
        "left_x": 282.6209618235605,
        "right_x": 389.2515524941744,
        "width": 106.63059067061391
      },
      {
        "index": 3,
        "left_x": 389.2515524941744,
        "right_x": 484.2971278009345,
        "width": 95.0455753067601
      }
    ],
    "column_width_stats": {
      "mean": 95.72232467332364,
      "std": 7.590380850350055,
      "cv": 0.07929582650916729
    },
    "is_uniform": true
  }
}