{
  "lsd_summary": {
    "total": 379,
    "vertical": 243,
    "horizontal": 104,
    "other": 32
  },
  "borders": {
    "image_size": {
      "width": 1545,
      "height": 1738
    },
    "outer_frame": {
      "top": {
        "outer": {
          "intercept": 281.3307492496782,
          "slope": -0.005347264338554604,
          "avg_width": 4.422661902807363,
          "total_length": 1168.7616729736328,
          "line_count": 10,
          "segments": [
            {
              "start": 240.62693786621094,
              "end": 571.875
            },
            {
              "start": 705.6311645507812,
              "end": 1543.144775390625
            }
          ]
        },
        "inner": {
          "intercept": 303.5859246337265,
          "slope": -0.007747661001972628,
          "avg_width": 3.573602812844884,
          "total_length": 1267.5072021484375,
          "line_count": 33,
          "segments": [
            {
              "start": 259.37255859375,
              "end": 1526.8797607421875
            }
          ]
        }
      },
      "bottom": {
        "outer": {
          "intercept": 1604.5381372175889,
          "slope": -0.007773354259878952,
          "avg_width": 4.464409180809486,
          "total_length": 776.3552703857422,
          "line_count": 11,
          "segments": [
            {
              "start": 246.8097381591797,
              "end": 433.1254577636719
            },
            {
              "start": 823.1190185546875,
              "end": 959.4046630859375
            },
            {
              "start": 1089.37255859375,
              "end": 1543.12646484375
            }
          ]
        },
        "inner": {
          "intercept": 1582.4848602627076,
          "slope": -0.005356401868691838,
          "avg_width": 3.83091960470993,
          "total_length": 1265.0103454589844,
          "line_count": 35,
          "segments": [
            {
              "start": 261.8825988769531,
              "end": 1526.8929443359375
            }
          ]
        }
      },
      "left": {
        "outer": {
          "intercept": 242.0985525852862,
          "slope": 0.0013555357174120904,
          "avg_width": 4.386458602959571,
          "total_length": 1272.5120239257812,
          "line_count": 11,
          "segments": [
            {
              "start": 286.86566162109375,
              "end": 1559.377685546875
            }
          ]
        },
        "inner": {
          "intercept": 264.5944310977847,
          "slope": -0.0018383709525621216,
          "avg_width": 3.861152944411203,
          "total_length": 1267.5301208496094,
          "line_count": 34,
          "segments": [
            {
              "start": 314.3430480957031,
              "end": 1581.8731689453125
            }
          ]
        }
      },
      "right": {
        "outer": {
          "intercept": 1453.8754533190097,
          "slope": -0.005216861074215437,
          "avg_width": 3.6001717714835864,
          "total_length": 756.2549438476562,
          "line_count": 12,
          "segments": [
            {
              "start": 584.3748779296875,
              "end": 618.1248779296875
            },
            {
              "start": 740.6156005859375,
              "end": 833.1304321289062
            },
            {
              "start": 938.1259765625,
              "end": 1568.1160888671875
            }
          ]
        },
        "inner": null
      }
    },
    "inner_frame": {
      "top": {
        "intercept": 303.5859246337265,
        "slope": -0.007747661001972628
      },
      "bottom": {
        "intercept": 1582.4848602627076,
        "slope": -0.005356401868691838
      },
      "left": {
        "intercept": 264.5944310977847,
        "slope": -0.0018383709525621216
      },
      "right": {
        "intercept": 1453.8754533190097,
        "slope": -0.005216861074215437
      }
    },
    "column_dividers": [
      {
        "intercept": 364.3090136447761,
        "slope": -0.0003173251562945391,
        "avg_width": 3.6542966384415325,
        "coverage": 0.5522606226218931,
        "segments": [
          {
            "start": 455.6229248046875,
            "end": 685.6124877929688
          },
          {
            "start": 986.8699951171875,
            "end": 1018.1312866210938
          },
          {
            "start": 1126.8736572265625,
            "end": 1571.9083251953125
          }
        ],
        "line_count": 14
      },
      {
        "intercept": 463.1105876051758,
        "slope": -0.0008420943981934658,
        "avg_width": 2.787647154379385,
        "coverage": 0.6196758199601339,
        "segments": [
          {
            "start": 446.8741760253906,
            "end": 484.3755187988281
          },
          {
            "start": 558.12109375,
            "end": 650.6292114257812
          },
          {
            "start": 770.623046875,
            "end": 885.624267578125
          },
          {
            "start": 1025.62109375,
            "end": 1573.1131591796875
          }
        ],
        "line_count": 19
      },
      {
        "intercept": 561.0151130829038,
        "slope": -0.0018779193503892487,
        "avg_width": 3.7398407928290633,
        "coverage": 0.536610501616937,
        "segments": [
          {
            "start": 448.1264343261719,
            "end": 728.126220703125
          },
          {
            "start": 994.3740844726562,
            "end": 1035.612060546875
          },
          {
            "start": 1194.3736572265625,
            "end": 1559.406494140625
          }
        ],
        "line_count": 15
      },
      {
        "intercept": 654.7735923485249,
        "slope": 0.0010219736235281246,
        "avg_width": 3.4561259551879795,
        "coverage": 0.4418759284236045,
        "segments": [
          {
            "start": 320.595458984375,
            "end": 361.9186706542969
          },
          {
            "start": 559.3743286132812,
            "end": 855.625
          },
          {
            "start": 1344.3536376953125,
            "end": 1571.8944091796875
          }
        ],
        "line_count": 13
      },
      {
        "intercept": 760.1031221815955,
        "slope": -0.00649221842711481,
        "avg_width": 3.4228561363671517,
        "coverage": 0.6969166404604785,
        "segments": [
          {
            "start": 578.1041259765625,
            "end": 856.877197265625
          },
          {
            "start": 959.3660278320312,
            "end": 1571.87890625
          }
        ],
        "line_count": 13
      },
      {
        "intercept": 851.8044211580739,
        "slope": -0.00094760703086095,
        "avg_width": 3.4048056461485374,
        "coverage": 0.7105958716809212,
        "segments": [
          {
            "start": 350.622802734375,
            "end": 390.6282043457031
          },
          {
            "start": 604.3724365234375,
            "end": 905.64501953125
          },
          {
            "start": 991.87353515625,
            "end": 1559.3758544921875
          }
        ],
        "line_count": 18
      },
      {
        "intercept": 944.0020705832637,
        "slope": 0.004120354027986323,
        "avg_width": 3.601648802223497,
        "coverage": 0.40966230592259345,
        "segments": [
          {
            "start": 580.5771484375,
            "end": 611.938232421875
          },
          {
            "start": 713.1145629882812,
            "end": 770.64990234375
          },
          {
            "start": 1025.620849609375,
            "end": 1061.87939453125
          },
          {
            "start": 1170.623291015625,
            "end": 1569.385009765625
          }
        ],
        "line_count": 11
      },
      {
        "intercept": 1050.254337717223,
        "slope": -0.003641770387595351,
        "avg_width": 3.519422881015899,
        "coverage": 0.5923277137941169,