key,book,page,col,src,verdict,y_gold,err_cur,lab_verdict,lab_cur,probed_now,send_now,esc_now,judge_changed,dis,agree,agree_margin,agree_best_other,dis_min,dis_straight,n_geo,n_total,kind,chosen_by,seam_ink,dev_max,seam_ink_max,dev_max_any,hu,hd,dev_h,h_min,h_max,ink_up,ink_dn,ink_min,kind_up,kind_dn,sub_up,sub_dn,raised_up,raised_dn,suspect_up,suspect_dn,origin,pos_rel,is_tail,n_cuts_col,period,col_h,width_rel
vol01:19:2:6,vol01,19,2,gold_legacy,ok,700.0,0.0,0,0,1,0,0,1,8,0.9991,0.02739999999999998,0.9717,8,8.0,2,2,straight,unet,0,0,0,14,1.0,0.9473684210526315,0.052631578947368474,0.9473684210526315,1.0,0.1538,0.1381,0.1381,char,char,0,0,0,0,0,0,touching,0.2857142857142857,0,1,114.0,2421.0,0.9885714285714285
vol01:142:7:8,vol01,142,7,gold_legacy,ok,984.0,2.011049723756855,0,0,1,0,0,0,20,0.9981,-0.0014000000000000679,0.9995,8,8.0,2,2,seam_narrow,rule,2,5,2,5,0.9661016949152542,1.0254237288135593,0.03389830508474578,0.9661016949152542,1.0254237288135593,0.1834,0.2304,0.1834,char,char,0,0,0,0,0,0,touching,0.38095238095238093,0,1,118.0,2471.0,1.011173184357542
vol01:6:4:19,vol01,6,4,gold_legacy,ok,2208.0,1.1160220994474912,0,0,1,0,0,0,0,1.0,,,0,,1,1,seam_narrow,rule,0,3,0,3,1.103448275862069,1.0258620689655173,0.10344827586206895,1.0258620689655173,1.103448275862069,0.1613,0.1715,0.1613,char,char,0,0,0,0,0,0,touching,0.9047619047619048,0,9,116.0,2450.0,1.0225988700564972
vol01:75:9:14,vol01,75,9,gold_legacy,ok,1580.0,0.0,0,0,1,0,0,1,19,0.9981,0.0033999999999999586,0.9947,19,19.0,3,3,straight,unet,0,0,5,35,0.9912280701754386,1.0087719298245614,0.00877192982456143,0.9912280701754386,1.0087719298245614,0.1786,0.2171,0.1786,char,char,0,0,0,0,0,0,touching,0.6666666666666666,0,2,114.0,2425.0,1.028735632183908
vol01:81:2:14,vol01,81,2,gold_legacy,moved,1653.0,1.0,1,0,1,0,0,0,46,0.996,0.012199999999999989,0.9838,46,46.0,3,3,straight,rule,0,0,6,31,0.9741379310344828,1.0,0.025862068965517238,0.9741379310344828,1.0,0.2044,0.2007,0.2007,char,char,0,0,0,0,0,0,touching,0.6666666666666666,0,7,116.0,2488.0,0.9883720930232558
vol01:54:9:6,vol01,54,9,gold_legacy,overlap,674.9976963673303,1.2444088958276325,1,1,1,0,0,0,0,1.0,0.017900000000000027,0.9821,0,143.0,2,2,seam_narrow,rule,0,11,0,11,0.9391304347826087,0.9652173913043478,0.060869565217391286,0.9391304347826087,0.9652173913043478,0.1609,0.2202,0.1609,char,char,0,0,0,0,0,0,touching,0.2857142857142857,0,2,115.0,2461.0,1.0674157303370786
vol01:144:6:3,vol01,144,6,gold_legacy,overlap,344.9985328998944,2.3869419604407653,1,1,1,0,0,0,0,1.0,0.010700000000000043,0.9893,0,69.0,2,2,seam_narrow,rule,0,10,0,10,0.9565217391304348,1.017391304347826,0.04347826086956519,0.9565217391304348,1.017391304347826,0.1924,0.1276,0.1276,char,char,0,0,0,0,0,0,touching,0.14285714285714285,0,1,115.0,2451.0,1.0056179775280898
vol01:34:3:11,vol01,34,3,gold_legacy,overlap,1286.0,0.13714285714286234,1,1,0,0,0,0,0,1.0,,,0,,1,1,seam_narrow,rule,0,2,0,2,0.9743589743589743,0.9487179487179487,0.05128205128205132,0.9487179487179487,0.9743589743589743,0.2233,0.1818,0.1818,char,char,0,0,0,0,0,0,touching,0.5238095238095238,0,1,117.0,2453.0,1.0057471264367817
vol01:12:5:5,vol01,12,5,gold_legacy,overlap,575.0,1.090909090909122,1,1,0,0,0,0,0,1.0,,,0,,1,1,seam_narrow,rule,0,6,0,6,1.0512820512820513,0.9829059829059829,0.05128205128205132,0.9829059829059829,1.0512820512820513,0.2358,0.2331,0.2331,char,char,0,0,0,0,0,0,touching,0.23809523809523808,0,1,117.0,2447.0,0.9943502824858758
vol01:22:9:3,vol01,22,9,gold_legacy,moved,367.0,0.369318181818187,1,0,1,0,0,0,0,1.0,,,0,,1,1,seam_narrow,rule,0,2,0,2,1.1016949152542372,0.864406779661017,0.13559322033898302,0.864406779661017,1.1016949152542372,0.2278,0.2153,0.2153,char,char,0,0,0,0,0,0,touching,0.14285714285714285,0,2,118.0,2482.0,1.0
vol01:29:9:6,vol01,29,9,gold_legacy,overlap,682.0,0.3125,1,1,1,0,0,0,0,1.0,0.013599999999999945,0.9864,0,120.0,2,2,seam_narrow,rule,0,10,0,10,0.9478260869565217,1.0434782608695652,0.05217391304347829,0.9478260869565217,1.0434782608695652,0.2089,0.232,0.2089,char,char,0,0,0,0,0,0,touching,0.2857142857142857,0,1,115.0,2445.0,1.0
vol01:42:5:5,vol01,42,5,gold_legacy,ok,613.0,0.0,0,0,1,0,0,0,8,0.9995,0.020300000000000096,0.9792,8,8.0,3,3,straight,rule,0,0,5,16,1.0521739130434782,0.9826086956521739,0.05217391304347818,0.9826086956521739,1.0521739130434782,0.1451,0.1779,0.1451,char,char,0,0,0,0,0,0,touching,0.23809523809523808,0,1,115.0,2464.0,0.9776536312849162
vol01:49:1:13,vol01,49,1,gold_legacy,ok,1535.0,0.0,0,0,0,0,0,0,4,0.9999,,,4,4.0,1,1,straight,rule,0,0,0,0,1.0689655172413792,0.9310344827586207,0.06896551724137934,0.9310344827586207,1.0689655172413792,0.2577,0.3059,0.2577,char,char,0,0,0,0,0,0,touching,0.6190476190476191,0,6,116.0,2478.0,1.04
vol01:70:7:10,vol01,70,7,gold_legacy,overlap,1146.0009072413138,0.9990927586861744,1,1,1,0,0,1,38,0.9962,0.010399999999999965,0.9858,38,38.0,2,2,straight,unet,0,0,2,17,1.008695652173913,0.9565217391304348,0.04347826086956519,0.9565217391304348,1.008695652173913,0.2177,0.1231,0.1231,char,char,0,0,0,0,0,0,touching,0.47619047619047616,0,3,115.0,2414.0,1.011173184357542
vol01:82:8:11,vol01,82,8,gold_legacy,ok,1321.0,1.523255813953483,0,0,1,1,1,0,127,0.9821,-0.0018000000000000238,0.9839,0,115.0,2,4,seam_narrow,rule,2,4,2,4,1.0,0.9576271186440678,0.0423728813559322,0.9576271186440678,1.0,0.207,0.1257,0.1257,char,char,0,0,0,0,0,0,touching,0.5238095238095238,0,1,118.0,2480.0,0.9828571428571429
vol01:52:2:9,vol01,52,2,gold_legacy,overlap,984.0,0.9725274725274176,1,1,0,0,0,0,0,1.0,,,0,,1,1,seam_narrow,rule,0,3,0,3,0.956140350877193,0.9912280701754386,0.04385964912280704,0.956140350877193,0.9912280701754386,0.1504,0.1515,0.1504,char,char,0,0,0,0,0,0,touching,0.42857142857142855,0,3,114.0,2408.0,1.0224719101123596
vol01:63:6:3,vol01,63,6,gold_legacy,overlap,363.0,0.06432748538009037,1,1,0,0,0,0,0,1.0,,,0,,1,1,seam_narrow,rule,0,2,0,2,1.0521739130434782,0.991304347826087,0.05217391304347818,0.991304347826087,1.0521739130434782,0.2116,0.2005,0.2005,char,char,0,0,0,0,0,0,touching,0.14285714285714285,0,1,115.0,2471.0,0.9827586206896551
vol01:153:9:18,vol01,153,9,gold_legacy,ok,2057.0,0.0,0,0,1,0,0,1,5,0.9993,0.017899999999999916,0.9814,5,5.0,2,2,straight,unet,0,0,1,11,1.0087719298245614,0.9473684210526315,0.052631578947368474,0.9473684210526315,1.0087719298245614,0.2442,0.2341,0.2341,char,char,0,0,0,0,0,0,touching,0.8571428571428571,0,2,114.0,2440.0,1.011764705882353
vol01:154:1:10,vol01,154,1,gold_legacy,overlap,1157.0,1.0893854748603644,1,1,0,0,0,0,0,1.0,,,0,,1,1,seam_narrow,rule,0,3,0,3,1.0707964601769913,0.9646017699115044,0.07079646017699126,0.9646017699115044,1.0707964601769913,0.2315,0.1692,0.1692,char,char,0,0,0,0,0,0,touching,0.47619047619047616,0,2,113.0,2442.0,1.028735632183908
vol01:69:6:5,vol01,69,6,gold_legacy,overlap,589.0,0.46242774566474054,1,1,0,0,0,0,0,1.0,,,0,,1,1,seam_narrow,rule,0,3,0,3,1.0176991150442478,1.0176991150442478,0.017699115044247815,1.0176991150442478,1.0176991150442478,0.1962,0.1409,0.1409,char,char,0,0,0,0,0,0,touching,0.23809523809523808,0,4,113.0,2432.0,0.9774011299435028
vol01:66:1:11,vol01,66,1,gold_legacy,moved,1304.0,1.0,1,0,1,0,0,0,12,0.9996,0.029400000000000093,0.9702,12,12.0,2,2,straight,rule,0,0,6,30,1.0341880341880343,0.9316239316239316,0.06837606837606836,0.9316239316239316,1.0341880341880343,0.2141,0.2238,0.2141,char,char,0,0,0,0,0,0,touching,0.5238095238095238,0,3,117.0,2486.0,1.0113636363636365
vol01:57:5:3,vol01,57,5,gold_legacy,seam_ok,359.0,0.23595505617976187,0,0,0,0,0,0,0,1.0,,,0,,1,1,seam_narrow,rule,0,1,0,1,1.043859649122807,1.0087719298245614,0.04385964912280693,1.0087719298245614,1.043859649122807,0.2033,0.1996,0.1996,char,char,0,0,0,0,0,0,touching,0.14285714285714285,0,2,114.0,2437.0,1.0171428571428571
vol01:64:6:4,vol01,64,6,gold_legacy,moved,480.0697191642725,0.30267370972705976,1,0,1,0,0,0,2,0.9999,0.0020999999999999908,0.9978,2,25.0,2,2,seam_narrow,rule,1,6,1,6,1.0344827586206897,1.0517241379310345,0.051724137931034475,1.0344827586206897,1.0517241379310345,0.2065,0.2255,0.2065,char,char,0,0,0,0,0,0,touching,0.19047619047619047,0,3,116.0,2481.0,0.9887640449438202
vol01:134:3:3,vol01,134,3,gold_legacy,moved,347.0,0.831460674157313,1,0,0,0,0,0,0,1.0,,,0,,1,1,seam_narrow,rule,0,4,0,4,1.0707964601769913,1.0176991150442478,0.07079646017699126,1.0176991150442478,1.0707964601769913,0.1979,0.2121,0.1979,char,char,0,0,0,0,0,0,touching,0.14285714285714285,0,2,113.0,2464.0,1.0
vol01:157:2:20,vol01,157,2,gold_legacy,moved,2328.0,1.0,1,0,1,1,0,0,86,0.9936,0.007300000000000084,0.9863,0,86.0,3,6,straight,rule,0,0,5,9,1.0472103004291846,1.150214592274678,0.15021459227467804,1.0472103004291846,1.150214592274678,0.2871,0.2208,0.2208,char,char,0,0,0,0,0,0,touching,0.9523809523809523,1,1,116.5,2461.0,1.0
vol01:79:2:18,vol01,79,2,gold_legacy,ok,2082.0,0.0,0,0,1,0,0,0,18,0.9983,0.01749999999999996,0.9808,18,18.0,3,3,straight,rule,0,0,4,15,0.9739130434782609,1.0434782608695652,0.04347826086956519,0.9739130434782609,1.0434782608695652,0.2249,0.1824,0.1824,char,char,0,0,0,0,0,0,touching,0.8571428571428571,0,6,115.0,2451.0,1.0406976744186047
vol01:82:7:7,vol01,82,7,gold_legacy,ok,840.0,0.0,0,0,1,0,0,0,15,0.9991,-0.00029999999999996696,0.9994,10,15.0,3,3,straight,rule,0,0,4,6,0.9491525423728814,1.0338983050847457,0.05084745762711862,0.9491525423728814,1.0338983050847457,0.2747,0.3588,0.2747,char,char,0,0,0,0,0,0,touching,0.3333333333333333,0,5,118.0,2476.0,1.0114285714285713
vol01:34:7:18,vol01,34,7,gold_legacy,overlap,2084.0,2.20114942528744,1,1,0,0,0,0,0,1.0,,,0,,1,1,seam_narrow,rule,0,5,0,5,1.0769230769230769,1.017094017094017,0.07692307692307687,1.017094017094017,1.0769230769230769,0.1913,0.2152,0.1913,char,char,0,0,0,0,0,0,touching,0.8571428571428571,0,1,117.0,2458.0,1.0
vol01:155:3:4,vol01,155,3,gold_legacy,ok,487.0,1.9649122807017534,0,0,1,0,0,0,36,0.9965,-0.0030000000000000027,0.9995,8,8.0,2,2,seam_narrow,rule,2,6,2,6,1.0526315789473684,0.9824561403508771,0.05263157894736836,0.9824561403508771,1.0526315789473684,0.248,0.2128,0.2128,char,char,0,0,0,0,0,0,touching,0.19047619047619047,0,1,114.0,2428.0,0.9771428571428571
vol01:142:9:6,vol01,142,9,gold_legacy,overlap,691.0,0.005405405405440433,1,1,0,0,0,0,0,1.0,,,0,,1,1,seam_narrow,rule,0,2,0,2,0.9661016949152542,0.9576271186440678,0.0423728813559322,0.9576271186440678,0.9661016949152542,0.1339,0.1561,0.1339,char,char,0,0,0,0,0,0,touching,0.2857142857142857,0,1,118.0,2478.0,1.0335195530726258
vol01:42:8:17,vol01,42,8,gold_legacy,overlap,2007.0,1.4294117647059466,1,1,0,0,0,0,0,1.0,,,0,,1,1,seam_narrow,rule,0,3,0,3,0.9391304347826087,0.9565217391304348,0.060869565217391286,0.9391304347826087,0.9565217391304348,0.1721,0.2046,0.1721,char,char,0,0,0,0,0,0,touching,0.8095238095238095,0,5,115.0,2459.0,0.9497206703910615
vol01:72:3:19,vol01,72,3,gold_legacy,overlap,2185.0,0.2954545454545041,1,1,1,0,0,0,2,0.9998,0.000500000000000056,0.9993,2,4.0,2,2,seam_narrow,rule,1,2,1,2,1.043103448275862,1.0172413793103448,0.0431034482758621,1.0172413793103448,1.043103448275862,0.2216,0.2078,0.2078,char,char,0,0,0,0,0,0,touching,0.9047619047619048,0,1,116.0,2441.0,0.9943502824858758
vol01:4:2:5,vol01,4,2,gold_legacy,ok,584.0,0.0,0,0,1,0,0,1,32,0.9964,0.0018999999999999018,0.9945,32,32.0,3,3,straight,unet,0,0,4,28,1.0956521739130434,0.9304347826086956,0.09565217391304337,0.9304347826086956,1.0956521739130434,0.1919,0.1523,0.1523,char,char,0,0,0,0,0,0,touching,0.23809523809523808,0,3,115.0,2444.0,1.0
vol01:23:6:9,vol01,23,6,gold_legacy,ok,1032.0,1.3465909090909918,0,0,0,0,0,0,0,1.0,,,0,,1,1,seam_narrow,rule,0,4,0,4,1.017391304347826,1.008695652173913,0.017391304347825987,1.008695652173913,1.017391304347826,0.2226,0.2297,0.2226,char,char,0,0,0,0,0,0,touching,0.42857142857142855,0,1,115.0,2425.0,1.0
vol01:144:7:9,vol01,144,7,gold_legacy,ok,1076.0,0.3684210526316747,0,0,0,0,0,0,0,1.0,,,0,,1,1,seam_narrow,rule,0,1,0,1,1.0,0.9826086956521739,0.017391304347826098,0.9826086956521739,1.0,0.1437,0.1829,0.1437,char,char,0,0,0,0,0,0,touching,0.42857142857142855,0,1,115.0,2459.0,0.9606741573033708
vol01:51:9:16,vol01,51,9,gold_legacy,seam_ok,1869.0,0.378531073446311,0,0,0,0,0,0,0,1.0,,,0,,1,1,seam_narrow,rule,0,1,0,1,0.9912280701754386,1.0263157894736843,0.026315789473684292,0.9912280701754386,1.0263157894736843,0.2315,0.1735,0.1735,char,char,0,0,0,0,0,0,touching,0.7619047619047619,0,3,114.0,2489.0,1.0114285714285713
vol01:75:3:5,vol01,75,3,gold_legacy,seam_ok,610.0,0.4855491329479946,0,0,0,0,0,0,1,0.9999,,,1,,1,1,seam_narrow,rule,0,4,0,4,1.0350877192982457,1.0175438596491229,0.03508771929824572,1.0175438596491229,1.0350877192982457,0.1822,0.2232,0.1822,char,char,0,0,0,0,0,0,touching,0.23809523809523808,0,1,114.0,2425.0,0.9942528735632183
vol01:24:2:19,vol01,24,2,gold_legacy,seam_ok,2195.0,0.33898305084767344,0,0,0,0,0,0,0,1.0,,,0,,1,1,seam_narrow,rule,0,2,0,2,0.9655172413793104,0.9827586206896551,0.03448275862068961,0.9655172413793104,0.9827586206896551,0.2597,0.234,0.234,char,char,0,0,0,0,0,0,touching,0.9047619047619048,0,1,116.0,2422.0,1.0
vol01:154:8:20,vol01,154,8,gold_legacy,overlap,2306.9991303866714,0.5912310591115784,1,1,1,0,0,0,0,1.0,0.015700000000000047,0.9843,0,146.0,2,2,seam_narrow,rule,0,14,0,14,0.9646017699115044,1.345132743362832,0.34513274336283195,0.9646017699115044,1.345132743362832,0.2358,0.2004,0.2004,char,char,0,0,0,0,0,0,touching,0.9523809523809523,1,3,113.0,2448.0,0.9540229885057471
vol01:80:5:5,vol01,80,5,gold_legacy,overlap,591.0,1.8908045977011625,1,1,1,0,0,0,0,1.0,,,0,,1,1,seam_narrow,rule,0,9,0,9,0.9482758620689655,1.1120689655172413,0.11206896551724133,0.9482758620689655,1.1120689655172413,0.2029,0.2573,0.2029,char,char,0,0,0,0,0,0,touching,0.23809523809523808,0,3,116.0,2471.0,0.9886363636363636
vol01:66:7:6,vol01,66,7,gold_legacy,ok,663.0,1.1123595505617914,0,0,1,0,0,0,2,0.9999,0.0007000000000000339,0.9992,2,8.0,2,2,seam_narrow,rule,2,2,2,2,0.9230769230769231,0.9743589743589743,0.07692307692307687,0.9230769230769231,0.9743589743589743,0.2192,0.2202,0.2192,char,char,0,0,0,0,0,0,touching,0.2857142857142857,0,6,117.0,2465.0,1.0113636363636365
vol01:57:5:18,vol01,57,5,gold_legacy,seam_ok,2077.0,0.3314606741573698,0,0,0,0,0,0,0,1.0,,,0,,1,1,seam_narrow,rule,0,1,0,1,0.9736842105263158,0.9912280701754386,0.02631578947368418,0.9736842105263158,0.9912280701754386,0.1776,0.1748,0.1748,char,char,0,0,0,0,0,0,touching,0.8571428571428571,0,2,114.0,2437.0,1.0171428571428571
vol01:6:7:12,vol01,6,7,gold_legacy,ok,1421.0,2.0621468926553916,0,0,1,1,1,0,541,0.9225,0.00539999999999996,0.9171,0,588.0,2,4,seam_narrow,rule,1,7,1,7,1.206896551724138,0.7931034482758621,0.2068965517241379,0.7931034482758621,1.206896551724138,0.2269,0.1863,0.1863,char,char,0,0,0,0,0,0,touching,0.5714285714285714,0,3,116.0,2457.0,1.0
vol01:136:6:18,vol01,136,6,gold_legacy,overlap,2076.0,0.5277777777778283,1,1,0,0,0,0,0,1.0,,,0,,1,1,seam_narrow,rule,0,2,0,2,1.0434782608695652,0.9826086956521739,0.04347826086956519,0.9826086956521739,1.0434782608695652,0.2566,0.2236,0.2236,char,char,0,0,0,0,0,0,touching,0.8571428571428571,0,2,115.0,2438.0,1.0112359550561798
vol01:153:9:8,vol01,153,9,gold_legacy,overlap,919.0,0.7558139534884276,1,1,0,0,0,0,0,1.0,,,0,,1,1,seam_narrow,rule,0,3,0,3,0.9912280701754386,1.0,0.00877192982456143,0.9912280701754386,1.0,0.2314,0.2131,0.2131,char,char,0,0,0,0,0,0,touching,0.38095238095238093,0,2,114.0,2440.0,1.011764705882353
vol01:22:9:4,vol01,22,9,gold_legacy,ok,468.0,2.948863636363626,0,0,1,1,1,0,183,0.9836,0.0047000000000000375,0.9789,0,225.0,2,4,seam_narrow,rule,2,5,2,5,0.864406779661017,1.0847457627118644,0.13559322033898302,0.864406779661017,1.0847457627118644,0.2153,0.2233,0.2153,char,char,0,0,0,0,0,0,touching,0.19047619047619047,0,2,118.0,2482.0,1.0
vol01:71:7:15,vol01,71,7,gold_legacy,ok,1729.0,0.7134831460673468,0,0,0,0,0,0,0,1.0,,,0,,1,1,seam_narrow,rule,0,2,0,2,1.0263157894736843,0.9649122807017544,0.03508771929824561,0.9649122807017544,1.0263157894736843,0.1725,0.2263,0.1725,char,char,0,0,0,0,0,0,touching,0.7142857142857143,0,3,114.0,2427.0,1.0113636363636365
vol01:142:4:16,vol01,142,4,gold_legacy,ok,1877.0,0.6592178770949886,0,0,0,0,0,0,0,1.0,,,0,,1,1,seam_narrow,rule,0,3,0,3,0.9915254237288136,0.9576271186440678,0.0423728813559322,0.9576271186440678,0.9915254237288136,0.1338,0.1957,0.1338,char,char,0,0,0,0,0,0,touching,0.7619047619047619,0,2,118.0,2478.0,1.0
vol01:45:5:8,vol01,45,5,gold_legacy,seam_ok,926.0,0.258426966292177,0,0,1,0,0,0,2,1.0,0.0011999999999999789,0.9988,2,13.0,2,2,seam_narrow,rule,2,3,2,3,0.956140350877193,0.9473684210526315,0.052631578947368474,0.9473684210526315,0.956140350877193,0.1943,0.1863,0.1863,char,char,0,0,0,0,0,0,touching,0.38095238095238093,0,6,114.0,2436.0,1.0056497175141244
vol01:156:2:14,vol01,156,2,gold_legacy,ok,1593.0,5.0287356321839525,0,1,0,0,0,0,58,0.9942,,,58,,1,1,seam_narrow,rule,0,9,0,9,1.0,1.0,0.0,1.0,1.0,0.2044,0.226,0.2044,char,char,0,0,0,0,0,0,touching,0.6666666666666666,0,2,115.0,2412.0,0.9942857142857143
vol01:67:3:6,vol01,67,3,gold_legacy,overlap,701.0,0.6839080459769775,1,1,0,0,0,0,0,1.0,,,0,,1,1,seam_narrow,rule,0,3,0,3,1.0353982300884956,0.9292035398230089,0.07079646017699115,0.9292035398230089,1.0353982300884956,0.1971,0.2295,0.1971,char,char,0,0,0,0,0,0,touching,0.2857142857142857,0,4,113.0,2413.0,1.0
vol01:52:7:2,vol01,52,7,gold_legacy,overlap,221.0,0.6516853932584183,1,1,1,0,0,0,0,1.0,,,0,,1,1,seam_narrow,rule,0,6,0,6,1.0263157894736843,1.1140350877192982,0.11403508771929816,1.0263157894736843,1.1140350877192982,0.1932,0.2578,0.1932,char,char,0,0,0,0,0,0,touching,0.09523809523809523,0,4,114.0,2403.0,1.0
vol01:75:7:18,vol01,75,7,gold_legacy,seam_ok,2059.0,0.36000000000012733,0,0,0,0,0,0,0,1.0,,,0,,1,1,seam_narrow,rule,0,7,0,7,1.043859649122807,1.0701754385964912,0.07017543859649122,1.043859649122807,1.0701754385964912,0.1632,0.1987,0.1632,char,char,0,0,0,0,0,0,touching,0.8571428571428571,0,4,114.0,2436.0,1.0057471264367817
vol01:64:3:13,vol01,64,3,gold_legacy,overlap,1525.9993261860466,1.4613479712568278,1,1,0,0,0,0,0,1.0,,,0,,1,1,seam_narrow,rule,0,7,0,7,1.0,1.0344827586206897,0.034482758620689724,1.0,1.0344827586206897,0.1536,0.2328,0.1536,char,char,0,0,0,0,0,0,touching,0.6190476190476191,0,1,116.0,2467.0,1.0
vol01:48:9:17,vol01,48,9,gold_legacy,ok,2091.0,0.0,0,0,0,0,0,0,5,0.9998,,,5,5.0,1,1,straight,rule,0,0,0,0,0.9396551724137931,1.0172413793103448,0.06034482758620685,0.9396551724137931,1.0172413793103448,0.2181,0.2559,0.2181,char,char,0,0,0,0,0,0,touching,0.8571428571428571,0,3,116.0,2597.0,1.0279329608938548
vol01:6:4:10,vol01,6,4,gold_legacy,ok,1162.0,1.1657458563536238,0,0,0,0,0,0,75,0.9898,,,75,,1,2,seam_narrow,rule,0,3,0,3,1.0172413793103448,1.0,0.01724137931034475,1.0,1.0172413793103448,0.1771,0.1923,0.1771,char,char,0,0,0,0,0,0,touching,0.47619047619047616,0,9,116.0,2450.0,1.0225988700564972
vol01:9:9:19,vol01,9,9,gold_legacy,ok,2173.0,0.9378531073448357,0,0,1,0,0,0,2,0.9999,0.0,0.9999,2,2.0,2,2,seam_narrow,rule,1,2,1,2,1.0530973451327434,1.0265486725663717,0.053097345132743445,1.0265486725663717,1.0530973451327434,0.2085,0.2207,0.2085,char,char,0,0,0,0,0,0,touching,0.9047619047619048,0,3,113.0,2417.0,1.0056818181818181
vol01:51:2:13,vol01,51,2,gold_legacy,seam_ok,1684.0,1.1812865497076928,0,0,0,0,0,0,0,1.0,,,0,,1,1,seam_narrow,rule,0,2,0,2,1.0,0.9649122807017544,0.03508771929824561,0.9649122807017544,1.0,0.1532,0.1961,0.1532,char,char,0,0,0,0,0,0,touching,0.6666666666666666,0,3,114.0,2620.0,0.9771428571428571
vol01:49:7:7,vol01,49,7,gold_legacy,ok,834.0,0.718390804597675,0,0,0,0,0,0,0,1.0,,,0,,1,1,seam_narrow,rule,0,2,0,2,1.0258620689655173,0.9655172413793104,0.03448275862068961,0.9655172413793104,1.0258620689655173,0.2742,0.157,0.157,char,char,0,0,0,0,0,0,touching,0.3333333333333333,0,3,116.0,2482.0,0.9942857142857143
vol01:66:8:3,vol01,66,8,gold_legacy,overlap,402.0,0.7109826589595514,1,1,1,0,0,0,0,1.0,,,0,,1,1,seam_narrow,rule,0,2,0,2,1.2136752136752136,1.0341880341880343,0.21367521367521358,1.0341880341880343,1.2136752136752136,0.1965,0.2136,0.1965,char,char,0,0,0,0,0,0,touching,0.14285714285714285,0,1,117.0,2461.0,0.9829545454545454
vol01:144:3:9,vol01,144,3,gold_legacy,ok,1081.0,2.615384615384528,0,0,1,0,0,0,3,0.9998,0.0016000000000000458,0.9982,3,20.0,2,2,seam_narrow,rule,2,6,2,6,1.0434782608695652,1.0,0.04347826086956519,1.0,1.0434782608695652,0.2212,0.2096,0.2096,char,char,0,0,0,0,0,0,touching,0.42857142857142855,0,3,115.0,2453.0,1.0224719101123596
vol01:149:1:6,vol01,149,1,gold_legacy,overlap,723.0,0.7243243243243569,1,1,0,0,0,0,0,1.0,,,0,,1,1,seam_narrow,rule,0,2,0,2,1.0701754385964912,0.956140350877193,0.07017543859649122,0.956140350877193,1.0701754385964912,0.184,0.1802,0.1802,char,char,0,0,0,0,0,0,touching,0.2857142857142857,0,4,114.0,2445.0,1.0335195530726258
vol01:10:1:9,vol01,10,1,gold_legacy,ok,1040.0,2.5371428571429533,0,0,1,0,0,0,21,0.9984,-0.0016000000000000458,1.0,1,1.0,2,2,seam_narrow,rule,3,8,3,8,0.9646017699115044,1.0530973451327434,0.053097345132743445,0.9646017699115044,1.0530973451327434,0.2857,0.2924,0.2857,char,char,0,0,0,0,0,0,touching,0.42857142857142855,0,3,113.0,2446.0,1.0
vol01:76:5:13,vol01,76,5,gold_legacy,overlap,1499.0,0.40000000000009095,1,1,0,0,0,0,0,1.0,,,0,,1,1,seam_narrow,rule,0,2,0,2,1.0695652173913044,0.9217391304347826,0.07826086956521738,0.9217391304347826,1.0695652173913044,0.1552,0.1839,0.1552,char,char,0,0,0,0,0,0,touching,0.6190476190476191,0,4,115.0,2431.0,1.0
vol01:13:6:11,vol01,13,6,gold_legacy,overlap,1322.0,0.37125748502990064,1,1,0,0,0,0,0,1.0,,,0,,1,1,seam_narrow,rule,0,2,0,2,1.0854700854700854,1.0,0.08547008547008539,1.0,1.0854700854700854,0.1851,0.1968,0.1851,char,char,0,0,0,0,0,0,touching,0.5238095238095238,0,1,117.0,2468.0,0.9542857142857143
vol01:37:7:15,vol01,37,7,gold_legacy,moved,1722.0,1.5314285714284779,1,0,1,0,0,0,0,1.0,0.010600000000000054,0.9894,0,84.0,2,2,seam_narrow,rule,0,10,0,10,1.2035398230088497,0.9203539823008849,0.20353982300884965,0.9203539823008849,1.2035398230088497,0.2002,0.1768,0.1768,char,char,0,0,0,0,0,0,touching,0.7142857142857143,0,1,113.0,2430.0,1.0
vol01:54:7:10,vol01,54,7,gold_legacy,ok,1165.0,0.2430939226519513,0,0,0,0,0,0,0,1.0,,,0,,1,1,seam_narrow,rule,0,3,0,3,1.008695652173913,1.0347826086956522,0.034782608695652195,1.008695652173913,1.0347826086956522,0.1864,0.1795,0.1795,char,char,0,0,0,0,0,0,touching,0.47619047619047616,0,1,115.0,2473.0,1.0168539325842696
vol01:85:5:13,vol01,85,5,gold_legacy,ok,1525.0,0.26857142857147664,0,0,0,0,0,0,0,1.0,,,0,,1,1,seam_narrow,rule,0,4,0,4,1.0086206896551724,0.9310344827586207,0.06896551724137934,0.9310344827586207,1.0086206896551724,0.2331,0.243,0.2331,char,char,0,0,0,0,0,0,touching,0.6190476190476191,0,6,116.0,2441.0,1.0057471264367817
vol01:5:3:4,vol01,5,3,gold_legacy,seam_ok,483.0398964978011,0.25490119006013856,0,0,0,0,0,0,0,1.0,,,0,,1,1,seam_narrow,rule,0,5,0,5,1.0689655172413792,1.0172413793103448,0.06896551724137923,1.0172413793103448,1.0689655172413792,0.2411,0.2049,0.2049,char,char,0,0,0,0,0,0,touching,0.19047619047619047,0,2,116.0,2450.0,1.0
vol01:42:2:12,vol01,42,2,gold_legacy,ok,1394.0,0.2905027932961275,0,0,0,0,0,0,0,1.0,,,0,,1,1,seam_narrow,rule,0,2,0,2,1.0,0.9739130434782609,0.02608695652173909,0.9739130434782609,1.0,0.2019,0.1721,0.1721,char,char,0,0,0,0,0,0,touching,0.5714285714285714,0,2,115.0,2468.0,1.0
vol01:78:5:11,vol01,78,5,gold_legacy,overlap,1298.0,1.3470588235293235,1,1,1,0,0,0,34,0.9952,-0.0016000000000000458,0.9968,23,23.0,2,2,seam_narrow,rule,1,3,1,3,1.0619469026548674,0.8584070796460177,0.1415929203539823,0.8584070796460177,1.0619469026548674,0.229,0.1458,0.1458,char,char,0,0,0,0,0,0,touching,0.5238095238095238,0,7,113.0,2414.0,0.9550561797752809
vol01:11:3:13,vol01,11,3,gold_legacy,ok,1483.0,0.47727272727274794,0,0,0,0,0,0,0,1.0,,,0,,1,1,seam_narrow,rule,0,1,0,1,1.0442477876106195,0.9911504424778761,0.04424778761061954,0.9911504424778761,1.0442477876106195,0.2201,0.23,0.2201,char,char,0,0,0,0,0,0,touching,0.6190476190476191,0,2,113.0,2378.0,1.0
vol01:69:4:14,vol01,69,4,gold_legacy,overlap,1599.0,0.07954545454549589,1,1,0,0,0,0,0,1.0,,,0,,1,1,seam_narrow,rule,0,2,0,2,0.9911504424778761,0.9911504424778761,0.008849557522123908,0.9911504424778761,0.9911504424778761,0.1812,0.1786,0.1786,char,char,0,0,0,0,0,0,touching,0.6666666666666666,0,4,113.0,2434.0,0.9943502824858758
vol01:9:3:19,vol01,9,3,gold_legacy,overlap,2169.0,3.290697674418425,1,1,1,0,0,0,0,1.0,0.015499999999999958,0.9845,0,143.0,2,2,seam_narrow,rule,0,14,0,14,1.008849557522124,1.079646017699115,0.07964601769911495,1.008849557522124,1.079646017699115,0.1613,0.2853,0.1613,char,char,0,0,0,0,0,0,touching,0.9047619047619048,0,2,113.0,2417.0,0.9772727272727273
vol01:82:7:10,vol01,82,7,gold_legacy,ok,1194.0,0.0,0,0,1,0,0,0,44,0.9963,-0.0033000000000000806,0.9996,8,44.0,3,3,straight,rule,0,0,6,29,1.0,1.0508474576271187,0.05084745762711873,1.0,1.0508474576271187,0.2246,0.2466,0.2246,char,char,0,0,0,0,0,0,touching,0.47619047619047616,0,5,118.0,2476.0,1.0114285714285713
vol01:33:4:15,vol01,33,4,gold_legacy,overlap,1722.0504551095287,0.007348358679337252,1,1,0,0,0,0,0,1.0,,,0,,1,1,seam_narrow,rule,0,4,0,4,0.9827586206896551,0.9224137931034483,0.07758620689655171,0.9224137931034483,0.9827586206896551,0.2503,0.2135,0.2135,char,char,0,0,0,0,0,0,touching,0.7142857142857143,0,1,116.0,2417.0,0.9885714285714285
vol01:24:4:18,vol01,24,4,gold_legacy,seam_ok,2070.0,0.039106145251480484,0,0,0,0,0,0,0,1.0,,,0,,1,1,seam_narrow,rule,0,3,0,3,1.0,1.0258620689655173,0.02586206896551735,1.0,1.0258620689655173,0.1977,0.2349,0.1977,char,char,0,0,0,0,0,0,touching,0.8571428571428571,0,1,116.0,2436.0,1.0112994350282485
vol01:66:3:5,vol01,66,3,gold_legacy,ok,608.0,0.44318181818186986,0,0,0,0,0,0,0,1.0,,,0,,1,1,seam_narrow,rule,0,2,0,2,1.0341880341880343,0.9914529914529915,0.03418803418803429,0.9914529914529915,1.0341880341880343,0.2618,0.2318,0.2318,char,char,0,0,0,0,0,0,touching,0.23809523809523808,0,2,117.0,2486.0,1.0
vol01:21:2:12,vol01,21,2,gold_legacy,overlap,1375.0,0.8707865168539684,1,1,0,0,0,0,0,1.0,,,0,,1,1,seam_narrow,rule,0,2,0,2,1.0,0.9826086956521739,0.017391304347826098,0.9826086956521739,1.0,0.2077,0.2104,0.2077,char,char,0,0,0,0,0,0,touching,0.5714285714285714,0,2,115.0,2417.0,1.0056497175141244
vol01:154:4:14,vol01,154,4,gold_legacy,overlap,1616.0000759954921,0.9596941194504325,1,1,0,0,0,0,11,0.9994,,,11,,1,1,seam_narrow,rule,0,6,0,6,1.0176991150442478,1.0265486725663717,0.026548672566371723,1.0176991150442478,1.0265486725663717,0.2511,0.2195,0.2195,char,char,0,0,0,0,0,0,touching,0.6666666666666666,0,2,113.0,2450.0,1.0
vol01:10:6:5,vol01,10,6,gold_legacy,overlap,590.0002941634638,0.7336274967971121,1,1,0,0,0,0,0,1.0,,,0,,1,1,seam_narrow,rule,0,2,0,2,1.0353982300884956,1.0,0.03539823008849563,1.0,1.0353982300884956,0.2489,0.3316,0.2489,char,char,0,0,0,0,0,0,touching,0.23809523809523808,0,6,113.0,2433.0,1.0285714285714285
vol01:52:2:6,vol01,52,2,gold_legacy,overlap,647.0,0.8681318681318544,1,1,0,0,0,0,0,1.0,,,0,,1,1,seam_narrow,rule,0,2,0,2,1.0614035087719298,0.9649122807017544,0.06140350877192979,0.9649122807017544,1.0614035087719298,0.1442,0.1745,0.1442,char,char,0,0,0,0,0,0,touching,0.2857142857142857,0,3,114.0,2408.0,1.0224719101123596
vol01:42:8:13,vol01,42,8,gold_legacy,overlap,1561.0,0.07647058823522457,1,1,0,0,0,0,0,1.0,,,0,,1,1,seam_narrow,rule,0,7,0,7,1.0,1.008695652173913,0.008695652173912993,1.0,1.008695652173913,0.1506,0.1474,0.1474,char,char,0,0,0,0,0,0,touching,0.6190476190476191,0,5,115.0,2459.0,0.9497206703910615
vol01:64:4:20,vol01,64,4,gold_legacy,ok,2350.0,0.0,0,0,1,0,0,0,50,0.9957,-0.0005999999999999339,0.9963,46,50.0,3,3,straight,rule,0,0,4,3,1.0775862068965518,1.0344827586206897,0.07758620689655182,1.0344827586206897,1.0775862068965518,0.1744,0.1316,0.1316,char,char,0,0,0,0,0,0,touching,0.9523809523809523,1,1,116.0,2470.0,1.0224719101123596
vol01:72:2:7,vol01,72,2,gold_legacy,overlap,825.0,2.251396648044647,1,1,0,0,0,0,0,1.0,,,0,,1,1,seam_narrow,rule,0,8,0,8,1.0689655172413792,0.9482758620689655,0.06896551724137923,0.9482758620689655,1.0689655172413792,0.205,0.2165,0.205,char,char,0,0,0,0,0,0,touching,0.3333333333333333,0,3,116.0,2443.0,1.0112994350282485
vol01:76:1:13,vol01,76,1,gold_legacy,ok,1495.0,0.0,0,0,1,0,0,0,19,0.9984,0.0252,0.9732,19,19.0,3,3,straight,rule,0,0,6,17,0.9565217391304348,0.9565217391304348,0.04347826086956519,0.9565217391304348,0.9565217391304348,0.1654,0.2568,0.1654,char,char,0,0,0,0,0,0,touching,0.6190476190476191,0,4,115.0,2434.0,1.0342857142857143
vol01:51:3:9,vol01,51,3,gold_legacy,seam_ok,1029.0,0.2705882352940989,0,0,1,0,0,0,0,1.0,0.0004999999999999449,0.9995,0,3.0,2,2,seam_narrow,rule,1,2,1,2,0.9912280701754386,1.0087719298245614,0.00877192982456143,0.9912280701754386,1.0087719298245614,0.2479,0.2802,0.2479,char,char,0,0,0,0,0,0,touching,0.42857142857142855,0,2,114.0,2473.0,0.9714285714285714
vol01:6:1:19,vol01,6,1,gold_legacy,ok,2201.0,0.08571428571440265,0,0,0,0,0,0,0,1.0,,,0,,1,1,seam_narrow,rule,0,3,0,3,0.9827586206896551,1.0344827586206897,0.034482758620689724,0.9827586206896551,1.0344827586206897,0.1988,0.194,0.194,char,char,0,0,0,0,0,0,touching,0.9047619047619048,0,6,116.0,2455.0,0.9887005649717514
vol01:34:2:10,vol01,34,2,gold_legacy,ok,1164.0,0.505747126436745,0,0,0,0,0,0,0,1.0,,,0,,1,1,seam_narrow,rule,0,2,0,2,1.0085470085470085,0.9487179487179487,0.05128205128205132,0.9487179487179487,1.0085470085470085,0.1788,0.1829,0.1788,char,char,0,0,0,0,0,0,touching,0.47619047619047616,0,1,117.0,2440.0,1.0
vol01:63:1:1,vol01,63,1,gold_legacy,ok,133.0,0.0,0,0,1,0,0,1,5,0.9997,0.006199999999999983,0.9935,5,5.0,2,2,straight,unet,0,0,3,10,1.0869565217391304,0.9739130434782609,0.08695652173913038,0.9739130434782609,1.0869565217391304,0.279,0.2119,0.2119,char,char,0,0,0,0,0,0,touching,0.047619047619047616,0,1,115.0,2471.0,1.0574712643678161
vol01:85:1:17,vol01,85,1,gold_legacy,ok,1982.0,3.2681564245810932,0,0,1,0,0,0,20,0.9977,-0.0013999999999999568,0.9991,9,9.0,2,2,seam_narrow,rule,3,6,3,6,1.0258620689655173,0.9568965517241379,0.0431034482758621,0.9568965517241379,1.0258620689655173,0.1865,0.1864,0.1864,char,char,0,0,0,0,0,0,touching,0.8095238095238095,0,1,116.0,2445.0,1.028735632183908
vol01:19:1:17,vol01,19,1,gold_legacy,ok,1973.0,0.1445783132530778,0,0,1,0,0,0,0,1.0,,,0,,1,1,seam_narrow,rule,0,5,0,5,1.1929824561403508,0.9210526315789473,0.1929824561403508,0.9210526315789473,1.1929824561403508,0.2125,0.1838,0.1838,char,char,0,0,0,0,0,0,touching,0.8095238095238095,0,2,114.0,2429.0,0.9485714285714286
vol01:51:4:19,vol01,51,4,gold_legacy,seam_ok,2194.0,0.04142011834301229,0,0,0,0,0,0,0,1.0,,,0,,1,1,seam_narrow,rule,0,2,0,2,1.0789473684210527,0.9473684210526315,0.07894736842105265,0.9473684210526315,1.0789473684210527,0.2529,0.1446,0.1446,char,char,0,0,0,0,0,0,touching,0.9047619047619048,0,2,114.0,2480.0,0.9657142857142857
vol01:75:6:14,vol01,75,6,gold_legacy,seam_ok,1594.0,0.11176470588225129,0,0,1,0,0,0,0,1.0,0.01319999999999999,0.9868,0,109.0,2,2,seam_narrow,rule,0,10,0,10,1.105263157894737,0.956140350877193,0.10526315789473695,0.956140350877193,1.105263157894737,0.209,0.2051,0.2051,char,char,0,0,0,0,0,0,touching,0.6666666666666666,0,3,114.0,2437.0,0.9770114942528736
vol01:144:4:7,vol01,144,4,gold_legacy,ok,810.0,0.0,0,0,1,0,0,0,23,0.9976,0.01880000000000004,0.9788,23,23.0,3,3,straight,rule,0,0,4,15,1.017391304347826,0.9826086956521739,0.017391304347826098,0.9826086956521739,1.017391304347826,0.1694,0.2227,0.1694,char,char,0,0,0,0,0,0,touching,0.3333333333333333,0,1,115.0,2452.0,1.0112359550561798
vol01:72:1:6,vol01,72,1,gold_legacy,ok,696.0,0.8208092485549514,0,0,1,0,0,0,27,0.9984,0.0013999999999999568,0.997,27,27.0,2,2,seam_narrow,rule,2,12,2,12,1.0258620689655173,0.9482758620689655,0.051724137931034475,0.9482758620689655,1.0258620689655173,0.2053,0.1906,0.1906,char,char,0,0,0,0,0,0,touching,0.2857142857142857,0,4,116.0,2438.0,0.9774011299435028
vol01:4:1:7,vol01,4,1,gold_legacy,ok,817.0,3.6153846153846416,0,0,1,0,0,0,34,0.9967,-0.0032999999999999696,1.0,1,1.0,2,2,seam_narrow,rule,2,7,2,7,1.0260869565217392,0.9478260869565217,0.05217391304347829,0.9478260869565217,1.0260869565217392,0.1856,0.2191,0.1856,char,char,0,0,0,0,0,0,touching,0.3333333333333333,0,3,115.0,2447.0,1.0167597765363128
vol01:48:9:15,vol01,48,9,gold_legacy,seam_ok,1874.0081825715758,1.149486919401852,0,0,1,0,0,0,0,1.0,0.015900000000000025,0.9841,0,143.0,2,2,seam_narrow,rule,0,12,0,12,1.043103448275862,0.8620689655172413,0.13793103448275867,0.8620689655172413,1.043103448275862,0.1946,0.2427,0.1946,char,char,0,0,0,0,0,0,touching,0.7619047619047619,0,3,116.0,2597.0,1.0279329608938548
vol01:66:1:15,vol01,66,1,gold_legacy,overlap,1765.0,1.415730337078685,1,1,0,0,0,0,0,1.0,,,0,,1,1,seam_narrow,rule,0,2,0,2,1.0683760683760684,0.9829059829059829,0.06837606837606836,0.9829059829059829,1.0683760683760684,0.2612,0.235,0.235,char,char,0,0,0,0,0,0,touching,0.7142857142857143,0,3,117.0,2486.0,1.0113636363636365
vol01:80:4:17,vol01,80,4,gold_legacy,overlap,1979.0,0.6944444444443434,1,1,0,0,0,0,0,1.0,,,0,,1,1,seam_narrow,rule,0,2,0,2,1.0,0.9310344827586207,0.06896551724137934,0.9310344827586207,1.0,0.2292,0.1679,0.1679,char,char,0,0,0,0,0,0,touching,0.8095238095238095,0,8,116.0,2455.0,1.0227272727272727
vol01:45:6:7,vol01,45,6,gold_legacy,seam_ok,812.0,0.10227272727274794,0,0,0,0,0,0,0,1.0,,,0,,1,1,seam_narrow,rule,0,1,0,1,1.0087719298245614,0.9649122807017544,0.03508771929824561,0.9649122807017544,1.0087719298245614,0.1917,0.1618,0.1618,char,char,0,0,0,0,0,0,touching,0.3333333333333333,0,2,114.0,2428.0,0.9943502824858758
vol01:67:1:5,vol01,67,1,gold_legacy,overlap,580.0,0.18128654970757907,1,1,0,0,0,0,0,1.0,,,0,,1,1,seam_narrow,rule,0,2,0,2,1.008849557522124,0.9646017699115044,0.03539823008849563,0.9646017699115044,1.008849557522124,0.2446,0.277,0.2446,char,char,0,0,0,0,0,0,touching,0.23809523809523808,0,6,113.0,2415.0,0.9827586206896551
vol01:141:8:16,vol01,141,8,gold_legacy,ok,1864.0,0.08108108108103806,0,0,0,0,0,0,0,1.0,,,0,,1,1,seam_narrow,rule,0,2,0,2,0.9568965517241379,0.9741379310344828,0.0431034482758621,0.9568965517241379,0.9741379310344828,0.1422,0.1591,0.1422,char,char,0,0,0,0,0,0,touching,0.7619047619047619,0,2,116.0,2484.0,1.069364161849711
vol01:64:5:11,vol01,64,5,gold_legacy,ok,1299.0,0.0,0,0,1,0,0,0,6,0.9999,0.0032999999999999696,0.9966,6,6.0,3,3,straight,rule,0,0,4,11,1.0344827586206897,1.0086206896551724,0.034482758620689724,1.0086206896551724,1.0344827586206897,0.216,0.2765,0.216,char,char,0,0,0,0,0,0,touching,0.5238095238095238,0,2,116.0,2483.0,0.9831460674157303
vol01:42:1:9,vol01,42,1,gold_legacy,moved,1053.0,0.5888888888889596,1,0,0,0,0,0,0,1.0,,,0,,1,1,seam_narrow,rule,0,4,0,4,0.991304347826087,1.0347826086956522,0.034782608695652195,0.991304347826087,1.0347826086956522,0.1625,0.1929,0.1625,char,char,0,0,0,0,0,0,touching,0.42857142857142855,0,3,115.0,2460.0,1.005586592178771
vol01:79:3:5,vol01,79,3,gold_legacy,ok,593.0,0.8705882352941217,0,0,0,0,0,0,0,1.0,,,0,,1,1,seam_narrow,rule,0,4,0,4,1.0347826086956522,0.991304347826087,0.034782608695652195,0.991304347826087,1.0347826086956522,0.28,0.245,0.245,char,char,0,0,0,0,0,0,touching,0.23809523809523808,0,4,115.0,2450.0,0.9883720930232558
vol01:21:8:15,vol01,21,8,gold_legacy,ok,1730.0,0.5172413793102351,0,0,1,1,1,0,124,0.987,-0.000500000000000056,0.9875,0,120.0,2,3,seam_narrow,rule,2,4,2,4,0.9652173913043478,1.0956521739130434,0.09565217391304337,0.9652173913043478,1.0956521739130434,0.1827,0.2539,0.1827,char,char,0,0,0,0,0,0,touching,0.7142857142857143,0,2,115.0,2447.0,0.9830508474576272
vol01:85:3:4,vol01,85,3,gold_legacy,overlap,481.0,1.8895348837209553,1,1,0,0,0,0,0,1.0,,,0,,1,1,seam_narrow,rule,0,8,0,8,1.043103448275862,1.043103448275862,0.0431034482758621,1.043103448275862,1.043103448275862,0.1717,0.2299,0.1717,char,char,0,0,0,0,0,0,touching,0.19047619047619047,0,4,116.0,2463.0,0.9885057471264368
vol01:156:9:18,vol01,156,9,gold_legacy,overlap,2045.0,0.983516483516496,1,1,1,0,0,0,0,1.0,0.023399999999999976,0.9766,0,234.0,2,2,seam_narrow,rule,0,15,0,15,0.8956521739130435,1.2695652173913043,0.26956521739130435,0.8956521739130435,1.2695652173913043,0.2155,0.2236,0.2155,char,char,0,0,0,0,0,0,touching,0.8571428571428571,0,1,115.0,2418.0,1.04
vol01:6:2:5,vol01,6,2,gold_legacy,overlap,599.0,0.9712643678160475,1,1,0,0,0,0,0,1.0,,,0,,1,1,seam_narrow,rule,0,6,0,6,1.0948275862068966,0.9827586206896551,0.09482758620689657,0.9827586206896551,1.0948275862068966,0.1998,0.1863,0.1863,char,char,0,0,0,0,0,0,touching,0.23809523809523808,0,7,116.0,2457.0,0.9830508474576272
vol01:154:7:11,vol01,154,7,gold_legacy,overlap,1266.0001866946739,1.1147558340617252,1,1,0,0,0,0,0,1.0,,,0,,1,1,seam_narrow,rule,0,7,0,7,1.0442477876106195,1.0,0.04424778761061954,1.0,1.0442477876106195,0.2154,0.2293,0.2154,char,char,0,0,0,0,0,0,touching,0.5238095238095238,0,3,113.0,2454.0,1.0
vol01:42:8:6,vol01,42,8,gold_legacy,overlap,745.0,0.8176470588235816,1,1,0,0,0,0,0,1.0,,,0,,1,1,seam_narrow,rule,0,7,0,7,0.9043478260869565,1.0782608695652174,0.09565217391304348,0.9043478260869565,1.0782608695652174,0.164,0.1726,0.164,char,char,0,0,0,0,0,0,touching,0.2857142857142857,0,5,115.0,2459.0,0.9497206703910615
vol01:9:7:15,vol01,9,7,gold_legacy,ok,1713.0,0.6449704142012251,0,0,0,0,0,0,0,1.0,,,0,,1,1,seam_narrow,rule,0,3,0,3,1.0530973451327434,1.0530973451327434,0.053097345132743445,1.0530973451327434,1.0530973451327434,0.2628,0.2635,0.2628,char,char,0,0,0,0,0,0,touching,0.7142857142857143,0,4,113.0,2420.0,0.9602272727272727
vol01:36:3:17,vol01,36,3,gold_legacy,overlap,1982.0,1.107344632768445,1,1,0,0,0,0,0,1.0,,,0,,1,1,seam_narrow,rule,0,3,0,3,1.0423728813559323,0.9491525423728814,0.05084745762711862,0.9491525423728814,1.0423728813559323,0.1821,0.1527,0.1527,char,char,0,0,0,0,0,0,touching,0.8095238095238095,0,1,118.0,2426.0,1.0172413793103448
vol01:49:2:12,vol01,49,2,gold_legacy,overlap,1406.9998072033698,0.21610188753925286,1,1,1,0,0,0,0,1.0,0.01759999999999995,0.9824,0,136.0,2,2,seam_narrow,rule,0,10,0,10,0.9224137931034483,1.0948275862068966,0.09482758620689657,0.9224137931034483,1.0948275862068966,0.1923,0.1851,0.1851,char,char,0,0,0,0,0,0,touching,0.5714285714285714,0,1,116.0,2482.0,1.0057142857142858
vol01:70:7:15,vol01,70,7,gold_legacy,ok,1708.0,4.1325966850829445,0,0,1,0,0,0,57,0.9944,-0.0038000000000000256,0.9982,22,22.0,2,2,seam_narrow,rule,1,7,1,7,0.9739130434782609,0.9739130434782609,0.02608695652173909,0.9739130434782609,0.9739130434782609,0.1613,0.243,0.1613,char,char,0,0,0,0,0,0,touching,0.7142857142857143,0,3,115.0,2414.0,1.011173184357542
vol01:53:5:2,vol01,53,5,gold_legacy,overlap,255.0,0.7877094972066914,1,1,1,0,0,0,0,1.0,,,0,,1,1,seam_narrow,rule,0,4,0,4,1.131578947368421,0.9736842105263158,0.13157894736842102,0.9736842105263158,1.131578947368421,0.154,0.1492,0.1492,char,char,0,0,0,0,0,0,touching,0.09523809523809523,0,1,114.0,2454.0,1.0170454545454546
vol01:45:3:15,vol01,45,3,gold_legacy,seam_ok,1708.0,5.0,0,0,1,0,0,1,11,0.9993,0.006699999999999928,0.9926,11,11.0,2,2,straight,unet,0,0,1,9,1.0,0.9912280701754386,0.00877192982456143,0.9912280701754386,1.0,0.2441,0.2138,0.2138,char,char,0,0,0,0,0,0,touching,0.7142857142857143,0,3,114.0,2431.0,0.9830508474576272
vol01:75:1:8,vol01,75,1,gold_legacy,seam_ok,913.0,0.2528735632183725,0,0,0,0,0,0,0,1.0,,,0,,1,1,seam_narrow,rule,0,7,0,7,0.9912280701754386,1.0263157894736843,0.026315789473684292,0.9912280701754386,1.0263157894736843,0.2125,0.2225,0.2125,char,char,0,0,0,0,0,0,touching,0.38095238095238093,0,3,114.0,2429.0,1.0
vol01:144:3:3,vol01,144,3,gold_legacy,ok,370.0,0.8296703296703072,0,0,1,0,0,0,1,0.9999,0.0006000000000000449,0.9993,1,6.0,2,2,seam_narrow,rule,1,2,1,2,1.0521739130434782,1.0347826086956522,0.05217391304347818,1.0347826086956522,1.0521739130434782,0.1912,0.2222,0.1912,char,char,0,0,0,0,0,0,touching,0.14285714285714285,0,3,115.0,2453.0,1.0224719101123596
vol01:141:5:7,vol01,141,5,gold_legacy,seam_ok,830.0,0.42196531791910274,0,0,0,0,0,0,0,1.0,,,0,,1,1,seam_narrow,rule,0,4,0,4,1.0517241379310345,0.9482758620689655,0.051724137931034475,0.9482758620689655,1.0517241379310345,0.2201,0.1452,0.1452,char,char,0,0,0,0,0,0,touching,0.3333333333333333,0,1,116.0,2494.0,1.0
vol01:149:3:15,vol01,149,3,gold_legacy,ok,1741.0,0.7441860465116861,0,0,1,0,0,0,2,0.9998,9.999999999998899e-05,0.9997,2,3.0,2,2,seam_narrow,rule,3,2,3,2,1.0614035087719298,0.9122807017543859,0.08771929824561409,0.9122807017543859,1.0614035087719298,0.1801,0.2349,0.1801,char,char,0,0,0,0,0,0,touching,0.7142857142857143,0,3,114.0,2446.0,0.9608938547486033
vol01:4:2:11,vol01,4,2,gold_legacy,cand,1268.0,0.31843575418997716,1,0,1,0,0,1,6,0.9995,0.0008000000000000229,0.9987,6,18.0,3,3,seam_narrow,unet,5,6,5,29,1.008695652173913,0.9739130434782609,0.02608695652173909,0.9739130434782609,1.008695652173913,0.2312,0.2139,0.2139,char,char,0,0,0,0,0,0,touching,0.5238095238095238,0,3,115.0,2444.0,1.0
vol01:52:7:15,vol01,52,7,gold_legacy,ok,1728.0,0.488764044943764,0,0,1,0,0,0,5,0.9995,0.00010000000000010001,0.9994,5,6.0,2,2,seam_narrow,rule,3,1,3,1,1.0,0.9736842105263158,0.02631578947368418,0.9736842105263158,1.0,0.2299,0.2143,0.2143,char,char,0,0,0,0,0,0,touching,0.7142857142857143,0,4,114.0,2403.0,1.0
vol01:72:4:17,vol01,72,4,gold_legacy,ok,1957.0,1.3446327683616346,0,0,1,1,0,0,60,0.9939,-0.0006000000000000449,0.9945,0,55.0,2,4,seam_narrow,rule,2,3,2,3,0.9224137931034483,1.0086206896551724,0.07758620689655171,0.9224137931034483,1.0086206896551724,0.2422,0.2102,0.2102,char,char,0,0,0,0,0,0,touching,0.8095238095238095,0,4,116.0,2440.0,1.0
vol01:83:7:8,vol01,83,7,gold_legacy,ok,954.0,0.0,0,0,1,0,0,1,1,1.0,0.01649999999999996,0.9835,1,1.0,3,3,straight,unet,0,0,4,29,1.0172413793103448,1.0086206896551724,0.01724137931034475,1.0086206896551724,1.0172413793103448,0.22,0.2134,0.2134,char,char,0,0,0,0,0,0,touching,0.38095238095238093,0,1,116.0,2465.0,1.0
vol01:66:2:15,vol01,66,2,gold_legacy,overlap,1760.0,1.5113636363637397,1,1,0,0,0,0,0,1.0,,,0,,1,1,seam_narrow,rule,0,7,0,7,0.9487179487179487,1.0,0.05128205128205132,0.9487179487179487,1.0,0.2143,0.1672,0.1672,char,char,0,0,0,0,0,0,touching,0.7142857142857143,0,1,117.0,2477.0,1.0
vol01:51:9:15,vol01,51,9,gold_legacy,seam_ok,1756.0,0.42937853107355295,0,0,0,0,0,0,0,1.0,,,0,,1,1,seam_narrow,rule,0,1,0,1,0.956140350877193,0.9912280701754386,0.04385964912280704,0.956140350877193,0.9912280701754386,0.123,0.2315,0.123,char,char,0,0,0,0,0,0,touching,0.7142857142857143,0,3,114.0,2489.0,1.0114285714285713
vol01:67:3:11,vol01,67,3,gold_legacy,overlap,1263.0,2.3850574712644175,1,1,1,0,0,0,1,0.9999,0.010000000000000009,0.9899,1,67.0,2,2,seam_narrow,rule,0,11,0,11,0.9911504424778761,1.0973451327433628,0.09734513274336276,0.9911504424778761,1.0973451327433628,0.1714,0.151,0.151,char,char,0,0,0,0,0,0,touching,0.5238095238095238,0,4,113.0,2413.0,1.0
vol01:153:3:4,vol01,153,3,gold_legacy,overlap,492.00020314940525,0.7409733211829916,1,1,0,0,0,0,0,1.0,,,0,,1,1,seam_narrow,rule,0,4,0,4,1.043859649122807,1.0175438596491229,0.04385964912280693,1.0175438596491229,1.043859649122807,0.2543,0.182,0.182,char,char,0,0,0,0,0,0,touching,0.19047619047619047,0,2,114.0,2451.0,1.0
vol01:154:8:4,vol01,154,8,gold_legacy,ok,477.0,0.8313253012047994,0,0,0,0,0,0,0,1.0,,,0,,1,1,seam_narrow,rule,0,2,0,2,1.0884955752212389,0.9646017699115044,0.08849557522123885,0.9646017699115044,1.0884955752212389,0.2098,0.2422,0.2098,char,char,0,0,0,0,0,0,touching,0.19047619047619047,0,3,113.0,2448.0,0.9540229885057471
vol01:64:6:3,vol01,64,6,gold_legacy,overlap,357.0,0.625,1,1,0,0,0,0,0,1.0,,,0,,1,1,seam_narrow,rule,0,2,0,2,1.0086206896551724,1.0344827586206897,0.034482758620689724,1.0086206896551724,1.0344827586206897,0.2401,0.2065,0.2065,char,char,0,0,0,0,0,0,touching,0.14285714285714285,0,3,116.0,2481.0,0.9887640449438202
vol01:6:1:11,vol01,6,1,gold_legacy,overlap,1279.0,0.7771428571429624,1,1,0,0,0,0,0,1.0,,,0,,1,1,seam_narrow,rule,0,3,0,3,1.0517241379310345,0.9137931034482759,0.08620689655172409,0.9137931034482759,1.0517241379310345,0.1926,0.1767,0.1767,char,char,0,0,0,0,0,0,touching,0.5238095238095238,0,6,116.0,2455.0,0.9887005649717514
vol01:4:2:19,vol01,4,2,gold_legacy,moved,2178.0,0.329608938547608,1,0,1,0,0,0,1,0.9999,0.0010999999999999899,0.9988,1,10.0,2,2,seam_narrow,rule,1,2,1,2,0.9826086956521739,1.0,0.017391304347826098,0.9826086956521739,1.0,0.1704,0.2173,0.1704,char,char,0,0,0,0,0,0,touching,0.9047619047619048,0,3,115.0,2444.0,1.0
vol01:79:1:15,vol01,79,1,gold_legacy,overlap,1741.0533060141868,1.0815546017574889,1,1,1,0,0,0,53,0.995,0.0008000000000000229,0.9942,53,61.0,2,2,seam_narrow,rule,2,4,2,4,0.8434782608695652,0.991304347826087,0.15652173913043477,0.8434782608695652,0.991304347826087,0.2044,0.2654,0.2044,char,char,0,0,0,0,0,0,touching,0.7142857142857143,0,9,115.0,2437.0,1.0290697674418605
vol01:66:7:9,vol01,66,7,gold_legacy,overlap,999.0,0.3483146067416101,1,1,0,0,0,0,0,1.0,,,0,,1,1,seam_narrow,rule,0,3,0,3,0.9230769230769231,1.0,0.07692307692307687,0.9230769230769231,1.0,0.2436,0.2164,0.2164,char,char,0,0,0,0,0,0,touching,0.42857142857142855,0,6,117.0,2465.0,1.0113636363636365
vol01:49:4:20,vol01,49,4,gold_legacy,ok,2336.0,0.19428571428579744,0,0,1,0,0,0,0,1.0,0.00029999999999996696,0.9997,0,3.0,2,2,seam_narrow,rule,3,2,3,2,1.0172413793103448,1.293103448275862,0.2931034482758621,1.0172413793103448,1.293103448275862,0.2463,0.2339,0.2339,char,char,0,0,0,0,0,0,touching,0.9523809523809523,1,3,116.0,2486.0,1.0
vol01:80:3:18,vol01,80,3,gold_legacy,overlap,2092.0,2.0340909090909918,1,1,1,0,0,0,0,1.0,,,0,,1,1,seam_narrow,rule,0,4,0,4,0.8879310344827587,1.0689655172413792,0.11206896551724133,0.8879310344827587,1.0689655172413792,0.2036,0.2632,0.2036,char,char,0,0,0,0,0,0,touching,0.8571428571428571,0,4,116.0,2452.0,1.0
vol01:6:1:13,vol01,6,1,gold_legacy,ok,1503.0,0.0,0,0,1,0,0,1,13,0.9992,0.014699999999999935,0.9845,13,13.0,2,2,straight,unet,0,0,2,9,1.0172413793103448,1.0,0.01724137931034475,1.0,1.0172413793103448,0.2235,0.1927,0.1927,char,char,0,0,0,0,0,0,touching,0.6190476190476191,0,6,116.0,2455.0,0.9887005649717514
vol01:76:2:7,vol01,76,2,gold_legacy,ok,819.0,0.0,0,0,1,0,0,0,0,1.0,0.00039999999999995595,0.9996,0,0.0,3,3,straight,rule,0,0,4,1,0.9739130434782609,1.017391304347826,0.02608695652173909,0.9739130434782609,1.017391304347826,0.1971,0.2389,0.1971,char,char,0,0,0,0,0,0,touching,0.3333333333333333,0,5,115.0,2433.0,0.9885714285714285
vol01:53:8:19,vol01,53,8,gold_legacy,ok,2199.0,0.1213872832367997,0,0,0,0,0,0,0,1.0,,,0,,1,1,seam_narrow,rule,0,2,0,2,1.0,1.087719298245614,0.08771929824561409,1.0,1.087719298245614,0.1165,0.2032,0.1165,char,char,0,0,0,0,0,0,touching,0.9047619047619048,0,3,114.0,2454.0,0.9829545454545454
vol01:141:8:18,vol01,141,8,gold_legacy,seam_ok,2094.0,0.0702702702701572,0,0,0,0,0,0,0,1.0,,,0,,1,1,seam_narrow,rule,0,3,0,3,1.0,1.0,0.0,1.0,1.0,0.1969,0.2329,0.1969,char,char,0,0,0,0,0,0,touching,0.8571428571428571,0,2,116.0,2484.0,1.069364161849711
vol01:71:2:7,vol01,71,2,gold_legacy,ok,820.0,0.6842105263158373,0,0,0,0,0,0,0,1.0,,,0,,1,1,seam_narrow,rule,0,1,0,1,1.0263157894736843,0.956140350877193,0.04385964912280704,0.956140350877193,1.0263157894736843,0.1972,0.2436,0.1972,char,char,0,0,0,0,0,0,touching,0.3333333333333333,0,4,114.0,2423.0,0.9715909090909091
vol01:75:4:12,vol01,75,4,gold_legacy,seam_ok,1343.0,0.13714285714286234,0,0,1,0,0,0,0,1.0,0.012399999999999967,0.9876,0,71.0,2,2,seam_narrow,rule,0,14,0,14,0.9035087719298246,1.0701754385964912,0.0964912280701754,0.9035087719298246,1.0701754385964912,0.1495,0.1415,0.1415,char,char,0,0,0,0,0,0,touching,0.5714285714285714,0,2,114.0,2432.0,1.0057471264367817
vol01:51:8:2,vol01,51,8,gold_legacy,seam_ok,375.0,0.9265536723164018,0,0,0,0,0,0,0,1.0,,,0,,1,1,seam_narrow,rule,0,3,0,3,0.9912280701754386,1.0263157894736843,0.026315789473684292,0.9912280701754386,1.0263157894736843,0.1999,0.235,0.1999,char,char,0,0,0,0,0,0,touching,0.14285714285714285,0,3,114.0,2634.0,1.0114285714285713
vol01:153:7:6,vol01,153,7,gold_legacy,ok,708.0,0.573964497041402,0,0,0,0,0,0,0,1.0,,,0,,1,1,seam_narrow,rule,0,3,0,3,1.0175438596491229,0.9649122807017544,0.03508771929824561,0.9649122807017544,1.0175438596491229,0.2646,0.2743,0.2646,char,char,0,0,0,0,0,0,touching,0.2857142857142857,0,2,114.0,2448.0,0.9941176470588236
vol01:47:2:7,vol01,47,2,gold_legacy,ok,799.0,1.0111731843575171,0,0,0,0,0,0,1,1.0,,,1,,1,1,seam_narrow,rule,0,2,0,2,0.9568965517241379,0.9741379310344828,0.0431034482758621,0.9568965517241379,0.9741379310344828,0.2698,0.2546,0.2546,char,char,0,0,0,0,0,0,touching,0.3333333333333333,0,4,116.0,2443.0,1.0056179775280898
vol01:81:3:6,vol01,81,3,gold_legacy,ok,713.0,0.0,0,0,1,0,0,0,13,0.9989,0.028000000000000025,0.9709,13,13.0,3,3,straight,rule,0,0,5,20,1.0344827586206897,1.043103448275862,0.0431034482758621,1.0344827586206897,1.043103448275862,0.1795,0.1938,0.1795,char,char,0,0,0,0,0,0,touching,0.2857142857142857,0,5,116.0,2493.0,0.9883720930232558
vol01:154:2:9,vol01,154,2,gold_legacy,overlap,1030.0,0.625,1,1,0,0,0,0,0,1.0,,,0,,1,1,seam_narrow,rule,0,2,0,2,1.0,0.9823008849557522,0.017699115044247815,0.9823008849557522,1.0,0.166,0.3021,0.166,char,char,0,0,0,0,0,0,touching,0.42857142857142855,0,2,113.0,2444.0,0.9655172413793104
vol01:5:5:5,vol01,5,5,gold_legacy,seam_ok,593.9726841883191,0.04048079848860198,0,0,0,0,0,0,0,1.0,,,0,,1,1,seam_narrow,rule,0,3,0,3,0.9913793103448276,1.0,0.008620689655172376,0.9913793103448276,1.0,0.2081,0.2449,0.2081,char,char,0,0,0,0,0,0,touching,0.23809523809523808,0,7,116.0,2456.0,1.023121387283237
vol01:149:1:13,vol01,149,1,gold_legacy,overlap,1516.0,0.4216216216216253,1,1,0,0,0,0,0,1.0,,,0,,1,1,seam_narrow,rule,0,2,0,2,1.0263157894736843,0.956140350877193,0.04385964912280704,0.956140350877193,1.0263157894736843,0.1514,0.243,0.1514,char,char,0,0,0,0,0,0,touching,0.6190476190476191,0,4,114.0,2445.0,1.0335195530726258
vol01:48:9:8,vol01,48,9,gold_legacy,seam_ok,1060.0,1.021739130434753,0,0,0,0,0,0,0,1.0,,,0,,1,1,seam_narrow,rule,0,2,0,2,0.9913793103448276,0.9827586206896551,0.017241379310344862,0.9827586206896551,0.9913793103448276,0.1765,0.2237,0.1765,char,char,0,0,0,0,0,0,touching,0.42857142857142855,0,3,116.0,2597.0,1.0279329608938548
vol01:9:7:8,vol01,9,7,gold_legacy,overlap,930.0,0.7869822485207578,1,1,0,0,0,0,0,1.0,,,0,,1,1,seam_narrow,rule,0,7,0,7,1.0442477876106195,0.9292035398230089,0.07079646017699115,0.9292035398230089,1.0442477876106195,0.2352,0.2099,0.2099,char,char,0,0,0,0,0,0,touching,0.38095238095238093,0,4,113.0,2420.0,0.9602272727272727
vol01:68:5:17,vol01,68,5,gold_legacy,overlap,1959.0,2.3526011560693405,1,1,1,0,0,0,0,1.0,0.07689999999999997,0.9231,0,524.0,2,2,seam_narrow,rule,0,18,0,18,1.1842105263157894,0.8333333333333334,0.18421052631578938,0.8333333333333334,1.1842105263157894,0.1544,0.1938,0.1544,char,char,0,0,0,0,0,0,touching,0.8095238095238095,0,1,114.0,2413.0,0.9829545454545454
vol01:45:4:12,vol01,45,4,gold_legacy,seam_ok,1374.0,0.4124293785309874,0,0,0,0,0,0,0,1.0,,,0,,1,1,seam_narrow,rule,0,3,0,3,0.9649122807017544,1.0,0.03508771929824561,0.9649122807017544,1.0,0.2163,0.1906,0.1906,char,char,0,0,0,0,0,0,touching,0.5714285714285714,0,5,114.0,2444.0,1.0
vol01:78:5:8,vol01,78,5,gold_legacy,ok,954.0,0.6764705882352473,0,0,1,0,0,0,3,0.9997,0.0016000000000000458,0.9981,3,16.0,2,2,seam_narrow,rule,1,4,1,4,1.0530973451327434,0.9469026548672567,0.053097345132743445,0.9469026548672567,1.0530973451327434,0.2383,0.1926,0.1926,char,char,0,0,0,0,0,0,touching,0.38095238095238093,0,7,113.0,2414.0,0.9550561797752809
vol01:66:7:18,vol01,66,7,gold_legacy,overlap,2067.0,1.2359550561795913,1,1,0,0,0,0,0,1.0,,,0,,1,1,seam_narrow,rule,0,4,0,4,1.0256410256410255,1.0769230769230769,0.07692307692307687,1.0256410256410255,1.0769230769230769,0.1633,0.1865,0.1633,char,char,0,0,0,0,0,0,touching,0.8571428571428571,0,6,117.0,2465.0,1.0113636363636365
vol01:9:8:6,vol01,9,8,gold_legacy,overlap,707.0,0.5,1,1,0,0,0,0,0,1.0,,,0,,1,1,seam_narrow,rule,0,2,0,2,1.079646017699115,0.9292035398230089,0.07964601769911495,0.9292035398230089,1.079646017699115,0.2239,0.1818,0.1818,char,char,0,0,0,0,0,0,touching,0.2857142857142857,0,3,113.0,2414.0,1.0113636363636365
vol01:85:6:3,vol01,85,6,gold_legacy,overlap,335.0,1.3895348837209553,1,1,1,0,0,0,7,0.9997,0.0017000000000000348,0.998,7,20.0,2,2,seam_narrow,rule,1,4,1,4,0.9913793103448276,1.0172413793103448,0.01724137931034475,0.9913793103448276,1.0172413793103448,0.2534,0.2499,0.2499,char,char,0,0,0,0,0,0,touching,0.14285714285714285,0,3,116.0,2441.0,0.9885057471264368
vol01:77:9:20,vol01,77,9,gold_legacy,overlap,2284.0,0.44910179640737624,1,1,1,0,0,0,0,1.0,,,0,,1,1,seam_narrow,rule,0,1,0,1,0.9911504424778761,1.424778761061947,0.4247787610619469,0.9911504424778761,1.424778761061947,0.219,0.224,0.219,char,char,0,0,0,0,0,0,touching,0.9523809523809523,1,5,113.0,2445.0,0.9488636363636364
vol01:49:1:2,vol01,49,1,gold_legacy,ok,257.0,0.0,0,0,1,0,0,1,30,0.9982,0.016699999999999937,0.9815,30,30.0,3,3,straight,unet,0,0,6,27,1.1810344827586208,1.0086206896551724,0.18103448275862077,1.0086206896551724,1.1810344827586208,0.2207,0.2172,0.2172,char,char,0,0,0,0,0,0,touching,0.09523809523809523,0,6,116.0,2478.0,1.04
vol01:5:5:11,vol01,5,5,gold_legacy,seam_ok,1291.0,0.25988700564971623,0,0,0,0,0,0,0,1.0,,,0,,1,1,seam_narrow,rule,0,1,0,1,1.0603448275862069,0.9827586206896551,0.06034482758620685,0.9827586206896551,1.0603448275862069,0.2296,0.2033,0.2033,char,char,0,0,0,0,0,0,touching,0.5238095238095238,0,7,116.0,2456.0,1.023121387283237
vol01:75:9:20,vol01,75,9,gold_legacy,ok,2294.0,0.0,0,0,1,0,0,1,17,0.9987,0.011800000000000033,0.9869,17,17.0,2,2,straight,unet,0,0,3,19,1.1140350877192982,1.1491228070175439,0.14912280701754388,1.1140350877192982,1.1491228070175439,0.2228,0.1861,0.1861,char,char,0,0,0,0,0,0,touching,0.9523809523809523,1,2,114.0,2425.0,1.028735632183908
vol01:151:1:14,vol01,151,1,gold_legacy,ok,1642.0,0.0,0,0,1,0,0,1,19,0.9983,0.006900000000000017,0.9914,19,19.0,2,2,straight,unet,0,0,2,9,1.0172413793103448,0.8879310344827587,0.11206896551724133,0.8879310344827587,1.0172413793103448,0.2365,0.1743,0.1743,char,char,0,0,0,0,0,0,touching,0.6666666666666666,0,1,116.0,2495.0,0.96
vol01:80:3:4,vol01,80,3,gold_legacy,ok,489.0,0.0,0,0,1,0,0,1,19,0.9976,0.026800000000000046,0.9708,19,19.0,2,2,straight,unet,0,0,0,19,1.0948275862068966,0.9482758620689655,0.09482758620689657,0.9482758620689655,1.0948275862068966,0.1755,0.1509,0.1509,char,char,0,0,0,0,0,0,touching,0.19047619047619047,0,4,116.0,2452.0,1.0
vol01:52:2:2,vol01,52,2,gold_legacy,overlap,199.0,0.3076923076923208,1,1,0,0,0,0,0,1.0,,,0,,1,1,seam_narrow,rule,0,2,0,2,0.956140350877193,1.0087719298245614,0.04385964912280704,0.956140350877193,1.0087719298245614,0.1732,0.23,0.1732,char,char,0,0,0,0,0,0,touching,0.09523809523809523,0,3,114.0,2408.0,1.0224719101123596
vol01:67:1:17,vol01,67,1,gold_legacy,overlap,1957.0,1.5204678362572395,1,1,1,0,0,0,0,1.0,0.027100000000000013,0.9729,0,215.0,2,2,seam_narrow,rule,0,19,0,19,0.8938053097345132,1.1592920353982301,0.15929203539823011,0.8938053097345132,1.1592920353982301,0.206,0.1966,0.1966,char,char,0,0,0,0,0,0,touching,0.8095238095238095,0,6,113.0,2415.0,0.9827586206896551
vol01:79:1:10,vol01,79,1,gold_legacy,overlap,1160.000609109269,1.1531514821501787,1,1,1,0,0,0,38,0.9944,0.00649999999999995,0.9879,38,108.0,2,2,seam_narrow,rule,0,10,0,10,1.0260869565217392,1.1565217391304348,0.15652173913043477,1.0260869565217392,1.1565217391304348,0.2187,0.1984,0.1984,char,char,0,0,0,0,0,0,touching,0.47619047619047616,0,9,115.0,2437.0,1.0290697674418605
vol01:72:1:7,vol01,72,1,gold_legacy,ok,806.0,0.0,0,0,1,0,0,1,30,0.9973,0.019000000000000017,0.9783,30,30.0,2,2,straight,unet,0,0,3,18,0.9482758620689655,0.9827586206896551,0.051724137931034475,0.9482758620689655,0.9827586206896551,0.1906,0.2076,0.1906,char,char,0,0,0,0,0,0,touching,0.3333333333333333,0,4,116.0,2438.0,0.9774011299435028
vol01:153:4:5,vol01,153,4,gold_legacy,overlap,573.0,0.8092485549133244,1,1,0,0,0,0,0,1.0,,,0,,1,1,seam_narrow,rule,0,3,0,3,1.0526315789473684,0.956140350877193,0.05263157894736836,0.956140350877193,1.0526315789473684,0.2808,0.2007,0.2007,char,char,0,0,0,0,0,0,touching,0.23809523809523808,0,1,114.0,2444.0,1.0176470588235293
vol01:47:1:13,vol01,47,1,gold_legacy,overlap,1482.0,1.0,1,1,1,0,0,0,0,1.0,,,0,,1,1,seam_narrow,rule,0,3,0,3,1.0172413793103448,1.1293103448275863,0.1293103448275863,1.0172413793103448,1.1293103448275863,0.1591,0.1978,0.1591,char,char,0,0,0,0,0,0,touching,0.6190476190476191,1,1,116.0,2453.0,1.0224719101123596
vol01:152:9:18,vol01,152,9,gold_legacy,overlap,2083.0,0.01675977653621885,1,1,1,0,0,0,36,0.997,0.0009000000000000119,0.9961,36,44.0,2,2,seam_narrow,rule,2,3,2,3,0.9491525423728814,1.0593220338983051,0.05932203389830515,0.9491525423728814,1.0593220338983051,0.2498,0.2132,0.2132,char,char,0,0,0,0,0,0,touching,0.8571428571428571,0,1,118.0,2452.0,1.0
vol01:6:1:10,vol01,6,1,gold_legacy,overlap,1157.0,0.8857142857143572,1,1,0,0,0,0,0,1.0,,,0,,1,1,seam_narrow,rule,0,2,0,2,1.0,1.0517241379310345,0.051724137931034475,1.0,1.0517241379310345,0.188,0.1926,0.188,char,char,0,0,0,0,0,0,touching,0.47619047619047616,0,6,116.0,2455.0,0.9887005649717514
vol01:51:2:2,vol01,51,2,gold_legacy,ok,416.0,7.163742690058484,0,1,1,0,0,0,4,0.9996,0.017100000000000004,0.9825,4,163.0,2,2,seam_narrow,rule,2,13,2,13,1.0263157894736843,1.0087719298245614,0.026315789473684292,1.0087719298245614,1.0263157894736843,0.1933,0.2634,0.1933,char,char,0,0,0,0,0,0,touching,0.14285714285714285,0,3,114.0,2620.0,0.9771428571428571
vol01:149:5:7,vol01,149,5,gold_legacy,ok,826.0,0.0,0,0,1,0,0,1,11,0.9994,0.006099999999999994,0.9933,11,11.0,2,2,straight,unet,0,0,1,9,1.0,1.0614035087719298,0.06140350877192979,1.0,1.0614035087719298,0.22,0.2418,0.22,char,char,0,0,0,0,0,0,touching,0.3333333333333333,0,2,114.0,2444.0,1.0
vol01:81:3:10,vol01,81,3,gold_legacy,overlap,1173.0,5.388235294117749,1,1,1,0,0,0,2,0.9998,0.029100000000000015,0.9707,2,286.0,2,2,seam_narrow,rule,1,20,1,20,0.9224137931034483,1.146551724137931,0.14655172413793105,0.9224137931034483,1.146551724137931,0.2491,0.2328,0.2328,char,char,0,0,0,0,0,0,touching,0.47619047619047616,0,5,116.0,2493.0,0.9883720930232558
vol01:71:5:15,vol01,71,5,gold_legacy,ok,1734.0,1.1581920903954597,0,0,0,0,0,0,0,1.0,,,0,,1,1,seam_narrow,rule,0,3,0,3,1.0789473684210527,1.0350877192982457,0.07894736842105265,1.0350877192982457,1.0789473684210527,0.2397,0.2048,0.2048,char,char,0,0,0,0,0,0,touching,0.7142857142857143,0,3,114.0,2440.0,1.0056818181818181
vol01:83:3:5,vol01,83,3,gold_legacy,ok,599.0,0.0,0,0,1,1,0,0,88,0.9899,0.007800000000000029,0.9821,7,88.0,3,6,straight,rule,0,0,9,22,1.0862068965517242,0.9137931034482759,0.0862068965517242,0.9137931034482759,1.0862068965517242,0.33,0.2171,0.2171,char,char,0,0,0,0,0,0,touching,0.23809523809523808,0,3,116.0,2485.0,0.9770114942528736
vol01:66:4:11,vol01,66,4,gold_legacy,overlap,1324.0,0.13736263736268484,1,1,0,0,0,0,0,1.0,,,0,,1,1,seam_narrow,rule,0,2,0,2,1.017094017094017,0.9401709401709402,0.05982905982905984,0.9401709401709402,1.017094017094017,0.1962,0.1558,0.1558,char,char,0,0,0,0,0,0,touching,0.5238095238095238,0,2,117.0,2468.0,1.0340909090909092
vol01:78:5:7,vol01,78,5,gold_legacy,overlap,835.0,0.09411764705885162,1,1,0,0,0,0,0,1.0,,,0,,1,1,seam_narrow,rule,0,2,0,2,1.0442477876106195,1.0530973451327434,0.053097345132743445,1.0442477876106195,1.0530973451327434,0.2191,0.2383,0.2191,char,char,0,0,0,0,0,0,touching,0.3333333333333333,0,7,113.0,2414.0,0.9550561797752809
vol01:85:7:14,vol01,85,7,gold_legacy,ok,1635.0,0.06432748538009037,0,0,0,0,0,0,0,1.0,,,0,,1,1,seam_narrow,rule,0,2,0,2,1.0086206896551724,1.043103448275862,0.0431034482758621,1.0086206896551724,1.043103448275862,0.1746,0.2108,0.1746,char,char,0,0,0,0,0,0,touching,0.6666666666666666,0,1,116.0,2441.0,0.9827586206896551
vol01:75:6:12,vol01,75,6,gold_legacy,seam_ok,1368.0,0.7705882352940989,0,0,0,0,0,0,0,1.0,,,0,,1,1,seam_narrow,rule,0,2,0,2,1.087719298245614,0.9385964912280702,0.08771929824561409,0.9385964912280702,1.087719298245614,0.1676,0.188,0.1676,char,char,0,0,0,0,0,0,touching,0.5714285714285714,0,3,114.0,2437.0,0.9770114942528736
vol01:76:4:13,vol01,76,4,gold_legacy,ok,1497.0,2.772222222222126,0,0,0,0,0,0,0,1.0,,,0,,1,1,seam_narrow,rule,0,7,0,7,1.0,0.9826086956521739,0.017391304347826098,0.9826086956521739,1.0,0.1802,0.1735,0.1735,char,char,0,0,0,0,0,0,touching,0.6190476190476191,0,7,115.0,2434.0,1.0285714285714285
vol01:9:8:19,vol01,9,8,gold_legacy,moved,2173.0,1.7134831460675741,1,0,0,0,0,0,0,1.0,,,0,,1,1,seam_narrow,rule,0,2,0,2,1.079646017699115,0.9823008849557522,0.07964601769911495,0.9823008849557522,1.079646017699115,0.226,0.1839,0.1839,char,char,0,0,0,0,0,0,touching,0.9047619047619048,0,3,113.0,2414.0,1.0113636363636365
vol01:51:5:8,vol01,51,5,gold_legacy,ok,977.0,0.0,0,0,1,0,0,0,35,0.9976,0.0019000000000000128,0.9957,35,35.0,3,3,straight,rule,0,0,5,9,1.0,1.0614035087719298,0.06140350877192979,1.0,1.0614035087719298,0.2769,0.2641,0.2641,char,char,0,0,0,0,0,0,touching,0.38095238095238093,0,1,114.0,2469.0,1.022857142857143
vol01:64:5:12,vol01,64,5,gold_legacy,overlap,1416.0,0.0,1,1,1,0,0,0,8,0.9994,-0.00010000000000010001,0.9995,7,8.0,3,3,straight,rule,0,0,5,2,1.0086206896551724,1.0,0.008620689655172376,1.0,1.0086206896551724,0.2765,0.1262,0.1262,char,char,0,0,0,0,0,0,touching,0.5714285714285714,0,2,116.0,2483.0,0.9831460674157303
vol01:70:8:3,vol01,70,8,gold_legacy,overlap,348.0,0.0,1,1,1,0,0,0,9,0.9994,0.0004999999999999449,0.9989,9,9.0,3,3,straight,rule,0,0,5,26,1.1130434782608696,0.9826086956521739,0.11304347826086958,0.9826086956521739,1.1130434782608696,0.1871,0.1852,0.1852,char,char,0,0,0,0,0,0,touching,0.14285714285714285,0,3,115.0,2415.0,0.9888268156424581
vol01:69:4:19,vol01,69,4,gold_legacy,overlap,2173.0,0.3125,1,1,1,0,0,0,18,0.9983,0.0034999999999999476,0.9948,18,52.0,2,2,seam_narrow,rule,3,6,3,6,1.0619469026548674,0.9823008849557522,0.06194690265486735,0.9823008849557522,1.0619469026548674,0.2096,0.2564,0.2096,char,char,0,0,0,0,0,0,touching,0.9047619047619048,0,4,113.0,2434.0,0.9943502824858758
vol01:47:6:9,vol01,47,6,gold_legacy,seam_ok,1203.000224920038,1.1986054893188793,0,0,0,0,0,0,7,0.9998,,,7,,1,1,seam_narrow,rule,0,9,0,9,1.0172413793103448,0.9482758620689655,0.051724137931034475,0.9482758620689655,1.0172413793103448,0.2635,0.2341,0.2341,char,char,0,0,0,0,0,0,touching,0.47619047619047616,0,5,116.0,2618.0,0.9606741573033708
vol01:151:9:14,vol01,151,9,gold_legacy,moved,1642.0,0.11864406779659475,1,0,0,0,0,0,0,1.0,,,0,,1,1,seam_narrow,rule,0,4,0,4,1.0689655172413792,0.9482758620689655,0.06896551724137923,0.9482758620689655,1.0689655172413792,0.2341,0.2655,0.2341,char,char,0,0,0,0,0,0,touching,0.6666666666666666,0,3,116.0,2512.0,1.0114285714285713
vol01:71:1:12,vol01,71,1,gold_legacy,moved,1397.0032105402918,0.8526729058830824,1,0,0,0,0,0,0,1.0,,,0,,1,1,seam_narrow,rule,0,3,0,3,1.0175438596491229,0.9824561403508771,0.01754385964912286,0.9824561403508771,1.0175438596491229,0.1823,0.2309,0.1823,char,char,0,0,0,0,0,0,touching,0.5714285714285714,0,4,114.0,2434.0,1.0568181818181819
vol01:6:1:16,vol01,6,1,gold_legacy,moved,1854.0,0.3371428571429078,1,0,1,0,0,0,6,0.9996,0.0009000000000000119,0.9987,6,10.0,2,2,seam_narrow,rule,2,4,2,4,1.0,0.9655172413793104,0.03448275862068961,0.9655172413793104,1.0,0.2335,0.2039,0.2039,char,char,0,0,0,0,0,0,touching,0.7619047619047619,0,6,116.0,2455.0,0.9887005649717514
vol01:5:6:5,vol01,5,6,gold_legacy,ok,593.0,0.0,0,0,1,0,0,1,2,1.0,0.03249999999999997,0.9675,2,2.0,3,3,straight,unet,0,0,4,22,0.9655172413793104,1.0086206896551724,0.03448275862068961,0.9655172413793104,1.0086206896551724,0.2256,0.209,0.209,char,char,0,0,0,0,0,0,touching,0.23809523809523808,0,7,116.0,2447.0,1.0
vol01:66:7:12,vol01,66,7,gold_legacy,moved,1345.0,2.8595505617977324,1,0,0,0,0,0,0,1.0,,,0,,1,1,seam_narrow,rule,0,4,0,4,0.9572649572649573,1.0683760683760684,0.06837606837606836,0.9572649572649573,1.0683760683760684,0.1735,0.2227,0.1735,char,char,0,0,0,0,0,0,touching,0.5714285714285714,0,6,117.0,2465.0,1.0113636363636365
vol01:45:6:16,vol01,45,6,gold_legacy,seam_ok,1821.0,0.47727272727274794,0,0,1,0,0,0,0,1.0,0.011299999999999977,0.9887,0,98.0,2,2,seam_narrow,rule,0,10,0,10,1.0789473684210527,1.0175438596491229,0.07894736842105265,1.0175438596491229,1.0789473684210527,0.2298,0.1796,0.1796,char,char,0,0,0,0,0,0,touching,0.7619047619047619,0,2,114.0,2428.0,0.9943502824858758
vol01:153:2:9,vol01,153,2,gold_legacy,ok,1039.0,0.6287425149700994,0,0,0,0,0,0,0,1.0,,,0,,1,1,seam_narrow,rule,0,2,0,2,1.0087719298245614,0.9035087719298246,0.0964912280701754,0.9035087719298246,1.0087719298245614,0.2423,0.1552,0.1552,char,char,0,0,0,0,0,0,touching,0.42857142857142855,0,2,114.0,2456.0,0.9823529411764705
vol01:72:2:10,vol01,72,2,gold_legacy,moved,1171.0,0.17877094972072882,1,0,0,0,0,0,0,1.0,,,0,,1,1,seam_narrow,rule,0,1,0,1,0.9913793103448276,1.0,0.008620689655172376,0.9913793103448276,1.0,0.18,0.2401,0.18,char,char,0,0,0,0,0,0,touching,0.47619047619047616,0,3,116.0,2443.0,1.0112994350282485
vol01:44:8:9,vol01,44,8,gold_legacy,moved,1105.0,2.369318181818244,1,0,0,0,0,0,0,1.0,,,0,,1,1,seam_narrow,rule,0,2,0,2,1.0176991150442478,1.008849557522124,0.017699115044247815,1.008849557522124,1.0176991150442478,0.1468,0.1734,0.1468,char,char,0,0,0,0,0,0,touching,0.42857142857142855,0,5,113.0,2440.0,0.9887640449438202
vol01:85:3:7,vol01,85,3,gold_legacy,ok,829.0,0.25,0,0,0,0,0,0,0,1.0,,,0,,1,1,seam_narrow,rule,0,2,0,2,1.0603448275862069,1.0086206896551724,0.06034482758620685,1.0086206896551724,1.0603448275862069,0.2549,0.2938,0.2549,char,char,0,0,0,0,0,0,touching,0.3333333333333333,0,4,116.0,2463.0,0.9885057471264368
vol01:78:6:4,vol01,78,6,gold_legacy,ok,462.0,0.0,0,0,1,0,0,1,7,0.9995,0.02100000000000002,0.9785,7,7.0,2,2,straight,unet,0,0,1,20,1.0442477876106195,0.9469026548672567,0.053097345132743334,0.9469026548672567,1.0442477876106195,0.2505,0.2172,0.2172,char,char,0,0,0,0,0,0,touching,0.19047619047619047,0,2,113.0,2420.0,0.9943820224719101
vol01:72:4:14,vol01,72,4,gold_legacy,seam_ok,1617.0,0.18644067796617492,0,0,0,0,0,0,0,1.0,,,0,,1,1,seam_narrow,rule,0,3,0,3,1.0086206896551724,0.9913793103448276,0.008620689655172376,0.9913793103448276,1.0086206896551724,0.2283,0.1419,0.1419,char,char,0,0,0,0,0,0,touching,0.6666666666666666,0,4,116.0,2440.0,1.0
vol01:65:2:16,vol01,65,2,gold_legacy,seam_ok,1875.0,0.3136094674555352,0,0,1,0,0,0,0,1.0,0.010499999999999954,0.9895,0,100.0,2,2,seam_narrow,rule,0,12,0,12,0.9914529914529915,1.0769230769230769,0.07692307692307687,0.9914529914529915,1.0769230769230769,0.2717,0.1933,0.1933,char,char,0,0,0,0,0,0,touching,0.7619047619047619,0,1,117.0,2476.0,0.9657142857142857
vol01:153:3:8,vol01,153,3,gold_legacy,seam_ok,954.999796877956,0.01156158383832917,0,0,0,0,0,0,0,1.0,,,0,,1,1,seam_narrow,rule,0,2,0,2,1.0701754385964912,0.9736842105263158,0.07017543859649122,0.9736842105263158,1.0701754385964912,0.2675,0.2205,0.2205,char,char,0,0,0,0,0,0,touching,0.38095238095238093,0,2,114.0,2451.0,1.0
vol01:151:9:13,vol01,151,9,gold_legacy,seam_ok,1515.0,5.0,0,0,1,0,0,1,5,0.9993,0.016599999999999948,0.9827,5,5.0,2,2,straight,unet,0,0,3,17,0.9913793103448276,1.0689655172413792,0.06896551724137923,0.9913793103448276,1.0689655172413792,0.2466,0.2341,0.2341,char,char,0,0,0,0,0,0,touching,0.6190476190476191,0,3,116.0,2512.0,1.0114285714285713
vol01:69:6:15,vol01,69,6,gold_legacy,ok,1721.0,0.0,0,0,1,0,0,0,37,0.9972,0.00019999999999997797,0.997,37,37.0,3,3,straight,rule,0,0,4,2,1.0442477876106195,1.008849557522124,0.04424778761061954,1.008849557522124,1.0442477876106195,0.2472,0.2558,0.2472,char,char,0,0,0,0,0,0,touching,0.7142857142857143,0,4,113.0,2432.0,0.9774011299435028
vol01:75:6:13,vol01,75,6,gold_legacy,seam_ok,1477.0,0.3176470588234679,0,0,1,0,0,0,0,1.0,,,0,,1,1,seam_narrow,rule,0,4,0,4,0.9385964912280702,1.105263157894737,0.10526315789473695,0.9385964912280702,1.105263157894737,0.188,0.209,0.188,char,char,0,0,0,0,0,0,touching,0.6190476190476191,0,3,114.0,2437.0,0.9770114942528736
vol01:85:5:20,vol01,85,5,gold_legacy,ok,2313.0,9.11428571428587,0,1,1,1,0,1,70,0.9931,0.0,0.9931,0,174.0,3,5,seam_narrow,unet,4,15,4,15,0.9568965517241379,1.103448275862069,0.10344827586206895,0.9568965517241379,1.103448275862069,0.204,0.2355,0.204,char,char,0,0,0,0,0,0,touching,0.9523809523809523,1,6,116.0,2441.0,1.0057471264367817
vol01:149:1:19,vol01,149,1,gold_legacy,seam_ok,2190.0,0.22702702702690658,0,0,0,0,0,0,0,1.0,,,0,,1,1,seam_narrow,rule,0,2,0,2,0.9824561403508771,1.0,0.01754385964912286,0.9824561403508771,1.0,0.1782,0.2381,0.1782,char,char,0,0,0,0,0,0,touching,0.9047619047619048,0,4,114.0,2445.0,1.0335195530726258
vol01:10:9:10,vol01,10,9,gold_legacy,ok,1145.0,0.0,0,0,1,0,0,0,23,0.9981,-0.0014000000000000679,0.9995,6,23.0,3,3,straight,rule,0,0,4,8,0.9646017699115044,1.1150442477876106,0.11504424778761058,0.9646017699115044,1.1150442477876106,0.2589,0.2328,0.2328,char,char,0,0,0,0,0,0,touching,0.47619047619047616,0,4,113.0,2442.0,1.0285714285714285
vol01:80:4:4,vol01,80,4,gold_legacy,seam_ok,480.0,0.4333333333333371,0,0,0,0,0,0,0,1.0,,,0,,1,1,seam_narrow,rule,0,3,0,3,1.0344827586206897,0.9913793103448276,0.034482758620689724,0.9913793103448276,1.0344827586206897,0.1801,0.157,0.157,char,char,0,0,0,0,0,0,touching,0.19047619047619047,0,8,116.0,2455.0,1.0227272727272727
vol01:76:5:12,vol01,76,5,gold_legacy,seam_ok,1376.0,0.1657142857143299,0,0,0,0,0,0,0,1.0,,,0,,1,1,seam_narrow,rule,0,2,0,2,0.9565217391304348,1.0695652173913044,0.06956521739130439,0.9565217391304348,1.0695652173913044,0.233,0.1552,0.1552,char,char,0,0,0,0,0,0,touching,0.5714285714285714,0,4,115.0,2431.0,1.0
vol01:51:8:13,vol01,51,8,gold_legacy,seam_ok,1624.0,3.0,0,0,1,0,0,1,5,0.9996,0.007900000000000018,0.9917,5,5.0,2,2,straight,unet,0,0,1,9,0.9912280701754386,1.0350877192982457,0.03508771929824572,0.9912280701754386,1.0350877192982457,0.2195,0.2238,0.2195,char,char,0,0,0,0,0,0,touching,0.6666666666666666,0,3,114.0,2634.0,1.0114285714285713
vol01:45:4:11,vol01,45,4,gold_legacy,seam_ok,1263.0,0.18644067796617492,0,0,0,0,0,0,0,1.0,,,0,,1,1,seam_narrow,rule,0,5,0,5,0.9824561403508771,0.9649122807017544,0.03508771929824561,0.9649122807017544,0.9824561403508771,0.2179,0.2163,0.2163,char,char,0,0,0,0,0,0,touching,0.5238095238095238,0,5,114.0,2444.0,1.0
vol01:71:2:5,vol01,71,2,gold_legacy,seam_ok,590.8571531953738,0.015047932215907167,0,0,1,0,0,0,0,1.0,0.025900000000000034,0.9741,0,249.0,2,2,seam_narrow,rule,0,20,0,20,0.8859649122807017,1.131578947368421,0.13157894736842102,0.8859649122807017,1.131578947368421,0.2746,0.221,0.221,char,char,0,0,0,0,0,0,touching,0.23809523809523808,0,4,114.0,2423.0,0.9715909090909091
vol01:6:5:11,vol01,6,5,gold_legacy,seam_ok,1278.0,0.4090909090909918,0,0,0,0,0,0,0,1.0,,,0,,1,1,seam_narrow,rule,0,5,0,5,1.043103448275862,0.9827586206896551,0.0431034482758621,0.9827586206896551,1.043103448275862,0.2175,0.1759,0.1759,char,char,0,0,0,0,0,0,touching,0.5238095238095238,0,4,116.0,2458.0,0.9943502824858758
vol01:79:5:7,vol01,79,5,gold_legacy,seam_ok,820.9997618854267,0.13977299829423373,0,0,0,0,0,0,35,0.9989,,,35,,1,1,seam_narrow,rule,0,2,0,2,1.0521739130434782,0.9478260869565217,0.05217391304347829,0.9478260869565217,1.0521739130434782,0.2599,0.1676,0.1676,char,char,0,0,0,0,0,0,touching,0.3333333333333333,0,4,115.0,2445.0,1.0
vol01:66:5:8,vol01,66,5,gold_legacy,ok,949.0,0.0,0,0,1,0,0,0,29,0.9989,0.013299999999999979,0.9856,29,29.0,3,3,straight,rule,0,0,4,16,1.0,0.9487179487179487,0.05128205128205132,0.9487179487179487,1.0,0.2272,0.2316,0.2272,char,char,0,0,0,0,0,0,touching,0.38095238095238093,0,2,117.0,2476.0,0.9715909090909091
vol01:9:9:4,vol01,9,9,gold_legacy,seam_ok,476.0,0.1977401129943246,0,0,0,0,0,0,0,1.0,,,0,,1,1,seam_narrow,rule,0,3,0,3,1.0442477876106195,0.9823008849557522,0.04424778761061954,0.9823008849557522,1.0442477876106195,0.173,0.2178,0.173,char,char,0,0,0,0,0,0,touching,0.19047619047619047,0,3,113.0,2417.0,1.0056818181818181
vol01:72:1:3,vol01,72,1,gold_legacy,seam_ok,359.0,0.3352601156069568,0,0,1,0,0,0,3,0.9998,0.0242,0.9756,3,164.0,2,2,seam_narrow,rule,0,15,0,15,1.2241379310344827,0.7931034482758621,0.22413793103448265,0.7931034482758621,1.2241379310344827,0.1753,0.1552,0.1552,char,char,0,0,0,0,0,0,touching,0.14285714285714285,0,4,116.0,2438.0,0.9774011299435028
vol01:65:1:16,vol01,65,1,gold_legacy,seam_ok,1871.0,0.2471264367816275,0,0,1,0,0,0,44,0.9948,-0.0031999999999999806,0.998,20,20.0,2,2,seam_narrow,rule,2,8,2,8,1.0085470085470085,1.1111111111111112,0.11111111111111116,1.0085470085470085,1.1111111111111112,0.227,0.1726,0.1726,char,char,0,0,0,0,0,0,touching,0.7619047619047619,0,3,117.0,2472.0,0.9942857142857143
vol01:47:6:7,vol01,47,6,gold_legacy,ok,976.0,0.5614035087719458,0,0,1,0,0,0,33,0.9983,9.999999999998899e-05,0.9982,33,34.0,2,2,seam_narrow,rule,3,2,3,2,1.0,0.9224137931034483,0.07758620689655171,0.9224137931034483,1.0,0.2304,0.2458,0.2304,char,char,0,0,0,0,0,0,touching,0.38095238095238093,0,5,116.0,2618.0,0.9606741573033708
vol01:46:1:15,vol01,46,1,gold_legacy,seam_ok,1751.0,0.17058823529418987,0,0,0,0,0,0,0,1.0,,,0,,1,1,seam_narrow,rule,0,2,0,2,1.0176991150442478,0.9203539823008849,0.07964601769911506,0.9203539823008849,1.0176991150442478,0.1424,0.1943,0.1424,char,char,0,0,0,0,0,0,touching,0.7142857142857143,0,6,113.0,2450.0,0.9714285714285714
vol01:10:7:14,vol01,10,7,gold_legacy,seam_ok,1605.2178918900204,0.07589342071401006,0,0,1,0,0,0,0,1.0,0.024700000000000055,0.9753,0,176.0,2,2,seam_narrow,rule,0,11,0,11,1.0619469026548674,0.7964601769911505,0.20353982300884954,0.7964601769911505,1.0619469026548674,0.2139,0.1559,0.1559,char,char,0,0,0,0,0,0,touching,0.7142857142857143,0,9,113.0,2446.0,1.0114285714285713
vol01:69:6:14,vol01,69,6,gold_legacy,seam_ok,1605.0,0.49710982658962166,0,0,1,0,0,0,14,0.9987,-0.0012999999999999678,1.0,0,0.0,2,2,seam_narrow,rule,2,6,2,6,1.008849557522124,1.0442477876106195,0.04424778761061954,1.008849557522124,1.0442477876106195,0.1877,0.2472,0.1877,char,char,0,0,0,0,0,0,touching,0.6666666666666666,0,4,113.0,2432.0,0.9774011299435028
vol01:72:1:15,vol01,72,1,gold_legacy,seam_ok,1729.0,7.0,0,1,1,0,0,1,3,0.9999,0.015100000000000002,0.9848,3,3.0,2,2,straight,unet,0,0,1,12,0.9655172413793104,1.0258620689655173,0.03448275862068961,0.9655172413793104,1.0258620689655173,0.2069,0.2355,0.2069,char,char,0,0,0,0,0,0,touching,0.7142857142857143,0,4,116.0,2438.0,0.9774011299435028
vol01:9:1:9,vol01,9,1,gold_legacy,seam_ok,1045.0,1.3567567567567949,0,0,0,0,0,0,0,1.0,,,0,,1,1,seam_narrow,rule,0,3,0,3,1.0884955752212389,0.9734513274336283,0.08849557522123885,0.9734513274336283,1.0884955752212389,0.2687,0.2686,0.2686,char,char,0,0,0,0,0,0,touching,0.42857142857142855,0,4,113.0,2426.0,1.0511363636363635
vol01:6:3:17,vol01,6,3,gold_legacy,ok,1993.0,2.939226519337126,0,0,1,0,0,1,38,0.9971,0.0030000000000000027,0.9941,38,55.0,3,3,seam_narrow,unet,4,9,4,29,0.9655172413793104,0.9913793103448276,0.03448275862068961,0.9655172413793104,0.9913793103448276,0.2074,0.184,0.184,char,char,0,0,0,0,0,0,touching,0.8095238095238095,0,2,116.0,2462.0,1.0225988700564972
vol01:67:1:3,vol01,67,1,gold_legacy,seam_ok,360.0,0.19298245614032794,0,0,0,0,0,0,0,1.0,,,0,,1,1,seam_narrow,rule,0,5,0,5,1.0530973451327434,0.9469026548672567,0.053097345132743445,0.9469026548672567,1.0530973451327434,0.2181,0.198,0.198,char,char,0,0,0,0,0,0,touching,0.14285714285714285,0,6,113.0,2415.0,0.9827586206896551
vol01:76:7:15,vol01,76,7,gold_legacy,ok,1724.0,0.0,0,0,1,0,0,0,10,0.9993,-0.000200000000000089,0.9995,8,10.0,3,3,straight,rule,0,0,4,2,0.9565217391304348,0.991304347826087,0.04347826086956519,0.9565217391304348,0.991304347826087,0.2238,0.2003,0.2003,char,char,0,0,0,0,0,0,touching,0.7142857142857143,0,7,115.0,2423.0,1.0285714285714285
vol01:45:7:13,vol01,45,7,gold_legacy,seam_ok,1485.0,0.4655172413793025,0,0,0,0,0,0,0,1.0,,,0,,1,1,seam_narrow,rule,0,4,0,4,1.043859649122807,0.9649122807017544,0.04385964912280693,0.9649122807017544,1.043859649122807,0.1844,0.2229,0.1844,char,char,0,0,0,0,0,0,touching,0.6190476190476191,0,3,114.0,2437.0,0.9830508474576272
vol01:75:4:19,vol01,75,4,gold_legacy,ok,2170.0,0.0,0,0,1,0,0,0,22,0.9983,0.005900000000000016,0.9924,22,22.0,3,3,straight,rule,0,0,5,13,1.1140350877192982,1.0263157894736843,0.11403508771929816,1.0263157894736843,1.1140350877192982,0.2415,0.1672,0.1672,char,char,0,0,0,0,0,0,touching,0.9047619047619048,0,2,114.0,2432.0,1.0057471264367817
vol01:80:8:13,vol01,80,8,gold_legacy,seam_ok,1553.0,2.198895027624303,0,0,1,0,0,0,29,0.9983,0.0004999999999999449,0.9978,29,34.0,2,2,seam_narrow,rule,1,2,1,2,1.0172413793103448,0.9482758620689655,0.051724137931034475,0.9482758620689655,1.0172413793103448,0.2677,0.2542,0.2542,char,char,0,0,0,0,0,0,touching,0.6190476190476191,0,2,116.0,2454.0,1.0284090909090908
vol01:10:5:13,vol01,10,5,gold_legacy,ok,1488.0,1.905882352941262,0,0,1,1,1,0,106,0.9877,0.0020000000000000018,0.9857,0,123.0,2,4,seam_narrow,rule,2,4,2,4,0.9469026548672567,1.0176991150442478,0.053097345132743334,0.9469026548672567,1.0176991150442478,0.1896,0.2559,0.1896,char,char,0,0,0,0,0,0,touching,0.6190476190476191,0,7,113.0,2438.0,0.9714285714285714
vol01:78:5:3,vol01,78,5,gold_legacy,seam_ok,376.0,0.03529411764708357,0,0,0,0,0,0,0,1.0,,,0,,1,1,seam_narrow,rule,0,9,0,9,1.0884955752212389,1.0353982300884956,0.08849557522123885,1.0353982300884956,1.0884955752212389,0.211,0.2289,0.211,char,char,0,0,0,0,0,0,touching,0.14285714285714285,0,7,113.0,2414.0,0.9550561797752809
vol01:79:1:9,vol01,79,1,gold_legacy,seam_ok,1049.0016733771831,1.4672531764892938,0,0,1,0,0,0,1,1.0,0.022199999999999998,0.9778,1,132.0,2,2,seam_narrow,rule,0,14,0,14,0.9565217391304348,1.0260869565217392,0.04347826086956519,0.9565217391304348,1.0260869565217392,0.2112,0.2187,0.2112,char,char,0,0,0,0,0,0,touching,0.42857142857142855,0,9,115.0,2437.0,1.0290697674418605
vol01:71:1:7,vol01,71,1,gold_legacy,ok,817.0,0.0,0,0,1,0,0,0,17,0.9981,0.022499999999999964,0.9756,17,17.0,3,3,straight,rule,0,0,6,20,0.9385964912280702,1.043859649122807,0.06140350877192979,0.9385964912280702,1.043859649122807,0.2136,0.2723,0.2136,char,char,0,0,0,0,0,0,touching,0.3333333333333333,0,4,114.0,2434.0,1.0568181818181819
vol01:9:6:14,vol01,9,6,gold_legacy,seam_ok,1598.0,0.01666666666665151,0,0,0,0,0,0,0,1.0,,,0,,1,1,seam_narrow,rule,0,3,0,3,0.9734513274336283,0.911504424778761,0.08849557522123896,0.911504424778761,0.9734513274336283,0.1993,0.1534,0.1534,char,char,0,0,0,0,0,0,touching,0.6666666666666666,0,2,113.0,2425.0,1.0227272727272727
vol01:151:3:16,vol01,151,3,gold_legacy,seam_ok,1866.0,4.0,0,0,1,0,0,1,7,0.999,0.009499999999999953,0.9895,7,7.0,2,2,straight,unet,0,0,0,10,1.043103448275862,0.9741379310344828,0.0431034482758621,0.9741379310344828,1.043103448275862,0.2459,0.1933,0.1933,char,char,0,0,0,0,0,0,touching,0.7619047619047619,0,3,116.0,2500.0,1.0057142857142858
vol01:4:3:12,vol01,4,3,gold_legacy,seam_ok,1377.0,3.817647058823468,0,0,0,0,0,0,0,1.0,,,0,,1,1,seam_narrow,rule,0,7,0,7,0.9391304347826087,1.0,0.060869565217391286,0.9391304347826087,1.0,0.165,0.2347,0.165,char,char,0,0,0,0,0,0,touching,0.5714285714285714,0,2,115.0,2446.0,0.9497206703910615
vol01:6:6:16,vol01,6,6,gold_legacy,seam_ok,1862.0,0.2890173410405623,0,0,0,0,0,0,0,1.0,,,0,,1,1,seam_narrow,rule,0,3,0,3,1.0258620689655173,1.0,0.02586206896551735,1.0,1.0258620689655173,0.2252,0.229,0.2252,char,char,0,0,0,0,0,0,touching,0.7619047619047619,0,6,116.0,2457.0,0.9774011299435028
vol01:82:7:14,vol01,82,7,gold_legacy,seam_ok,1662.0,0.4350282485875141,0,0,0,0,0,0,0,1.0,,,0,,1,1,seam_narrow,rule,0,4,0,4,0.9830508474576272,0.9661016949152542,0.03389830508474578,0.9661016949152542,0.9830508474576272,0.2502,0.1978,0.1978,char,char,0,0,0,0,0,0,touching,0.6666666666666666,0,5,118.0,2476.0,1.0114285714285713
vol01:45:8:8,vol01,45,8,gold_legacy,ok,924.0,0.0,0,0,1,0,0,1,29,0.9934,0.0240999999999999,0.9693,29,29.0,2,2,straight,unet,0,0,2,13,1.0350877192982457,0.956140350877193,0.04385964912280704,0.956140350877193,1.0350877192982457,0.2131,0.2052,0.2052,char,char,0,0,0,0,0,0,touching,0.38095238095238093,0,4,114.0,2438.0,1.0
vol01:76:7:16,vol01,76,7,gold_legacy,seam_ok,1834.0,0.933333333333394,0,0,1,0,0,0,24,0.9958,-0.0007000000000000339,0.9965,24,37.0,2,2,seam_narrow,rule,1,7,1,7,0.991304347826087,1.017391304347826,0.017391304347825987,0.991304347826087,1.017391304347826,0.2003,0.1688,0.1688,char,char,0,0,0,0,0,0,touching,0.7619047619047619,0,7,115.0,2423.0,1.0285714285714285
vol01:80:4:6,vol01,80,4,gold_legacy,seam_ok,708.0,0.16666666666662877,0,0,1,1,0,0,71,0.9951,0.012699999999999934,0.9824,8,110.0,2,5,seam_narrow,rule,0,13,0,13,1.0517241379310345,0.9310344827586207,0.06896551724137934,0.9310344827586207,1.0517241379310345,0.215,0.2122,0.2122,char,char,0,0,0,0,0,0,touching,0.2857142857142857,0,8,116.0,2455.0,1.0227272727272727
vol01:69:1:12,vol01,69,1,gold_legacy,seam_ok,1375.0,0.02173913043475295,0,0,1,1,0,0,61,0.9973,0.0015999999999999348,0.9957,4,52.0,2,5,seam_narrow,rule,3,13,3,13,0.9292035398230089,1.1061946902654867,0.10619469026548667,0.9292035398230089,1.1061946902654867,0.1878,0.2221,0.1878,char,char,0,0,0,0,0,0,touching,0.5714285714285714,1,3,113.0,2424.0,1.03954802259887
vol01:83:3:10,vol01,83,3,gold_legacy,seam_ok,1168.0,0.4117647058824332,0,0,0,0,0,0,0,1.0,,,0,,1,1,seam_narrow,rule,0,3,0,3,1.0,1.0086206896551724,0.008620689655172376,1.0,1.0086206896551724,0.2376,0.2814,0.2376,char,char,0,0,0,0,0,0,touching,0.47619047619047616,0,3,116.0,2485.0,0.9770114942528736
vol01:10:2:4,vol01,10,2,gold_legacy,seam_ok,478.999604084973,1.0111647786146136,0,0,0,0,0,0,2,1.0,,,2,,1,1,seam_narrow,rule,0,3,0,3,1.0530973451327434,0.9734513274336283,0.053097345132743445,0.9734513274336283,1.0530973451327434,0.2122,0.3059,0.2122,char,char,0,0,0,0,0,0,touching,0.19047619047619047,0,2,113.0,2440.0,0.9885714285714285
vol01:71:7:12,vol01,71,7,gold_legacy,seam_ok,1381.0056619566926,0.16287736915001005,0,0,1,0,0,0,0,1.0,0.016700000000000048,0.9833,0,130.0,2,2,seam_narrow,rule,0,12,0,12,0.9736842105263158,1.0964912280701755,0.09649122807017552,0.9736842105263158,1.0964912280701755,0.1835,0.1865,0.1835,char,char,0,0,0,0,0,0,touching,0.5714285714285714,0,3,114.0,2427.0,1.0113636363636365
vol01:75:7:9,vol01,75,7,gold_legacy,seam_ok,1024.0,0.7485714285713811,0,0,1,0,0,0,0,1.0,0.012499999999999956,0.9875,0,106.0,2,2,seam_narrow,rule,0,15,0,15,0.8333333333333334,1.1666666666666667,0.16666666666666674,0.8333333333333334,1.1666666666666667,0.1987,0.2156,0.1987,char,char,0,0,0,0,0,0,touching,0.42857142857142855,0,4,114.0,2436.0,1.0057471264367817
vol01:9:1:8,vol01,9,1,gold_legacy,seam_ok,923.0,0.2918918918918507,0,0,0,0,0,0,0,1.0,,,0,,1,1,seam_narrow,rule,0,3,0,3,0.9734513274336283,1.0884955752212389,0.08849557522123885,0.9734513274336283,1.0884955752212389,0.3513,0.2687,0.2687,char,char,0,0,0,0,0,0,touching,0.38095238095238093,0,4,113.0,2426.0,1.0511363636363635
vol01:65:3:13,vol01,65,3,gold_legacy,seam_ok,1530.0,0.21965317919080007,0,0,0,0,0,0,0,1.0,,,0,,1,1,seam_narrow,rule,0,3,0,3,1.0256410256410255,0.9572649572649573,0.042735042735042694,0.9572649572649573,1.0256410256410255,0.1869,0.1743,0.1743,char,char,0,0,0,0,0,0,touching,0.6190476190476191,0,2,117.0,2479.0,0.9885714285714285
vol01:79:8:6,vol01,79,8,gold_legacy,seam_ok,693.1240715546645,4.982026100119015,0,0,1,1,1,0,233,0.9731,-0.0028000000000000247,0.9759,0,209.0,2,5,seam_narrow,rule,2,5,2,5,0.9391304347826087,1.1043478260869566,0.10434782608695659,0.9391304347826087,1.1043478260869566,0.1561,0.2442,0.1561,char,char,0,0,0,0,0,0,touching,0.2857142857142857,0,7,115.0,2457.0,1.0232558139534884
vol01:6:2:14,vol01,6,2,gold_legacy,ok,1635.0,0.0,0,0,1,0,0,0,7,0.9996,0.020400000000000085,0.9792,7,7.0,3,3,straight,rule,0,0,5,20,1.0086206896551724,1.0172413793103448,0.01724137931034475,1.0086206896551724,1.0172413793103448,0.1598,0.1752,0.1598,char,char,0,0,0,0,0,0,touching,0.6666666666666666,0,7,116.0,2457.0,0.9830508474576272
vol01:76:7:11,vol01,76,7,gold_legacy,seam_ok,1282.0,0.3055555555556566,0,0,1,0,0,0,0,1.0,0.00770000000000004,0.9923,0,75.0,2,2,seam_narrow,rule,0,11,0,11,0.9652173913043478,0.9565217391304348,0.04347826086956519,0.9565217391304348,0.9652173913043478,0.2274,0.1919,0.1919,char,char,0,0,0,0,0,0,touching,0.5238095238095238,0,7,115.0,2423.0,1.0285714285714285
vol01:77:5:16,vol01,77,5,gold_legacy,moved,1839.9106573409981,0.5893426590018862,1,0,1,0,0,0,0,1.0,0.024700000000000055,0.9753,0,328.0,3,3,seam_wide,rule,0,24,4,24,0.8584070796460177,1.1238938053097345,0.1415929203539823,0.8584070796460177,1.1238938053097345,0.2522,0.1944,0.1944,char,char,0,0,0,0,0,0,touching,0.7619047619047619,0,2,113.0,2436.0,1.0
vol01:80:4:13,vol01,80,4,gold_legacy,seam_ok,1520.0,0.3055555555556566,0,0,1,0,0,0,0,1.0,,,0,,1,1,seam_narrow,rule,0,1,0,1,1.103448275862069,0.9310344827586207,0.10344827586206895,0.9310344827586207,1.103448275862069,0.1727,0.1892,0.1727,char,char,0,0,0,0,0,0,touching,0.6190476190476191,0,8,116.0,2455.0,1.0227272727272727
vol01:75:7:12,vol01,75,7,gold_legacy,seam_ok,1364.0,0.3142857142856883,0,0,0,0,0,0,0,1.0,,,0,,1,1,seam_narrow,rule,0,2,0,2,1.0,1.0,0.0,1.0,1.0,0.2145,0.1886,0.1886,char,char,0,0,0,0,0,0,touching,0.5714285714285714,0,4,114.0,2436.0,1.0057471264367817
vol01:65:9:11,vol01,65,9,gold_legacy,seam_ok,1313.0,2.093922651933781,0,0,0,0,0,0,0,1.0,,,0,,1,1,seam_narrow,rule,0,3,0,3,1.0256410256410255,0.9743589743589743,0.02564102564102566,0.9743589743589743,1.0256410256410255,0.1884,0.2171,0.1884,char,char,0,0,0,0,0,0,touching,0.5238095238095238,0,1,117.0,2482.0,1.0342857142857143
vol01:46:1:16,vol01,46,1,gold_legacy,seam_ok,1857.0,0.32941176470581013,0,0,0,0,0,0,0,1.0,,,0,,1,1,seam_narrow,rule,0,3,0,3,0.9203539823008849,0.9734513274336283,0.07964601769911506,0.9203539823008849,0.9734513274336283,0.1943,0.21,0.1943,char,char,0,0,0,0,0,0,touching,0.7619047619047619,0,6,113.0,2450.0,0.9714285714285714
vol01:79:7:5,vol01,79,7,gold_legacy,seam_ok,583.9742398999316,0.05960575359017639,0,0,0,0,0,0,0,1.0,,,0,,1,1,seam_narrow,rule,0,6,0,6,0.9826086956521739,1.008695652173913,0.017391304347826098,0.9826086956521739,1.008695652173913,0.2107,0.2513,0.2107,char,char,0,0,0,0,0,0,touching,0.23809523809523808,0,4,115.0,2462.0,0.9534883720930233
vol01:6:5:18,vol01,6,5,gold_legacy,seam_ok,2084.0,0.43181818181801646,0,0,0,0,0,0,0,1.0,,,0,,1,1,seam_narrow,rule,0,4,0,4,0.9913793103448276,0.9827586206896551,0.017241379310344862,0.9827586206896551,0.9913793103448276,0.2032,0.2077,0.2032,char,char,0,0,0,0,0,0,touching,0.8571428571428571,0,4,116.0,2458.0,0.9943502824858758
vol01:69:6:12,vol01,69,6,gold_legacy,seam_ok,1378.0,0.011560693641513353,0,0,0,0,0,0,0,1.0,,,0,,1,1,seam_narrow,rule,0,2,0,2,1.0884955752212389,0.9823008849557522,0.08849557522123885,0.9823008849557522,1.0884955752212389,0.264,0.2372,0.2372,char,char,0,0,0,0,0,0,touching,0.5714285714285714,0,4,113.0,2432.0,0.9774011299435028
vol01:80:3:3,vol01,80,3,gold_legacy,seam_ok,369.0,0.005681818181813014,0,0,1,0,0,0,0,1.0,0.017000000000000015,0.983,0,146.0,2,2,seam_narrow,rule,0,18,0,18,1.0517241379310345,1.0948275862068966,0.09482758620689657,1.0517241379310345,1.0948275862068966,0.2116,0.1755,0.1755,char,char,0,0,0,0,0,0,touching,0.14285714285714285,0,4,116.0,2452.0,1.0
vol01:6:7:13,vol01,6,7,gold_legacy,seam_ok,1515.0,0.23163841807900099,0,0,1,0,0,0,0,1.0,,,0,,1,1,seam_narrow,rule,0,5,0,5,0.7931034482758621,0.9827586206896551,0.2068965517241379,0.7931034482758621,0.9827586206896551,0.1863,0.186,0.186,char,char,0,0,0,0,0,0,touching,0.6190476190476191,0,3,116.0,2457.0,1.0
vol01:46:1:9,vol01,46,1,gold_legacy,seam_ok,1081.0,1.1235294117645935,0,0,1,1,0,0,77,0.9931,-0.0006000000000000449,0.9937,1,70.0,2,3,seam_narrow,rule,1,3,1,3,0.9823008849557522,1.0442477876106195,0.04424778761061954,0.9823008849557522,1.0442477876106195,0.227,0.2481,0.227,char,char,0,0,0,0,0,0,touching,0.42857142857142855,0,6,113.0,2450.0,0.9714285714285714
vol01:81:2:4,vol01,81,2,gold_legacy,ok,486.0,0.0,0,0,1,0,0,0,16,0.9991,0.008599999999999941,0.9905,16,16.0,3,3,straight,rule,0,0,7,19,1.0258620689655173,1.0517241379310345,0.051724137931034475,1.0258620689655173,1.0517241379310345,0.2763,0.3063,0.2763,char,char,0,0,0,0,0,0,touching,0.19047619047619047,0,7,116.0,2488.0,0.9883720930232558
vol01:10:4:13,vol01,10,4,gold_legacy,seam_ok,1495.9909708777432,0.26042577030148095,0,0,1,0,0,0,0,1.0,0.023800000000000043,0.9762,0,192.0,2,2,seam_narrow,rule,0,16,0,16,1.0973451327433628,0.9026548672566371,0.09734513274336287,0.9026548672566371,1.0973451327433628,0.2081,0.1891,0.1891,char,char,0,0,0,0,0,0,touching,0.6190476190476191,0,1,113.0,2449.0,1.022857142857143
vol01:83:9:5,vol01,83,9,gold_legacy,seam_ok,602.0,1.2944444444444798,0,0,1,0,0,0,2,0.9999,9.999999999998899e-05,0.9998,2,3.0,2,2,seam_narrow,rule,3,1,3,1,1.0086206896551724,1.0344827586206897,0.034482758620689724,1.0086206896551724,1.0344827586206897,0.2279,0.1919,0.1919,char,char,0,0,0,0,0,0,touching,0.23809523809523808,0,5,116.0,2458.0,1.0344827586206897
vol01:69:4:13,vol01,69,4,gold_legacy,seam_ok,1487.0,0.15909090909099177,0,0,0,0,0,0,0,1.0,,,0,,1,1,seam_narrow,rule,0,2,0,2,0.9734513274336283,0.9911504424778761,0.026548672566371723,0.9734513274336283,0.9911504424778761,0.2248,0.1812,0.1812,char,char,0,0,0,0,0,0,touching,0.6190476190476191,0,4,113.0,2434.0,0.9943502824858758
vol01:80:4:15,vol01,80,4,gold_legacy,seam_ok,1749.0,0.07222222222230812,0,0,1,0,0,0,2,1.0,0.0006000000000000449,0.9994,2,10.0,2,2,seam_narrow,rule,1,3,1,3,1.0258620689655173,0.9913793103448276,0.02586206896551735,0.9913793103448276,1.0258620689655173,0.2101,0.2274,0.2101,char,char,0,0,0,0,0,0,touching,0.7142857142857143,0,8,116.0,2455.0,1.0227272727272727
vol01:6:2:13,vol01,6,2,gold_legacy,seam_ok,1518.0,0.18390804597697752,0,0,1,0,0,0,59,0.9907,0.0,0.9907,56,56.0,2,2,seam_narrow,rule,2,2,2,2,0.9051724137931034,1.0086206896551724,0.09482758620689657,0.9051724137931034,1.0086206896551724,0.1695,0.1598,0.1598,char,char,0,0,0,0,0,0,touching,0.6190476190476191,0,7,116.0,2457.0,0.9830508474576272
vol01:4:1:2,vol01,4,1,gold_legacy,ok,239.0,0.0,0,0,1,0,0,0,12,0.9989,-9.999999999998899e-05,0.999,11,12.0,3,3,straight,rule,0,0,6,2,1.0347826086956522,0.9826086956521739,0.034782608695652195,0.9826086956521739,1.0347826086956522,0.1826,0.2205,0.1826,char,char,0,0,0,0,0,0,touching,0.09523809523809523,0,3,115.0,2447.0,1.0167597765363128
vol01:45:4:20,vol01,45,4,gold_legacy,seam_ok,2283.0,0.768361581920999,0,0,1,0,0,0,0,1.0,0.024399999999999977,0.9756,0,204.0,2,2,seam_narrow,rule,0,17,0,17,1.1403508771929824,1.2982456140350878,0.29824561403508776,1.1403508771929824,1.2982456140350878,0.2169,0.1274,0.1274,char,char,0,0,0,0,0,0,touching,0.9523809523809523,1,5,114.0,2444.0,1.0
vol01:81:3:14,vol01,81,3,gold_legacy,ok,1629.0,7.470588235294144,0,1,1,1,1,0,366,0.9625,0.007400000000000073,0.9551,0,431.0,2,5,seam_narrow,rule,3,12,3,12,0.8189655172413793,1.1724137931034482,0.18103448275862066,0.8189655172413793,1.1724137931034482,0.252,0.2079,0.2079,char,char,0,0,0,0,0,0,touching,0.6666666666666666,0,5,116.0,2493.0,0.9883720930232558
vol01:10:6:10,vol01,10,6,gold_legacy,seam_ok,1154.999899254967,1.7776770327448048,0,0,0,0,0,0,0,1.0,,,0,,1,1,seam_narrow,rule,0,2,0,2,1.0,1.0265486725663717,0.026548672566371723,1.0,1.0265486725663717,0.2185,0.2637,0.2185,char,char,0,0,0,0,0,0,touching,0.47619047619047616,0,6,113.0,2433.0,1.0285714285714285
vol01:83:2:6,vol01,83,2,gold_legacy,seam_ok,702.0,0.0404624277456378,0,0,0,0,0,0,0,1.0,,,0,,1,1,seam_narrow,rule,0,3,0,3,0.9741379310344828,1.0517241379310345,0.051724137931034475,0.9741379310344828,1.0517241379310345,0.199,0.2269,0.199,char,char,0,0,0,0,0,0,touching,0.2857142857142857,0,2,116.0,2498.0,0.9942528735632183
vol01:69:4:15,vol01,69,4,gold_legacy,seam_ok,1711.0,0.49431818181824383,0,0,0,0,0,0,0,1.0,,,0,,1,1,seam_narrow,rule,0,1,0,1,0.9911504424778761,0.9911504424778761,0.008849557522123908,0.9911504424778761,0.9911504424778761,0.1786,0.1812,0.1786,char,char,0,0,0,0,0,0,touching,0.7142857142857143,0,4,113.0,2434.0,0.9943502824858758
vol01:80:4:16,vol01,80,4,gold_legacy,seam_ok,1863.0,0.0,0,0,1,0,0,0,7,0.9997,0.00019999999999997797,0.9995,7,9.0,2,2,seam_narrow,rule,2,2,2,2,0.9913793103448276,1.0,0.008620689655172376,0.9913793103448276,1.0,0.2274,0.2292,0.2274,char,char,0,0,0,0,0,0,touching,0.7619047619047619,0,8,116.0,2455.0,1.0227272727272727
vol01:79:3:3,vol01,79,3,gold_legacy,seam_ok,360.0176657240527,0.12351074653554406,0,0,0,0,0,0,0,1.0,,,0,,1,1,seam_narrow,rule,0,2,0,2,0.9739130434782609,0.9826086956521739,0.02608695652173909,0.9739130434782609,0.9826086956521739,0.234,0.202,0.202,char,char,0,0,0,0,0,0,touching,0.14285714285714285,0,4,115.0,2450.0,0.9883720930232558
vol01:76:9:15,vol01,76,9,gold_legacy,moved,1736.0,0.7382198952880117,1,0,1,0,0,0,12,0.9997,0.0262,0.9735,12,335.0,3,3,seam_wide,rule,0,22,6,22,0.9043478260869565,1.1391304347826088,0.13913043478260878,0.9043478260869565,1.1391304347826088,0.2373,0.1604,0.1604,char,char,0,0,0,0,0,0,touching,0.7142857142857143,0,6,115.0,2433.0,1.0914285714285714
vol01:6:4:13,vol01,6,4,gold_legacy,seam_ok,1510.0,0.12154696132597564,0,0,1,0,0,0,1,0.9999,0.005700000000000038,0.9942,1,44.0,2,2,seam_narrow,rule,1,6,1,6,1.0172413793103448,0.9310344827586207,0.06896551724137934,0.9310344827586207,1.0172413793103448,0.2245,0.1241,0.1241,char,char,0,0,0,0,0,0,touching,0.6190476190476191,0,9,116.0,2450.0,1.0225988700564972
vol01:80:5:8,vol01,80,5,gold_legacy,seam_ok,941.0,0.47701149425290623,0,0,0,0,0,0,0,1.0,,,0,,1,1,seam_narrow,rule,0,2,0,2,0.9827586206896551,1.043103448275862,0.0431034482758621,0.9827586206896551,1.043103448275862,0.1856,0.1734,0.1734,char,char,0,0,0,0,0,0,touching,0.38095238095238093,0,3,116.0,2471.0,0.9886363636363636
vol01:6:2:16,vol01,6,2,gold_legacy,seam_ok,1865.0,0.9712643678160475,0,0,1,0,0,0,0,1.0,0.018199999999999994,0.9818,0,142.0,2,2,seam_narrow,rule,0,16,0,16,1.0775862068965518,0.9396551724137931,0.07758620689655182,0.9396551724137931,1.0775862068965518,0.1914,0.193,0.1914,char,char,0,0,0,0,0,0,touching,0.7619047619047619,0,7,116.0,2457.0,0.9830508474576272
vol01:4:3:15,vol01,4,3,gold_legacy,seam_ok,1719.0,2.494117647058829,0,0,0,0,0,0,0,1.0,,,0,,1,1,seam_narrow,rule,0,7,0,7,1.0,1.008695652173913,0.008695652173912993,1.0,1.008695652173913,0.1561,0.1661,0.1561,char,char,0,0,0,0,0,0,touching,0.7142857142857143,0,2,115.0,2446.0,0.9497206703910615
vol01:69:1:9,vol01,69,1,gold_legacy,seam_ok,1030.0,0.771739130434753,0,0,0,0,0,0,0,1.0,,,0,,1,1,seam_narrow,rule,0,3,0,3,0.9911504424778761,0.9734513274336283,0.026548672566371723,0.9734513274336283,0.9911504424778761,0.2082,0.2355,0.2082,char,char,0,0,0,0,0,0,touching,0.42857142857142855,0,3,113.0,2424.0,1.03954802259887
vol01:79:8:12,vol01,79,8,gold_legacy,ok,1388.0,0.0,0,0,1,0,0,0,16,0.9989,0.01419999999999999,0.9847,16,16.0,3,3,straight,rule,0,0,7,22,1.0,0.9739130434782609,0.02608695652173909,0.9739130434782609,1.0,0.2411,0.2316,0.2316,char,char,0,0,0,0,0,0,touching,0.5714285714285714,0,7,115.0,2457.0,1.0232558139534884
vol01:76:2:8,vol01,76,2,gold_legacy,seam_ok,938.0,0.06936416184976224,0,0,1,0,0,0,0,1.0,,,0,,1,1,seam_narrow,rule,0,6,0,6,1.017391304347826,0.8608695652173913,0.13913043478260867,0.8608695652173913,1.017391304347826,0.2389,0.2141,0.2141,char,char,0,0,0,0,0,0,touching,0.38095238095238093,0,5,115.0,2433.0,0.9885714285714285
vol01:5:6:6,vol01,5,6,gold_legacy,seam_ok,710.0,0.9768786127167459,0,0,0,0,0,0,0,1.0,,,0,,1,1,seam_narrow,rule,0,2,0,2,1.0086206896551724,1.0,0.008620689655172376,1.0,1.0086206896551724,0.209,0.2409,0.209,char,char,0,0,0,0,0,0,touching,0.2857142857142857,0,7,116.0,2447.0,1.0
vol01:6:6:3,vol01,6,6,gold_legacy,seam_ok,353.0,0.36994219653178106,0,0,1,0,0,0,0,1.0,,,0,,1,1,seam_narrow,rule,0,7,0,7,0.9482758620689655,1.1206896551724137,0.1206896551724137,0.9482758620689655,1.1206896551724137,0.1834,0.2201,0.1834,char,char,0,0,0,0,0,0,touching,0.14285714285714285,0,6,116.0,2457.0,0.9774011299435028
vol01:78:5:18,vol01,78,5,gold_legacy,seam_ok,2065.0,6.0,0,1,1,0,0,1,23,0.9978,0.005700000000000038,0.9921,23,23.0,2,2,straight,unet,0,0,2,12,1.0530973451327434,0.9380530973451328,0.06194690265486724,0.9380530973451328,1.0530973451327434,0.2581,0.1858,0.1858,char,char,0,0,0,0,0,0,touching,0.8571428571428571,0,7,113.0,2414.0,0.9550561797752809
vol01:79:1:14,vol01,79,1,gold_legacy,seam_ok,1632.8747849269246,0.057418462905843626,0,0,1,0,0,0,0,1.0,0.033299999999999996,0.9667,0,171.0,2,2,seam_narrow,rule,0,17,0,17,1.0782608695652174,0.8434782608695652,0.15652173913043477,0.8434782608695652,1.0782608695652174,0.2592,0.2044,0.2044,char,char,0,0,0,0,0,0,touching,0.6666666666666666,0,9,115.0,2437.0,1.0290697674418605
vol01:76:9:20,vol01,76,9,gold_legacy,cand,2312.0,7.240837696334893,1,1,1,1,1,0,194,0.9769,0.023699999999999943,0.9532,0,376.0,2,5,seam_narrow,rule,2,16,2,16,1.1652173913043478,0.9304347826086956,0.16521739130434776,0.9304347826086956,1.1652173913043478,0.1976,0.1304,0.1304,char,char,0,0,0,0,0,0,touching,0.9523809523809523,1,6,115.0,2433.0,1.0914285714285714
vol01:81:2:8,vol01,81,2,gold_legacy,ok,953.0,0.0,0,0,1,0,0,0,8,0.9996,0.020100000000000007,0.9795,8,8.0,3,3,straight,rule,0,0,4,11,1.0086206896551724,1.0,0.008620689655172376,1.0,1.0086206896551724,0.2201,0.2709,0.2201,char,char,0,0,0,0,0,0,touching,0.38095238095238093,0,7,116.0,2488.0,0.9883720930232558
vol01:10:5:5,vol01,10,5,gold_legacy,seam_ok,591.0000635311308,0.41758352769272733,0,0,0,0,0,0,0,1.0,,,0,,1,1,seam_narrow,rule,0,2,0,2,1.0176991150442478,0.9911504424778761,0.017699115044247815,0.9911504424778761,1.0176991150442478,0.2951,0.302,0.2951,char,char,0,0,0,0,0,0,touching,0.23809523809523808,0,7,113.0,2438.0,0.9714285714285714
vol01:46:1:4,vol01,46,1,gold_legacy,seam_ok,506.0,0.43529411764706083,0,0,1,0,0,0,0,1.0,,,0,,1,1,seam_narrow,rule,0,4,0,4,1.0707964601769913,1.1061946902654867,0.10619469026548667,1.0707964601769913,1.1061946902654867,0.24,0.2507,0.24,char,char,0,0,0,0,0,0,touching,0.19047619047619047,0,6,113.0,2450.0,0.9714285714285714
vol01:6:4:11,vol01,6,4,gold_legacy,seam_ok,1282.0,0.3977900552486062,0,0,1,0,0,0,9,0.9992,0.0041999999999999815,0.995,9,45.0,2,2,seam_narrow,rule,3,8,3,8,1.0,0.9655172413793104,0.03448275862068961,0.9655172413793104,1.0,0.1923,0.2235,0.1923,char,char,0,0,0,0,0,0,touching,0.5238095238095238,0,9,116.0,2450.0,1.0225988700564972
vol01:76:7:13,vol01,76,7,gold_legacy,seam_ok,1502.0,0.36666666666656056,0,0,0,0,0,0,0,1.0,,,0,,1,1,seam_narrow,rule,0,4,0,4,1.0,0.9826086956521739,0.017391304347826098,0.9826086956521739,1.0,0.2124,0.1619,0.1619,char,char,0,0,0,0,0,0,touching,0.6190476190476191,0,7,115.0,2423.0,1.0285714285714285
vol01:81:4:19,vol01,81,4,gold_legacy,ok,2221.0,0.0,0,0,1,0,0,0,12,0.9992,0.0,0.9992,12,12.0,3,3,straight,rule,0,0,9,2,0.9568965517241379,1.0517241379310345,0.051724137931034475,0.9568965517241379,1.0517241379310345,0.1637,0.3005,0.1637,char,char,0,0,0,0,0,0,touching,0.9047619047619048,0,2,116.0,2491.0,1.0
vol01:45:4:9,vol01,45,4,gold_legacy,seam_ok,1033.0,0.4237288135593644,0,0,0,0,0,0,0,1.0,,,0,,1,1,seam_narrow,rule,0,4,0,4,0.9035087719298246,1.043859649122807,0.0964912280701754,0.9035087719298246,1.043859649122807,0.184,0.1207,0.1207,char,char,0,0,0,0,0,0,touching,0.42857142857142855,0,5,114.0,2444.0,1.0
vol01:10:9:13,vol01,10,9,gold_legacy,seam_ok,1492.0042833975747,4.995716602425318,0,0,1,0,0,1,6,0.9995,0.013500000000000068,0.986,6,6.0,2,2,straight,unet,0,0,2,9,1.0442477876106195,0.9292035398230089,0.07079646017699115,0.9292035398230089,1.0442477876106195,0.217,0.2276,0.217,char,char,0,0,0,0,0,0,touching,0.6190476190476191,0,4,113.0,2442.0,1.0285714285714285
vol01:5:5:10,vol01,5,5,gold_legacy,seam_ok,1172.9836570461464,0.46388303484695825,0,0,0,0,0,0,0,1.0,,,0,,1,1,seam_narrow,rule,0,8,0,8,0.9310344827586207,1.0603448275862069,0.06896551724137934,0.9310344827586207,1.0603448275862069,0.1999,0.2296,0.1999,char,char,0,0,0,0,0,0,touching,0.47619047619047616,0,7,116.0,2456.0,1.023121387283237
vol01:6:6:17,vol01,6,6,gold_legacy,seam_ok,1979.0,0.28323699421957826,0,0,0,0,0,0,0,1.0,,,0,,1,1,seam_narrow,rule,0,4,0,4,1.0,0.9482758620689655,0.051724137931034475,0.9482758620689655,1.0,0.229,0.1463,0.1463,char,char,0,0,0,0,0,0,touching,0.8095238095238095,0,6,116.0,2457.0,0.9774011299435028
vol01:76:1:7,vol01,76,1,gold_legacy,seam_ok,821.0,0.3922651933701218,0,0,0,0,0,0,0,1.0,,,0,,1,1,seam_narrow,rule,0,5,0,5,1.008695652173913,0.9652173913043478,0.034782608695652195,0.9652173913043478,1.008695652173913,0.2241,0.2145,0.2145,char,char,0,0,0,0,0,0,touching,0.3333333333333333,0,4,115.0,2434.0,1.0342857142857143
vol01:81:2:15,vol01,81,2,gold_legacy,seam_ok,1766.0,4.0,0,0,1,0,0,1,19,0.9992,0.005099999999999993,0.9941,19,19.0,2,2,straight,unet,0,0,3,10,1.0,0.9655172413793104,0.03448275862068961,0.9655172413793104,1.0,0.2007,0.2203,0.2007,char,char,0,0,0,0,0,0,touching,0.7142857142857143,0,7,116.0,2488.0,0.9883720930232558
vol01:45:9:13,vol01,45,9,gold_legacy,ok,1476.0,0.0,0,0,1,0,0,1,5,0.9997,0.01429999999999998,0.9854,5,5.0,2,2,straight,unet,0,0,3,15,1.0263157894736843,0.9912280701754386,0.026315789473684292,0.9912280701754386,1.0263157894736843,0.2713,0.2129,0.2129,char,char,0,0,0,0,0,0,touching,0.6190476190476191,0,4,114.0,2430.0,1.0282485875706215
vol01:10:6:12,vol01,10,6,gold_legacy,seam_ok,1380.998370452058,3.9705926742801694,0,0,0,0,0,0,0,1.0,,,0,,1,1,seam_narrow,rule,0,4,0,4,0.9380530973451328,1.0176991150442478,0.06194690265486724,0.9380530973451328,1.0176991150442478,0.2317,0.2196,0.2196,char,char,0,0,0,0,0,0,touching,0.5714285714285714,0,6,113.0,2433.0,1.0285714285714285
vol01:79:2:10,vol01,79,2,gold_legacy,seam_ok,1166.9997307088136,0.13993409565568982,0,0,0,0,0,0,0,1.0,,,0,,1,1,seam_narrow,rule,0,3,0,3,1.008695652173913,0.991304347826087,0.008695652173912993,0.991304347826087,1.008695652173913,0.2435,0.2194,0.2194,char,char,0,0,0,0,0,0,touching,0.47619047619047616,0,6,115.0,2451.0,1.0406976744186047
vol01:76:2:17,vol01,76,2,gold_legacy,seam_ok,1950.0,2.606936416184908,0,0,1,0,0,0,0,1.0,0.013800000000000034,0.9862,0,121.0,2,2,seam_narrow,rule,0,12,0,12,1.017391304347826,1.0260869565217392,0.026086956521739202,1.017391304347826,1.0260869565217392,0.1946,0.2362,0.1946,char,char,0,0,0,0,0,0,touching,0.8095238095238095,0,5,115.0,2433.0,0.9885714285714285
vol01:81:2:7,vol01,81,2,gold_legacy,ok,836.0,0.0,0,0,1,0,0,0,6,0.9997,-0.00019999999999997797,0.9999,1,6.0,3,3,straight,rule,0,0,4,4,0.9827586206896551,1.0086206896551724,0.017241379310344862,0.9827586206896551,1.0086206896551724,0.2618,0.2201,0.2201,char,char,0,0,0,0,0,0,touching,0.3333333333333333,0,7,116.0,2488.0,0.9883720930232558
vol02:171:9:18,vol02,171,9,gold_legacy,seam_ok,2022.0,0.4918032786886215,0,0,0,0,0,0,0,1.0,,,0,,1,1,seam_narrow,rule,0,6,0,6,1.0454545454545454,0.9272727272727272,0.07272727272727275,0.9272727272727272,1.0454545454545454,0.1562,0.1669,0.1562,char,char,0,0,0,0,0,0,touching,0.8571428571428571,0,2,110.0,2353.0,1.0397727272727273
vol02:108:7:17,vol02,108,7,gold_legacy,seam_ok,1892.830782259015,0.3957370780015026,0,0,1,0,0,0,0,1.0,,,0,,1,1,seam_narrow,rule,0,7,0,7,1.1121495327102804,1.0093457943925233,0.11214953271028039,1.0093457943925233,1.1121495327102804,0.2056,0.2079,0.2056,char,char,0,0,0,0,0,0,touching,0.8095238095238095,0,8,107.0,2317.0,1.011173184357542
vol02:133:5:4,vol02,133,5,gold_legacy,seam_ok,414.0,0.4058823529411484,0,0,0,0,0,0,0,1.0,,,0,,1,1,seam_narrow,rule,0,6,0,6,1.018181818181818,0.9090909090909091,0.09090909090909094,0.9090909090909091,1.018181818181818,0.2384,0.2888,0.2384,char,char,0,0,0,0,0,0,touching,0.19047619047619047,0,5,110.0,2343.0,1.0
vol02:135:9:8,vol02,135,9,gold_legacy,seam_ok,925.0,0.14606741573038562,0,0,0,0,0,0,0,1.0,,,0,,1,1,seam_narrow,rule,0,4,0,4,1.0454545454545454,0.9363636363636364,0.0636363636363636,0.9363636363636364,1.0454545454545454,0.2974,0.1476,0.1476,char,char,0,0,0,0,0,0,touching,0.38095238095238093,0,7,110.0,2350.0,1.0289017341040463
vol02:181:7:14,vol02,181,7,gold_legacy,seam_ok,1556.0,1.9289617486338102,0,0,1,0,0,0,0,1.0,0.017000000000000015,0.983,0,193.0,2,2,seam_narrow,rule,0,14,0,14,1.0454545454545454,1.0,0.045454545454545414,1.0,1.0454545454545454,0.2388,0.2647,0.2388,char,char,0,0,0,0,0,0,touching,0.6666666666666666,0,11,110.0,2347.0,1.0457142857142858
vol02:152:3:13,vol02,152,3,gold_legacy,seam_ok,1493.0,1.2333333333333485,0,0,0,0,0,0,8,0.9998,,,8,,1,1,seam_narrow,rule,0,5,0,5,1.0178571428571428,1.0267857142857142,0.02678571428571419,1.0178571428571428,1.0267857142857142,0.2092,0.1928,0.1928,char,char,0,0,0,0,0,0,touching,0.6190476190476191,0,2,112.0,2425.0,1.0
vol02:95:5:7,vol02,95,5,gold_legacy,seam_ok,820.0,0.380952380952408,0,0,0,0,0,0,0,1.0,,,0,,1,1,seam_narrow,rule,0,3,0,3,1.0347826086956522,1.008695652173913,0.034782608695652195,1.008695652173913,1.0347826086956522,0.2226,0.2027,0.2027,char,char,0,0,0,0,0,0,touching,0.3333333333333333,0,2,115.0,2435.0,0.9710982658959537
vol02:119:8:9,vol02,119,8,gold_page,ok,1005.9965682258537,8.763234892520359,0,1,1,0,0,0,0,1.0,0.00990000000000002,0.9901,0,93.0,2,2,seam_narrow,rule,0,10,0,10,0.9629629629629629,0.9444444444444444,0.05555555555555558,0.9444444444444444,0.9629629629629629,0.2131,0.2956,0.2131,char,char,0,0,0,0,0,0,touching,0.42857142857142855,0,9,108.0,2393.0,1.0
vol02:171:1:20,vol02,171,1,gold_legacy,seam_ok,2238.0,0.26708074534144544,0,0,1,0,0,0,41,0.9953,0.008000000000000007,0.9873,41,136.0,2,2,seam_narrow,rule,0,20,0,20,1.1454545454545455,1.018181818181818,0.1454545454545455,1.018181818181818,1.1454545454545455,0.1884,0.1522,0.1522,char,char,0,0,0,0,0,0,touching,0.9523809523809523,1,1,110.0,2364.0,0.9147727272727273
vol02:3:3:11,vol02,3,3,gold_page,ok,1295.8572879944215,0.11932019271307581,0,0,1,1,0,0,77,0.9819,,,0,,1,3,seam_narrow,rule,0,1,0,1,0.9344978165938864,1.1004366812227073,0.10043668122270732,0.9344978165938864,1.1004366812227073,0.2221,0.2062,0.2062,char,char,0,0,0,0,0,0,touching,0.5238095238095238,0,7,114.5,2474.0,1.0857142857142856
vol02:108:9:12,vol02,108,9,gold_legacy,seam_ok,1353.0017301274193,0.14076756057443163,0,0,1,0,0,0,0,1.0,0.016000000000000014,0.984,0,98.0,2,2,seam_narrow,rule,0,12,0,12,0.8130841121495327,1.0186915887850467,0.1869158878504673,0.8130841121495327,1.0186915887850467,0.1042,0.2168,0.1042,char,char,0,0,0,0,0,0,touching,0.5714285714285714,0,10,107.0,2324.0,1.0446927374301676
vol02:133:6:14,vol02,133,6,gold_legacy,seam_ok,1532.0,0.11834319526633408,0,0,0,0,0,0,0,1.0,,,0,,1,1,seam_narrow,rule,0,8,0,8,0.9727272727272728,1.0363636363636364,0.036363636363636376,0.9727272727272728,1.0363636363636364,0.2485,0.244,0.244,char,char,0,0,0,0,0,0,touching,0.6666666666666666,0,7,110.0,2336.0,0.9941176470588236
vol02:135:8:14,vol02,135,8,gold_legacy,seam_ok,1558.0,0.13483146067414964,0,0,0,0,0,0,0,1.0,,,0,,1,1,seam_narrow,rule,0,2,0,2,1.0,0.9727272727272728,0.027272727272727226,0.9727272727272728,1.0,0.1751,0.1439,0.1439,char,char,0,0,0,0,0,0,touching,0.6666666666666666,0,8,110.0,2360.0,1.0289017341040463
vol02:181:3:17,vol02,181,3,gold_legacy,ok,1877.0,0.0,0,0,1,0,0,1,7,0.9998,0.013700000000000045,0.9861,7,7.0,3,3,straight,unet,0,0,6,31,0.990909090909091,1.009090909090909,0.009090909090909038,0.990909090909091,1.009090909090909,0.21,0.1941,0.1941,char,char,0,0,0,0,0,0,touching,0.8095238095238095,0,8,110.0,2341.0,1.12
vol02:152:8:9,vol02,152,8,gold_legacy,seam_ok,1017.0,0.20809248554917303,0,0,1,0,0,0,0,1.0,0.016599999999999948,0.9834,0,144.0,2,2,seam_narrow,rule,0,14,0,14,0.9821428571428571,1.0178571428571428,0.017857142857142905,0.9821428571428571,1.0178571428571428,0.1822,0.2306,0.1822,char,char,0,0,0,0,0,0,touching,0.42857142857142855,0,4,112.0,2416.0,0.9611111111111111
vol02:95:2:3,vol02,95,2,gold_legacy,seam_ok,361.0,0.017241379310348748,0,0,0,0,0,0,0,1.0,,,0,,1,1,seam_narrow,rule,0,4,0,4,1.0695652173913044,0.9478260869565217,0.06956521739130439,0.9478260869565217,1.0695652173913044,0.2428,0.1918,0.1918,char,char,0,0,0,0,0,0,touching,0.14285714285714285,0,2,115.0,2433.0,1.0057803468208093
vol02:119:7:9,vol02,119,7,gold_page,ok,1026.9957444042188,1.5482116397372465,0,0,0,0,0,0,0,1.0,,,0,,1,1,seam_narrow,rule,0,5,0,5,1.0277777777777777,1.0462962962962963,0.04629629629629628,1.0277777777777777,1.0462962962962963,0.2266,0.2408,0.2266,char,char,0,0,0,0,0,0,touching,0.42857142857142855,0,5,108.0,2385.0,1.011111111111111
vol02:171:8:6,vol02,171,8,gold_legacy,seam_ok,683.0,0.48603351955307517,0,0,0,0,0,0,0,1.0,,,0,,1,1,seam_narrow,rule,0,2,0,2,0.9818181818181818,1.0272727272727273,0.027272727272727337,0.9818181818181818,1.0272727272727273,0.2076,0.2295,0.2076,char,char,0,0,0,0,0,0,touching,0.2857142857142857,0,5,110.0,2361.0,1.0170454545454546
vol02:3:3:12,vol02,3,3,gold_page,cand,1419.8770779448407,2.122922055159279,1,0,1,0,0,1,45,0.9915,0.015000000000000013,0.9765,45,45.0,2,2,straight,unet,0,0,0,17,1.1004366812227073,0.9170305676855895,0.10043668122270732,0.9170305676855895,1.1004366812227073,0.2062,0.2639,0.2062,char,char,0,0,0,0,0,0,touching,0.5714285714285714,0,7,114.5,2474.0,1.0857142857142856
vol02:133:1:15,vol02,133,1,gold_legacy,seam_ok,1721.0,0.40217391304349803,0,0,0,0,0,0,6,0.9999,,,6,,1,1,seam_narrow,rule,0,8,0,8,1.009090909090909,0.9454545454545454,0.054545454545454564,0.9454545454545454,1.009090909090909,0.187,0.2809,0.187,char,char,0,0,0,0,0,0,touching,0.7142857142857143,0,6,110.0,2341.0,1.0823529411764705
vol02:135:9:20,vol02,135,9,gold_legacy,seam_ok,2221.997669932105,0.17182723547603018,0,0,1,0,0,0,0,1.0,,,0,,1,1,seam_narrow,rule,0,6,0,6,1.0818181818181818,1.1454545454545455,0.1454545454545455,1.0818181818181818,1.1454545454545455,0.2775,0.2232,0.2232,char,char,0,0,0,0,0,0,touching,0.9523809523809523,1,7,110.0,2350.0,1.0289017341040463
vol02:152:7:11,vol02,152,7,gold_legacy,seam_ok,1256.0,0.03977272727274794,0,0,0,0,0,0,0,1.0,,,0,,1,1,seam_narrow,rule,0,6,0,6,1.0535714285714286,0.9910714285714286,0.0535714285714286,0.9910714285714286,1.0535714285714286,0.1907,0.2247,0.1907,char,char,0,0,0,0,0,0,touching,0.5238095238095238,0,1,112.0,2410.0,0.9777777777777777
vol02:95:5:15,vol02,95,5,gold_legacy,seam_ok,1730.0,0.09523809523807358,0,0,0,0,0,0,0,1.0,,,0,,1,1,seam_narrow,rule,0,2,0,2,1.0521739130434782,0.9478260869565217,0.05217391304347829,0.9478260869565217,1.0521739130434782,0.2027,0.1286,0.1286,char,char,0,0,0,0,0,0,touching,0.7142857142857143,0,2,115.0,2435.0,0.9710982658959537
vol02:133:9:18,vol02,133,9,gold_legacy,seam_ok,1976.0,0.05747126436790495,0,0,1,0,0,0,1,0.9999,0.0008000000000000229,0.9991,1,8.0,2,2,seam_narrow,rule,2,3,2,3,0.9454545454545454,0.9272727272727272,0.07272727272727275,0.9272727272727272,0.9454545454545454,0.2409,0.2381,0.2381,char,char,0,0,0,0,0,0,touching,0.8571428571428571,0,7,110.0,2336.0,1.0235294117647058
vol02:135:8:6,vol02,135,8,gold_legacy,ok,701.0,0.0,0,0,1,0,0,1,13,0.9986,0.017100000000000004,0.9815,13,13.0,2,2,straight,unet,0,0,2,18,1.0,1.009090909090909,0.009090909090909038,1.0,1.009090909090909,0.1695,0.2409,0.1695,char,char,0,0,0,0,0,0,touching,0.2857142857142857,0,8,110.0,2360.0,1.0289017341040463
vol02:181:4:13,vol02,181,4,gold_legacy,ok,1436.0,0.0,0,0,1,0,0,1,1,1.0,0.017100000000000004,0.9829,1,1.0,2,2,straight,unet,0,0,3,16,1.0,1.0363636363636364,0.036363636363636376,1.0,1.0363636363636364,0.2519,0.213,0.213,char,char,0,0,0,0,0,0,touching,0.6190476190476191,0,6,110.0,2331.0,1.0
vol02:152:8:6,vol02,152,8,gold_legacy,seam_ok,689.0,0.04624277456650816,0,0,1,0,0,0,0,1.0,,,0,,1,1,seam_narrow,rule,0,4,0,4,1.1160714285714286,0.9017857142857143,0.1160714285714286,0.9017857142857143,1.1160714285714286,0.2029,0.1636,0.1636,char,char,0,0,0,0,0,0,touching,0.2857142857142857,0,4,112.0,2416.0,0.9611111111111111
vol02:119:7:12,vol02,119,7,gold_page,ok,1349.0044266682062,0.6823865186070179,0,0,0,0,0,0,0,1.0,,,0,,1,1,seam_narrow,rule,0,4,0,4,0.9814814814814815,1.0092592592592593,0.01851851851851849,0.9814814814814815,1.0092592592592593,0.2301,0.2655,0.2301,char,char,0,0,0,0,0,0,touching,0.5714285714285714,0,5,108.0,2385.0,1.011111111111111
vol02:171:8:15,vol02,171,8,gold_legacy,seam_ok,1689.0,0.43575418994419124,0,0,1,0,0,0,0,1.0,0.011900000000000022,0.9881,0,68.0,2,2,seam_narrow,rule,0,11,0,11,0.9636363636363636,1.0,0.036363636363636376,0.9636363636363636,1.0,0.1848,0.1126,0.1126,char,char,0,0,0,0,0,0,touching,0.7142857142857143,0,5,110.0,2361.0,1.0170454545454546
vol02:33:7:19,vol02,33,7,gold_legacy,seam_ok,2188.0,0.42196531791887537,0,0,1,0,0,0,0,1.0,0.016000000000000014,0.984,0,146.0,2,2,seam_narrow,rule,0,14,0,14,0.9736842105263158,1.087719298245614,0.08771929824561409,0.9736842105263158,1.087719298245614,0.2172,0.2213,0.2172,char,char,0,0,0,0,0,0,touching,0.9047619047619048,0,5,114.0,2419.0,1.0
vol02:3:6:20,vol02,3,6,gold_legacy,seam_ok,2335.9908139177282,0.6669502813647341,0,0,1,0,0,0,0,1.0,,,0,,1,1,seam_narrow,rule,0,3,0,3,1.1179039301310043,1.240174672489083,0.24017467248908297,1.1179039301310043,1.240174672489083,0.1273,0.1538,0.1273,char,char,0,0,0,0,0,0,touching,0.9523809523809523,1,7,114.5,2477.0,1.1174603174603175
vol02:108:7:4,vol02,108,7,gold_legacy,seam_ok,483.3152054556419,0.121835289896012,0,0,1,0,0,0,0,1.0,0.015100000000000002,0.9849,0,120.0,2,2,seam_narrow,rule,0,11,0,11,1.1121495327102804,0.9719626168224299,0.11214953271028039,0.9719626168224299,1.1121495327102804,0.1896,0.2053,0.1896,char,char,0,0,0,0,0,0,touching,0.19047619047619047,0,8,107.0,2317.0,1.011173184357542
vol02:133:1:20,vol02,133,1,gold_legacy,seam_ok,2236.0,0.2880434782609882,0,0,1,0,0,0,0,1.0,,,0,,1,1,seam_narrow,rule,0,3,0,3,0.8818181818181818,0.9454545454545454,0.11818181818181817,0.8818181818181818,0.9454545454545454,0.1813,0.2221,0.1813,char,char,0,0,0,0,0,0,touching,0.9523809523809523,1,6,110.0,2341.0,1.0823529411764705
vol02:135:1:18,vol02,135,1,gold_legacy,seam_ok,1990.001080022686,0.27459565298977395,0,0,0,0,0,0,0,1.0,,,0,,1,1,seam_narrow,rule,0,4,0,4,1.018181818181818,0.9272727272727272,0.07272727272727275,0.9272727272727272,1.018181818181818,0.1958,0.1848,0.1848,char,char,0,0,0,0,0,0,touching,0.8571428571428571,0,4,110.0,2339.0,1.069364161849711
vol02:181:2:7,vol02,181,2,gold_legacy,seam_ok,785.0,0.028735632183952475,0,0,0,0,0,0,0,1.0,,,0,,1,1,seam_narrow,rule,0,3,0,3,1.018181818181818,0.9272727272727272,0.07272727272727275,0.9272727272727272,1.018181818181818,0.2046,0.215,0.2046,char,char,0,0,0,0,0,0,touching,0.3333333333333333,0,10,110.0,2340.0,0.9942857142857143
vol01:36:9:6,vol01,36,9,gold_legacy,ok,699.0,1.6993865030674442,0,0,0,0,0,0,0,1.0,,,0,,1,1,seam_narrow,rule,0,5,0,5,0.9661016949152542,1.0423728813559323,0.04237288135593231,0.9661016949152542,1.0423728813559323,0.1505,0.2112,0.1505,char,char,0,0,0,0,0,0,touching,0.2857142857142857,0,1,118.0,2436.0,0.9367816091954023
vol01:5:2:16,vol01,5,2,gold_legacy,seam_ok,1867.9829514141024,0.3806122328157926,0,0,1,0,0,0,2,0.9999,0.0020999999999999908,0.9978,2,22.0,2,2,seam_narrow,rule,2,5,2,5,0.9655172413793104,0.9827586206896551,0.03448275862068961,0.9655172413793104,0.9827586206896551,0.1591,0.2013,0.1591,char,char,0,0,0,0,0,0,touching,0.7619047619047619,0,3,116.0,2461.0,0.9884393063583815
vol01:45:7:18,vol01,45,7,gold_legacy,seam_ok,2046.0,0.05172413793093256,0,0,0,0,0,0,0,1.0,,,0,,1,1,seam_narrow,rule,0,3,0,3,1.0614035087719298,0.9385964912280702,0.06140350877192979,0.9385964912280702,1.0614035087719298,0.255,0.2314,0.2314,char,char,0,0,0,0,0,0,touching,0.8571428571428571,0,3,114.0,2437.0,0.9830508474576272
vol01:50:9:-1,vol01,50,9,gold_legacy,seam_ok,176.0,0.5,0,0,0,0,0,0,0,1.0,,,0,,1,1,seam_narrow,rule,0,8,0,8,1.0350877192982457,1.0087719298245614,0.03508771929824572,1.0087719298245614,1.0350877192982457,0.2248,0.2681,0.2248,char,char,0,0,1,0,0,0,touching,0.047619047619047616,0,2,114.0,2841.0,1.0116279069767442
vol01:81:3:3,vol01,81,3,gold_legacy,seam_ok,358.0,0.217647058823502,0,0,0,0,0,0,0,1.0,,,0,,1,1,seam_narrow,rule,0,3,0,3,1.0172413793103448,1.0344827586206897,0.034482758620689724,1.0172413793103448,1.0344827586206897,0.2495,0.1842,0.1842,char,char,0,0,0,0,0,0,touching,0.14285714285714285,0,5,116.0,2493.0,0.9883720930232558
vol01:79:2:7,vol01,79,2,gold_legacy,seam_ok,826.9983862183959,0.16921154696717622,0,0,1,0,0,0,20,0.9989,0.02070000000000005,0.9782,20,176.0,2,2,seam_narrow,rule,2,18,2,18,0.991304347826087,1.0347826086956522,0.034782608695652195,0.991304347826087,1.0347826086956522,0.2811,0.2274,0.2274,char,char,0,0,0,0,0,0,touching,0.3333333333333333,0,6,115.0,2451.0,1.0406976744186047
vol01:76:7:10,vol01,76,7,gold_legacy,seam_ok,1163.0,0.2666666666666515,0,0,0,0,0,0,0,1.0,,,0,,1,1,seam_narrow,rule,0,4,0,4,1.0521739130434782,0.9652173913043478,0.05217391304347818,0.9652173913043478,1.0521739130434782,0.1575,0.2274,0.1575,char,char,0,0,0,0,0,0,touching,0.47619047619047616,0,7,115.0,2423.0,1.0285714285714285
vol01:45:5:6,vol01,45,5,gold_legacy,seam_ok,702.0,0.3314606741572561,0,0,0,0,0,0,0,1.0,,,0,,1,1,seam_narrow,rule,0,2,0,2,1.0789473684210527,0.9912280701754386,0.07894736842105265,0.9912280701754386,1.0789473684210527,0.1797,0.1647,0.1647,char,char,0,0,0,0,0,0,touching,0.2857142857142857,0,6,114.0,2436.0,1.0056497175141244
vol01:81:4:12,vol01,81,4,gold_legacy,seam_ok,1395.0,0.15116279069775374,0,0,0,0,0,0,0,1.0,,,0,,1,1,seam_narrow,rule,0,5,0,5,1.0603448275862069,1.0775862068965518,0.07758620689655182,1.0603448275862069,1.0775862068965518,0.2516,0.2989,0.2516,char,char,0,0,0,0,0,0,touching,0.5714285714285714,0,2,116.0,2491.0,1.0
vol01:79:8:13,vol01,79,8,gold_legacy,seam_ok,1505.0068368533744,0.23748132844389147,0,0,0,0,0,0,0,1.0,,,0,,1,1,seam_narrow,rule,0,9,0,9,0.9739130434782609,1.008695652173913,0.02608695652173909,0.9739130434782609,1.008695652173913,0.2316,0.3009,0.2316,char,char,0,0,0,0,0,0,touching,0.6190476190476191,0,7,115.0,2457.0,1.0232558139534884
vol01:5:6:13,vol01,5,6,gold_legacy,seam_ok,1520.0054202847182,1.5726143973627131,0,0,1,0,0,0,0,1.0,0.01629999999999998,0.9837,0,118.0,2,2,seam_narrow,rule,0,14,0,14,1.0172413793103448,1.1293103448275863,0.1293103448275863,1.0172413793103448,1.1293103448275863,0.1631,0.175,0.1631,char,char,0,0,0,0,0,0,touching,0.6190476190476191,0,7,116.0,2447.0,1.0
vol01:76:9:19,vol01,76,9,gold_legacy,seam_ok,2195.0,0.3769633507854451,0,0,1,0,0,0,55,0.9942,,,55,,1,1,seam_narrow,rule,0,6,0,6,0.9739130434782609,1.1652173913043478,0.16521739130434776,0.9739130434782609,1.1652173913043478,0.187,0.1976,0.187,char,char,0,0,0,0,0,0,touching,0.9047619047619048,0,6,115.0,2433.0,1.0914285714285714
vol02:108:5:8,vol02,108,5,gold_legacy,seam_ok,909.0065473747986,0.46831296039692916,0,0,0,0,0,0,0,1.0,,,0,,1,1,seam_narrow,rule,0,6,0,6,1.0093457943925233,0.9626168224299065,0.03738317757009346,0.9626168224299065,1.0093457943925233,0.1951,0.2153,0.1951,char,char,0,0,0,0,0,0,touching,0.38095238095238093,0,1,107.0,2319.0,1.0
vol02:181:7:7,vol02,181,7,gold_legacy,seam_ok,798.0,0.13114754098364756,0,0,1,0,0,0,0,1.0,,,0,,1,1,seam_narrow,rule,0,5,0,5,0.9727272727272728,0.8272727272727273,0.17272727272727273,0.8272727272727273,0.9727272727272728,0.1904,0.1743,0.1743,char,char,0,0,0,0,0,0,touching,0.3333333333333333,0,11,110.0,2347.0,1.0457142857142858
vol02:35:5:9,vol02,35,5,gold_legacy,seam_ok,1045.0,0.4576271186440408,0,0,0,0,0,0,0,1.0,,,0,,1,1,seam_narrow,rule,0,4,0,4,0.9391304347826087,1.008695652173913,0.060869565217391286,0.9391304347826087,1.008695652173913,0.2414,0.1459,0.1459,char,char,0,0,0,0,0,0,touching,0.42857142857142855,0,2,115.0,2433.0,1.0
vol02:187:1:9,vol02,187,1,gold_legacy,seam_ok,1006.0,0.11309523809518396,0,0,1,0,0,0,3,0.9998,0.017100000000000004,0.9827,3,139.0,2,2,seam_narrow,rule,0,10,0,10,1.0608695652173914,0.9391304347826087,0.0608695652173914,0.9391304347826087,1.0608695652173914,0.23,0.1813,0.1813,char,char,0,0,0,0,0,0,touching,0.42857142857142855,0,5,115.0,2453.0,0.9824561403508771
vol02:155:5:15,vol02,155,5,gold_legacy,seam_ok,1696.0,0.34636871508382683,0,0,0,0,0,0,0,1.0,,,0,,1,1,seam_narrow,rule,0,1,0,1,0.963963963963964,0.9369369369369369,0.06306306306306309,0.9369369369369369,0.963963963963964,0.1611,0.1793,0.1611,char,char,0,0,0,0,0,0,touching,0.7142857142857143,0,3,111.0,2360.0,1.0
vol02:165:4:19,vol02,165,4,gold_legacy,seam_ok,2129.9998938834237,0.06925804527327273,0,0,0,0,0,0,0,1.0,,,0,,1,1,seam_narrow,rule,0,9,0,9,0.9727272727272728,1.0818181818181818,0.08181818181818179,0.9727272727272728,1.0818181818181818,0.1844,0.2128,0.1844,char,char,0,0,0,0,0,0,touching,0.9047619047619048,0,3,110.0,2375.0,0.9829545454545454
vol02:110:7:8,vol02,110,7,gold_page,ok,911.9973565383729,0.2286321621920706,0,0,0,0,0,0,0,1.0,,,0,,1,1,seam_narrow,rule,0,1,0,1,0.972972972972973,1.045045045045045,0.04504504504504503,0.972972972972973,1.045045045045045,0.23,0.1816,0.1816,char,char,0,0,0,0,0,0,touching,0.38095238095238093,0,4,111.0,2364.0,1.0056818181818181
vol02:94:2:4,vol02,94,2,gold_legacy,seam_ok,498.0,0.456647398843927,0,0,0,0,0,0,0,1.0,,,0,,1,1,seam_narrow,rule,0,9,0,9,1.0176991150442478,1.0442477876106195,0.04424778761061954,1.0176991150442478,1.0442477876106195,0.1555,0.1852,0.1555,char,char,0,0,0,0,0,0,touching,0.19047619047619047,0,4,113.0,2482.0,0.9885714285714285
vol02:158:7:9,vol02,158,7,gold_legacy,seam_ok,1021.0,0.4615384615384528,0,0,1,0,0,0,0,1.0,0.026699999999999946,0.9733,0,143.0,2,2,seam_narrow,rule,0,15,0,15,1.054054054054054,0.8468468468468469,0.15315315315315314,0.8468468468468469,1.054054054054054,0.1526,0.1219,0.1219,char,char,0,0,0,0,0,0,touching,0.42857142857142855,0,3,111.0,2389.0,1.011111111111111
vol03:6:2:17,vol03,6,2,gold_legacy,seam_ok,1962.0,0.3882352941177487,0,0,0,0,0,0,0,1.0,,,0,,1,1,seam_narrow,rule,0,2,0,2,1.0086206896551724,0.9310344827586207,0.06896551724137934,0.9310344827586207,1.0086206896551724,0.188,0.1923,0.188,char,char,0,0,0,0,0,0,touching,0.8095238095238095,0,1,116.0,2429.0,1.0
vol03:9:8:10,vol03,9,8,gold_legacy,seam_ok,1154.0,0.10857142857139479,0,0,0,0,0,0,0,1.0,,,0,,1,1,seam_narrow,rule,0,3,0,3,0.9310344827586207,1.0258620689655173,0.06896551724137934,0.9310344827586207,1.0258620689655173,0.2246,0.2791,0.2246,char,char,0,0,0,0,0,0,touching,0.47619047619047616,0,2,116.0,2494.0,1.0057471264367817
vol03:5:7:10,vol03,5,7,gold_legacy,seam_ok,1157.0,0.27647058823527004,0,0,0,0,0,0,0,1.0,,,0,,1,1,seam_narrow,rule,0,3,0,3,1.0608695652173914,0.9565217391304348,0.0608695652173914,0.9565217391304348,1.0608695652173914,0.2146,0.1782,0.1782,char,char,0,0,0,0,0,0,touching,0.47619047619047616,0,6,115.0,2444.0,0.9941520467836257
vol03:6:7:19,vol03,6,7,gold_legacy,seam_ok,2202.0,0.07909604519772984,0,0,0,0,0,0,1,1.0,,,1,,1,1,seam_narrow,rule,0,3,0,3,1.0172413793103448,1.0172413793103448,0.01724137931034475,1.0172413793103448,1.0172413793103448,0.2416,0.2334,0.2334,char,char,0,0,0,0,0,0,touching,0.9047619047619048,0,3,116.0,2460.0,1.0411764705882354
vol03:5:4:6,vol03,5,4,gold_legacy,ok,697.0,0.0,0,0,1,0,0,0,7,0.9996,0.012800000000000034,0.9868,7,7.0,3,3,straight,rule,0,0,6,14,0.991304347826087,0.9826086956521739,0.017391304347826098,0.9826086956521739,0.991304347826087,0.254,0.2123,0.2123,char,char,0,0,0,0,0,0,touching,0.2857142857142857,0,4,115.0,2438.0,0.9824561403508771
vol03:6:7:17,vol03,6,7,gold_legacy,seam_ok,1976.0,0.48587570621475606,0,0,0,0,0,0,0,1.0,,,0,,1,1,seam_narrow,rule,0,1,0,1,0.9913793103448276,0.9482758620689655,0.051724137931034475,0.9482758620689655,0.9913793103448276,0.2229,0.2288,0.2229,char,char,0,0,0,0,0,0,touching,0.8095238095238095,0,3,116.0,2460.0,1.0411764705882354
vol03:5:7:9,vol03,5,7,gold_legacy,seam_ok,1044.0,0.5,0,0,1,0,0,0,0,1.0,0.00660000000000005,0.9934,0,59.0,2,2,seam_narrow,rule,0,10,0,10,0.9565217391304348,1.0608695652173914,0.0608695652173914,0.9565217391304348,1.0608695652173914,0.2393,0.2146,0.2146,char,char,0,0,0,0,0,0,touching,0.42857142857142855,0,6,115.0,2444.0,0.9941520467836257
vol03:6:3:7,vol03,6,3,gold_legacy,seam_ok,810.0,0.15060240963850902,0,0,0,0,0,0,5,0.9999,,,5,,1,1,seam_narrow,rule,0,9,0,9,0.9137931034482759,0.9913793103448276,0.08620689655172409,0.9137931034482759,0.9913793103448276,0.1686,0.3205,0.1686,char,char,0,0,0,0,0,0,touching,0.3333333333333333,0,7,116.0,2438.0,0.9764705882352941
vol03:5:4:12,vol03,5,4,gold_legacy,seam_ok,1381.0,0.08333333333325754,0,0,0,0,0,0,0,1.0,,,0,,1,1,seam_narrow,rule,0,4,0,4,1.0,1.0608695652173914,0.0608695652173914,1.0,1.0608695652173914,0.1653,0.2725,0.1653,char,char,0,0,0,0,0,0,touching,0.5714285714285714,0,4,115.0,2438.0,0.9824561403508771
vol03:6:3:20,vol03,6,3,gold_legacy,seam_ok,2313.0,0.1445783132530778,0,0,1,0,0,0,15,0.9992,0.011599999999999944,0.9876,15,96.0,2,2,seam_narrow,rule,0,14,0,14,0.9655172413793104,1.1379310344827587,0.13793103448275867,0.9655172413793104,1.1379310344827587,0.1985,0.2114,0.1985,char,char,0,0,0,0,0,0,touching,0.9523809523809523,1,7,116.0,2438.0,0.9764705882352941
vol03:6:3:9,vol03,6,3,gold_legacy,seam_ok,1041.0,0.3614457831324671,0,0,0,0,0,0,0,1.0,,,0,,1,1,seam_narrow,rule,0,2,0,2,1.0172413793103448,0.9741379310344828,0.025862068965517238,0.9741379310344828,1.0172413793103448,0.2943,0.273,0.273,char,char,0,0,0,0,0,0,touching,0.42857142857142855,0,7,116.0,2438.0,0.9764705882352941
vol03:5:7:17,vol03,5,7,gold_legacy,seam_ok,1956.0,0.21176470588238772,0,0,0,0,0,0,0,1.0,,,0,,1,1,seam_narrow,rule,0,3,0,3,0.9826086956521739,1.0260869565217392,0.026086956521739202,0.9826086956521739,1.0260869565217392,0.2419,0.2517,0.2419,char,char,0,0,0,0,0,0,touching,0.8095238095238095,0,6,115.0,2444.0,0.9941520467836257
vol03:5:4:9,vol03,5,4,gold_legacy,seam_ok,1033.0,0.2797619047619264,0,0,0,0,0,0,0,1.0,,,0,,1,1,seam_narrow,rule,0,6,0,6,0.9043478260869565,1.0347826086956522,0.09565217391304348,0.9043478260869565,1.0347826086956522,0.15,0.1807,0.15,char,char,0,0,0,0,0,0,touching,0.42857142857142855,0,4,115.0,2438.0,0.9824561403508771
vol03:6:7:18,vol03,6,7,gold_legacy,seam_ok,2084.0,0.46327683615800197,0,0,0,0,0,0,0,1.0,,,0,,1,1,seam_narrow,rule,0,2,0,2,0.9482758620689655,1.0172413793103448,0.051724137931034475,0.9482758620689655,1.0172413793103448,0.2288,0.2416,0.2288,char,char,0,0,0,0,0,0,touching,0.8571428571428571,0,3,116.0,2460.0,1.0411764705882354
vol03:6:4:3,vol03,6,4,gold_legacy,seam_ok,352.0,0.24117647058824332,0,0,0,0,0,0,0,1.0,,,0,,1,1,seam_narrow,rule,0,3,0,3,0.9568965517241379,1.0775862068965518,0.07758620689655182,0.9568965517241379,1.0775862068965518,0.1926,0.2844,0.1926,char,char,0,0,0,0,0,0,touching,0.14285714285714285,0,3,116.0,2453.7321053611954,1.0
vol03:6:8:5,vol03,6,8,gold_legacy,seam_ok,591.0,0.09467455621302179,0,0,0,0,0,0,0,1.0,,,0,,1,1,seam_narrow,rule,0,2,0,2,1.0344827586206897,0.9224137931034483,0.07758620689655171,0.9224137931034483,1.0344827586206897,0.2128,0.2632,0.2128,char,char,0,0,0,0,0,0,touching,0.23809523809523808,0,3,116.0,2460.0,0.9941176470588236
vol03:5:6:10,vol03,5,6,gold_legacy,seam_ok,1160.0,0.08571428571417528,0,0,0,0,0,0,0,1.0,,,0,,1,1,seam_narrow,rule,0,3,0,3,1.0,0.9391304347826087,0.060869565217391286,0.9391304347826087,1.0,0.2257,0.1934,0.1934,char,char,0,0,0,0,0,0,touching,0.47619047619047616,0,1,115.0,2441.0,1.023391812865497
vol03:6:3:15,vol03,6,3,gold_legacy,seam_ok,1735.0,0.6626506024097125,0,0,0,0,0,0,0,1.0,,,0,,1,1,seam_narrow,rule,0,2,0,2,1.0517241379310345,0.9913793103448276,0.051724137931034475,0.9913793103448276,1.0517241379310345,0.2746,0.1894,0.1894,char,char,0,0,0,0,0,0,touching,0.7142857142857143,0,7,116.0,2438.0,0.9764705882352941
vol03:6:3:8,vol03,6,3,gold_legacy,ok,922.0,0.0,0,0,1,0,0,0,0,1.0,0.013900000000000023,0.9861,0,0.0,3,3,straight,rule,0,0,7,18,0.9913793103448276,1.0172413793103448,0.01724137931034475,0.9913793103448276,1.0172413793103448,0.3205,0.2943,0.2943,char,char,0,0,0,0,0,0,touching,0.38095238095238093,0,7,116.0,2438.0,0.9764705882352941
vol03:6:8:14,vol03,6,8,gold_legacy,seam_ok,1629.0,0.2899408284024503,0,0,0,0,0,0,0,1.0,,,0,,1,1,seam_narrow,rule,0,2,0,2,1.0344827586206897,0.9568965517241379,0.0431034482758621,0.9568965517241379,1.0344827586206897,0.3196,0.2773,0.2773,char,char,0,0,0,0,0,0,touching,0.6666666666666666,0,3,116.0,2460.0,0.9941176470588236
vol02:33:3:4,vol02,33,3,gold_legacy,seam_ok,476.0,0.4529411764705742,0,0,1,0,0,0,0,1.0,0.009299999999999975,0.9907,0,68.0,2,2,seam_narrow,rule,0,10,0,10,0.9824561403508771,1.0789473684210527,0.07894736842105265,0.9824561403508771,1.0789473684210527,0.227,0.1438,0.1438,char,char,0,0,0,0,0,0,touching,0.19047619047619047,0,4,114.0,2422.0,0.9826589595375722
vol02:171:8:10,vol02,171,8,gold_legacy,seam_ok,1137.0,0.4581005586592255,0,0,1,0,0,0,16,0.9993,0.0037999999999999146,0.9955,16,51.0,2,2,seam_narrow,rule,0,12,0,12,1.018181818181818,1.018181818181818,0.018181818181818077,1.018181818181818,1.018181818181818,0.2095,0.1647,0.1647,char,char,0,0,0,0,0,0,touching,0.47619047619047616,0,5,110.0,2361.0,1.0170454545454546
vol02:3:4:13,vol02,3,4,gold_page,ok,1511.2462622397325,4.512496005966113,0,0,0,0,0,0,27,0.9963,,,27,,1,1,seam_narrow,rule,0,7,0,7,1.056768558951965,1.0655021834061136,0.06550218340611358,1.056768558951965,1.0655021834061136,0.2393,0.1992,0.1992,char,char,0,0,0,0,0,0,touching,0.6190476190476191,0,3,114.5,2466.0,0.9777777777777777
vol03:24:8:9,vol03,24,8,gold_legacy,ok,1022.0,0.0,0,0,1,1,0,0,61,0.9941,-0.0027000000000000357,0.9968,0,61.0,3,4,straight,rule,0,0,6,29,1.0186915887850467,1.0186915887850467,0.01869158878504673,1.0186915887850467,1.0186915887850467,0.2606,0.2477,0.2477,char,char,0,0,0,0,0,0,touching,0.42857142857142855,0,7,107.0,2389.0,1.0
vol03:27:5:7,vol03,27,5,gold_legacy,seam_ok,797.0,0.45882352941180216,0,0,0,0,0,0,0,1.0,,,0,,1,1,seam_narrow,rule,0,3,0,3,0.9553571428571429,0.9910714285714286,0.044642857142857095,0.9553571428571429,0.9910714285714286,0.2171,0.2219,0.2171,char,char,0,0,0,0,0,0,touching,0.3333333333333333,0,6,112.0,2410.0,0.9550561797752809
vol02:119:9:15,vol02,119,9,gold_legacy,moved,1675.0,5.639784946236659,1,1,1,0,0,0,56,0.9964,0.0030000000000000027,0.9934,56,86.0,2,2,seam_narrow,rule,3,7,3,7,1.1666666666666667,0.9351851851851852,0.16666666666666674,0.9351851851851852,1.1666666666666667,0.2234,0.245,0.2234,char,char,0,0,0,0,0,0,touching,0.7142857142857143,0,4,108.0,2376.0,1.0333333333333334
vol02:177:1:9,vol02,177,1,gold_legacy,ok,1005.0,0.0,0,0,1,0,0,1,7,0.9997,0.013600000000000056,0.9861,7,7.0,3,3,straight,unet,0,0,5,23,0.8608695652173913,0.9217391304347826,0.13913043478260867,0.8608695652173913,0.9217391304347826,0.2449,0.1823,0.1823,char,char,0,0,0,0,0,0,touching,0.42857142857142855,0,7,115.0,2379.0,0.8258706467661692
vol02:108:7:14,vol02,108,7,gold_legacy,seam_ok,1564.2256243013092,0.03777899744181923,0,0,1,0,0,0,6,0.9994,0.007299999999999973,0.9921,6,64.0,2,2,seam_narrow,rule,3,8,3,8,0.9906542056074766,1.0093457943925233,0.009345794392523366,0.9906542056074766,1.0093457943925233,0.2185,0.192,0.192,char,char,0,0,0,0,0,0,touching,0.6666666666666666,0,8,107.0,2317.0,1.011173184357542
vol02:108:2:13,vol02,108,2,gold_legacy,ok,1425.0,0.0,0,0,1,0,0,1,11,0.9989,0.04069999999999996,0.9582,11,11.0,2,2,straight,unet,0,0,1,19,1.0934579439252337,0.897196261682243,0.10280373831775702,0.897196261682243,1.0934579439252337,0.2316,0.1884,0.1884,char,char,0,0,0,0,0,0,touching,0.6190476190476191,0,8,107.0,2304.0,0.9888268156424581
vol02:135:1:14,vol02,135,1,gold_legacy,seam_ok,1554.866073388456,0.38798066559797917,0,0,1,0,0,0,0,1.0,0.011700000000000044,0.9883,0,101.0,2,2,seam_narrow,rule,0,13,0,13,0.8454545454545455,1.0727272727272728,0.15454545454545454,0.8454545454545455,1.0727272727272728,0.2156,0.2246,0.2156,char,char,0,0,0,0,0,0,touching,0.6666666666666666,0,4,110.0,2339.0,1.069364161849711
vol03:28:6:6,vol03,28,6,gold_legacy,seam_ok,686.0,0.42937853107343926,0,0,0,0,0,0,0,1.0,,,0,,1,1,seam_narrow,rule,0,3,0,3,0.9459459459459459,1.045045045045045,0.05405405405405406,0.9459459459459459,1.045045045045045,0.1923,0.1616,0.1616,char,char,0,0,0,0,0,0,touching,0.2857142857142857,0,4,111.0,2402.0,0.9943820224719101
vol02:119:8:20,vol02,119,8,gold_page,ok,2227.998548673381,28.73188200671393,0,1,1,1,1,1,291,0.9719,0.008299999999999974,0.9636,0,372.0,3,6,seam_narrow,unet,8,15,8,26,0.8888888888888888,1.8703703703703705,0.8703703703703705,0.8888888888888888,1.8703703703703705,0.3096,0.1328,0.1328,char,char,0,0,0,0,0,0,touching,0.9523809523809523,1,9,108.0,2393.0,1.0
vol02:135:8:7,vol02,135,8,gold_legacy,ok,812.0,0.0,0,0,1,0,0,0,26,0.9978,0.007600000000000051,0.9902,26,26.0,3,3,straight,rule,0,0,6,15,1.009090909090909,0.9818181818181818,0.018181818181818188,0.9818181818181818,1.009090909090909,0.2409,0.217,0.217,char,char,0,0,0,0,0,0,touching,0.3333333333333333,0,8,110.0,2360.0,1.0289017341040463
vol02:152:6:19,vol02,152,6,gold_legacy,seam_ok,2149.0,0.18435754189931686,0,0,1,0,0,0,0,1.0,0.009800000000000031,0.9902,0,80.0,2,2,seam_narrow,rule,0,11,0,11,1.125,1.0892857142857142,0.125,1.0892857142857142,1.125,0.1961,0.1682,0.1682,char,char,0,0,0,0,0,0,touching,0.9047619047619048,0,2,112.0,2413.0,0.9944444444444445
vol02:133:2:17,vol02,133,2,gold_legacy,moved,1865.0,3.0,1,0,1,0,0,1,47,0.9958,0.009199999999999986,0.9866,47,47.0,2,2,straight,unet,0,0,2,14,1.0818181818181818,1.0272727272727273,0.08181818181818179,1.0272727272727273,1.0818181818181818,0.2296,0.3111,0.2296,char,char,0,0,0,0,0,0,touching,0.8095238095238095,0,5,110.0,2340.0,0.9705882352941176
vol02:108:2:9,vol02,108,2,gold_legacy,seam_ok,990.9934720115587,0.32291216923226784,0,0,1,0,0,0,19,0.9988,0.0047000000000000375,0.9941,19,58.0,2,2,seam_narrow,rule,3,8,3,8,0.9906542056074766,1.0093457943925233,0.009345794392523366,0.9906542056074766,1.0093457943925233,0.2225,0.1981,0.1981,char,char,0,0,0,0,0,0,touching,0.42857142857142855,0,8,107.0,2304.0,0.9888268156424581
vol02:171:7:8,vol02,171,7,gold_legacy,moved,905.0,3.0,1,0,1,0,0,1,16,0.9972,0.011799999999999922,0.9854,16,16.0,2,2,straight,unet,0,0,1,18,1.0727272727272728,0.9636363636363636,0.07272727272727275,0.9636363636363636,1.0727272727272728,0.2038,0.2269,0.2038,char,char,0,0,0,0,0,0,touching,0.38095238095238093,0,3,110.0,2363.0,0.9545454545454546
vol02:177:1:5,vol02,177,1,gold_legacy,ok,566.0,0.0,0,0,1,1,0,1,72,0.9934,0.005799999999999916,0.9876,0,72.0,2,3,straight,unet,0,0,2,8,0.991304347826087,1.0347826086956522,0.034782608695652195,0.991304347826087,1.0347826086956522,0.2505,0.1777,0.1777,char,char,0,0,0,0,0,0,touching,0.23809523809523808,0,7,115.0,2379.0,0.8258706467661692
vol02:40:3:17,vol02,40,3,gold_legacy,cand,1962.0,11.488764044943764,1,1,1,1,1,0,143,0.9827,0.009299999999999975,0.9734,0,219.0,2,4,seam_narrow,rule,3,15,3,15,0.8521739130434782,1.173913043478261,0.17391304347826098,0.8521739130434782,1.173913043478261,0.2067,0.191,0.191,char,char,0,0,0,0,0,0,touching,0.8095238095238095,0,1,115.0,2427.0,0.994413407821229
vol02:41:5:6,vol02,41,5,gold_legacy,cand,695.0,3.0693641618497622,1,0,1,1,1,0,105,0.9862,-9.999999999998899e-05,0.9863,0,102.0,2,4,seam_narrow,rule,2,16,2,16,1.043859649122807,0.956140350877193,0.04385964912280704,0.956140350877193,1.043859649122807,0.1994,0.175,0.175,char,char,0,0,0,0,0,0,touching,0.2857142857142857,0,2,114.0,2441.0,0.9942528735632183
vol01:6:6:4,vol01,6,6,gold_legacy,ok,480.0,0.0,0,0,1,1,1,0,107,0.9814,0.016200000000000103,0.9652,107,107.0,3,5,straight,rule,0,0,5,26,1.1206896551724137,0.9396551724137931,0.1206896551724137,0.9396551724137931,1.1206896551724137,0.2201,0.2134,0.2134,char,char,0,0,0,0,0,0,touching,0.19047619047619047,0,6,116.0,2457.0,0.9774011299435028
vol02:181:3:19,vol02,181,3,gold_legacy,cand,2096.0,10.81632653061206,1,1,1,1,1,0,164,0.978,,,0,,1,4,seam_narrow,rule,0,7,0,7,0.8363636363636363,1.0909090909090908,0.1636363636363637,0.8363636363636363,1.0909090909090908,0.1944,0.1483,0.1483,char,char,0,0,0,0,0,0,touching,0.9047619047619048,0,8,110.0,2341.0,1.12
vol02:134:4:20,vol02,134,4,gold_legacy,cand,2209.0,18.90000000000009,1,1,1,1,1,0,361,0.9394,0.0393,0.9001,0,425.0,2,5,seam_narrow,rule,2,20,2,20,0.8333333333333334,1.4259259259259258,0.4259259259259258,0.8333333333333334,1.4259259259259258,0.2753,0.1394,0.1394,char,char,0,0,0,0,0,0,touching,0.9523809523809523,1,6,108.0,2337.0,0.9714285714285714
vol02:151:3:17,vol02,151,3,gold_legacy,cand,1916.0,9.402439024390333,1,1,1,1,1,1,167,0.9722,0.01859999999999995,0.9536,0,277.0,3,5,seam_narrow,unet,4,17,4,22,0.8608695652173913,1.0956521739130434,0.13913043478260867,0.8608695652173913,1.0956521739130434,0.2162,0.1181,0.1181,char,char,0,0,0,0,0,0,touching,0.8095238095238095,0,3,115.0,2418.0,0.9425287356321839
vol02:24:9:13,vol02,24,9,gold_legacy,cand,1490.0,1.0,1,0,1,1,0,0,99,0.9926,0.0022000000000000908,0.9904,1,99.0,3,4,straight,rule,0,0,6,3,1.0085470085470085,1.017094017094017,0.017094017094017033,1.0085470085470085,1.017094017094017,0.1928,0.236,0.1928,char,char,0,0,0,0,0,0,touching,0.6190476190476191,0,1,117.0,2499.0,1.0578034682080926
vol02:7:2:6,vol02,7,2,gold_legacy,cand,694.9980304007505,2.9980304007505083,1,0,1,1,0,0,72,0.9928,0.007500000000000062,0.9853,8,72.0,3,4,straight,rule,0,0,6,15,1.0,1.0347826086956522,0.034782608695652195,1.0,1.0347826086956522,0.2671,0.2416,0.2416,char,char,0,0,0,0,0,0,touching,0.2857142857142857,0,3,115.0,2408.0,1.0057142857142858
vol02:10:3:12,vol02,10,3,gold_legacy,cand,1387.0000269512298,2.7068696004944286,1,0,1,1,1,1,103,0.9918,0.012500000000000067,0.9793,0,128.0,3,4,seam_narrow,unet,8,17,8,27,0.9827586206896551,1.043103448275862,0.0431034482758621,0.9827586206896551,1.043103448275862,0.2681,0.2263,0.2263,char,char,0,0,0,0,0,0,touching,0.5714285714285714,0,3,116.0,2432.0,0.9775280898876404
vol02:132:6:11,vol02,132,6,gold_legacy,ok,1234.0,3.5762711864406356,0,0,0,0,0,0,118,0.9851,,,2,,1,2,seam_narrow,rule,0,8,0,8,0.9541284403669725,1.036697247706422,0.04587155963302747,0.9541284403669725,1.036697247706422,0.156,0.2353,0.156,char,char,0,0,0,0,0,0,touching,0.5238095238095238,0,5,109.0,2393.0,1.0290697674418605
vol02:119:6:4,vol02,119,6,gold_page,ok,472.0030616205989,0.0030616205988849288,0,0,1,0,0,1,10,0.9987,0.033600000000000074,0.9651,10,10.0,3,3,straight,unet,0,0,5,27,1.0648148148148149,1.0648148148148149,0.06481481481481488,1.0648148148148149,1.0648148148148149,0.1715,0.1665,0.1665,char,char,0,0,0,0,0,0,touching,0.19047619047619047,0,2,108.0,2384.0,0.9277777777777778
vol02:139:8:14,vol02,139,8,gold_legacy,ok,1547.0,3.0848484848484077,0,0,1,1,1,0,111,0.9886,,,2,,1,3,seam_narrow,rule,0,8,0,8,0.8990825688073395,0.9908256880733946,0.1009174311926605,0.8990825688073395,0.9908256880733946,0.2466,0.2856,0.2466,char,char,0,0,0,0,0,0,touching,0.6666666666666666,0,4,109.0,2324.0,0.9649122807017544
vol02:176:3:6,vol02,176,3,gold_legacy,cand,655.0,0.08284023668636564,1,0,1,1,1,0,123,0.9869,0.0013999999999999568,0.9855,4,164.0,2,4,seam_narrow,rule,3,19,3,19,0.9732142857142857,1.0535714285714286,0.0535714285714286,0.9732142857142857,1.0535714285714286,0.2233,0.1719,0.1719,char,char,0,0,0,0,0,0,touching,0.2857142857142857,0,7,112.0,2376.0,0.9441340782122905
vol02:120:4:19,vol02,120,4,gold_legacy,cand,2128.0,10.39325842696644,1,1,1,1,1,0,162,0.9819,0.0032999999999999696,0.9786,0,190.0,2,5,seam_narrow,rule,2,6,2,6,0.9090909090909091,1.0818181818181818,0.09090909090909094,0.9090909090909091,1.0818181818181818,0.2268,0.2107,0.2107,char,char,0,0,0,0,0,0,touching,0.9047619047619048,0,5,110.0,2377.0,1.0
vol02:127:3:4,vol02,127,3,gold_legacy,ok,441.0,0.0,0,0,1,1,0,1,62,0.9975,0.0022000000000000908,0.9953,4,62.0,3,4,straight,unet,0,0,6,37,1.091743119266055,1.0091743119266054,0.09174311926605494,1.0091743119266054,1.091743119266055,0.2424,0.2288,0.2288,char,char,0,0,0,0,0,0,touching,0.19047619047619047,0,4,109.0,2335.0,1.0
vol02:149:1:13,vol02,149,1,gold_legacy,ok,1541.0,3.125,0,0,1,1,1,0,227,0.9804,,,4,,1,4,seam_narrow,rule,0,9,0,9,1.0360360360360361,0.8828828828828829,0.11711711711711714,0.8828828828828829,1.0360360360360361,0.2061,0.1937,0.1937,char,char,0,0,0,0,0,0,touching,0.6190476190476191,0,4,111.0,2395.0,1.0057142857142858
vol02:44:6:9,vol02,44,6,gold_legacy,ok,1026.0,2.218390804597675,0,0,1,1,1,0,290,0.9686,,,0,,1,4,seam_narrow,rule,0,8,0,8,0.8859649122807017,1.0526315789473684,0.11403508771929827,0.8859649122807017,1.0526315789473684,0.179,0.2472,0.179,char,char,0,0,0,0,0,0,touching,0.42857142857142855,0,3,114.0,2438.0,0.9830508474576272
vol02:135:5:8,vol02,135,5,gold_legacy,cand,913.9649671961657,7.009659933595913,1,1,1,1,1,0,125,0.9898,0.0042999999999999705,0.9855,3,165.0,2,5,seam_narrow,rule,2,5,2,5,0.9363636363636364,0.9363636363636364,0.0636363636363636,0.9363636363636364,0.9363636363636364,0.2686,0.224,0.224,char,char,0,0,0,0,0,0,touching,0.38095238095238093,0,5,110.0,2334.0,1.0346820809248556
vol02:165:5:16,vol02,165,5,gold_legacy,cand,1762.9980298600876,10.532120769178619,1,1,1,1,1,0,175,0.9725,-0.00029999999999996696,0.9728,0,173.0,2,4,seam_narrow,rule,2,3,2,3,0.8545454545454545,1.2181818181818183,0.21818181818181825,0.8545454545454545,1.2181818181818183,0.1112,0.1629,0.1112,char,char,0,0,0,0,0,0,touching,0.7619047619047619,0,9,110.0,2384.0,1.0
vol02:180:1:10,vol02,180,1,gold_page,ok,1124.004690552854,0.07552335088917062,0,0,0,0,0,0,0,1.0,,,0,,1,1,seam_narrow,rule,0,3,0,3,0.9814814814814815,1.0,0.01851851851851849,0.9814814814814815,1.0,0.2102,0.2435,0.2102,char,char,0,0,0,0,0,0,touching,0.47619047619047616,0,15,108.0,2346.0,1.0564971751412429
vol02:172:2:12,vol02,172,2,gold_legacy,ok,1369.0,1.5780346820808973,0,0,0,0,0,0,81,0.9899,,,18,,1,2,seam_narrow,rule,0,6,0,6,0.990990990990991,0.954954954954955,0.04504504504504503,0.954954954954955,0.990990990990991,0.2463,0.1713,0.1713,char,char,0,0,0,0,0,0,touching,0.5714285714285714,0,7,111.0,2351.0,1.0
vol02:103:3:20,vol02,103,3,gold_legacy,ok,2224.0,0.5611111111111313,0,0,1,0,0,0,0,1.0,,,0,,1,1,seam_narrow,rule,0,1,0,1,0.875,1.2767857142857142,0.2767857142857142,0.875,1.2767857142857142,0.1598,0.143,0.143,char,char,0,0,0,0,0,0,touching,0.9523809523809523,1,2,112.0,2367.0,1.0
vol02:130:3:5,vol02,130,3,gold_legacy,cand,559.0,7.631578947368439,1,1,1,1,1,0,116,0.9889,-0.0024999999999999467,0.9914,2,93.0,2,4,seam_narrow,rule,2,6,2,6,1.0454545454545454,1.018181818181818,0.045454545454545414,1.018181818181818,1.0454545454545454,0.2147,0.206,0.206,char,char,0,0,0,0,0,0,touching,0.23809523809523808,0,3,110.0,2308.0,1.0
vol02:140:9:8,vol02,140,9,gold_page,moved,882.0039160458117,15.822097863993577,1,1,1,1,1,0,117,0.991,0.00019999999999997797,0.9908,13,360.0,3,6,seam_wide,rule,3,22,5,22,0.8990825688073395,1.1192660550458715,0.11926605504587151,0.8990825688073395,1.1192660550458715,0.3072,0.2329,0.2329,char,char,0,0,0,0,0,0,touching,0.38095238095238093,0,8,109.0,2337.0,0.953757225433526
vol02:80:6:14,vol02,80,6,gold_legacy,cand,1580.9979205753868,11.668375120841347,1,1,1,1,1,0,145,0.9797,0.0019000000000000128,0.9778,0,158.0,2,5,seam_narrow,rule,2,6,2,6,0.8521739130434782,1.182608695652174,0.18260869565217397,0.8521739130434782,1.182608695652174,0.1433,0.1917,0.1433,char,char,0,0,0,0,0,0,touching,0.6666666666666666,0,2,115.0,2419.0,0.9887640449438202
vol02:119:1:5,vol02,119,1,gold_legacy,cand,594.0,7.364102564102609,1,1,0,0,0,0,101,0.9912,,,0,,1,3,seam_narrow,rule,0,2,0,2,0.9814814814814815,1.0555555555555556,0.05555555555555558,0.9814814814814815,1.0555555555555556,0.2638,0.1952,0.1952,char,char,0,0,0,0,0,0,touching,0.23809523809523808,0,5,108.0,2370.0,1.0833333333333333
vol02:132:8:18,vol02,132,8,gold_page,ok,2001.9990936042802,7.106788748660847,0,1,1,1,1,0,185,0.9815,0.03080000000000005,0.9507,0,281.0,2,5,seam_narrow,rule,0,17,0,17,0.8899082568807339,1.201834862385321,0.201834862385321,0.8899082568807339,1.201834862385321,0.2727,0.2101,0.2101,char,char,0,0,0,0,0,0,touching,0.8571428571428571,0,2,109.0,2394.0,0.9883720930232558
vol02:58:3:20,vol02,58,3,gold_legacy,ok,2249.0,0.6823529411763047,0,0,1,0,0,0,0,1.0,,,0,,1,1,seam_narrow,rule,0,2,0,2,0.9473684210526315,1.2280701754385965,0.22807017543859653,0.9473684210526315,1.2280701754385965,0.1822,0.2203,0.1822,char,char,0,0,0,0,0,0,touching,0.9523809523809523,1,2,114.0,2389.0,0.9826589595375722
vol02:44:3:8,vol02,44,3,gold_legacy,ok,924.0,2.6404494382022676,0,0,0,0,0,0,96,0.9913,,,0,,1,3,seam_narrow,rule,0,3,0,3,1.0614035087719298,0.9385964912280702,0.06140350877192979,0.9385964912280702,1.0614035087719298,0.2187,0.1525,0.1525,char,char,0,0,0,0,0,0,touching,0.38095238095238093,0,5,114.0,2437.0,1.0056497175141244
vol02:169:3:14,vol02,169,3,gold_legacy,ok,1545.0,0.33928571428577925,0,0,0,0,0,0,117,0.9927,,,10,,1,2,seam_narrow,rule,0,1,0,1,1.054054054054054,1.0360360360360361,0.054054054054053946,1.0360360360360361,1.054054054054054,0.2485,0.2343,0.2343,char,char,0,0,0,0,0,0,touching,0.6666666666666666,0,4,111.0,2336.0,0.96
vol02:183:7:15,vol02,183,7,gold_page,ok,1743.9074044684592,2.9553086600758434,0,0,1,1,1,0,465,0.9254,0.010399999999999965,0.915,0,465.0,2,5,seam_narrow,rule,1,8,1,8,1.2678571428571428,0.8214285714285714,0.2678571428571428,0.8214285714285714,1.2678571428571428,0.2259,0.2699,0.2259,char,char,0,0,0,0,0,0,touching,0.7142857142857143,0,4,112.0,2410.0,0.9653179190751445
vol02:178:3:8,vol02,178,3,gold_page,ok,882.9968057968616,5.402070607632709,0,1,1,0,0,0,45,0.997,0.010099999999999998,0.9869,45,122.0,2,2,seam_narrow,rule,0,13,0,13,0.9181818181818182,1.018181818181818,0.08181818181818179,0.9181818181818182,1.018181818181818,0.2436,0.2289,0.2289,char,char,0,0,0,0,0,0,touching,0.38095238095238093,0,7,110.0,2383.0,0.9916434540389972
vol02:118:7:12,vol02,118,7,gold_legacy,ok,1348.0,0.7206703910615033,0,0,1,1,1,0,216,0.9652,,,69,,1,3,seam_narrow,rule,0,2,0,2,1.0,1.1926605504587156,0.19266055045871555,1.0,1.1926605504587156,0.24,0.2065,0.2065,char,char,0,0,0,0,0,0,touching,0.5714285714285714,0,4,109.0,2367.0,0.9944444444444445
vol02:179:1:15,vol02,179,1,gold_legacy,cand,1714.0009883695463,0.6133479201082537,1,0,1,0,0,0,33,0.9992,0.005499999999999949,0.9937,33,63.0,2,2,seam_narrow,rule,0,11,0,11,0.9553571428571429,0.9553571428571429,0.044642857142857095,0.9553571428571429,0.9553571428571429,0.2228,0.2273,0.2228,char,char,0,0,0,0,0,0,touching,0.7142857142857143,0,10,112.0,2351.0,1.0113636363636365
vol02:170:1:12,vol02,170,1,gold_legacy,cand,1322.002993519848,7.421072615893081,1,1,0,0,0,0,123,0.9839,,,0,,1,4,seam_narrow,rule,0,3,0,3,0.954954954954955,1.0810810810810811,0.08108108108108114,0.954954954954955,1.0810810810810811,0.1993,0.1801,0.1801,char,char,0,0,0,0,0,0,touching,0.5714285714285714,0,7,111.0,2351.0,1.0
vol02:88:9:15,vol02,88,9,gold_legacy,cand,1732.1714126108986,13.338980178466272,1,1,1,1,1,0,170,0.9834,0.0017000000000000348,0.9817,0,185.0,2,4,seam_narrow,rule,2,5,2,5,0.9385964912280702,1.0614035087719298,0.06140350877192979,0.9385964912280702,1.0614035087719298,0.2154,0.2128,0.2128,char,char,0,0,0,0,0,0,touching,0.7142857142857143,0,3,114.0,2423.0,1.0451977401129944
vol02:137:1:4,vol02,137,1,gold_legacy,cand,461.0,5.146892655367253,1,1,1,1,1,0,216,0.9791,-0.0046000000000000485,0.9837,0,169.0,2,4,seam_narrow,rule,3,8,3,8,1.063063063063063,0.9819819819819819,0.06306306306306309,0.9819819819819819,1.063063063063063,0.2712,0.2301,0.2301,char,char,0,0,0,0,0,0,touching,0.19047619047619047,0,4,111.0,2369.0,1.0172413793103448
vol02:108:7:12,vol02,108,7,gold_legacy,cand,1358.994120834459,10.005879165541046,1,1,1,1,1,1,160,0.9719,0.06699999999999995,0.9049,3,160.0,2,4,straight,unet,0,0,0,14,1.0186915887850467,0.794392523364486,0.20560747663551404,0.794392523364486,1.0186915887850467,0.1854,0.1322,0.1322,char,char,0,0,0,0,0,0,touching,0.5714285714285714,0,8,107.0,2317.0,1.011173184357542
vol02:153:6:8,vol02,153,6,gold_legacy,cand,927.0,24.346368715083827,1,1,1,1,1,0,297,0.9103,0.01980000000000004,0.8905,0,435.0,2,4,seam_narrow,rule,3,16,3,16,0.7889908256880734,1.2660550458715596,0.2660550458715596,0.7889908256880734,1.2660550458715596,0.1948,0.1608,0.1608,char,char,0,0,0,0,0,0,touching,0.38095238095238093,0,1,109.0,2405.0,1.0
vol02:185:6:6,vol02,185,6,gold_legacy,cand,689.9994088168515,1.8844662881159593,1,0,1,1,1,0,169,0.9831,0.008199999999999985,0.9749,0,135.0,2,5,seam_narrow,rule,3,12,3,12,0.8928571428571429,1.0446428571428572,0.1071428571428571,0.8928571428571429,1.0446428571428572,0.2107,0.2555,0.2107,char,char,0,0,0,0,0,0,touching,0.2857142857142857,0,9,112.0,2405.0,1.0175438596491229
vol02:110:3:15,vol02,110,3,gold_legacy,cand,1696.0,4.486486486486456,1,0,1,1,1,0,190,0.9797,0.006199999999999983,0.9735,0,171.0,2,5,seam_narrow,rule,2,10,2,10,0.9099099099099099,1.0810810810810811,0.09009009009009006,0.9099099099099099,1.0810810810810811,0.1918,0.2529,0.1918,char,char,0,0,0,0,0,0,touching,0.7142857142857143,0,7,111.0,2369.0,1.0511363636363635
vol02:184:5:19,vol02,184,5,gold_legacy,cand,2200.0045138851256,5.0045138851255615,1,1,1,1,1,1,135,0.9881,0.02429999999999999,0.9638,1,135.0,3,5,straight,unet,0,0,5,37,0.9911504424778761,1.1238938053097345,0.12389380530973448,0.9911504424778761,1.1238938053097345,0.2559,0.2385,0.2385,char,char,0,0,0,0,0,0,touching,0.9047619047619048,0,9,113.0,2464.0,1.0677966101694916
vol02:170:9:19,vol02,170,9,gold_legacy,cand,2098.994877527484,4.117684545027714,1,0,1,1,1,0,124,0.99,0.0006000000000000449,0.9894,2,129.0,2,4,seam_narrow,rule,2,3,2,3,0.9369369369369369,1.0360360360360361,0.06306306306306309,0.9369369369369369,1.0360360360360361,0.273,0.224,0.224,char,char,0,0,0,0,0,0,touching,0.9047619047619048,0,7,111.0,2352.0,0.9661016949152542
vol02:21:1:18,vol02,21,1,gold_legacy,cand,2095.0,0.07734806629832747,1,0,1,1,1,0,135,0.9937,9.999999999998899e-05,0.9936,47,105.0,2,4,seam_narrow,rule,3,11,3,11,1.017391304347826,0.9043478260869565,0.09565217391304348,0.9043478260869565,1.017391304347826,0.2034,0.2469,0.2034,char,char,0,0,0,0,0,0,touching,0.8571428571428571,0,3,115.0,2435.0,1.0342857142857143
vol02:181:1:6,vol02,181,1,gold_legacy,cand,664.0,9.0,1,1,1,1,1,0,240,0.9548,0.0040999999999999925,0.9507,32,240.0,3,6,straight,rule,0,0,13,39,0.9363636363636364,1.1272727272727272,0.1272727272727272,0.9363636363636364,1.1272727272727272,0.2806,0.3107,0.2806,char,char,0,0,0,0,0,0,touching,0.2857142857142857,0,9,110.0,2335.0,0.9485714285714286
vol02:82:9:10,vol02,82,9,gold_legacy,cand,1128.0,7.0,1,1,1,1,1,0,129,0.99,0.0031999999999999806,0.9868,0,129.0,3,5,straight,rule,0,0,5,8,0.9217391304347826,1.0782608695652174,0.07826086956521738,0.9217391304347826,1.0782608695652174,0.302,0.2579,0.2579,char,char,0,0,0,0,0,0,touching,0.47619047619047616,0,6,115.0,2449.0,1.0514285714285714
vol02:186:2:9,vol02,186,2,gold_page,ok,1155.9971602253672,117.99716022536722,0,1,1,0,0,1,36,0.9947,0.0050000000000000044,0.9897,36,36.0,2,2,straight,unet,0,0,2,12,0.990909090909091,1.0727272727272728,0.07272727272727275,0.990909090909091,1.0727272727272728,0.2053,0.2581,0.2053,char,char,0,0,0,0,0,0,touching,0.42857142857142855,0,11,110.0,2403.0,0.9712643678160919
vol02:149:7:20,vol02,149,7,gold_legacy,cand,2240.0,12.0,1,1,1,1,1,1,191,0.9503,0.07030000000000003,0.88,0,191.0,2,5,straight,unet,0,0,1,18,1.0990990990990992,1.2792792792792793,0.2792792792792793,1.0990990990990992,1.2792792792792793,0.1954,0.1816,0.1816,char,char,0,0,0,0,0,0,touching,0.9523809523809523,1,10,111.0,2394.0,1.0
vol02:151:6:3,vol02,151,6,gold_legacy,ok,315.0,11.454022988505756,0,1,1,1,1,0,235,0.9856,0.011199999999999988,0.9744,44,238.0,2,3,seam_narrow,rule,0,16,0,16,1.008695652173913,0.9826086956521739,0.017391304347826098,0.9826086956521739,1.008695652173913,0.2624,0.2242,0.2242,char,char,0,0,0,0,0,0,touching,0.14285714285714285,0,4,115.0,2402.0,1.0
vol02:150:1:20,vol02,150,1,gold_legacy,ok,2256.0,0.30434782608699606,0,0,1,0,0,0,15,0.9991,,,15,,1,1,seam_narrow,rule,0,3,0,3,1.0275229357798166,1.4311926605504588,0.4311926605504588,1.0275229357798166,1.4311926605504588,0.2234,0.122,0.122,char,char,0,0,0,0,0,0,touching,0.9523809523809523,1,2,109.0,2412.0,1.0279329608938548
vol02:126:4:3,vol02,126,4,gold_legacy,cand,359.0,10.151162790697697,1,1,1,1,1,0,125,0.9847,,,0,,1,3,seam_narrow,rule,0,4,0,4,1.0091743119266054,1.1743119266055047,0.17431192660550465,1.0091743119266054,1.1743119266055047,0.2039,0.1947,0.1947,char,char,0,0,0,0,0,0,touching,0.14285714285714285,0,7,109.0,2370.0,0.9608938547486033
vol02:179:2:10,vol02,179,2,gold_legacy,cand,1088.0009356012613,5.99906439873871,1,1,1,0,0,0,49,0.9911,0.006299999999999972,0.9848,49,49.0,3,3,straight,rule,0,0,6,16,0.8839285714285714,0.9732142857142857,0.1160714285714286,0.8839285714285714,0.9732142857142857,0.2045,0.2844,0.2045,char,char,0,0,0,0,0,0,touching,0.47619047619047616,0,8,112.0,2336.0,0.9943181818181818
vol02:113:1:19,vol02,113,1,gold_legacy,ok,2154.0,15.0,0,1,1,1,1,0,191,0.9483,0.03920000000000001,0.9091,191,225.0,2,3,seam_narrow,rule,0,15,0,15,1.2035398230088497,0.9557522123893806,0.20353982300884965,0.9557522123893806,1.2035398230088497,0.186,0.1451,0.1451,char,char,0,0,0,0,0,0,touching,0.9047619047619048,0,6,113.0,2356.0,1.1098265895953756
vol02:175:8:9,vol02,175,8,gold_legacy,cand,1003.0,7.7621621621622126,1,1,0,0,0,0,134,0.9798,,,1,,1,2,seam_narrow,rule,0,7,0,7,0.963963963963964,1.0360360360360361,0.03603603603603611,0.963963963963964,1.0360360360360361,0.1487,0.1323,0.1323,char,char,0,0,0,0,0,0,touching,0.42857142857142855,0,6,111.0,2364.0,1.0393258426966292
vol02:146:9:14,vol02,146,9,gold_legacy,ok,1609.0,0.0,0,0,1,1,1,0,190,0.9798,-0.0004999999999999449,0.9803,0,190.0,3,5,straight,rule,0,0,8,3,1.063063063063063,0.9459459459459459,0.06306306306306309,0.9459459459459459,1.063063063063063,0.2056,0.2688,0.2056,char,char,0,0,0,0,0,0,touching,0.6666666666666666,0,2,111.0,2407.0,0.9540229885057471
vol02:178:7:1,vol02,178,7,gold_page,ok,104.99687739165623,4.14673962962037,0,0,1,0,0,0,0,1.0,0.014900000000000024,0.9851,0,111.0,2,2,seam_narrow,rule,0,11,0,11,0.9545454545454546,0.9818181818181818,0.045454545454545414,0.9545454545454546,0.9818181818181818,0.1934,0.2078,0.1934,char,char,0,0,0,0,0,0,touching,0.047619047619047616,0,2,110.0,2387.0,1.0473537604456824
vol02:104:4:13,vol02,104,4,gold_legacy,cand,1464.0,8.59668508287291,1,1,1,1,1,0,106,0.9787,0.0019000000000000128,0.9768,0,119.0,2,4,seam_narrow,rule,1,4,1,4,0.9541284403669725,1.0642201834862386,0.06422018348623859,0.9541284403669725,1.0642201834862386,0.2393,0.2451,0.2393,char,char,0,0,0,0,0,0,touching,0.6190476190476191,0,5,109.0,2408.0,1.011173184357542
vol02:179:9:7,vol02,179,9,gold_page,ok,825.0026916844045,0.0026916844044535537,0,0,1,1,1,1,691,0.8578,0.014600000000000057,0.8432,0,691.0,2,4,straight,unet,0,0,0,14,1.0089285714285714,0.7767857142857143,0.2232142857142857,0.7767857142857143,1.0089285714285714,0.1942,0.211,0.1942,char,char,0,0,0,0,0,0,touching,0.3333333333333333,0,8,112.0,2342.0,0.9829545454545454
vol02:113:8:20,vol02,113,8,gold_legacy,cand,2233.0,0.6744186046512368,1,0,0,0,0,0,0,1.0,,,0,,1,1,seam_narrow,rule,0,2,0,2,1.0442477876106195,1.0353982300884956,0.04424778761061954,1.0353982300884956,1.0442477876106195,0.2695,0.2274,0.2274,char,char,0,0,0,0,0,0,touching,0.9523809523809523,1,4,113.0,2348.0,0.9942196531791907
vol02:103:9:12,vol02,103,9,gold_legacy,cand,1362.0,0.0,1,0,1,0,0,0,36,0.9979,-0.0006000000000000449,0.9985,30,36.0,3,3,straight,rule,0,0,4,4,0.9285714285714286,1.0357142857142858,0.0714285714285714,0.9285714285714286,1.0357142857142858,0.1961,0.2584,0.1961,char,char,0,0,0,0,0,0,touching,0.5714285714285714,0,7,112.0,2400.0,1.0
vol02:185:8:5,vol02,185,8,gold_legacy,cand,593.9998472477241,5.203335619817153,1,1,1,1,1,0,205,0.9792,0.0031999999999999806,0.976,0,232.0,2,4,seam_narrow,rule,2,4,2,4,0.9732142857142857,1.0178571428571428,0.0267857142857143,0.9732142857142857,1.0178571428571428,0.2333,0.238,0.2333,char,char,0,0,0,0,0,0,touching,0.23809523809523808,0,8,112.0,2400.0,1.0058479532163742
vol02:141:2:11,vol02,141,2,gold_legacy,ok,1208.0,1.6779661016948921,0,0,0,0,0,0,167,0.9912,,,8,,1,2,seam_narrow,rule,0,6,0,6,1.0636363636363637,0.9818181818181818,0.06363636363636371,0.9818181818181818,1.0636363636363637,0.2453,0.2264,0.2264,char,char,0,0,0,0,0,0,touching,0.5238095238095238,0,4,110.0,2318.0,1.0290697674418605
vol02:133:7:9,vol02,133,7,gold_legacy,cand,965.0,19.87179487179492,1,1,1,1,1,0,287,0.9639,0.0015999999999999348,0.9623,5,307.0,2,5,seam_narrow,rule,2,6,2,6,0.8545454545454545,1.1727272727272726,0.17272727272727262,0.8545454545454545,1.1727272727272726,0.3782,0.2543,0.2543,char,char,0,0,0,0,0,0,touching,0.42857142857142855,0,5,110.0,2337.0,0.9176470588235294
vol02:181:7:9,vol02,181,7,gold_page,cand,1004.9976468433155,8.75720968484552,1,1,1,1,0,1,83,0.9901,0.01759999999999995,0.9725,5,201.0,3,5,seam_narrow,unet,5,16,5,24,0.8636363636363636,1.0272727272727273,0.13636363636363635,0.8636363636363636,1.0272727272727273,0.1972,0.2242,0.1972,char,char,0,0,0,0,0,0,touching,0.42857142857142855,0,11,110.0,2347.0,1.0457142857142858
vol02:142:3:20,vol02,142,3,gold_legacy,ok,2201.0,0.7430167597763102,0,0,1,0,0,0,3,0.9999,,,3,,1,1,seam_narrow,rule,0,3,0,3,1.0803571428571428,1.1785714285714286,0.1785714285714286,1.0803571428571428,1.1785714285714286,0.2563,0.1265,0.1265,char,char,0,0,0,0,0,0,touching,0.9523809523809523,1,7,112.0,2333.0,1.0170454545454546
vol02:112:6:3,vol02,112,6,gold_legacy,cand,329.0,10.117021276595722,1,1,1,1,1,0,148,0.9853,-0.0009000000000000119,0.9862,0,139.0,2,4,seam_narrow,rule,1,3,1,3,1.0089285714285714,1.1071428571428572,0.1071428571428572,1.0089285714285714,1.1071428571428572,0.1923,0.2448,0.1923,char,char,0,0,0,0,0,0,touching,0.14285714285714285,0,2,112.0,2356.0,1.0444444444444445
vol02:171:3:16,vol02,171,3,gold_legacy,cand,1794.0,0.5588235294117112,1,0,1,1,1,0,217,0.9529,,,5,,1,3,seam_narrow,rule,0,2,0,2,1.1090909090909091,1.018181818181818,0.10909090909090913,1.018181818181818,1.1090909090909091,0.163,0.1544,0.1544,char,char,0,0,0,0,0,0,touching,0.7619047619047619,0,3,110.0,2358.0,0.9659090909090909
vol02:149:8:6,vol02,149,8,gold_legacy,cand,712.0,17.057803468208135,1,1,1,1,1,0,250,0.9686,0.0022999999999999687,0.9663,0,268.0,2,4,seam_narrow,rule,3,6,3,6,0.8018018018018018,1.1981981981981982,0.19819819819819817,0.8018018018018018,1.1981981981981982,0.2022,0.1964,0.1964,char,char,0,0,0,0,0,0,touching,0.2857142857142857,0,7,111.0,2403.0,0.9885714285714285
vol02:180:1:14,vol02,180,1,gold_page,ok,1551.0038042523536,2.899939063154534,0,0,1,0,0,0,0,1.0,0.02849999999999997,0.9715,0,280.0,2,2,seam_narrow,rule,0,20,0,20,0.9074074074074074,1.0462962962962963,0.09259259259259256,0.9074074074074074,1.0462962962962963,0.2578,0.2691,0.2578,char,char,0,0,0,0,0,0,touching,0.6666666666666666,0,15,108.0,2346.0,1.0564971751412429
vol02:179:1:14,vol02,179,1,gold_page,ok,1604.0010233187609,1.489787363704636,0,0,1,0,0,0,0,1.0,,,0,,1,1,seam_narrow,rule,0,4,0,4,0.8928571428571429,0.9553571428571429,0.1071428571428571,0.8928571428571429,0.9553571428571429,0.1614,0.2228,0.1614,char,char,0,0,0,0,0,0,touching,0.6666666666666666,0,10,112.0,2351.0,1.0113636363636365
vol02:112:7:20,vol02,112,7,gold_legacy,ok,2235.0,0.0,0,0,1,1,1,0,164,0.9846,0.005700000000000038,0.9789,164,164.0,3,5,straight,rule,0,0,6,40,0.9910714285714286,1.2410714285714286,0.2410714285714286,0.9910714285714286,1.2410714285714286,0.2604,0.2089,0.2089,char,char,0,0,0,0,0,0,touching,0.9523809523809523,1,4,112.0,2374.0,1.0
vol02:141:7:19,vol02,141,7,gold_legacy,ok,2080.0,2.526315789473756,0,0,0,0,0,0,164,0.9814,,,0,,1,3,seam_narrow,rule,0,4,0,4,0.9818181818181818,1.0636363636363637,0.06363636363636371,0.9818181818181818,1.0636363636363637,0.2501,0.18,0.18,char,char,0,0,0,0,0,0,touching,0.9047619047619048,0,5,110.0,2312.0,0.9941860465116279
vol02:45:5:17,vol02,45,5,gold_page,cand,1946.9984520525347,0.9984520525347307,1,0,1,0,0,0,34,0.9957,-0.0036999999999999256,0.9994,7,34.0,3,3,straight,rule,0,0,4,5,0.9224137931034483,1.0,0.07758620689655171,0.9224137931034483,1.0,0.1976,0.2154,0.1976,char,char,0,0,0,0,0,0,touching,0.8095238095238095,0,4,116.0,2407.0,1.0
vol02:174:3:10,vol02,174,3,gold_legacy,cand,1132.0,18.0,1,1,1,1,1,1,475,0.9188,0.013999999999999901,0.9048,2,475.0,2,5,straight,unet,0,0,3,15,1.2072072072072073,0.8468468468468469,0.2072072072072073,0.8468468468468469,1.2072072072072073,0.2216,0.2185,0.2185,char,char,0,0,0,0,0,0,touching,0.47619047619047616,0,6,111.0,2397.0,0.9775280898876404
vol02:111:6:20,vol02,111,6,gold_page,ok,2204.9995539250313,2.7696688675600853,0,0,1,1,1,0,118,0.9913,,,0,,1,4,seam_narrow,rule,0,6,0,6,1.063063063063063,1.3783783783783783,0.3783783783783783,1.063063063063063,1.3783783783783783,0.2874,0.234,0.234,char,char,0,0,0,0,0,0,touching,0.9523809523809523,1,6,111.0,2356.0,1.0
vol02:133:9:17,vol02,133,9,gold_legacy,cand,1870.0,4.0,1,0,1,1,1,1,167,0.9847,0.0007000000000000339,0.984,0,167.0,3,6,straight,unet,0,0,4,21,1.1727272727272726,0.9454545454545454,0.17272727272727262,0.9454545454545454,1.1727272727272726,0.2718,0.2409,0.2409,char,char,0,0,0,0,0,0,touching,0.8095238095238095,0,7,110.0,2336.0,1.0235294117647058
vol02:149:2:9,vol02,149,2,gold_legacy,cand,1015.0,8.708074534161483,1,1,0,0,0,0,166,0.9792,,,0,,1,2,seam_narrow,rule,0,3,0,3,0.9369369369369369,1.0,0.06306306306306309,0.9369369369369369,1.0,0.2395,0.2023,0.2023,char,char,0,0,0,0,0,0,touching,0.42857142857142855,0,5,111.0,2391.0,0.92
vol02:141:9:14,vol02,141,9,gold_legacy,ok,1537.0,0.2189349112425134,0,0,0,0,0,0,184,0.983,,,10,,1,3,seam_narrow,rule,0,2,0,2,0.9636363636363636,1.0,0.036363636363636376,0.9636363636363636,1.0,0.1851,0.2769,0.1851,char,char,0,0,0,0,0,0,touching,0.6666666666666666,0,9,110.0,2330.0,0.9825581395348837
vol02:188:4:1,vol02,188,4,gold_page,ok,149.00219156532802,11.602204039067573,0,1,1,1,1,0,228,0.9895,0.0013000000000000789,0.9882,2,894.0,3,6,seam_wide,rule,2,21,6,21,1.3008849557522124,1.4513274336283186,0.4513274336283186,1.3008849557522124,1.4513274336283186,0.2707,0.3409,0.2707,char,char,0,0,0,0,0,0,touching,0.047619047619047616,0,13,113.0,2435.0,1.0459770114942528
vol02:188:4:3,vol02,188,4,gold_page,ok,421.99926651280475,0.0007334871952480171,0,0,1,1,1,0,101,0.9964,0.011099999999999999,0.9853,48,101.0,3,5,straight,rule,0,0,13,15,0.9646017699115044,1.238938053097345,0.23893805309734506,0.9646017699115044,1.238938053097345,0.4934,0.4973,0.4934,char,char,0,0,0,0,0,0,touching,0.14285714285714285,0,13,113.0,2435.0,1.0459770114942528
vol02:180:4:13,vol02,180,4,gold_page,cand,1457.0041748655078,0.043953476738124664,1,0,1,0,0,0,0,1.0,0.012399999999999967,0.9876,0,109.0,2,2,seam_narrow,rule,0,12,0,12,0.9629629629629629,0.9074074074074074,0.09259259259259256,0.9074074074074074,0.9629629629629629,0.2256,0.2563,0.2256,char,char,0,0,0,0,0,0,touching,0.6190476190476191,0,11,108.0,2336.0,1.0564971751412429
vol02:188:6:5,vol02,188,6,gold_page,ok,531.029338778525,104.97066122147498,0,1,1,1,1,1,183,0.9703,0.0035000000000000586,0.9668,11,183.0,3,5,straight,unet,0,0,5,24,0.9292035398230089,1.008849557522124,0.07079646017699115,0.9292035398230089,1.008849557522124,0.3586,0.1949,0.1949,char,char,0,0,0,0,0,0,touching,0.23809523809523808,0,10,113.0,2452.0,0.9137931034482759
vol02:180:7:5,vol02,180,7,gold_legacy,cand,591.9855186909052,5.014481309094776,1,1,1,1,1,0,131,0.9899,0.0043999999999999595,0.9855,0,131.0,3,5,straight,rule,0,0,5,23,1.1111111111111112,1.0277777777777777,0.11111111111111116,1.0277777777777777,1.1111111111111112,0.2792,0.3109,0.2792,char,char,0,0,0,0,0,0,touching,0.23809523809523808,0,4,108.0,2355.0,1.0
vol02:188:4:18,vol02,188,4,gold_page,ok,2107.9956753047295,22.004324695270498,0,1,1,0,0,0,5,0.9996,0.0040000000000000036,0.9956,5,745.0,3,3,seam_wide,rule,0,22,6,22,0.9026548672566371,0.9026548672566371,0.09734513274336287,0.9026548672566371,0.9026548672566371,0.2362,0.1911,0.1911,char,char,0,0,0,0,0,0,touching,0.8571428571428571,0,13,113.0,2435.0,1.0459770114942528
vol02:188:6:4,vol02,188,6,gold_page,ok,410.04720107460736,120.95279892539264,0,1,1,1,1,0,160,0.9791,0.0023999999999999577,0.9767,159,160.0,3,6,straight,rule,0,0,14,36,1.0707964601769913,0.9292035398230089,0.07079646017699126,0.9292035398230089,1.0707964601769913,0.4409,0.3586,0.3586,char,char,0,0,0,0,0,0,touching,0.19047619047619047,0,10,113.0,2452.0,0.9137931034482759
vol02:10:4:11,vol02,10,4,gold_legacy,ok,1271.0,0.0,0,0,1,1,0,0,63,0.9953,-0.000300000000000078,0.9956,2,63.0,3,4,straight,rule,0,0,5,21,1.0,1.0172413793103448,0.01724137931034475,1.0,1.0172413793103448,0.2414,0.2468,0.2414,char,char,0,0,0,0,0,0,touching,0.5238095238095238,0,2,116.0,2425.0,1.0056179775280898
vol02:43:5:14,vol02,43,5,gold_legacy,moved,1597.0,5.0,1,0,1,1,0,0,81,0.9898,0.013900000000000023,0.9759,0,81.0,3,5,straight,rule,0,0,5,19,1.0442477876106195,1.0619469026548674,0.06194690265486735,1.0442477876106195,1.0619469026548674,0.2039,0.2528,0.2039,char,char,0,0,0,0,0,0,touching,0.6666666666666666,0,4,113.0,2419.0,1.023121387283237
vol02:184:9:3,vol02,184,9,gold_legacy,moved,396.99928762896286,4.139638506155848,1,0,1,1,0,0,73,0.9942,-0.0018000000000000238,0.996,3,55.0,2,4,seam_narrow,rule,2,5,2,5,1.1327433628318584,1.008849557522124,0.1327433628318584,1.008849557522124,1.1327433628318584,0.2214,0.1891,0.1891,char,char,0,0,0,0,0,0,touching,0.14285714285714285,0,7,113.0,2467.0,0.9661016949152542
vol02:150:6:11,vol02,150,6,gold_legacy,moved,1249.0,6.90502793296082,1,1,1,1,0,1,93,0.9858,0.0029000000000000137,0.9829,1,95.0,3,6,seam_narrow,unet,5,5,5,25,0.963302752293578,1.1743119266055047,0.17431192660550465,0.963302752293578,1.1743119266055047,0.2347,0.1774,0.1774,char,char,0,0,0,0,0,0,touching,0.5238095238095238,0,3,109.0,2421.0,1.0
vol02:44:7:7,vol02,44,7,gold_legacy,ok,795.0,0.35593220338978426,0,0,1,0,0,0,57,0.9962,0.00029999999999996696,0.9959,57,57.0,2,2,seam_narrow,rule,2,1,2,1,0.868421052631579,1.1491228070175439,0.14912280701754388,0.868421052631579,1.1491228070175439,0.1597,0.2218,0.1597,char,char,0,0,0,0,0,0,touching,0.3333333333333333,0,3,114.0,2452.0,1.0
vol02:137:5:9,vol02,137,5,gold_legacy,moved,1004.0,3.0,1,0,1,1,0,1,76,0.993,0.02959999999999996,0.9634,0,76.0,2,4,straight,unet,0,0,0,20,0.9369369369369369,1.027027027027027,0.06306306306306309,0.9369369369369369,1.027027027027027,0.2294,0.3187,0.2294,char,char,0,0,0,0,0,0,touching,0.42857142857142855,0,7,111.0,2352.0,1.0402298850574712
vol02:86:1:5,vol02,86,1,gold_legacy,moved,579.0,6.402234636871526,1,1,1,1,0,0,89,0.9865,-0.0041999999999999815,0.9907,4,89.0,2,3,seam_narrow,rule,2,10,2,10,0.9821428571428571,1.0089285714285714,0.017857142857142905,0.9821428571428571,1.0089285714285714,0.2533,0.2525,0.2525,char,char,0,0,0,0,0,0,touching,0.23809523809523808,0,1,112.0,2379.0,1.0112994350282485
vol02:134:3:9,vol02,134,3,gold_legacy,moved,991.0,6.399999999999977,1,1,1,1,0,0,75,0.992,-0.0013999999999999568,0.9934,0,64.0,2,4,seam_narrow,rule,2,14,2,14,1.1203703703703705,0.9444444444444444,0.12037037037037046,0.9444444444444444,1.1203703703703705,0.2733,0.175,0.175,char,char,0,0,0,0,0,0,touching,0.42857142857142855,0,5,108.0,2321.0,1.0
vol02:109:2:14,vol02,109,2,gold_legacy,moved,1580.0,4.0,1,0,1,1,0,1,79,0.9931,0.006900000000000017,0.9862,0,79.0,2,4,straight,unet,0,0,2,16,1.1441441441441442,0.8558558558558559,0.14414414414414423,0.8558558558558559,1.1441441441441442,0.2722,0.2664,0.2664,char,char,0,0,0,0,0,0,touching,0.6666666666666666,0,7,111.0,2365.0,1.0112994350282485
vol02:119:5:11,vol02,119,5,gold_page,moved,1253.9963160523403,2.221316052340171,1,0,1,0,0,0,57,0.9937,0.014700000000000046,0.979,57,112.0,2,2,seam_narrow,rule,1,12,1,12,0.9166666666666666,1.037037037037037,0.08333333333333337,0.9166666666666666,1.037037037037037,0.1724,0.1814,0.1724,char,char,0,0,0,0,0,0,touching,0.5238095238095238,0,5,108.0,2379.0,1.1111111111111112
vol02:52:8:12,vol02,52,8,gold_legacy,moved,1388.0050938626287,6.272535723093824,1,1,1,1,0,0,88,0.9897,0.0015000000000000568,0.9882,3,100.0,2,4,seam_narrow,rule,1,3,1,3,0.9473684210526315,1.043859649122807,0.052631578947368474,0.9473684210526315,1.043859649122807,0.1737,0.2137,0.1737,char,char,0,0,0,0,0,0,touching,0.5714285714285714,0,3,114.0,2448.0,0.9608938547486033
vol02:89:5:4,vol02,89,5,gold_legacy,ok,477.0,1.2285714285714562,0,0,1,1,0,0,88,0.9902,0.0011999999999999789,0.989,0,99.0,2,3,seam_narrow,rule,2,3,2,3,1.0175438596491229,1.0350877192982457,0.03508771929824572,1.0175438596491229,1.0350877192982457,0.2371,0.1956,0.1956,char,char,0,0,0,0,0,0,touching,0.19047619047619047,0,2,114.0,2425.0,0.9943181818181818
vol02:128:5:17,vol02,128,5,gold_legacy,ok,1846.0,0.0,0,0,1,0,0,0,20,0.9992,0.0033999999999999586,0.9958,20,20.0,3,3,straight,rule,0,0,4,14,1.0825688073394495,1.0825688073394495,0.08256880733944949,1.0825688073394495,1.0825688073394495,0.2783,0.2898,0.2783,char,char,0,0,0,0,0,0,touching,0.8095238095238095,0,6,109.0,2358.0,1.0
vol02:180:6:14,vol02,180,6,gold_legacy,cand,1558.973434244913,0.5514276335400154,1,0,1,0,0,1,5,0.9996,0.0,0.9996,5,84.0,3,3,seam_narrow,unet,6,11,6,11,0.9629629629629629,0.9814814814814815,0.03703703703703709,0.9629629629629629,0.9814814814814815,0.2267,0.2216,0.2216,char,char,0,0,0,0,0,0,touching,0.6666666666666666,0,8,108.0,2335.0,1.0225988700564972
vol02:111:7:3,vol02,111,7,gold_legacy,ok,330.0,4.0428571428571445,0,0,1,1,1,0,108,0.9915,-0.004899999999999904,0.9964,0,46.0,2,3,seam_narrow,rule,2,7,2,7,0.990990990990991,1.0,0.009009009009009028,0.990990990990991,1.0,0.2629,0.2248,0.2248,char,char,0,0,0,0,0,0,touching,0.14285714285714285,0,4,111.0,2367.0,1.206896551724138
vol02:135:5:12,vol02,135,5,gold_legacy,ok,1333.0,0.0,0,0,1,0,0,0,42,0.9961,0.010599999999999943,0.9855,42,42.0,3,3,straight,rule,0,0,6,25,0.9818181818181818,0.9636363636363636,0.036363636363636376,0.9636363636363636,0.9818181818181818,0.2675,0.1996,0.1996,char,char,0,0,0,0,0,0,touching,0.5714285714285714,0,5,110.0,2334.0,1.0346820809248556
vol02:61:6:18,vol02,61,6,gold_legacy,ok,2045.0,3.266666666666879,0,0,1,0,0,0,51,0.9921,-0.0022999999999999687,0.9944,51,51.0,2,2,seam_narrow,rule,2,7,2,7,1.131578947368421,0.9912280701754386,0.13157894736842102,0.9912280701754386,1.131578947368421,0.234,0.2238,0.2238,char,char,0,0,0,0,0,0,touching,0.8571428571428571,0,2,114.0,2424.0,1.0344827586206897
vol02:181:7:13,vol02,181,7,gold_page,ok,1438.0035407577593,0.003540757759310509,0,0,1,1,0,0,72,0.9932,0.010499999999999954,0.9827,0,72.0,3,6,straight,rule,0,0,6,21,1.0545454545454545,1.0454545454545454,0.05454545454545445,1.0454545454545454,1.0545454545454545,0.2416,0.2388,0.2388,char,char,0,0,0,0,0,0,touching,0.6190476190476191,0,11,110.0,2347.0,1.0457142857142858
vol02:151:3:20,vol02,151,3,gold_legacy,moved,2243.0,6.195121951219335,1,1,1,1,1,0,138,0.9867,-0.0012999999999999678,0.988,0,98.0,2,4,seam_narrow,rule,2,16,2,16,1.0521739130434782,1.4695652173913043,0.4695652173913043,1.0521739130434782,1.4695652173913043,0.2214,0.1626,0.1626,char,char,0,0,0,0,0,0,touching,0.9523809523809523,1,3,115.0,2418.0,0.9425287356321839
vol02:182:7:4,vol02,182,7,gold_legacy,ok,476.0,0.3016759776536446,0,0,1,1,0,0,79,0.9933,-0.0030000000000000027,0.9963,0,43.0,2,4,seam_narrow,rule,2,6,2,6,0.9363636363636364,1.0636363636363637,0.06363636363636371,0.9363636363636364,1.0636363636363637,0.2956,0.2778,0.2778,char,char,0,0,0,0,0,0,touching,0.19047619047619047,0,10,110.0,2348.0,1.0170454545454546
vol02:185:8:4,vol02,185,8,gold_legacy,cand,479.00003054699005,0.9999694530099532,1,0,1,1,0,0,83,0.9943,-0.000500000000000056,0.9948,7,83.0,3,5,straight,rule,0,0,6,3,1.0267857142857142,0.9732142857142857,0.0267857142857143,0.9732142857142857,1.0267857142857142,0.1998,0.2333,0.1998,char,char,0,0,0,0,0,0,touching,0.19047619047619047,0,8,112.0,2400.0,1.0058479532163742
vol02:13:3:8,vol02,13,3,gold_legacy,ok,939.0,0.0,0,0,1,1,0,0,84,0.9882,0.02100000000000002,0.9672,1,84.0,3,4,straight,rule,0,0,6,19,1.0434782608695652,0.9739130434782609,0.04347826086956519,0.9739130434782609,1.0434782608695652,0.2189,0.2359,0.2189,char,char,0,0,0,0,0,0,touching,0.38095238095238093,0,3,115.0,2429.0,1.0
vol02:141:5:5,vol02,141,5,gold_legacy,ok,548.0,0.3372093023256184,0,0,1,1,0,0,91,0.9918,-0.0017000000000000348,0.9935,8,95.0,2,3,seam_narrow,rule,3,6,3,6,1.018181818181818,1.0272727272727273,0.027272727272727337,1.018181818181818,1.0272727272727273,0.2972,0.2755,0.2755,char,char,0,0,0,0,0,0,touching,0.23809523809523808,0,7,110.0,2316.0,1.0
vol02:53:7:3,vol02,53,7,gold_legacy,cand,351.0,2.454545454545439,1,0,0,0,0,0,62,0.9926,,,0,,1,3,seam_narrow,rule,0,4,0,4,1.043859649122807,1.0701754385964912,0.07017543859649122,1.043859649122807,1.0701754385964912,0.1872,0.2008,0.1872,char,char,0,0,0,0,0,0,touching,0.14285714285714285,0,3,114.0,2413.0,0.9943502824858758
vol02:40:8:16,vol02,40,8,gold_legacy,cand,1828.0,1.1534090909090082,1,0,0,0,0,0,65,0.9891,,,0,,1,3,seam_narrow,rule,0,7,0,7,0.9652173913043478,1.0434782608695652,0.04347826086956519,0.9652173913043478,1.0434782608695652,0.1721,0.1756,0.1721,char,char,0,0,0,0,0,0,touching,0.7619047619047619,0,3,115.0,2418.0,0.9832402234636871
vol02:141:3:4,vol02,141,3,gold_legacy,ok,442.0,0.6860465116279215,0,0,1,1,0,0,74,0.9933,0.006399999999999961,0.9869,0,133.0,2,4,seam_narrow,rule,2,6,2,6,1.0727272727272728,1.018181818181818,0.07272727272727275,1.018181818181818,1.0727272727272728,0.2694,0.1943,0.1943,char,char,0,0,0,0,0,0,touching,0.19047619047619047,0,10,110.0,2321.0,1.0
vol02:110:1:17,vol02,110,1,gold_legacy,ok,1922.0,0.0,0,0,0,0,0,0,67,0.995,,,9,67.0,1,2,straight,rule,0,0,0,0,1.063063063063063,0.918918918918919,0.08108108108108103,0.918918918918919,1.063063063063063,0.2736,0.2054,0.2054,char,char,0,0,0,0,0,0,touching,0.8095238095238095,0,11,111.0,2372.0,0.9829545454545454
vol02:94:3:5,vol02,94,3,gold_legacy,cand,603.0,3.0,1,0,1,1,0,0,70,0.9925,0.000500000000000056,0.992,0,70.0,3,4,straight,rule,0,0,5,4,1.008849557522124,1.008849557522124,0.008849557522123908,1.008849557522124,1.008849557522124,0.2101,0.1893,0.1893,char,char,0,0,0,0,0,0,touching,0.23809523809523808,0,5,113.0,2481.0,0.9828571428571429
vol02:188:3:5,vol02,188,3,gold_legacy,ok,552.0,0.0,0,0,1,0,0,0,51,0.9963,0.009699999999999931,0.9866,51,51.0,3,3,straight,rule,0,0,5,19,0.9823008849557522,1.0,0.017699115044247815,0.9823008849557522,1.0,0.2735,0.2599,0.2599,char,char,0,0,0,0,0,0,touching,0.23809523809523808,0,10,113.0,2435.0,0.9597701149425287
vol02:116:3:5,vol02,116,3,gold_legacy,cand,579.0,5.154696132596655,1,1,1,1,0,0,88,0.9912,0.007199999999999984,0.984,0,158.0,2,4,seam_narrow,rule,2,7,2,7,0.963963963963964,1.027027027027027,0.036036036036036,0.963963963963964,1.027027027027027,0.2962,0.2035,0.2035,char,char,0,0,0,0,0,0,touching,0.23809523809523808,0,5,111.0,2350.0,1.0284090909090908
vol02:103:9:4,vol02,103,9,gold_legacy,cand,478.99665676825407,7.7522123238096015,1,1,0,0,0,0,89,0.9908,,,0,,1,2,seam_narrow,rule,0,2,0,2,1.0267857142857142,1.0267857142857142,0.02678571428571419,1.0267857142857142,1.0267857142857142,0.2185,0.2325,0.2185,char,char,0,0,0,0,0,0,touching,0.19047619047619047,0,7,112.0,2400.0,1.0
vol02:142:9:10,vol02,142,9,gold_legacy,cand,1057.0,7.711111111111222,1,1,0,0,0,0,96,0.9936,,,0,,1,3,seam_narrow,rule,0,3,0,3,0.9196428571428571,0.9821428571428571,0.0803571428571429,0.9196428571428571,0.9821428571428571,0.2736,0.1681,0.1681,char,char,0,0,0,0,0,0,touching,0.47619047619047616,0,6,112.0,2335.0,1.0227272727272727
vol02:135:8:8,vol02,135,8,gold_legacy,cand,921.0004807387741,1.0004807387740584,1,0,1,1,0,1,66,0.9967,0.007000000000000006,0.9897,1,66.0,2,4,straight,unet,0,0,2,9,0.9818181818181818,0.9454545454545454,0.054545454545454564,0.9454545454545454,0.9818181818181818,0.217,0.2517,0.217,char,char,0,0,0,0,0,0,touching,0.38095238095238093,0,8,110.0,2360.0,1.0289017341040463
vol02:138:1:17,vol02,138,1,gold_legacy,cand,1883.0,0.12429378531078328,1,0,1,0,0,0,56,0.9969,0.013700000000000045,0.9832,56,120.0,2,2,seam_narrow,rule,0,11,0,11,0.9203539823008849,1.1061946902654867,0.10619469026548667,0.9203539823008849,1.1061946902654867,0.2331,0.2099,0.2099,char,char,0,0,0,0,0,0,touching,0.8095238095238095,0,8,113.0,2359.0,1.0114285714285713
vol02:134:5:20,vol02,134,5,gold_legacy,cand,2213.0,7.229885057471165,1,1,0,0,0,0,80,0.992,,,0,,1,2,seam_narrow,rule,0,9,0,9,1.037037037037037,1.0925925925925926,0.09259259259259256,1.037037037037037,1.0925925925925926,0.2337,0.2125,0.2125,char,char,0,0,0,0,0,0,touching,0.9523809523809523,1,5,108.0,2331.0,0.9942857142857143
vol02:169:1:3,vol02,169,1,gold_legacy,ok,328.0,0.309523809523796,0,0,1,1,0,0,72,0.9927,,,0,,1,2,seam_narrow,rule,0,1,0,1,1.1531531531531531,0.9819819819819819,0.15315315315315314,0.9819819819819819,1.1531531531531531,0.23,0.2011,0.2011,char,char,0,0,0,0,0,0,touching,0.14285714285714285,0,4,111.0,2337.0,0.96
vol02:106:3:9,vol02,106,3,gold_legacy,cand,954.9994178374285,1.6471451101557477,1,0,1,1,1,0,103,0.991,-0.0021999999999999797,0.9932,1,73.0,2,4,seam_narrow,rule,2,5,2,5,0.9363636363636364,1.0454545454545454,0.0636363636363636,0.9363636363636364,1.0454545454545454,0.2711,0.2579,0.2579,char,char,0,0,0,0,0,0,touching,0.42857142857142855,0,7,110.0,2349.0,1.0
vol02:85:2:9,vol02,85,2,gold_legacy,ok,1020.0,0.4597701149425575,0,0,0,0,0,0,80,0.9966,,,15,,1,3,seam_narrow,rule,0,3,0,3,1.0446428571428572,1.0089285714285714,0.044642857142857206,1.0089285714285714,1.0446428571428572,0.255,0.2287,0.2287,char,char,0,0,0,0,0,0,touching,0.42857142857142855,0,6,112.0,2371.0,0.9942857142857143
vol02:118:2:7,vol02,118,2,gold_legacy,cand,787.0,3.0,1,0,1,1,0,1,66,0.9942,0.0036999999999999256,0.9905,0,66.0,3,5,straight,unet,0,0,5,24,1.073394495412844,1.018348623853211,0.07339449541284404,1.018348623853211,1.073394495412844,0.1732,0.3123,0.1732,char,char,0,0,0,0,0,0,touching,0.3333333333333333,0,4,109.0,2367.0,1.011111111111111
vol02:157:5:15,vol02,157,5,gold_legacy,cand,1659.0,1.8103448275862775,1,0,0,0,0,0,0,1.0,,,0,,1,1,seam_narrow,rule,0,2,0,2,1.0825688073394495,1.018348623853211,0.08256880733944949,1.018348623853211,1.0825688073394495,0.2476,0.2044,0.2044,char,char,0,0,0,0,0,0,touching,0.7142857142857143,0,4,109.0,2385.0,0.9886363636363636
vol02:35:5:6,vol02,35,5,gold_legacy,cand,706.0,3.0,1,0,1,1,0,0,82,0.9957,0.022700000000000053,0.973,6,82.0,3,5,straight,rule,0,0,7,24,1.0,0.9565217391304348,0.04347826086956519,0.9565217391304348,1.0,0.2195,0.2091,0.2091,char,char,0,0,0,0,0,0,touching,0.2857142857142857,0,2,115.0,2433.0,1.0
vol02:146:2:16,vol02,146,2,gold_legacy,cand,1824.0004479545744,0.4363336546209666,1,0,1,1,0,0,95,0.9926,0.012500000000000067,0.9801,33,101.0,2,4,seam_narrow,rule,0,10,0,10,0.963963963963964,1.027027027027027,0.036036036036036,0.963963963963964,1.027027027027027,0.2228,0.2006,0.2006,char,char,0,0,0,0,0,0,touching,0.7619047619047619,0,3,111.0,2413.0,1.0
vol02:170:7:17,vol02,170,7,gold_page,cand,1869.9991613407524,0.27661798815120164,1,0,1,1,1,0,103,0.9932,0.013900000000000023,0.9793,4,103.0,2,5,seam_narrow,rule,0,11,0,11,0.954954954954955,1.0810810810810811,0.08108108108108114,0.954954954954955,1.0810810810810811,0.159,0.1629,0.159,char,char,0,0,0,0,0,0,touching,0.8095238095238095,0,7,111.0,2352.0,0.9774011299435028
vol02:130:9:9,vol02,130,9,gold_legacy,cand,997.0,3.0,1,0,1,1,0,0,71,0.9929,0.0047000000000000375,0.9882,0,71.0,3,5,straight,rule,0,0,4,7,1.0909090909090908,0.9,0.09999999999999998,0.9,1.0909090909090908,0.2925,0.2223,0.2223,char,char,0,0,0,0,0,0,touching,0.42857142857142855,0,7,110.0,2303.0,0.9766081871345029
vol02:177:1:7,vol02,177,1,gold_legacy,cand,796.1749348838217,1.253248136833804,1,0,1,0,0,0,0,1.0,0.024800000000000044,0.9752,0,166.0,2,2,seam_narrow,rule,0,15,0,15,0.8695652173913043,1.0521739130434782,0.13043478260869568,0.8695652173913043,1.0521739130434782,0.1688,0.1881,0.1688,char,char,0,0,0,0,0,0,touching,0.3333333333333333,0,7,115.0,2379.0,0.8258706467661692
vol02:143:6:15,vol02,143,6,gold_legacy,cand,1651.2625468333338,4.522662440270096,1,0,1,0,0,0,45,0.998,,,45,,1,1,seam_narrow,rule,0,2,0,2,1.1018518518518519,1.0277777777777777,0.10185185185185186,1.0277777777777777,1.1018518518518519,0.2331,0.1794,0.1794,char,char,0,0,0,0,0,0,touching,0.7142857142857143,0,2,108.0,2328.0,1.0116959064327486
vol02:185:8:11,vol02,185,8,gold_legacy,cand,1257.9997554340764,8.790453108495058,1,1,1,1,0,0,70,0.994,0.00019999999999997797,0.9938,6,65.0,2,4,seam_narrow,rule,2,3,2,3,0.9553571428571429,1.0089285714285714,0.044642857142857095,0.9553571428571429,1.0089285714285714,0.2215,0.2529,0.2215,char,char,0,0,0,0,0,0,touching,0.5238095238095238,0,8,112.0,2400.0,1.0058479532163742
vol02:19:2:13,vol02,19,2,gold_legacy,cand,1499.0038641447074,5.99613585529255,1,1,1,1,0,0,82,0.992,0.0016000000000000458,0.9904,0,82.0,3,5,straight,rule,0,0,6,5,1.1785714285714286,0.9821428571428571,0.1785714285714286,0.9821428571428571,1.1785714285714286,0.2075,0.2617,0.2075,char,char,0,0,0,0,0,0,touching,0.6190476190476191,0,4,112.0,2414.0,0.9548022598870056
vol02:149:6:19,vol02,149,6,gold_legacy,ok,2112.0,0.8011049723754695,0,0,1,0,0,0,2,0.9999,0.0,0.9999,2,2.0,2,2,seam_narrow,rule,2,2,2,2,1.117117117117117,1.054054054054054,0.11711711711711703,1.054054054054054,1.117117117117117,0.2224,0.2475,0.2224,char,char,0,0,0,0,0,0,touching,0.9047619047619048,0,7,111.0,2387.0,1.0342857142857143
vol02:109:5:15,vol02,109,5,gold_page,moved,1689.0002127601633,13.604732534174673,1,1,1,1,0,0,72,0.9928,-0.0004999999999999449,0.9933,0,67.0,2,4,seam_narrow,rule,2,3,2,3,0.918918918918919,1.027027027027027,0.08108108108108103,0.918918918918919,1.027027027027027,0.2031,0.2557,0.2031,char,char,0,0,0,0,0,0,touching,0.7142857142857143,0,7,111.0,2356.0,1.0
vol02:100:8:11,vol02,100,8,gold_legacy,ok,1285.0,5.067073170731646,0,1,0,0,0,0,70,0.987,,,70,,1,2,seam_narrow,rule,0,9,0,9,0.9823008849557522,1.0,0.017699115044247815,0.9823008849557522,1.0,0.1512,0.2237,0.1512,char,char,0,0,0,0,0,0,touching,0.5238095238095238,0,5,113.0,2424.0,0.9647058823529412
vol02:140:9:11,vol02,140,9,gold_legacy,cand,1201.0,1.0,1,0,1,1,0,0,66,0.9942,0.011499999999999955,0.9827,0,66.0,3,5,straight,rule,0,0,5,14,1.055045871559633,0.9357798165137615,0.06422018348623848,0.9357798165137615,1.055045871559633,0.2964,0.2279,0.2279,char,char,0,0,0,0,0,0,touching,0.5238095238095238,0,8,109.0,2337.0,0.953757225433526
vol02:13:1:4,vol02,13,1,gold_legacy,ok,479.0,0.8435754189944191,0,0,0,0,0,0,91,0.9896,,,3,,1,3,seam_narrow,rule,0,3,0,3,1.0521739130434782,0.9652173913043478,0.05217391304347818,0.9652173913043478,1.0521739130434782,0.1727,0.2081,0.1727,char,char,0,0,0,0,0,0,touching,0.19047619047619047,0,4,115.0,2415.0,1.0170454545454546
vol02:150:4:20,vol02,150,4,gold_legacy,ok,2260.0,0.32584269662902443,0,0,1,0,0,0,59,0.9942,,,59,,1,1,seam_narrow,rule,0,1,0,1,0.944954128440367,1.3027522935779816,0.3027522935779816,0.944954128440367,1.3027522935779816,0.1783,0.1476,0.1476,char,char,0,0,0,0,0,0,touching,0.9523809523809523,1,9,109.0,2402.0,0.994413407821229
vol02:110:5:18,vol02,110,5,gold_legacy,ok,2025.0,0.2874251497005389,0,0,0,0,0,0,64,0.998,,,0,,1,3,seam_narrow,rule,0,8,0,8,1.072072072072072,0.918918918918919,0.08108108108108103,0.918918918918919,1.072072072072072,0.2963,0.1819,0.1819,char,char,0,0,0,0,0,0,touching,0.8571428571428571,0,5,111.0,2376.0,0.9488636363636364
vol02:170:7:11,vol02,170,7,gold_legacy,ok,1194.0,2.583815028901654,0,0,1,1,0,0,62,0.9895,,,0,,1,3,seam_narrow,rule,0,4,0,4,0.918918918918919,1.117117117117117,0.11711711711711703,0.918918918918919,1.117117117117117,0.1335,0.1654,0.1335,char,char,0,0,0,0,0,0,touching,0.5238095238095238,0,7,111.0,2352.0,0.9774011299435028
vol02:140:1:3,vol02,140,1,gold_legacy,ok,344.0,0.0,0,0,1,0,0,1,51,0.9964,0.008899999999999908,0.9875,51,51.0,3,3,straight,unet,0,0,8,27,1.055045871559633,1.055045871559633,0.05504587155963292,1.055045871559633,1.055045871559633,0.2789,0.2921,0.2789,char,char,0,0,0,0,0,0,touching,0.14285714285714285,0,3,109.0,2317.0,0.9826589595375722
vol02:146:8:10,vol02,146,8,gold_legacy,ok,1137.0,10.676470588235361,0,1,1,1,0,0,77,0.9911,0.026699999999999946,0.9644,21,244.0,2,5,seam_narrow,rule,1,19,1,19,0.9279279279279279,1.09009009009009,0.09009009009009006,0.9279279279279279,1.09009009009009,0.2844,0.2256,0.2256,char,char,0,0,0,0,0,0,touching,0.47619047619047616,0,4,111.0,2404.0,0.9770114942528736
vol02:118:3:4,vol02,118,3,gold_legacy,ok,451.0,2.379888268156435,0,0,1,1,0,0,85,0.9888,-0.0042999999999999705,0.9931,1,42.0,2,4,seam_narrow,rule,2,6,2,6,1.0825688073394495,1.0458715596330275,0.08256880733944949,1.0458715596330275,1.0825688073394495,0.211,0.2614,0.211,char,char,0,0,0,0,0,0,touching,0.19047619047619047,0,2,109.0,2362.0,0.9944444444444445
vol02:172:1:15,vol02,172,1,gold_legacy,ok,1649.0,0.8222222222223081,0,0,1,1,0,0,62,0.9895,,,62,,1,3,seam_narrow,rule,0,4,0,4,1.1441441441441442,0.9459459459459459,0.14414414414414423,0.9459459459459459,1.1441441441441442,0.2252,0.2119,0.2119,char,char,0,0,0,0,0,0,touching,0.7142857142857143,0,6,111.0,2352.0,1.0404624277456647
vol02:106:2:6,vol02,106,2,gold_legacy,ok,643.0,0.90116279069764,0,0,1,1,0,0,73,0.9945,0.00010000000000010001,0.9944,0,44.0,2,4,seam_narrow,rule,2,6,2,6,1.009090909090909,0.9636363636363636,0.036363636363636376,0.9636363636363636,1.009090909090909,0.235,0.2985,0.235,char,char,0,0,0,0,0,0,touching,0.2857142857142857,0,8,110.0,2354.0,0.9772727272727273
vol02:21:6:8,vol02,21,6,gold_legacy,ok,925.0,4.184971098265919,0,0,1,1,0,1,85,0.9949,0.007399999999999962,0.9875,9,201.0,3,6,seam_narrow,unet,6,15,6,22,1.1130434782608696,0.9217391304347826,0.11304347826086958,0.9217391304347826,1.1130434782608696,0.2531,0.2601,0.2531,char,char,0,0,0,0,0,0,touching,0.38095238095238093,0,3,115.0,2412.0,0.9885714285714285
vol02:184:2:19,vol02,184,2,gold_legacy,ok,2190.0,0.5243243243244251,0,0,0,0,0,0,86,0.9953,,,0,,1,2,seam_narrow,rule,0,2,0,2,1.0,1.0442477876106195,0.04424778761061954,1.0,1.0442477876106195,0.272,0.2235,0.2235,char,char,0,0,0,0,0,0,touching,0.9047619047619048,0,5,113.0,2456.0,1.0451977401129944
vol02:134:6:14,vol02,134,6,gold_legacy,ok,1551.0,0.8390804597700026,0,0,1,1,0,0,81,0.9911,,,0,,1,3,seam_narrow,rule,0,4,0,4,0.9814814814814815,1.1203703703703705,0.12037037037037046,0.9814814814814815,1.1203703703703705,0.1692,0.2269,0.1692,char,char,0,0,0,0,0,0,touching,0.6666666666666666,0,8,108.0,2333.0,0.9942857142857143
vol02:116:4:14,vol02,116,4,gold_legacy,ok,1567.0,0.0,0,0,1,1,0,1,97,0.989,0.006900000000000017,0.9821,0,97.0,2,3,straight,unet,0,0,2,9,0.954954954954955,0.9819819819819819,0.04504504504504503,0.954954954954955,0.9819819819819819,0.2382,0.2081,0.2081,char,char,0,0,0,0,0,0,touching,0.6666666666666666,0,4,111.0,2366.0,1.0284090909090908
vol02:149:2:14,vol02,149,2,gold_legacy,ok,1567.0,7.459627329192472,0,1,0,0,0,0,68,0.99,,,21,,1,2,seam_narrow,rule,0,9,0,9,1.0,0.9819819819819819,0.018018018018018056,0.9819819819819819,1.0,0.2238,0.1725,0.1725,char,char,0,0,0,0,0,0,touching,0.6666666666666666,0,5,111.0,2391.0,0.92
vol02:181:2:16,vol02,181,2,gold_page,moved,1766.00177495814,3.789131279979074,1,0,1,0,0,0,47,0.9952,0.0048000000000000265,0.9904,47,90.0,2,2,seam_narrow,rule,1,6,1,6,0.9636363636363636,0.9090909090909091,0.09090909090909094,0.9090909090909091,0.9636363636363636,0.2691,0.235,0.235,char,char,0,0,0,0,0,0,touching,0.7619047619047619,0,10,110.0,2340.0,0.9942857142857143
vol02:107:8:13,vol02,107,8,gold_legacy,ok,1407.0,1.282485875706243,0,0,0,0,0,0,86,0.9922,,,0,,1,2,seam_narrow,rule,0,4,0,4,1.0186915887850467,0.9719626168224299,0.028037383177570097,0.9719626168224299,1.0186915887850467,0.2089,0.1662,0.1662,char,char,0,0,0,0,0,0,touching,0.6190476190476191,0,9,107.0,2313.0,1.0114285714285713
vol02:129:5:18,vol02,129,5,gold_legacy,cand,1965.0159956290147,0.17475581607209278,1,0,0,0,0,0,0,1.0,,,0,,1,1,seam_narrow,rule,0,2,0,2,0.9907407407407407,1.0833333333333333,0.08333333333333326,0.9907407407407407,1.0833333333333333,0.2753,0.2547,0.2547,char,char,0,0,0,0,0,0,touching,0.8571428571428571,0,9,108.0,2297.0,1.0116959064327486
vol02:142:6:19,vol02,142,6,gold_legacy,ok,2071.0,0.0,0,0,1,1,0,1,98,0.9887,0.007199999999999984,0.9815,0,98.0,2,5,straight,unet,0,0,2,13,1.1160714285714286,1.0714285714285714,0.1160714285714286,1.0714285714285714,1.1160714285714286,0.2856,0.2849,0.2849,char,char,0,0,0,0,0,0,touching,0.9047619047619048,0,6,112.0,2329.0,1.0795454545454546
vol02:179:2:5,vol02,179,2,gold_legacy,ok,542.0,0.4285714285714448,0,0,0,0,0,0,77,0.9929,,,0,,1,3,seam_narrow,rule,0,3,0,3,0.9732142857142857,1.0089285714285714,0.0267857142857143,0.9732142857142857,1.0089285714285714,0.1714,0.2851,0.1714,char,char,0,0,0,0,0,0,touching,0.23809523809523808,0,8,112.0,2336.0,0.9943181818181818
vol02:22:2:20,vol02,22,2,gold_legacy,ok,2305.0,0.05142857142845969,0,0,1,0,0,0,0,1.0,,,0,,1,1,seam_narrow,rule,0,1,0,1,1.0530973451327434,1.407079646017699,0.4070796460176991,1.0530973451327434,1.407079646017699,0.2121,0.1792,0.1792,char,char,0,0,0,0,0,0,touching,0.9523809523809523,1,2,113.0,2464.0,1.0
vol02:182:2:14,vol02,182,2,gold_legacy,ok,1557.0,3.352272727272748,0,0,1,1,0,0,90,0.9909,0.013800000000000034,0.9771,0,107.0,2,5,seam_narrow,rule,1,13,1,13,0.9090909090909091,1.0909090909090908,0.09090909090909094,0.9090909090909091,1.0909090909090908,0.2385,0.2192,0.2192,char,char,0,0,0,0,0,0,touching,0.6666666666666666,0,7,110.0,2347.0,1.0
vol02:179:1:18,vol02,179,1,gold_page,moved,2015.002465423041,32.99753457695897,1,1,1,1,0,1,71,0.989,0.05569999999999997,0.9333,4,71.0,2,3,straight,unet,0,0,2,18,1.0089285714285714,0.9821428571428571,0.017857142857142905,0.9821428571428571,1.0089285714285714,0.0833,0.1574,0.0833,char,char,0,0,0,0,0,0,touching,0.8571428571428571,0,10,112.0,2351.0,1.0113636363636365
vol02:188:3:3,vol02,188,3,gold_legacy,ok,334.0,0.0,0,0,1,0,0,0,41,0.9971,-0.0010999999999999899,0.9982,28,41.0,3,3,straight,rule,0,0,4,7,1.1504424778761062,0.9469026548672567,0.1504424778761062,0.9469026548672567,1.1504424778761062,0.3313,0.2171,0.2171,char,char,0,0,0,0,0,0,touching,0.14285714285714285,0,10,113.0,2435.0,0.9597701149425287
vol02:88:3:13,vol02,88,3,gold_legacy,ok,1499.0,1.9548022598869466,0,0,0,0,0,0,78,0.9901,,,0,,1,3,seam_narrow,rule,0,3,0,3,0.9298245614035088,0.956140350877193,0.07017543859649122,0.9298245614035088,0.956140350877193,0.1987,0.1341,0.1341,char,char,0,0,0,0,0,0,touching,0.6190476190476191,0,2,114.0,2428.0,1.0
vol02:186:3:16,vol02,186,3,gold_legacy,ok,1796.0,0.0,0,0,1,1,0,0,81,0.9932,-0.0034000000000000696,0.9966,0,81.0,3,5,straight,rule,0,0,8,8,1.0636363636363637,1.0818181818181818,0.08181818181818179,1.0636363636363637,1.0818181818181818,0.3058,0.2654,0.2654,char,char,0,0,0,0,0,0,touching,0.7619047619047619,0,17,110.0,2412.0,0.9712643678160919
vol02:108:6:12,vol02,108,6,gold_page,cand,1348.0012480340179,5.028720561490445,1,1,1,1,0,0,64,0.9915,-0.0030999999999999917,0.9946,0,35.0,2,4,seam_narrow,rule,2,12,2,12,0.9532710280373832,0.9813084112149533,0.04672897196261683,0.9532710280373832,0.9813084112149533,0.1596,0.2048,0.1596,char,char,0,0,0,0,0,0,touching,0.5714285714285714,0,7,107.0,2325.0,1.0167597765363128
vol02:107:3:5,vol02,107,3,gold_legacy,ok,582.0,1.215909090909122,0,0,0,0,0,0,70,0.9933,,,0,,1,2,seam_narrow,rule,0,2,0,2,1.0093457943925233,1.02803738317757,0.028037383177569986,1.0093457943925233,1.02803738317757,0.2242,0.1521,0.1521,char,char,0,0,0,0,0,0,touching,0.23809523809523808,0,9,107.0,2303.0,1.0057142857142858
vol02:149:4:20,vol02,149,4,gold_legacy,ok,2235.0,0.0,0,0,1,1,0,0,69,0.9849,-0.0012999999999999678,0.9862,0,69.0,3,6,straight,rule,0,0,4,10,0.9369369369369369,1.4054054054054055,0.4054054054054055,0.9369369369369369,1.4054054054054055,0.2213,0.1513,0.1513,char,char,0,0,0,0,0,0,touching,0.9523809523809523,1,7,111.0,2391.0,0.9657142857142857
vol02:134:8:11,vol02,134,8,gold_legacy,ok,1224.0,0.0,0,0,1,1,0,1,71,0.9906,0.00660000000000005,0.984,5,71.0,2,3,straight,unet,0,0,2,9,0.9629629629629629,1.037037037037037,0.03703703703703709,0.9629629629629629,1.037037037037037,0.1813,0.2201,0.1813,char,char,0,0,0,0,0,0,touching,0.5238095238095238,0,8,108.0,2329.0,1.0342857142857143
vol02:172:2:9,vol02,172,2,gold_legacy,ok,1021.0,0.5895953757225243,0,0,1,1,0,0,85,0.9924,,,0,,1,3,seam_narrow,rule,0,2,0,2,0.972972972972973,1.1081081081081081,0.10810810810810811,0.972972972972973,1.1081081081081081,0.1798,0.2312,0.1798,char,char,0,0,0,0,0,0,touching,0.42857142857142855,0,7,111.0,2351.0,1.0
vol02:182:2:11,vol02,182,2,gold_legacy,ok,1245.0,0.0,0,0,1,0,0,0,36,0.9988,0.0030000000000000027,0.9958,36,36.0,3,3,straight,rule,0,0,6,15,0.990909090909091,0.9090909090909091,0.09090909090909094,0.9090909090909091,0.990909090909091,0.2165,0.2305,0.2165,char,char,0,0,0,0,0,0,touching,0.5238095238095238,0,7,110.0,2347.0,1.0
vol02:149:7:19,vol02,149,7,gold_legacy,ok,2130.0,0.15999999999985448,0,0,0,0,0,0,74,0.9886,,,0,,1,4,seam_narrow,rule,0,2,0,2,0.9099099099099099,1.0990990990990992,0.0990990990990992,0.9099099099099099,1.0990990990990992,0.2122,0.1954,0.1954,char,char,0,0,0,0,0,0,touching,0.9047619047619048,0,10,111.0,2394.0,1.0
vol02:182:3:14,vol02,182,3,gold_legacy,ok,1569.0,0.0,0,0,1,0,0,0,3,0.9998,0.000500000000000056,0.9993,3,3.0,3,3,straight,rule,0,0,7,3,1.0272727272727273,0.9727272727272728,0.027272727272727337,0.9727272727272728,1.0272727272727273,0.2887,0.2359,0.2359,char,char,0,0,0,0,0,0,touching,0.6666666666666666,0,11,110.0,2341.0,0.9204545454545454
vol02:179:5:19,vol02,179,5,gold_legacy,cand,2083.0003166616566,5.233016671676523,1,1,1,1,1,0,100,0.9906,-0.0027999999999999137,0.9934,0,72.0,2,4,seam_narrow,rule,3,6,3,6,1.0357142857142858,1.0178571428571428,0.03571428571428581,1.0178571428571428,1.0357142857142858,0.2295,0.211,0.211,char,char,0,0,0,0,0,0,touching,0.9047619047619048,0,8,112.0,2339.0,1.0227272727272727
vol01:149:1:1,vol01,149,1,gold_legacy,ok,135.0,0.38378378378376965,0,0,1,0,0,0,0,1.0,,,0,,1,1,seam_narrow,rule,0,1,0,1,1.1403508771929824,1.0350877192982457,0.14035087719298245,1.0350877192982457,1.1403508771929824,0.2578,0.1909,0.1909,char,char,0,0,0,0,0,0,touching,0.047619047619047616,0,4,114.0,2445.0,1.0335195530726258
vol01:151:2:20,vol01,151,2,gold_legacy,ok,2339.0,0.0,0,0,1,0,0,1,1,1.0,0.015900000000000025,0.9841,1,1.0,2,2,straight,unet,0,0,0,15,1.0344827586206897,1.2241379310344827,0.22413793103448265,1.0344827586206897,1.2241379310344827,0.2006,0.185,0.185,char,char,0,0,0,0,0,0,touching,0.9523809523809523,1,3,116.0,2481.0,0.8857142857142857
vol01:79:1:11,vol01,79,1,gold_legacy,ok,1289.0,0.5367231638417707,0,0,1,1,0,0,61,0.9938,,,0,,1,4,seam_narrow,rule,0,1,0,1,1.1565217391304348,0.9130434782608695,0.15652173913043477,0.9130434782608695,1.1565217391304348,0.1984,0.2178,0.1984,char,char,0,0,0,0,0,0,touching,0.5238095238095238,0,9,115.0,2437.0,1.0290697674418605
vol01:154:7:6,vol01,154,7,gold_legacy,ok,704.0,0.33333333333337123,0,0,0,0,0,0,72,0.9958,,,2,,1,3,seam_narrow,rule,0,1,0,1,0.9734513274336283,0.9557522123893806,0.04424778761061943,0.9557522123893806,0.9734513274336283,0.2263,0.2965,0.2263,char,char,0,0,0,0,0,0,touching,0.2857142857142857,0,3,113.0,2454.0,1.0
vol01:44:8:14,vol01,44,8,gold_legacy,ok,1657.0,0.6647727272727479,0,0,0,0,0,0,0,1.0,,,0,,1,1,seam_narrow,rule,0,2,0,2,0.9823008849557522,0.911504424778761,0.08849557522123896,0.911504424778761,0.9823008849557522,0.1974,0.0969,0.0969,char,char,0,0,0,0,0,0,touching,0.6666666666666666,0,5,113.0,2440.0,0.9887640449438202
vol01:189:4:6,vol01,189,4,gold_legacy,ok,696.0,1.4375,0,0,0,0,0,0,0,1.0,,,0,,1,1,seam_narrow,rule,0,4,0,4,1.0,1.008695652173913,0.008695652173912993,1.0,1.008695652173913,0.231,0.1555,0.1555,char,char,0,0,0,0,0,0,touching,0.2857142857142857,0,1,115.0,2414.0,0.9943502824858758
vol01:151:9:15,vol01,151,9,gold_legacy,ok,1754.0,0.3841807909604995,0,0,0,0,0,0,0,1.0,,,0,,1,1,seam_narrow,rule,0,2,0,2,0.9482758620689655,0.9913793103448276,0.051724137931034475,0.9482758620689655,0.9913793103448276,0.2655,0.2197,0.2197,char,char,0,0,0,0,0,0,touching,0.7142857142857143,0,3,116.0,2512.0,1.0114285714285713
vol01:142:2:8,vol01,142,2,gold_legacy,ok,908.0,0.16666666666662877,0,0,0,0,0,0,0,1.0,,,0,,1,1,seam_narrow,rule,0,1,0,1,0.9322033898305084,0.9152542372881356,0.0847457627118644,0.9152542372881356,0.9322033898305084,0.1415,0.2057,0.1415,char,char,0,0,0,0,0,0,touching,0.38095238095238093,0,1,118.0,2473.0,0.9720670391061452
vol01:179:2:10,vol01,179,2,gold_legacy,ok,1146.0,0.8245614035088238,0,0,1,0,0,0,3,0.9999,,,3,,1,1,seam_narrow,rule,0,2,0,2,0.954954954954955,1.1081081081081081,0.10810810810810811,0.954954954954955,1.1081081081081081,0.2228,0.1024,0.1024,char,char,0,0,0,0,0,0,touching,0.47619047619047616,0,2,111.0,2405.0,0.9884393063583815
vol01:94:2:15,vol01,94,2,gold_legacy,ok,1752.0,1.3428571428571558,0,0,0,0,0,0,0,1.0,,,0,,1,1,seam_narrow,rule,0,4,0,4,0.9553571428571429,0.9017857142857143,0.0982142857142857,0.9017857142857143,0.9553571428571429,0.1852,0.1722,0.1722,char,char,0,0,0,0,0,0,touching,0.7142857142857143,0,5,112.0,2443.0,0.9831460674157303
vol01:204:5:10,vol01,204,5,gold_legacy,ok,1164.0,0.2369942196530701,0,0,1,0,0,0,0,1.0,,,0,,1,1,seam_narrow,rule,0,4,0,4,1.1559633027522935,1.091743119266055,0.15596330275229353,1.091743119266055,1.1559633027522935,0.2602,0.2228,0.2228,char,char,0,0,0,0,0,0,touching,0.47619047619047616,0,2,109.0,2429.0,0.9942528735632183
vol01:176:6:6,vol01,176,6,gold_legacy,ok,699.0,0.8603351955307517,0,0,0,0,0,0,0,1.0,,,0,,1,1,seam_narrow,rule,0,4,0,4,1.0,1.0535714285714286,0.0535714285714286,1.0,1.0535714285714286,0.242,0.1845,0.1845,char,char,0,0,0,0,0,0,touching,0.2857142857142857,0,1,112.0,2413.0,1.0170454545454546
vol01:75:1:10,vol01,75,1,gold_legacy,ok,1118.0,0.0,0,0,1,0,0,0,0,1.0,,,0,0.0,1,1,straight,rule,0,0,0,0,0.7982456140350878,1.1842105263157894,0.20175438596491224,0.7982456140350878,1.1842105263157894,0.1454,0.1656,0.1454,char,char,0,0,0,0,0,0,split_suspect,0.47619047619047616,0,3,114.0,2429.0,1.0
vol01:107:2:13,vol01,107,2,gold_legacy,cand,1434.0,2.0,1,0,1,1,1,0,304,0.9472,-0.0037999999999999146,0.951,57,304.0,3,5,straight,rule,0,0,7,7,1.0776699029126213,1.2912621359223302,0.2912621359223302,1.0776699029126213,1.2912621359223302,0.2388,0.2075,0.2075,char,char,0,0,0,0,0,0,touching,0.6666666666666666,0,12,103.0,2418.0,0.9941176470588236
vol01:50:8:1,vol01,50,8,gold_legacy,ok,271.0,0.05357142857144481,0,0,0,0,0,0,0,1.0,,,0,,1,1,seam_narrow,rule,0,2,0,2,1.087719298245614,1.0175438596491229,0.08771929824561409,1.0175438596491229,1.087719298245614,0.266,0.2464,0.2464,char,char,0,0,0,0,0,0,touching,0.09523809523809523,0,2,114.0,2805.0,0.9767441860465116
vol01:199:7:6,vol01,199,7,gold_legacy,ok,695.0,1.9540229885056988,0,0,0,0,0,0,0,1.0,,,0,,1,1,seam_narrow,rule,0,5,0,5,0.9823008849557522,0.9823008849557522,0.017699115044247815,0.9823008849557522,0.9823008849557522,0.2685,0.1781,0.1781,char,char,0,0,0,0,0,0,touching,0.2857142857142857,0,1,113.0,2357.0,1.0057803468208093
vol01:203:8:10,vol01,203,8,gold_legacy,ok,1207.0,3.2651933701656617,0,0,0,0,0,0,0,1.0,,,0,,1,1,seam_narrow,rule,0,7,0,7,1.0695652173913044,1.008695652173913,0.06956521739130439,1.008695652173913,1.0695652173913044,0.2371,0.1955,0.1955,char,char,0,0,0,0,0,0,touching,0.47619047619047616,0,2,115.0,2419.0,1.0710059171597632
vol01:66:6:7,vol01,66,6,gold_legacy,ok,834.0,0.12716763005778375,0,0,0,0,0,0,0,1.0,,,0,,1,1,seam_narrow,rule,0,1,0,1,1.0256410256410255,0.9914529914529915,0.02564102564102555,0.9914529914529915,1.0256410256410255,0.153,0.1873,0.153,char,char,0,0,0,0,0,0,touching,0.3333333333333333,0,2,117.0,2471.0,0.9829545454545454
vol01:199:8:5,vol01,199,8,gold_legacy,ok,589.0,1.0393258426965986,0,0,1,0,0,0,0,1.0,,,0,,1,1,seam_narrow,rule,0,3,0,3,1.1592920353982301,0.8849557522123894,0.15929203539823011,0.8849557522123894,1.1592920353982301,0.1534,0.1288,0.1288,char,char,0,0,0,0,0,0,touching,0.23809523809523808,0,1,113.0,2364.0,1.0289017341040463
vol01:76:3:11,vol01,76,3,gold_legacy,ok,1277.0,0.0,0,0,1,0,0,0,24,0.9983,0.0,0.9983,24,24.0,3,3,straight,rule,0,0,4,3,1.0434782608695652,0.9391304347826087,0.060869565217391286,0.9391304347826087,1.0434782608695652,0.2305,0.2247,0.2247,char,char,0,0,0,0,0,0,touching,0.5238095238095238,0,2,115.0,2436.0,0.9714285714285714
vol01:24:9:9,vol01,24,9,gold_legacy,ok,1018.0,0.20338983050851311,0,0,0,0,0,0,0,1.0,,,0,,1,1,seam_narrow,rule,0,1,0,1,1.0086206896551724,0.9827586206896551,0.017241379310344862,0.9827586206896551,1.0086206896551724,0.2385,0.2067,0.2067,char,char,0,0,0,0,0,0,touching,0.42857142857142855,0,1,116.0,2434.0,1.0
vol01:37:8:9,vol01,37,8,gold_legacy,ok,1072.0,1.1705882352941899,0,0,0,0,0,0,0,1.0,,,0,,1,1,seam_narrow,rule,0,3,0,3,1.0176991150442478,1.0176991150442478,0.017699115044247815,1.0176991150442478,1.0176991150442478,0.1711,0.2116,0.1711,char,char,0,0,0,0,0,0,touching,0.42857142857142855,0,2,113.0,2424.0,0.9714285714285714
vol01:146:7:18,vol01,146,7,gold_legacy,ok,2065.0,0.819209039548241,0,0,0,0,0,0,0,1.0,,,0,,1,1,seam_narrow,rule,0,2,0,2,1.017391304347826,0.9043478260869565,0.09565217391304348,0.9043478260869565,1.017391304347826,0.2024,0.1736,0.1736,char,char,0,0,0,0,0,0,touching,0.8571428571428571,0,1,115.0,2436.0,1.0114285714285713
vol01:190:3:4,vol01,190,3,gold_legacy,ok,462.0,0.0,0,0,1,1,0,1,68,0.9933,0.005799999999999916,0.9875,0,68.0,2,4,straight,unet,0,0,2,19,1.0608695652173914,0.9391304347826087,0.0608695652173914,0.9391304347826087,1.0608695652173914,0.2191,0.227,0.2191,char,char,0,0,0,0,0,0,touching,0.19047619047619047,0,1,115.0,2390.0,0.9719101123595506
bxgb:4:18:19,bxgb,4,18,gold_legacy,moved,1349.0,4.0,1,0,1,1,0,1,99,0.9715,0.0665,0.905,34,99.0,2,4,straight,unet,0,0,1,19,1.042857142857143,0.8428571428571429,0.15714285714285714,0.8428571428571429,1.042857142857143,0.2101,0.1941,0.1941,char,char,0,0,0,0,0,0,touching,0.9047619047619048,0,7,70.0,1501.0,0.995475113122172
bxgb:25:19:1,bxgb,25,19,gold_legacy,ok,83.0,0.5545454545454476,0,0,0,0,0,0,23,0.9986,,,23,,1,1,seam_narrow,rule,0,9,0,9,1.0422535211267605,0.9859154929577465,0.04225352112676051,0.9859154929577465,1.0422535211267605,0.2537,0.2245,0.2245,char,char,0,0,0,0,0,0,touching,0.047619047619047616,0,2,71.0,1513.0,0.9777777777777777
bxgb:50:18:20,bxgb,50,18,gold_legacy,ok,1395.0,4.139130434782601,0,0,1,0,0,0,0,1.0,,,0,,1,1,seam_narrow,rule,0,4,0,4,0.9855072463768116,1.3333333333333333,0.33333333333333326,0.9855072463768116,1.3333333333333333,0.1276,0.2276,0.1276,char,char,0,0,0,0,0,0,touching,0.9523809523809523,1,1,69.0,1482.0,1.0267857142857142
bxgb:22:8:14,bxgb,22,8,gold_legacy,seam_ok,1001.0,0.06481481481478113,0,0,1,0,0,0,0,1.0,,,0,,1,1,seam_narrow,rule,0,7,0,7,1.0555555555555556,0.8888888888888888,0.11111111111111116,0.8888888888888888,1.0555555555555556,0.2318,0.2473,0.2318,char,char,0,0,0,0,0,0,touching,0.6666666666666666,0,2,72.0,1519.0,0.972972972972973
bxgb:27:12:3,bxgb,27,12,gold_legacy,seam_ok,225.0,1.5855855855855907,0,0,0,0,0,0,0,1.0,,,0,,1,1,seam_narrow,rule,0,5,0,5,1.042857142857143,1.0,0.04285714285714293,1.0,1.042857142857143,0.2214,0.2373,0.2214,char,char,0,0,0,0,0,0,touching,0.14285714285714285,0,4,70.0,1503.0,0.9955156950672646
bxgb:7:15:19,bxgb,7,15,gold_legacy,ok,1369.0,1.8918918918918735,0,0,1,1,0,0,60,0.9919,-0.0018000000000000238,0.9937,1,52.0,2,3,seam_narrow,rule,1,4,1,4,0.9861111111111112,1.0,0.01388888888888884,0.9861111111111112,1.0,0.2345,0.2929,0.2345,char,char,0,0,0,0,0,0,touching,0.9047619047619048,0,3,72.0,1531.0,1.0
bxgb:29:18:19,bxgb,29,18,gold_legacy,seam_ok,1344.0,0.6071428571428896,0,0,0,0,0,0,0,1.0,,,0,,1,1,seam_narrow,rule,0,7,0,7,0.9857142857142858,1.0714285714285714,0.0714285714285714,0.9857142857142858,1.0714285714285714,0.2046,0.2127,0.2046,char,char,0,0,0,0,0,0,touching,0.9047619047619048,0,3,70.0,1503.0,1.0044843049327354
bxgb:21:1:17,bxgb,21,1,gold_legacy,cand,1218.0,14.103448275862092,1,1,0,0,0,0,0,1.0,,,0,,1,1,seam_narrow,rule,0,8,0,8,0.9444444444444444,0.9444444444444444,0.05555555555555558,0.9444444444444444,0.9444444444444444,0.2145,0.2252,0.2145,char,char,0,0,0,0,0,0,touching,0.8095238095238095,0,2,72.0,1520.0,1.0403587443946187
bxgb:30:8:6,bxgb,30,8,gold_legacy,seam_ok,444.0,0.24778761061946852,0,0,0,0,0,0,176,0.9631,,,30,,1,3,seam_narrow,rule,0,7,0,7,0.9428571428571428,1.042857142857143,0.05714285714285716,0.9428571428571428,1.042857142857143,0.2586,0.1831,0.1831,char,char,0,0,0,0,0,0,touching,0.2857142857142857,0,3,70.0,1503.0,1.0134529147982063
bxgb:20:7:11,bxgb,20,7,gold_legacy,seam_ok,791.0,1.590909090909122,0,0,0,0,0,0,55,0.9905,,,55,,1,1,seam_narrow,rule,0,7,0,7,0.9090909090909091,1.020979020979021,0.09090909090909094,0.9090909090909091,1.020979020979021,0.2052,0.2179,0.2052,char,char,0,0,0,0,0,0,touching,0.5238095238095238,0,2,71.5,1524.0,0.990990990990991
bxgb:13:1:4,bxgb,13,1,gold_legacy,seam_ok,303.0,3.017857142857167,0,0,0,0,0,0,62,0.9915,,,7,,1,3,seam_narrow,rule,0,4,0,4,1.0416666666666667,0.9166666666666666,0.08333333333333337,0.9166666666666666,1.0416666666666667,0.1875,0.2102,0.1875,char,char,0,0,0,0,0,0,touching,0.19047619047619047,0,2,72.0,1530.0,1.0
bxgb:9:19:10,bxgb,9,19,gold_legacy,ok,736.0,0.0,0,0,1,1,0,1,66,0.9844,0.036800000000000055,0.9476,6,66.0,2,3,straight,unet,0,0,0,19,0.993006993006993,1.034965034965035,0.034965034965035,0.993006993006993,1.034965034965035,0.2464,0.1914,0.1914,char,char,0,0,0,0,0,0,touching,0.47619047619047616,0,3,71.5,1536.0,1.0044843049327354
bxgb:15:9:16,bxgb,15,9,gold_legacy,ok,1129.0,0.0,0,0,1,0,0,1,25,0.9938,0.0807,0.9131,25,25.0,2,2,straight,unet,0,0,2,16,1.0985915492957747,1.0,0.09859154929577474,1.0,1.0985915492957747,0.2453,0.2306,0.2306,char,char,0,0,0,0,0,0,touching,0.7619047619047619,0,5,71.0,1508.0,1.0
bxgb:31:5:13,bxgb,31,5,gold_legacy,seam_ok,958.0,15.04424778761063,0,1,0,0,0,0,0,1.0,,,0,,1,1,seam_narrow,rule,0,3,0,3,0.9577464788732394,0.9859154929577465,0.04225352112676062,0.9577464788732394,0.9859154929577465,0.1232,0.2143,0.1232,char,char,0,0,0,0,0,0,touching,0.6190476190476191,0,3,71.0,1516.0,1.0319634703196348
bxgb:51:18:18,bxgb,51,18,gold_legacy,seam_ok,1325.0,1.9322033898304198,0,0,0,0,0,0,0,1.0,,,0,,1,1,seam_narrow,rule,0,7,0,7,0.9861111111111112,1.0,0.01388888888888884,0.9861111111111112,1.0,0.1931,0.1995,0.1931,char,char,0,0,0,0,0,0,touching,0.8571428571428571,0,3,72.0,1545.0,1.0582959641255605
bxgb:50:7:4,bxgb,50,7,gold_legacy,cand,287.0,0.5596330275229207,1,0,0,0,0,0,40,0.9925,,,40,,1,1,seam_narrow,rule,0,5,0,5,1.0869565217391304,0.9710144927536232,0.08695652173913038,0.9710144927536232,1.0869565217391304,0.2274,0.2217,0.2217,char,char,0,0,0,0,0,0,touching,0.19047619047619047,0,4,69.0,1478.0,0.9732142857142857
bxgb:10:12:4,bxgb,10,12,gold_legacy,cand,299.0,0.45454545454543904,1,0,1,1,0,0,71,0.9925,0.022500000000000075,0.97,25,74.0,2,3,seam_narrow,rule,0,10,0,10,1.0,1.0277777777777777,0.02777777777777768,1.0,1.0277777777777777,0.2581,0.1779,0.1779,char,char,0,0,0,0,0,0,touching,0.19047619047619047,0,1,72.0,1526.0,0.9777777777777777
bxgb:24:15:16,bxgb,24,15,gold_legacy,cand,1128.0,2.061403508771946,1,0,0,0,0,0,0,1.0,,,0,,1,1,seam_narrow,rule,0,5,0,5,1.0140845070422535,1.028169014084507,0.028169014084507005,1.0140845070422535,1.028169014084507,0.1707,0.2658,0.1707,char,char,0,0,0,0,0,0,touching,0.7619047619047619,0,3,71.0,1504.0,1.008849557522124
bxgb:27:1:9,bxgb,27,1,gold_legacy,cand,642.0,1.1491228070175339,1,0,1,0,0,0,0,1.0,,,0,,1,1,seam_narrow,rule,0,5,0,5,1.1142857142857143,0.9428571428571428,0.11428571428571432,0.9428571428571428,1.1142857142857143,0.2126,0.2404,0.2126,char,char,0,0,0,0,0,0,touching,0.42857142857142855,0,4,70.0,1504.0,1.0224215246636772
bxgb:37:4:5,bxgb,37,4,gold_legacy,cand,372.0,3.1531531531531414,1,0,0,0,0,0,2,0.9999,,,2,,1,1,seam_narrow,rule,0,5,0,5,0.9861111111111112,1.0694444444444444,0.06944444444444442,0.9861111111111112,1.0694444444444444,0.2132,0.2493,0.2132,char,char,0,0,0,0,0,0,touching,0.23809523809523808,0,3,72.0,1538.0,1.0
bxgb:49:11:11,bxgb,49,11,gold_legacy,cand,775.0,0.2203389830508513,1,0,1,0,0,0,0,1.0,0.021299999999999986,0.9787,0,64.0,2,2,seam_narrow,rule,0,10,0,10,1.144927536231884,0.8985507246376812,0.14492753623188404,0.8985507246376812,1.144927536231884,0.1727,0.1957,0.1727,char,char,0,0,0,0,0,0,touching,0.5238095238095238,0,5,69.0,1478.0,1.0442477876106195
bxgb:15:2:4,bxgb,15,2,gold_legacy,cand,276.0,0.1416666666666515,1,0,0,0,0,0,69,0.98,,,16,,1,3,seam_narrow,rule,0,6,0,6,0.9295774647887324,0.971830985915493,0.07042253521126762,0.9295774647887324,0.971830985915493,0.1398,0.2115,0.1398,char,char,0,0,0,0,0,0,touching,0.19047619047619047,0,5,71.0,1508.0,1.0714285714285714
bxgb:55:1:7,bxgb,55,1,gold_legacy,cand,510.0,0.8695652173913118,1,0,1,0,0,0,44,0.9925,,,44,,1,1,seam_narrow,rule,0,6,0,6,1.1267605633802817,0.9295774647887324,0.12676056338028174,0.9295774647887324,1.1267605633802817,0.1607,0.2017,0.1607,char,char,0,0,0,0,0,0,touching,0.3333333333333333,0,2,71.0,1499.0,1.0407239819004526
bxgb:11:8:4,bxgb,11,8,gold_legacy,cand,297.0,0.6454545454545269,1,0,1,1,0,0,82,0.9849,,,1,,1,2,seam_narrow,rule,0,2,0,2,1.1014492753623188,1.0,0.10144927536231885,1.0,1.1014492753623188,0.224,0.2547,0.224,char,char,0,0,0,0,0,0,touching,0.19047619047619047,0,2,69.0,1501.0,0.9821428571428571
bxgb:18:12:7,bxgb,18,12,gold_legacy,cand,500.0,0.5446428571428328,1,0,0,0,0,0,3,1.0,,,3,,1,1,seam_narrow,rule,0,3,0,3,0.9428571428571428,1.0285714285714285,0.05714285714285716,0.9428571428571428,1.0285714285714285,0.2788,0.1999,0.1999,char,char,0,0,0,0,0,0,touching,0.3333333333333333,0,1,70.0,1498.0,1.0
bxgb:50:6:1,bxgb,50,6,gold_legacy,cand,76.0,1.686956521739134,1,0,0,0,0,0,0,1.0,,,0,,1,1,seam_narrow,rule,0,8,0,8,0.9710144927536232,1.0,0.02898550724637683,0.9710144927536232,1.0,0.1856,0.2621,0.1856,char,char,0,0,0,0,0,0,touching,0.047619047619047616,0,5,69.0,1476.0,1.0267857142857142
bxgb:19:17:11,bxgb,19,17,gold_legacy,cand,791.0,1.456140350877149,1,0,0,0,0,0,0,1.0,,,0,,1,1,seam_narrow,rule,0,8,0,8,0.9014084507042254,1.0422535211267605,0.09859154929577463,0.9014084507042254,1.0422535211267605,0.2079,0.1977,0.1977,char,char,0,0,0,0,0,0,touching,0.5238095238095238,0,4,71.0,1527.0,1.0178571428571428
bxgb:17:18:15,bxgb,17,18,gold_legacy,cand,1066.0,3.571428571428669,1,0,0,0,0,0,0,1.0,,,0,,1,1,seam_narrow,rule,0,4,0,4,1.042857142857143,1.0,0.04285714285714293,1.0,1.042857142857143,0.2263,0.2435,0.2263,char,char,0,0,0,0,0,0,touching,0.7142857142857143,0,3,70.0,1503.0,1.009009009009009
bxgb:20:14:8,bxgb,20,14,gold_legacy,cand,581.0,0.9729729729730252,1,0,0,0,0,0,0,1.0,,,0,,1,1,seam_narrow,rule,0,6,0,6,0.993006993006993,1.034965034965035,0.034965034965035,0.993006993006993,1.034965034965035,0.2639,0.1949,0.1949,char,char,0,0,0,0,0,0,touching,0.38095238095238093,0,2,71.5,1517.0,1.0
bxgb:10:7:6,bxgb,10,7,gold_legacy,cand,443.0,0.19819819819821305,1,0,0,0,0,0,0,1.0,,,0,,1,1,seam_narrow,rule,0,5,0,5,1.0138888888888888,0.9722222222222222,0.02777777777777779,0.9722222222222222,1.0138888888888888,0.2113,0.2058,0.2058,char,char,0,0,0,0,0,0,touching,0.2857142857142857,0,2,72.0,1536.0,0.9866666666666667
bxgb:24:19:16,bxgb,24,19,gold_legacy,cand,1149.0,1.423423423423401,1,0,1,0,0,0,0,1.0,0.020000000000000018,0.98,0,71.0,2,2,seam_narrow,rule,0,10,0,10,1.1267605633802817,0.7887323943661971,0.21126760563380287,0.7887323943661971,1.1267605633802817,0.2446,0.2228,0.2228,char,char,0,0,0,0,0,0,touching,0.7619047619047619,0,2,71.0,1504.0,0.9823008849557522
bxgb:18:13:5,bxgb,18,13,gold_legacy,cand,374.0,0.3157894736842195,1,0,0,0,0,0,0,1.0,,,0,,1,1,seam_narrow,rule,0,3,0,3,1.0857142857142856,1.0,0.08571428571428563,1.0,1.0857142857142856,0.2231,0.264,0.2231,char,char,0,0,0,0,0,0,touching,0.23809523809523808,0,2,70.0,1505.0,1.0178571428571428
bxgb:49:16:4,bxgb,49,16,gold_legacy,cand,286.0,0.2123893805309649,1,0,1,0,0,0,0,1.0,0.02180000000000004,0.9782,0,68.0,2,2,seam_narrow,rule,0,10,0,10,1.0869565217391304,0.8840579710144928,0.1159420289855072,0.8840579710144928,1.0869565217391304,0.1959,0.2121,0.1959,char,char,0,0,0,0,0,0,touching,0.19047619047619047,0,2,69.0,1467.0,1.0
bxgb:37:16:4,bxgb,37,16,gold_legacy,cand,305.0,0.07272727272726343,1,0,0,0,0,0,2,0.9999,,,2,,1,1,seam_narrow,rule,0,5,0,5,1.0833333333333333,0.9583333333333334,0.08333333333333326,0.9583333333333334,1.0833333333333333,0.1719,0.1823,0.1719,char,char,0,0,0,0,0,0,touching,0.19047619047619047,0,5,72.0,1551.0,0.990990990990991
bxgb:4:3:2,bxgb,4,3,gold_legacy,cand,138.0,3.0,1,0,1,0,0,1,4,0.9993,0.0019000000000000128,0.9974,4,4.0,3,3,straight,unet,0,0,4,27,0.9571428571428572,0.9571428571428572,0.042857142857142816,0.9571428571428572,0.9571428571428572,0.1892,0.2343,0.1892,char,char,0,0,0,0,0,0,touching,0.09523809523809523,0,5,70.0,1485.0,1.0407239819004526
bxgb:23:12:1,bxgb,23,12,gold_legacy,cand,90.0,1.2920353982300838,1,0,1,0,0,0,5,0.9992,0.06840000000000002,0.9308,5,317.0,2,2,seam_narrow,rule,3,11,3,11,1.3142857142857143,0.8,0.3142857142857143,0.8,1.3142857142857143,0.2595,0.243,0.243,char,char,0,0,0,0,0,0,touching,0.047619047619047616,0,3,70.0,1507.0,1.018018018018018
bxgb:49:9:12,bxgb,49,9,gold_legacy,cand,848.0,0.03636363636360329,1,0,1,0,0,0,24,0.997,,,24,,1,1,seam_narrow,rule,0,6,0,6,1.0724637681159421,0.8840579710144928,0.1159420289855072,0.8840579710144928,1.0724637681159421,0.2424,0.2221,0.2221,char,char,0,0,0,0,0,0,touching,0.5714285714285714,0,4,69.0,1476.0,0.9734513274336283
bxgb:37:18:16,bxgb,37,18,gold_legacy,cand,1173.0,0.7027027027027088,1,0,0,0,0,0,135,0.9517,,,34,,1,3,seam_narrow,rule,0,9,0,9,1.0555555555555556,0.9583333333333334,0.05555555555555558,0.9583333333333334,1.0555555555555556,0.2306,0.2131,0.2131,char,char,0,0,0,0,0,0,touching,0.7619047619047619,0,5,72.0,1548.0,1.0
bxgb:7:8:2,bxgb,7,8,gold_legacy,cand,144.0,2.9642857142857224,1,0,0,0,0,0,26,0.9974,,,26,,1,1,seam_narrow,rule,0,7,0,7,0.9166666666666666,0.9583333333333334,0.08333333333333337,0.9166666666666666,0.9583333333333334,0.2135,0.2589,0.2135,char,char,0,0,0,0,0,0,touching,0.09523809523809523,0,4,72.0,1520.0,1.009009009009009
bxgb:50:17:13,bxgb,50,17,gold_legacy,cand,921.0,3.2719298245614254,1,0,1,0,0,0,32,0.997,0.0242,0.9728,32,75.0,2,2,seam_narrow,rule,0,12,0,12,0.8985507246376812,1.0289855072463767,0.10144927536231885,0.8985507246376812,1.0289855072463767,0.2626,0.1664,0.1664,char,char,0,0,0,0,0,0,touching,0.6190476190476191,0,6,69.0,1484.0,1.0178571428571428
bxgb:23:9:5,bxgb,23,9,gold_legacy,ok,369.0,0.02727272727270247,0,0,0,0,0,0,79,0.9861,,,2,,1,3,seam_narrow,rule,0,2,0,2,1.0142857142857142,1.0714285714285714,0.0714285714285714,1.0142857142857142,1.0714285714285714,0.2434,0.1674,0.1674,char,char,0,0,0,0,0,0,touching,0.23809523809523808,0,4,70.0,1502.0,0.990990990990991
bxgb:11:4:17,bxgb,11,4,gold_legacy,ok,1203.0,0.009009009009105284,0,0,0,0,0,0,66,0.9796,,,2,,1,2,seam_narrow,rule,0,4,0,4,1.0434782608695652,1.0289855072463767,0.04347826086956519,1.0289855072463767,1.0434782608695652,0.1977,0.227,0.1977,char,char,0,0,0,0,0,0,touching,0.8095238095238095,0,1,69.0,1503.0,0.9910714285714286
bxgb:19:15:13,bxgb,19,15,gold_legacy,ok,942.0,0.27678571428566556,0,0,0,0,0,0,79,0.9917,,,28,,1,2,seam_narrow,rule,0,2,0,2,0.9859154929577465,1.0140845070422535,0.014084507042253502,0.9859154929577465,1.0140845070422535,0.2352,0.2197,0.2197,char,char,0,0,0,0,0,0,touching,0.6190476190476191,0,3,71.0,1520.0,1.0
bxgb:4:19:2,bxgb,4,19,gold_legacy,ok,150.0,0.4454545454545382,0,0,0,0,0,0,103,0.9603,,,0,,1,2,seam_narrow,rule,0,2,0,2,0.9714285714285714,0.9714285714285714,0.02857142857142858,0.9714285714285714,0.9714285714285714,0.1985,0.2091,0.1985,char,char,0,0,0,0,0,0,touching,0.09523809523809523,0,9,70.0,1496.0,0.995475113122172
bxgb:25:2:15,bxgb,25,2,gold_legacy,ok,1080.0,0.4272727272727934,0,0,0,0,0,0,33,0.9961,,,33,,1,1,seam_narrow,rule,0,1,0,1,0.9859154929577465,1.0,0.014084507042253502,0.9859154929577465,1.0,0.1816,0.2122,0.1816,char,char,0,0,0,0,0,0,touching,0.7142857142857143,0,5,71.0,1524.0,0.9777777777777777
bxgb:30:15:7,bxgb,30,15,gold_legacy,ok,491.0,0.2767857142857224,0,0,0,0,0,0,94,0.9834,,,2,,1,2,seam_narrow,rule,0,2,0,2,1.0,1.042857142857143,0.04285714285714293,1.0,1.042857142857143,0.2564,0.2632,0.2564,char,char,0,0,0,0,0,0,touching,0.3333333333333333,0,2,70.0,1498.0,1.0044843049327354
bxgb:55:2:20,bxgb,55,2,gold_legacy,ok,1414.0,0.03603603603596639,0,0,1,1,1,0,117,0.9765,,,44,,1,2,seam_narrow,rule,0,3,0,3,1.0422535211267605,1.1830985915492958,0.18309859154929575,1.0422535211267605,1.1830985915492958,0.2278,0.1603,0.1603,char,char,0,0,0,0,0,0,touching,0.9523809523809523,1,1,71.0,1500.0,1.004524886877828
bxgb:21:6:7,bxgb,21,6,gold_legacy,ok,511.0,0.4553571428571672,0,0,0,0,0,0,67,0.9858,,,3,,1,3,seam_narrow,rule,0,5,0,5,1.0833333333333333,0.9305555555555556,0.08333333333333326,0.9305555555555556,1.0833333333333333,0.2176,0.1948,0.1948,char,char,0,0,0,0,0,0,touching,0.3333333333333333,0,1,72.0,1523.0,1.0044843049327354
bxgb:5:18:4,bxgb,5,18,gold_legacy,ok,307.0,0.1946902654867131,0,0,0,0,0,0,104,0.9682,,,5,,1,2,seam_narrow,rule,0,2,0,2,1.049645390070922,0.9929078014184397,0.049645390070921946,0.9929078014184397,1.049645390070922,0.1381,0.2068,0.1381,char,char,0,0,0,0,0,0,touching,0.19047619047619047,0,1,70.5,1515.0,1.0044444444444445
bxgb:24:7:19,bxgb,24,7,gold_legacy,moved,1359.0,5.047169811320828,1,1,0,0,0,0,60,0.9771,,,6,,1,3,seam_narrow,rule,0,1,0,1,0.9295774647887324,1.0140845070422535,0.07042253521126762,0.9295774647887324,1.0140845070422535,0.2271,0.2044,0.2044,char,char,0,0,0,0,0,0,touching,0.9047619047619048,0,2,71.0,1512.0,0.9380530973451328
bxgb:41:2:18,bxgb,41,2,gold_legacy,moved,1319.0,6.865546218487452,1,1,1,1,0,0,85,0.9765,-0.00019999999999997797,0.9767,13,84.0,2,3,seam_narrow,rule,1,2,1,2,0.9315068493150684,1.095890410958904,0.09589041095890405,0.9315068493150684,1.095890410958904,0.1746,0.2527,0.1746,char,char,0,0,0,0,0,0,touching,0.8571428571428571,0,2,73.0,1552.0,1.0303030303030303
bxgb:35:18:10,bxgb,35,18,gold_legacy,ok,714.0,0.28695652173917097,0,0,0,0,0,0,124,0.9778,,,0,,1,2,seam_narrow,rule,0,1,0,1,1.0704225352112675,0.9295774647887324,0.07042253521126762,0.9295774647887324,1.0704225352112675,0.2381,0.2432,0.2381,char,char,0,0,0,0,0,0,touching,0.47619047619047616,0,3,71.0,1510.0,1.0407239819004526
bxgb:37:3:7,bxgb,37,3,gold_legacy,ok,502.0,0.22807017543857455,0,0,0,0,0,0,142,0.9769,,,10,,1,3,seam_narrow,rule,0,3,0,3,0.9722222222222222,0.9583333333333334,0.04166666666666663,0.9583333333333334,0.9722222222222222,0.1753,0.2094,0.1753,char,char,0,0,0,0,0,0,touching,0.3333333333333333,0,2,72.0,1535.0,1.027027027027027
bxgb:17:5:13,bxgb,17,5,gold_legacy,ok,931.0,0.13513513513510134,0,0,0,0,0,0,65,0.9876,,,1,,1,2,seam_narrow,rule,0,4,0,4,1.0142857142857142,0.9285714285714286,0.0714285714285714,0.9285714285714286,1.0142857142857142,0.2389,0.1024,0.1024,char,char,0,0,0,0,0,0,touching,0.6190476190476191,0,1,70.0,1507.0,1.0
bxgb:19:15:7,bxgb,19,15,gold_legacy,ok,516.0,0.3571428571428896,0,0,0,0,0,0,78,0.988,,,6,,1,2,seam_narrow,rule,0,6,0,6,0.9577464788732394,1.0140845070422535,0.04225352112676062,0.9577464788732394,1.0140845070422535,0.2211,0.2258,0.2211,char,char,0,0,0,0,0,0,touching,0.3333333333333333,0,3,71.0,1520.0,1.0
bxgb:52:2:12,bxgb,52,2,gold_legacy,ok,870.0,0.21428571428566556,0,0,0,0,0,0,62,0.9862,,,32,,1,2,seam_narrow,rule,0,2,0,2,0.9861111111111112,1.0555555555555556,0.05555555555555558,0.9861111111111112,1.0555555555555556,0.2339,0.218,0.218,char,char,0,0,0,0,0,0,touching,0.5714285714285714,0,3,72.0,1542.0,1.0
bxgb:9:4:6,bxgb,9,4,gold_legacy,moved,450.0,21.027272727272702,1,1,1,1,1,0,511,0.6649,,,9,,1,3,seam_narrow,rule,0,3,0,3,0.8951048951048951,1.0909090909090908,0.1048951048951049,0.8951048951048951,1.0909090909090908,0.2283,0.0455,0.0455,char,char,0,0,0,0,0,0,touching,0.2857142857142857,1,1,71.5,1528.0,0.9865470852017937
bxgb:25:11:14,bxgb,25,11,gold_legacy,ok,1005.0,0.44736842105260166,0,0,0,0,0,0,268,0.9411,,,2,,1,3,seam_narrow,rule,0,2,0,2,1.056338028169014,0.9154929577464789,0.08450704225352113,0.9154929577464789,1.056338028169014,0.176,0.1795,0.176,char,char,0,0,0,0,0,0,touching,0.6666666666666666,0,2,71.0,1521.0,1.0133333333333334
bxgb:27:7:14,bxgb,27,7,gold_legacy,ok,994.0,0.4954128440366503,0,0,0,0,0,0,146,0.9589,,,21,,1,2,seam_narrow,rule,0,1,0,1,0.9857142857142858,1.042857142857143,0.04285714285714293,0.9857142857142858,1.042857142857143,0.232,0.2246,0.2246,char,char,0,0,0,0,0,0,touching,0.6666666666666666,0,5,70.0,1505.0,0.9775784753363229
bxgb:17:1:8,bxgb,17,1,gold_legacy,ok,576.0,0.37168141592917436,0,0,1,1,0,0,90,0.9825,,,11,,1,3,seam_narrow,rule,0,7,0,7,1.1285714285714286,0.8857142857142857,0.12857142857142856,0.8857142857142857,1.1285714285714286,0.2462,0.2004,0.2004,char,char,0,0,0,0,0,0,touching,0.38095238095238093,0,3,70.0,1512.0,1.018018018018018
bxgb:13:4:11,bxgb,13,4,gold_legacy,ok,813.0,0.2314814814815236,0,0,0,0,0,0,97,0.9867,,,40,,1,3,seam_narrow,rule,0,3,0,3,1.0833333333333333,0.9444444444444444,0.08333333333333326,0.9444444444444444,1.0833333333333333,0.205,0.21,0.205,char,char,0,0,0,0,0,0,touching,0.5238095238095238,0,2,72.0,1547.0,0.9642857142857143
bxgb:29:17:13,bxgb,29,17,gold_legacy,ok,946.0,0.18421052631583734,0,0,0,0,0,0,60,0.9915,,,6,,1,2,seam_narrow,rule,0,1,0,1,1.042857142857143,0.9,0.09999999999999998,0.9,1.042857142857143,0.2638,0.2366,0.2366,char,char,0,0,0,0,0,0,touching,0.6190476190476191,0,1,70.0,1503.0,1.0224215246636772
bxgb:12:14:5,bxgb,12,14,gold_legacy,ok,344.0,0.4954954954955042,0,0,0,0,0,0,169,0.9674,,,0,,1,2,seam_narrow,rule,0,2,0,2,0.9857142857142858,0.9571428571428572,0.042857142857142816,0.9571428571428572,0.9857142857142858,0.2243,0.2385,0.2243,char,char,0,0,0,0,0,0,touching,0.23809523809523808,0,2,70.0,1494.0,0.9866666666666667
bxgb:50:3:14,bxgb,50,3,gold_legacy,ok,976.0,0.27927927927930796,0,0,0,0,0,0,136,0.96,,,6,,1,2,seam_narrow,rule,0,1,0,1,0.9420289855072463,1.0144927536231885,0.05797101449275366,0.9420289855072463,1.0144927536231885,0.2602,0.1584,0.1584,char,char,0,0,0,0,0,0,touching,0.6666666666666666,0,5,69.0,1467.0,0.9910714285714286
bxgb:16:15:17,bxgb,16,15,gold_legacy,ok,1196.0,0.4615384615385665,0,0,0,0,0,0,90,0.9905,,,18,,1,3,seam_narrow,rule,0,7,0,7,1.0070921985815602,1.0638297872340425,0.06382978723404253,1.0070921985815602,1.0638297872340425,0.2134,0.2389,0.2134,char,char,0,0,0,0,0,0,touching,0.8095238095238095,0,3,70.5,1510.0,1.054054054054054
bxgb:15:9:3,bxgb,15,9,gold_legacy,ok,218.0,0.3392857142857224,0,0,0,0,0,0,69,0.9838,,,0,,1,2,seam_narrow,rule,0,1,0,1,1.0,0.971830985915493,0.028169014084507005,0.971830985915493,1.0,0.1948,0.1903,0.1903,char,char,0,0,0,0,0,0,touching,0.14285714285714285,0,5,71.0,1508.0,1.0
bxgb:6:17:9,bxgb,6,17,gold_legacy,moved,624.0,8.71052631578948,1,1,1,1,1,0,103,0.9867,0.051000000000000045,0.9357,6,212.0,2,4,seam_narrow,rule,0,12,0,12,0.7857142857142857,1.2428571428571429,0.24285714285714288,0.7857142857142857,1.2428571428571429,0.1914,0.2178,0.1914,char,char,0,0,0,0,0,0,touching,0.42857142857142855,0,2,70.0,1493.0,1.027027027027027
bxgb:23:4:8,bxgb,23,4,gold_legacy,ok,591.0,0.05504587155962781,0,0,1,1,0,0,82,0.9792,,,16,,1,3,seam_narrow,rule,0,7,0,7,1.1142857142857143,0.9714285714285714,0.11428571428571432,0.9714285714285714,1.1142857142857143,0.194,0.2167,0.194,char,char,0,0,0,0,0,0,touching,0.38095238095238093,0,3,70.0,1506.0,0.9819819819819819
bxgb:19:13:12,bxgb,19,13,gold_legacy,ok,886.0,0.2956521739130267,0,0,0,0,0,0,94,0.9877,,,5,,1,2,seam_narrow,rule,0,1,0,1,1.0,0.9859154929577465,0.014084507042253502,0.9859154929577465,1.0,0.2233,0.225,0.2233,char,char,0,0,0,0,0,0,touching,0.5714285714285714,0,3,71.0,1527.0,1.0267857142857142
bxgb:25:19:14,bxgb,25,19,gold_legacy,moved,1005.0,7.4727272727272975,1,1,1,1,0,0,80,0.9722,,,4,,1,3,seam_narrow,rule,0,2,0,2,0.8873239436619719,1.056338028169014,0.11267605633802813,0.8873239436619719,1.056338028169014,0.1776,0.1948,0.1776,char,char,0,0,0,0,0,0,touching,0.6666666666666666,0,2,71.0,1513.0,0.9777777777777777
bxgb:24:16:15,bxgb,24,16,gold_legacy,ok,1085.0,0.3245614035088238,0,0,1,1,0,0,65,0.983,,,16,,1,3,seam_narrow,rule,0,4,0,4,0.8873239436619719,0.9859154929577465,0.11267605633802813,0.8873239436619719,0.9859154929577465,0.1991,0.2034,0.1991,char,char,0,0,0,0,0,0,touching,0.7142857142857143,0,4,71.0,1501.0,1.008849557522124
bxgb:27:16:9,bxgb,27,16,gold_legacy,ok,640.0,0.32432432432437963,0,0,1,1,1,0,335,0.9115,0.0010000000000000009,0.9105,54,281.0,2,3,seam_narrow,rule,2,15,2,15,0.9571428571428572,1.042857142857143,0.04285714285714293,0.9571428571428572,1.042857142857143,0.1398,0.2465,0.1398,char,char,0,0,0,0,0,0,touching,0.42857142857142855,0,3,70.0,1504.0,0.9955156950672646
bxgb:12:13:20,bxgb,12,13,gold_legacy,ok,1416.0,0.19130434782618977,0,0,0,0,0,0,163,0.963,,,0,,1,2,seam_narrow,rule,0,1,0,1,0.9714285714285714,0.9714285714285714,0.02857142857142858,0.9714285714285714,0.9714285714285714,0.2194,0.2315,0.2194,char,char,0,0,0,0,0,0,touching,0.9523809523809523,1,3,70.0,1484.0,1.0222222222222221
bxgb:50:17:16,bxgb,50,17,gold_legacy,ok,1126.0,0.2982456140350678,0,0,0,0,0,0,199,0.9658,,,3,,1,2,seam_narrow,rule,0,2,0,2,1.0434782608695652,1.0,0.04347826086956519,1.0,1.0434782608695652,0.2321,0.2253,0.2253,char,char,0,0,0,0,0,0,touching,0.7619047619047619,0,6,69.0,1484.0,1.0178571428571428
bxgb:4:19:1,bxgb,4,19,gold_legacy,ok,83.0,0.11818181818182438,0,0,0,0,0,0,77,0.9829,,,25,,1,2,seam_narrow,rule,0,4,0,4,1.042857142857143,0.9714285714285714,0.04285714285714293,0.9714285714285714,1.042857142857143,0.2478,0.1985,0.1985,char,char,0,0,0,0,0,0,touching,0.047619047619047616,0,9,70.0,1496.0,0.995475113122172
bxgb:13:6:15,bxgb,13,6,gold_legacy,ok,1101.0,0.1981981981982699,0,0,0,0,0,0,109,0.974,,,23,,1,2,seam_narrow,rule,0,5,0,5,1.0416666666666667,0.9444444444444444,0.05555555555555558,0.9444444444444444,1.0416666666666667,0.192,0.1812,0.1812,char,char,0,0,0,0,0,0,touching,0.7142857142857143,0,1,72.0,1548.0,0.9910714285714286
bxgb:16:16:19,bxgb,16,16,gold_legacy,ok,1354.0,0.2222222222221717,0,0,0,0,0,0,91,0.9692,,,5,,1,4,seam_narrow,rule,0,1,0,1,0.9645390070921985,0.9645390070921985,0.03546099290780147,0.9645390070921985,0.9645390070921985,0.2541,0.2525,0.2525,char,char,0,0,0,0,0,0,touching,0.9047619047619048,0,5,70.5,1513.0,0.972972972972973
bxgb:25:2:9,bxgb,25,2,gold_legacy,ok,655.0,0.27272727272725206,0,0,0,0,0,0,174,0.9597,,,22,,1,3,seam_narrow,rule,0,3,0,3,1.0,1.0704225352112675,0.07042253521126751,1.0,1.0704225352112675,0.2058,0.2548,0.2058,char,char,0,0,0,0,0,0,touching,0.42857142857142855,0,5,71.0,1524.0,0.9777777777777777
bxgb:28:12:18,bxgb,28,12,gold_legacy,ok,1272.0,0.46956521739139134,0,0,0,0,0,0,93,0.9847,,,5,,1,3,seam_narrow,rule,0,3,0,3,1.0714285714285714,0.9571428571428572,0.0714285714285714,0.9571428571428572,1.0714285714285714,0.2422,0.2567,0.2422,char,char,0,0,0,0,0,0,touching,0.8571428571428571,0,4,70.0,1505.0,1.0222222222222221
bxgb:29:19:19,bxgb,29,19,gold_legacy,ok,1352.0,0.3944954128439804,0,0,0,0,0,0,106,0.9717,,,17,,1,3,seam_narrow,rule,0,3,0,3,1.0571428571428572,0.9428571428571428,0.05714285714285716,0.9428571428571428,1.0571428571428572,0.2095,0.2164,0.2095,char,char,0,0,0,0,0,0,touching,0.9047619047619048,0,4,70.0,1507.0,0.9775784753363229
bxgb:19:16:17,bxgb,19,16,gold_legacy,ok,1230.0,0.49549549549556104,0,0,0,0,0,0,64,0.9832,,,2,,1,2,seam_narrow,rule,0,3,0,3,0.9577464788732394,1.028169014084507,0.04225352112676062,0.9577464788732394,1.028169014084507,0.2398,0.2126,0.2126,char,char,0,0,0,0,0,0,touching,0.8095238095238095,0,3,71.0,1530.0,0.9910714285714286
bxgb:17:1:3,bxgb,17,1,gold_legacy,ok,225.0,0.0,0,0,1,1,0,0,86,0.9902,0.0005999999999999339,0.9896,10,86.0,3,4,straight,rule,0,0,4,2,0.9857142857142858,1.0,0.014285714285714235,0.9857142857142858,1.0,0.2424,0.2315,0.2315,char,char,0,0,0,0,0,0,touching,0.14285714285714285,0,3,70.0,1512.0,1.018018018018018
bxgb:15:16:6,bxgb,15,16,gold_legacy,ok,443.0,0.3944954128440372,0,0,0,0,0,0,101,0.9838,,,5,,1,2,seam_narrow,rule,0,2,0,2,1.0140845070422535,0.9577464788732394,0.04225352112676062,0.9577464788732394,1.0140845070422535,0.1673,0.2438,0.1673,char,char,0,0,0,0,0,0,touching,0.2857142857142857,0,3,71.0,1512.0,0.9732142857142857
bxgb:15:13:6,bxgb,15,13,gold_legacy,ok,435.0,0.2946428571428328,0,0,0,0,0,0,75,0.9787,,,1,,1,2,seam_narrow,rule,0,8,0,8,0.9859154929577465,0.971830985915493,0.028169014084507005,0.971830985915493,0.9859154929577465,0.2356,0.2169,0.2169,char,char,0,0,0,0,0,0,touching,0.2857142857142857,0,1,71.0,1506.0,1.0
bxgb:32:19:19,bxgb,32,19,gold_legacy,ok,1377.0,0.02678571428577925,0,0,0,0,0,0,58,0.9898,,,58,,1,1,seam_narrow,rule,0,1,0,1,0.971830985915493,0.9295774647887324,0.07042253521126762,0.9295774647887324,0.971830985915493,0.254,0.2459,0.2459,char,char,0,0,0,0,0,0,touching,0.9047619047619048,0,4,71.0,1529.0,1.0
bxgb:45:15:1,bxgb,45,15,gold_legacy,moved,83.0,3.7207207207207205,1,0,0,0,0,0,39,0.9865,,,39,,1,1,seam_narrow,rule,0,2,0,2,0.9861111111111112,1.0555555555555556,0.05555555555555558,0.9861111111111112,1.0555555555555556,0.2445,0.1477,0.1477,char,char,0,0,0,0,0,0,touching,0.047619047619047616,0,1,72.0,1538.0,0.9955156950672646
bxgb:19:6:14,bxgb,19,6,gold_legacy,ok,1002.0,0.5045045045045526,0,0,0,0,0,0,0,1.0,,,0,,1,1,seam_narrow,rule,0,1,0,1,0.9859154929577465,1.0845070422535212,0.08450704225352124,0.9859154929577465,1.0845070422535212,0.1834,0.1892,0.1834,char,char,0,0,0,0,0,0,touching,0.6666666666666666,0,6,71.0,1527.0,0.9910714285714286
bxgb:24:19:6,bxgb,24,19,gold_legacy,ok,441.0,6.351351351351354,0,1,0,0,0,0,0,1.0,,,0,,1,1,seam_narrow,rule,0,8,0,8,0.9014084507042254,1.0985915492957747,0.09859154929577474,0.9014084507042254,1.0985915492957747,0.1827,0.2081,0.1827,char,char,0,0,0,0,0,0,touching,0.2857142857142857,0,2,71.0,1504.0,0.9823008849557522
bxgb:50:19:6,bxgb,50,19,gold_legacy,ok,470.0,6.214285714285722,0,1,1,0,0,0,0,1.0,,,0,,1,1,seam_narrow,rule,0,8,0,8,1.173913043478261,1.0144927536231885,0.17391304347826098,1.0144927536231885,1.173913043478261,0.1785,0.1938,0.1785,char,char,0,0,0,0,0,0,touching,0.2857142857142857,0,2,69.0,1482.0,1.0
bxgb:46:12:14,bxgb,46,12,gold_legacy,ok,1011.0,5.017391304347825,0,1,1,0,0,0,0,1.0,,,0,,1,1,seam_narrow,rule,0,6,0,6,1.1527777777777777,0.9027777777777778,0.15277777777777768,0.9027777777777778,1.1527777777777777,0.1949,0.1902,0.1902,char,char,0,0,0,0,0,0,touching,0.6666666666666666,0,1,72.0,1534.0,1.0360360360360361
bxgb:15:3:2,bxgb,15,3,gold_legacy,ok,146.0,0.4234234234234293,0,0,0,0,0,0,6,0.9996,,,6,,1,1,seam_narrow,rule,0,1,0,1,0.9859154929577465,1.0,0.014084507042253502,0.9859154929577465,1.0,0.1792,0.2052,0.1792,char,char,0,0,0,0,0,0,touching,0.09523809523809523,0,1,71.0,1510.0,0.9910714285714286
bxgb:52:13:3,bxgb,52,13,gold_legacy,ok,215.0,2.150442477876112,0,0,0,0,0,0,0,1.0,,,0,,1,1,seam_narrow,rule,0,6,0,6,0.9861111111111112,0.9444444444444444,0.05555555555555558,0.9444444444444444,0.9861111111111112,0.2333,0.2578,0.2333,char,char,0,0,0,0,0,0,touching,0.14285714285714285,0,1,72.0,1550.0,1.0089285714285714
bxgb:55:9:10,bxgb,55,9,gold_legacy,ok,711.0,3.045454545454504,0,0,0,0,0,0,0,1.0,,,0,,1,1,seam_narrow,rule,0,8,0,8,1.028169014084507,0.9436619718309859,0.05633802816901412,0.9436619718309859,1.028169014084507,0.2564,0.1935,0.1935,char,char,0,0,0,0,0,0,touching,0.47619047619047616,0,1,71.0,1501.0,0.995475113122172
bxgb:3:4:4,bxgb,3,4,gold_legacy,ok,306.0,0.11607142857144481,0,0,0,0,0,0,23,0.9905,,,23,,1,1,seam_narrow,rule,0,1,0,1,1.0571428571428572,0.9857142857142858,0.05714285714285716,0.9857142857142858,1.0571428571428572,0.2057,0.2264,0.2057,char,char,0,0,0,0,0,0,touching,0.19047619047619047,0,1,70.0,1501.0,1.009009009009009
bxgb:36:15:19,bxgb,36,15,gold_legacy,ok,1342.0,0.24107142857133113,0,0,0,0,0,0,0,1.0,,,0,,1,1,seam_narrow,rule,0,1,0,1,1.0422535211267605,1.0140845070422535,0.04225352112676051,1.0140845070422535,1.0422535211267605,0.1757,0.2246,0.1757,char,char,0,0,0,0,0,0,touching,0.9047619047619048,0,4,71.0,1502.0,1.0
bxgb:43:1:16,bxgb,43,1,gold_legacy,ok,1143.0,2.0847457627119184,0,0,1,0,0,0,0,1.0,,,0,,1,1,seam_narrow,rule,0,4,0,4,1.1267605633802817,0.9859154929577465,0.12676056338028174,0.9859154929577465,1.1267605633802817,0.2237,0.2042,0.2042,char,char,0,0,0,0,0,0,touching,0.7619047619047619,0,5,71.0,1518.0,1.0535714285714286
bxgb:51:8:9,bxgb,51,8,gold_legacy,ok,667.0,1.0272727272727025,0,0,0,0,0,0,2,0.9999,,,2,,1,1,seam_narrow,rule,0,2,0,2,1.0694444444444444,0.9166666666666666,0.08333333333333337,0.9166666666666666,1.0694444444444444,0.205,0.2146,0.205,char,char,0,0,0,0,0,0,touching,0.42857142857142855,0,1,72.0,1530.0,0.9865470852017937
bxgb:47:4:5,bxgb,47,4,gold_legacy,ok,376.0,0.3303571428571672,0,0,0,0,0,0,5,0.9998,,,5,,1,1,seam_narrow,rule,0,2,0,2,0.951048951048951,1.034965034965035,0.04895104895104896,0.951048951048951,1.034965034965035,0.1847,0.1765,0.1765,char,char,0,0,0,0,0,0,touching,0.23809523809523808,0,1,71.5,1518.0,1.009009009009009
bxgb:10:13:5,bxgb,10,13,gold_legacy,ok,370.0,2.8454545454545723,0,0,0,0,0,0,0,1.0,,,0,,1,1,seam_narrow,rule,0,4,0,4,0.9722222222222222,0.9861111111111112,0.02777777777777779,0.9722222222222222,0.9861111111111112,0.1635,0.2497,0.1635,char,char,0,0,0,0,0,0,touching,0.23809523809523808,0,1,72.0,1539.0,0.9777777777777777
bxgb:31:2:13,bxgb,31,2,gold_legacy,ok,924.0,2.699115044247833,0,0,0,0,0,0,0,1.0,,,0,,1,1,seam_narrow,rule,0,4,0,4,0.9577464788732394,1.0704225352112675,0.07042253521126751,0.9577464788732394,1.0704225352112675,0.1989,0.2318,0.1989,char,char,0,0,0,0,0,0,touching,0.6190476190476191,0,5,71.0,1519.0,1.0319634703196348
bxgb:42:16:10,bxgb,42,16,gold_legacy,ok,745.0,0.5714285714285552,0,0,0,0,0,0,1,0.9999,,,1,,1,1,seam_narrow,rule,0,2,0,2,1.0138888888888888,1.0138888888888888,0.01388888888888884,1.0138888888888888,1.0138888888888888,0.1408,0.2022,0.1408,char,char,0,0,0,0,0,0,touching,0.47619047619047616,0,3,72.0,1547.0,0.9824561403508771
bxgb:34:12:1,bxgb,34,12,gold_legacy,ok,71.0,3.871794871794876,0,0,0,0,0,0,30,0.9953,,,30,,1,1,seam_narrow,rule,0,6,0,6,1.0070921985815602,0.9929078014184397,0.007092198581560294,0.9929078014184397,1.0070921985815602,0.1901,0.1691,0.1691,char,char,0,0,0,0,0,0,touching,0.047619047619047616,0,1,70.5,1501.0,1.0353982300884956
bxgb:40:12:15,bxgb,40,12,gold_legacy,ok,1057.0,5.183333333333394,0,1,1,0,0,0,6,0.9998,,,6,,1,1,seam_narrow,rule,0,8,0,8,1.1527777777777777,1.0,0.15277777777777768,1.0,1.1527777777777777,0.2014,0.2425,0.2014,char,char,0,0,0,0,0,0,touching,0.7142857142857143,0,2,72.0,1551.0,1.0526315789473684
bxgb:30:2:19,bxgb,30,2,gold_legacy,ok,1355.0,1.0357142857142208,0,0,0,0,0,0,0,1.0,,,0,,1,1,seam_narrow,rule,0,2,0,2,1.042857142857143,0.9428571428571428,0.05714285714285716,0.9428571428571428,1.042857142857143,0.1862,0.2155,0.1862,char,char,0,0,0,0,0,0,touching,0.9047619047619048,0,1,70.0,1509.0,1.0044843049327354
bxgb:39:3:1,bxgb,39,3,gold_legacy,ok,83.0,1.163636363636357,0,0,0,0,0,0,0,1.0,,,0,,1,1,seam_narrow,rule,0,2,0,2,1.0416666666666667,0.9722222222222222,0.04166666666666674,0.9722222222222222,1.0416666666666667,0.2281,0.2849,0.2281,char,char,0,0,0,0,0,0,touching,0.047619047619047616,0,2,72.0,1541.0,0.9821428571428571
bxgb:20:17:15,bxgb,20,17,gold_legacy,ok,1073.0,0.327272727272657,0,0,0,0,0,0,0,1.0,,,0,,1,1,seam_narrow,rule,0,1,0,1,0.965034965034965,0.951048951048951,0.04895104895104896,0.951048951048951,0.965034965034965,0.2149,0.183,0.183,char,char,0,0,0,0,0,0,touching,0.7142857142857143,0,2,71.5,1514.0,0.990990990990991
bxgb:49:18:8,bxgb,49,18,gold_legacy,ok,561.0,0.6460176991150774,0,0,0,0,0,0,17,0.9977,,,17,,1,1,seam_narrow,rule,0,2,0,2,0.9710144927536232,1.0434782608695652,0.04347826086956519,0.9710144927536232,1.0434782608695652,0.2161,0.1645,0.1645,char,char,0,0,0,0,0,0,touching,0.38095238095238093,0,3,69.0,1468.0,1.0
bxgb:16:15:11,bxgb,16,15,gold_legacy,ok,765.0,0.7094017094017318,0,0,0,0,0,0,0,1.0,,,0,,1,1,seam_narrow,rule,0,2,0,2,1.0354609929078014,1.0354609929078014,0.03546099290780136,1.0354609929078014,1.0354609929078014,0.1225,0.2461,0.1225,char,char,0,0,0,0,0,0,touching,0.5238095238095238,0,3,70.5,1510.0,1.054054054054054
bxgb:7:7:11,bxgb,7,7,gold_legacy,ok,817.0,0.47169811320759436,0,0,0,0,0,0,1,1.0,,,1,,1,1,seam_narrow,rule,0,2,0,2,1.0277777777777777,0.9861111111111112,0.02777777777777768,0.9861111111111112,1.0277777777777777,0.2319,0.2369,0.2319,char,char,0,0,0,0,0,0,touching,0.5238095238095238,0,3,72.0,1517.0,0.954954954954955
bxgb:25:17:8,bxgb,25,17,gold_legacy,ok,583.0,0.4285714285714448,0,0,0,0,0,0,0,1.0,,,0,,1,1,seam_narrow,rule,0,2,0,2,1.056338028169014,1.0422535211267605,0.05633802816901401,1.0422535211267605,1.056338028169014,0.2081,0.2394,0.2081,char,char,0,0,0,0,0,0,touching,0.38095238095238093,0,5,71.0,1517.0,0.9955555555555555
bxgb:53:11:17,bxgb,53,11,gold_legacy,cand,1246.0,0.3185840707965326,1,0,0,0,0,0,71,0.9803,,,1,,1,2,seam_narrow,rule,0,2,0,2,1.0555555555555556,0.9583333333333334,0.05555555555555558,0.9583333333333334,1.0555555555555556,0.2434,0.2264,0.2264,char,char,0,0,0,0,0,0,touching,0.8095238095238095,0,2,72.0,1545.0,1.0134529147982063
bxgb:18:14:12,bxgb,18,14,gold_legacy,ok,866.0,0.13761467889912637,0,0,0,0,0,0,144,0.976,,,3,,1,2,seam_narrow,rule,0,3,0,3,1.042857142857143,0.9428571428571428,0.05714285714285716,0.9428571428571428,1.042857142857143,0.2075,0.2127,0.2075,char,char,0,0,0,0,0,0,touching,0.5714285714285714,0,3,70.0,1507.0,0.9732142857142857
bxgb:13:7:5,bxgb,13,7,gold_legacy,ok,378.0,0.2545454545454504,0,0,0,0,0,0,39,0.9853,,,39,,1,1,seam_narrow,rule,0,1,0,1,1.0277777777777777,1.0,0.02777777777777768,1.0,1.0277777777777777,0.1897,0.186,0.186,char,char,0,0,0,0,0,0,touching,0.23809523809523808,0,1,72.0,1534.0,0.9821428571428571
bxgb:4:2:10,bxgb,4,2,gold_legacy,ok,711.0,0.018181818181801646,0,0,1,0,0,0,59,0.9867,0.012199999999999989,0.9745,59,59.0,2,2,seam_narrow,rule,1,7,1,7,0.9,1.0285714285714285,0.09999999999999998,0.9,1.0285714285714285,0.2284,0.1952,0.1952,char,char,0,0,0,0,0,0,touching,0.47619047619047616,0,7,70.0,1486.0,0.995475113122172
bxgb:4:13:12,bxgb,4,13,gold_legacy,ok,841.0,5.0,0,0,1,0,0,0,44,0.9837,0.008400000000000074,0.9753,44,66.0,2,2,seam_narrow,rule,3,8,3,8,0.9285714285714286,1.0571428571428572,0.0714285714285714,0.9285714285714286,1.0571428571428572,0.2351,0.1381,0.1381,char,char,0,0,0,0,0,0,touching,0.5714285714285714,0,5,70.0,1485.0,0.9864253393665159
bxgb:19:9:12,bxgb,19,9,gold_legacy,ok,863.0,0.3571428571428896,0,0,0,0,0,0,193,0.9578,,,3,,1,3,seam_narrow,rule,0,5,0,5,0.9295774647887324,1.0140845070422535,0.07042253521126762,0.9295774647887324,1.0140845070422535,0.1291,0.1854,0.1291,char,char,0,0,0,0,0,0,touching,0.5714285714285714,0,3,71.0,1522.0,1.0
vol02:100:4:19,vol02,100,4,gold_page,moved,2290.0435878071667,126.52977565247056,1,1,1,0,0,0,0,1.0,,,0,,1,1,seam_narrow,rule,0,2,0,2,1.0176991150442478,1.1238938053097345,0.12389380530973448,1.0176991150442478,1.1238938053097345,0.2207,0.2088,0.2088,char,char,0,0,0,0,0,0,touching,0.9047619047619048,0,1,113.0,2416.0,1.0647058823529412
vol02:188:4:20,vol02,188,4,gold_page,moved,2249.003888001157,57.402705405436336,1,1,1,1,1,1,469,0.8365,0.047700000000000076,0.7888,316,715.0,3,4,seam_narrow,unet,27,20,27,40,0.9823008849557522,1.008849557522124,0.017699115044247815,0.9823008849557522,1.008849557522124,0.1875,0.1383,0.1383,char,char,0,0,0,0,0,0,touching,0.9523809523809523,1,13,113.0,2435.0,1.0459770114942528
vol02:188:4:19,vol02,188,4,gold_page,ok,2210.002175139564,31.99782486043614,0,1,1,1,0,0,70,0.9927,0.14739999999999998,0.8453,2,1444.0,3,5,seam_wide,rule,0,32,13,32,0.9026548672566371,0.9823008849557522,0.09734513274336287,0.9026548672566371,0.9823008849557522,0.1911,0.1875,0.1875,char,char,0,0,0,0,0,0,touching,0.9047619047619048,0,13,113.0,2435.0,1.0459770114942528
vol02:179:1:20,vol02,179,1,gold_page,ok,2270.995540434829,38.995540434828854,0,1,1,0,0,0,3,0.9993,0.3276,0.6717,3,1103.0,3,3,seam_wide,rule,0,39,10,39,1.0089285714285714,0.7142857142857143,0.2857142857142857,0.7142857142857143,1.0089285714285714,0.1245,0.0435,0.0435,char,char,0,0,0,0,0,0,touching,0.9523809523809523,1,10,112.0,2351.0,1.0113636363636365
vol02:136:1:8,vol02,136,1,gold_page,ok,898.9983021334255,3.9983021334254545,0,0,1,0,0,0,0,1.0,,,0,,1,1,seam_narrow,rule,0,2,0,2,0.7757009345794392,1.074766355140187,0.22429906542056077,0.7757009345794392,1.074766355140187,0.0694,0.2718,0.0694,char,char,0,0,0,0,0,0,touching,0.38095238095238093,0,6,107.0,2329.0,0.9534883720930233
vol01:3:7:1,vol01,3,7,event_only,ok,116.0,0.5142857142857196,0,0,0,0,0,0,135,0.954,,,35,,1,3,seam_narrow,rule,0,2,0,2,1.0043668122270741,1.091703056768559,0.09170305676855905,1.0043668122270741,1.091703056768559,0.1139,0.1719,0.1139,char,char,0,0,0,0,0,0,touching,0.047619047619047616,0,6,114.5,2438.0,1.0174418604651163
vol01:182:9:2,vol01,182,9,event_only,ok,343.0,0.0,0,0,1,1,1,1,125,0.9774,0.012500000000000067,0.9649,0,125.0,2,5,straight,unet,0,0,0,15,1.128440366972477,0.7889908256880734,0.21100917431192656,0.7889908256880734,1.128440366972477,0.1792,0.0484,0.0484,char,char,0,0,0,0,0,0,touching,0.14285714285714285,0,1,109.0,2395.0,1.0782122905027933
vol01:204:5:5,vol01,204,5,event_only,ok,590.0,0.38150289017346495,0,0,1,1,0,0,67,0.9927,,,0,,1,2,seam_narrow,rule,0,1,0,1,1.165137614678899,1.0275229357798166,0.16513761467889898,1.0275229357798166,1.165137614678899,0.1762,0.161,0.161,char,char,0,0,0,0,0,0,touching,0.23809523809523808,0,2,109.0,2429.0,0.9942528735632183
vol01:173:5:8,vol01,173,5,event_only,ok,976.0,2.5393939393939036,0,0,0,0,0,0,186,0.9764,,,0,,1,3,seam_narrow,rule,0,6,0,6,0.9826086956521739,1.0347826086956522,0.034782608695652195,0.9826086956521739,1.0347826086956522,0.1873,0.2221,0.1873,char,char,0,0,0,0,0,0,touching,0.38095238095238093,0,1,115.0,2486.0,0.9482758620689655
vol01:183:9:6,vol01,183,9,event_only,ok,697.0,1.9322033898305335,0,0,1,1,1,0,122,0.9875,-0.0033999999999999586,0.9909,0,89.0,2,3,seam_narrow,rule,2,6,2,6,1.0707964601769913,1.0530973451327434,0.07079646017699126,1.0530973451327434,1.0707964601769913,0.2218,0.2188,0.2188,char,char,0,0,0,0,0,0,touching,0.2857142857142857,0,1,113.0,2447.0,1.0114285714285713
vol01:190:1:7,vol01,190,1,event_only,cand,798.0,1.0,1,0,1,1,0,1,61,0.9949,0.03180000000000005,0.9631,0,61.0,2,5,straight,unet,0,0,3,14,1.0347826086956522,0.8695652173913043,0.13043478260869568,0.8695652173913043,1.0347826086956522,0.1754,0.1724,0.1724,char,char,0,0,0,0,0,0,touching,0.3333333333333333,0,1,115.0,2395.0,1.0
vol01:3:7:12,vol01,3,7,event_only,ok,1388.0,0.14285714285711038,0,0,0,0,0,0,84,0.9846,,,2,,1,3,seam_narrow,rule,0,5,0,5,1.0043668122270741,1.056768558951965,0.05676855895196509,1.0043668122270741,1.056768558951965,0.1531,0.1986,0.1531,char,char,0,0,0,0,0,0,touching,0.5714285714285714,0,6,114.5,2438.0,1.0174418604651163
vol01:3:3:2,vol01,3,3,event_only,ok,244.0,0.2771084337349521,0,0,1,1,0,0,79,0.9664,,,0,,1,3,seam_narrow,rule,0,2,0,2,0.8296943231441049,0.9956331877729258,0.17030567685589515,0.8296943231441049,0.9956331877729258,0.1084,0.1954,0.1084,char,char,0,0,0,0,0,0,touching,0.09523809523809523,0,3,114.5,2448.0,0.9651162790697675
vol03:20:2:4,vol03,20,2,event_only,moved,488.0,19.775280898876417,1,1,1,1,1,0,629,0.8704,0.06359999999999999,0.8068,0,935.0,2,5,seam_narrow,rule,3,17,3,17,0.896551724137931,0.75,0.25,0.75,0.896551724137931,0.1406,0.1395,0.1395,char,char,0,0,0,0,0,0,touching,0.23809523809523808,0,5,116.0,2479.0,1.0
vol03:3:1:4,vol03,3,1,event_only,moved,502.0,0.0,1,0,1,1,0,0,92,0.9876,-0.0020000000000000018,0.9896,60,92.0,3,6,straight,rule,0,0,6,22,1.1140350877192982,0.9912280701754386,0.11403508771929816,0.9912280701754386,1.1140350877192982,0.3899,0.2585,0.2585,char,char,0,0,0,0,0,0,touching,0.19047619047619047,0,13,114.0,2476.0,0.9823529411764705
vol03:49:1:18,vol03,49,1,event_only,ok,2116.0,0.0,0,0,1,1,0,0,72,0.9948,-0.0009000000000000119,0.9957,72,72.0,3,6,straight,rule,0,0,5,8,1.103448275862069,0.9482758620689655,0.10344827586206895,0.9482758620689655,1.103448275862069,0.1975,0.1641,0.1641,char,char,0,0,0,0,0,0,touching,0.8571428571428571,0,2,116.0,2473.0,1.0224719101123596
vol03:9:9:20,vol03,9,9,event_only,ok,2454.0,0.393063583815092,0,0,1,1,1,1,190,0.958,0.17359999999999998,0.7844,86,1420.0,3,5,seam_wide,unet,10,40,24,40,0.9655172413793104,0.8362068965517241,0.1637931034482759,0.8362068965517241,0.9655172413793104,0.214,0.1499,0.1499,char,char,0,0,0,0,0,0,touching,1.0,1,4,116.0,2512.0,0.9942528735632183
vol03:50:1:11,vol03,50,1,event_only,moved,1311.0,6.599999999999909,1,1,1,1,1,0,152,0.9838,0.00539999999999996,0.9784,1,199.0,2,4,seam_narrow,rule,2,5,2,5,1.0260869565217392,1.0956521739130434,0.09565217391304337,1.0260869565217392,1.0956521739130434,0.1974,0.2034,0.1974,char,char,0,0,0,0,0,0,touching,0.5238095238095238,0,2,115.0,2525.0,1.005586592178771
vol03:20:2:3,vol03,20,2,event_only,moved,378.0,33.0,1,1,1,1,1,1,1070,0.8343,0.022700000000000053,0.8116,0,1070.0,2,4,straight,unet,0,0,2,15,0.9396551724137931,0.896551724137931,0.10344827586206895,0.896551724137931,0.9396551724137931,0.2037,0.1406,0.1406,char,char,0,0,0,0,0,0,touching,0.19047619047619047,0,5,116.0,2479.0,1.0
vol03:3:9:2,vol03,3,9,event_only,ok,216.0,0.3218390804597675,0,0,1,1,1,0,317,0.8003,,,165,,1,4,seam_narrow,rule,0,4,0,4,1.0789473684210527,1.2456140350877194,0.2456140350877194,1.0789473684210527,1.2456140350877194,0.189,0.2216,0.189,char,char,0,0,0,0,0,0,touching,0.09523809523809523,0,13,114.0,2436.0,1.0235294117647058
vol03:20:2:2,vol03,20,2,event_only,moved,251.0,51.0,1,1,1,1,1,0,2664,0.5546,0.12419999999999998,0.4304,268,2664.0,3,5,straight,rule,0,0,14,26,0.8448275862068966,0.9396551724137931,0.15517241379310343,0.8448275862068966,0.9396551724137931,0.1114,0.2037,0.1114,char,char,0,0,0,0,0,0,touching,0.14285714285714285,0,5,116.0,2479.0,1.0
vol03:3:1:5,vol03,3,1,event_only,ok,614.0,0.31137724550899293,0,0,1,1,1,0,127,0.9832,0.0015999999999999348,0.9816,116,127.0,2,3,seam_narrow,rule,0,11,0,11,0.9912280701754386,1.0701754385964912,0.07017543859649122,0.9912280701754386,1.0701754385964912,0.2585,0.3489,0.2585,char,char,0,0,0,0,0,0,touching,0.23809523809523808,0,13,114.0,2476.0,0.9823529411764705
vol03:3:9:14,vol03,3,9,event_only,ok,1637.0,0.37931034482767245,0,0,1,1,1,0,119,0.9756,,,11,,1,4,seam_narrow,rule,0,2,0,2,1.1666666666666667,0.8508771929824561,0.16666666666666674,0.8508771929824561,1.1666666666666667,0.2105,0.1772,0.1772,char,char,0,0,0,0,0,0,touching,0.6666666666666666,0,13,114.0,2436.0,1.0235294117647058
vol03:3:8:3,vol03,3,8,event_only,ok,358.0,0.4723926380368084,0,0,1,1,0,0,79,0.9913,,,67,,1,3,seam_narrow,rule,0,4,0,4,1.131578947368421,0.9824561403508771,0.13157894736842102,0.9824561403508771,1.131578947368421,0.3193,0.2546,0.2546,char,char,0,0,0,0,0,0,touching,0.14285714285714285,0,8,114.0,2437.0,0.9588235294117647
vol03:3:1:3,vol03,3,1,event_only,ok,375.0,0.21556886227546102,0,0,1,1,1,0,241,0.9671,-0.000300000000000078,0.9674,16,241.0,2,5,seam_narrow,rule,3,3,3,3,0.8508771929824561,1.1140350877192982,0.14912280701754388,0.8508771929824561,1.1140350877192982,0.3622,0.3899,0.3622,char,char,0,0,0,0,0,0,touching,0.14285714285714285,0,13,114.0,2476.0,0.9823529411764705
vol03:3:8:2,vol03,3,8,event_only,ok,226.0,0.17177914110428105,0,0,1,1,1,0,143,0.9835,0.0027000000000000357,0.9808,143,143.0,2,5,seam_narrow,rule,0,10,0,10,0.7192982456140351,1.131578947368421,0.2807017543859649,0.7192982456140351,1.131578947368421,0.1006,0.3193,0.1006,char,char,0,0,0,0,0,0,touching,0.09523809523809523,0,8,114.0,2437.0,0.9588235294117647
vol03:3:1:10,vol03,3,1,event_only,ok,1241.0,0.0,0,0,1,1,1,1,626,0.8314,0.006199999999999983,0.8252,572,626.0,2,5,straight,unet,0,0,0,10,1.4210526315789473,0.9473684210526315,0.42105263157894735,0.9473684210526315,1.4210526315789473,0.3106,0.2009,0.2009,char,char,0,0,0,0,0,0,touching,0.47619047619047616,0,13,114.0,2476.0,0.9823529411764705
vol03:3:8:4,vol03,3,8,event_only,ok,474.0,0.4478527607361684,0,0,1,1,0,0,65,0.9908,,,8,,1,3,seam_narrow,rule,0,7,0,7,0.9824561403508771,1.1228070175438596,0.12280701754385959,0.9824561403508771,1.1228070175438596,0.2546,0.2732,0.2546,char,char,0,0,0,0,0,0,touching,0.19047619047619047,0,8,114.0,2437.0,0.9588235294117647
vol03:3:9:3,vol03,3,9,event_only,ok,355.0,0.04597701149424438,0,0,1,1,1,0,123,0.9482,,,95,,1,4,seam_narrow,rule,0,8,0,8,1.2456140350877194,0.9385964912280702,0.2456140350877194,0.9385964912280702,1.2456140350877194,0.2216,0.2991,0.2216,char,char,0,0,0,0,0,0,touching,0.14285714285714285,0,13,114.0,2436.0,1.0235294117647058
vol03:3:6:11,vol03,3,6,event_only,ok,1295.0,0.22352941176472996,0,0,1,1,0,1,97,0.9912,0.019499999999999962,0.9717,1,262.0,3,5,seam_wide,unet,4,24,7,24,0.9122807017543859,1.1842105263157894,0.18421052631578938,0.9122807017543859,1.1842105263157894,0.253,0.2037,0.2037,char,char,0,0,0,0,0,0,touching,0.5238095238095238,0,8,114.0,2474.0,1.0
vol03:3:6:13,vol03,3,6,event_only,ok,1525.0,0.24117647058824332,0,0,1,1,0,0,70,0.9899,,,18,,1,3,seam_narrow,rule,0,7,0,7,1.0350877192982457,0.8947368421052632,0.10526315789473684,0.8947368421052632,1.0350877192982457,0.2001,0.2205,0.2001,char,char,0,0,0,0,0,0,touching,0.6190476190476191,0,8,114.0,2474.0,1.0
vol03:3:6:14,vol03,3,6,event_only,ok,1633.0,0.4705882352941444,0,0,1,1,0,0,90,0.9755,,,8,,1,4,seam_narrow,rule,0,5,0,5,0.8947368421052632,1.043859649122807,0.10526315789473684,0.8947368421052632,1.043859649122807,0.2205,0.1632,0.1632,char,char,0,0,0,0,0,0,touching,0.6666666666666666,0,8,114.0,2474.0,1.0
vol03:3:1:7,vol03,3,1,event_only,ok,842.0,0.0,0,0,1,1,1,1,113,0.9878,0.0047000000000000375,0.9831,113,113.0,3,5,straight,unet,0,0,4,31,0.9210526315789473,1.0701754385964912,0.07894736842105265,0.9210526315789473,1.0701754385964912,0.3983,0.281,0.281,char,char,0,0,0,0,0,0,touching,0.3333333333333333,0,13,114.0,2476.0,0.9823529411764705
vol03:3:1:2,vol03,3,1,event_only,ok,279.0,0.3353293413173901,0,0,1,1,0,0,90,0.991,,,9,,1,3,seam_narrow,rule,0,3,0,3,1.0789473684210527,0.8508771929824561,0.14912280701754388,0.8508771929824561,1.0789473684210527,0.305,0.3622,0.305,char,char,0,0,0,0,0,0,touching,0.09523809523809523,0,13,114.0,2476.0,0.9823529411764705
vol03:3:8:11,vol03,3,8,event_only,ok,1264.0,0.030674846625743157,0,0,1,1,0,0,67,0.9954,0.005299999999999971,0.9901,27,67.0,2,5,seam_narrow,rule,0,11,0,11,0.9298245614035088,1.131578947368421,0.13157894736842102,0.9298245614035088,1.131578947368421,0.2466,0.2983,0.2466,char,char,0,0,0,0,0,0,touching,0.5238095238095238,0,8,114.0,2437.0,0.9588235294117647
vol03:3:8:6,vol03,3,8,event_only,ok,707.0,0.0,0,0,1,1,0,1,66,0.9903,0.006299999999999972,0.984,0,66.0,2,4,straight,unet,0,0,0,10,0.9473684210526315,0.9912280701754386,0.052631578947368474,0.9473684210526315,0.9912280701754386,0.2218,0.1514,0.1514,char,char,0,0,0,0,0,0,touching,0.2857142857142857,0,8,114.0,2437.0,0.9588235294117647
vol03:60:6:8,vol03,60,6,event_only,ok,968.0,0.37078651685396835,0,0,1,1,1,0,223,0.9777,-0.0010000000000000009,0.9787,2,208.0,2,4,seam_narrow,rule,1,4,1,4,1.1652173913043478,0.8695652173913043,0.16521739130434776,0.8695652173913043,1.1652173913043478,0.1839,0.1993,0.1839,char,char,0,0,0,0,0,0,touching,0.38095238095238093,0,2,115.0,2467.0,1.0
vol03:28:2:20,vol03,28,2,event_only,moved,2277.0,64.0,1,1,1,1,1,0,150,0.969,0.016900000000000026,0.9521,42,150.0,3,6,straight,rule,0,0,9,40,0.8468468468468469,0.7747747747747747,0.22522522522522526,0.7747747747747747,0.8468468468468469,0.1746,0.108,0.108,char,char,0,0,0,0,0,0,touching,1.0,1,6,111.0,2427.0,0.9662921348314607
vol03:31:1:11,vol03,31,1,event_only,moved,1254.0,4.0,1,0,1,1,0,0,83,0.9958,-0.0029000000000000137,0.9987,1,83.0,3,4,straight,rule,0,0,4,15,0.990909090909091,1.0545454545454545,0.05454545454545445,0.990909090909091,1.0545454545454545,0.2784,0.2696,0.2696,char,char,0,0,0,0,0,0,touching,0.5238095238095238,0,3,110.0,2396.0,1.0292397660818713
vol03:27:5:14,vol03,27,5,event_only,ok,1581.0,0.4470588235294599,0,0,1,1,1,0,106,0.9942,,,106,,1,3,seam_narrow,rule,0,2,0,2,1.1160714285714286,0.9910714285714286,0.1160714285714286,0.9910714285714286,1.1160714285714286,0.2358,0.1606,0.1606,char,char,0,0,0,0,0,0,touching,0.6666666666666666,0,6,112.0,2410.0,0.9550561797752809
vol03:13:6:2,vol03,13,6,event_only,moved,250.0,21.0,1,1,1,1,1,1,568,0.8402,0.07769999999999999,0.7625,8,568.0,2,5,straight,unet,0,0,0,15,0.7807017543859649,0.8333333333333334,0.2192982456140351,0.7807017543859649,0.8333333333333334,0.014,0.1765,0.014,char,char,0,0,0,0,0,0,touching,0.14285714285714285,0,1,114.0,2469.0,1.0229885057471264
vol03:88:4:18,vol03,88,4,event_only,ok,2052.0,0.0,0,0,1,1,0,1,78,0.9886,0.00880000000000003,0.9798,0,78.0,2,4,straight,unet,0,0,3,11,0.911504424778761,1.0619469026548674,0.08849557522123896,0.911504424778761,1.0619469026548674,0.1571,0.1642,0.1571,char,char,0,0,0,0,0,0,touching,0.8571428571428571,0,6,113.0,2425.0,1.0284090909090908
vol03:109:6:10,vol03,109,6,event_only,ok,1189.0,0.0,0,0,1,1,0,0,71,0.9942,-0.0036000000000000476,0.9978,1,71.0,3,4,straight,rule,0,0,5,9,0.9747899159663865,1.0252100840336134,0.025210084033613467,0.9747899159663865,1.0252100840336134,0.2253,0.2715,0.2253,char,char,0,0,0,0,0,0,touching,0.47619047619047616,0,1,119.0,2531.0,1.0
vol03:62:2:13,vol03,62,2,event_only,ok,1542.0,0.17441860465123682,0,0,1,1,0,0,76,0.9927,-0.0048000000000000265,0.9975,5,20.0,2,4,seam_narrow,rule,0,16,0,16,1.0086206896551724,0.9827586206896551,0.017241379310344862,0.9827586206896551,1.0086206896551724,0.255,0.2126,0.2126,char,char,0,0,0,0,0,0,touching,0.6190476190476191,0,5,116.0,2494.0,0.9885057471264368
vol03:42:4:16,vol03,42,4,event_only,ok,1807.0,0.0,0,0,1,1,1,0,146,0.9875,-0.0021999999999999797,0.9897,62,146.0,3,5,straight,rule,0,0,9,40,1.1261261261261262,1.0,0.12612612612612617,1.0,1.1261261261261262,0.2914,0.2756,0.2756,char,char,0,0,0,0,0,0,touching,0.7619047619047619,0,5,111.0,2385.0,0.8757062146892656
vol03:75:5:13,vol03,75,5,event_only,ok,1493.0,0.0,0,0,1,1,1,0,104,0.9932,0.0,0.9932,4,104.0,3,4,straight,rule,0,0,6,32,1.0442477876106195,0.9911504424778761,0.04424778761061954,0.9911504424778761,1.0442477876106195,0.2307,0.2218,0.2218,char,char,0,0,0,0,0,0,touching,0.6190476190476191,0,2,113.0,2425.0,1.0
vol03:110:6:2,vol03,110,6,event_only,ok,241.0,0.0,0,0,1,1,1,1,275,0.9668,0.007800000000000029,0.959,20,275.0,2,3,straight,unet,0,0,3,8,1.0084745762711864,0.9830508474576272,0.016949152542372836,0.9830508474576272,1.0084745762711864,0.2012,0.3533,0.2012,char,char,0,0,0,0,0,0,touching,0.09523809523809523,0,5,118.0,2489.0,0.9117647058823529
vol03:91:6:3,vol03,91,6,event_only,moved,358.0,7.774566473988443,1,1,1,1,1,0,107,0.988,0.0012999999999999678,0.9867,0,118.0,2,5,seam_narrow,rule,2,4,2,4,0.9478260869565217,1.0782608695652174,0.07826086956521738,0.9478260869565217,1.0782608695652174,0.2778,0.137,0.137,char,char,0,0,0,0,0,0,touching,0.14285714285714285,0,3,115.0,2459.0,1.005813953488372
vol03:73:6:8,vol03,73,6,event_only,ok,888.0,0.02857142857146755,0,0,1,1,1,0,123,0.9927,,,123,,1,4,seam_narrow,rule,0,4,0,4,0.9203539823008849,1.247787610619469,0.24778761061946897,0.9203539823008849,1.247787610619469,0.2298,0.2761,0.2298,char,char,0,0,0,0,0,0,touching,0.38095238095238093,0,2,113.0,2441.0,1.0
vol03:21:1:11,vol03,21,1,event_only,ok,1274.0,0.0,0,0,1,1,0,0,64,0.9963,-0.0014000000000000679,0.9977,0,64.0,3,4,straight,rule,0,0,6,6,0.9736842105263158,1.0175438596491229,0.02631578947368418,0.9736842105263158,1.0175438596491229,0.1803,0.3159,0.1803,char,char,0,0,0,0,0,0,touching,0.5238095238095238,0,1,114.0,2436.0,0.9884393063583815
vol03:67:5:7,vol03,67,5,event_only,moved,853.0,2.0,1,0,1,1,1,0,106,0.9872,0.008199999999999985,0.979,0,106.0,3,5,straight,rule,0,0,5,15,0.9824561403508771,0.9912280701754386,0.01754385964912286,0.9824561403508771,0.9912280701754386,0.2521,0.2249,0.2249,char,char,0,0,0,0,0,0,touching,0.3333333333333333,0,6,114.0,2484.0,0.9827586206896551
vol03:44:5:4,vol03,44,5,event_only,ok,494.0,0.0,0,0,1,1,1,0,187,0.9826,-0.0009000000000000119,0.9835,4,187.0,3,4,straight,rule,0,0,8,1,1.0267857142857142,1.0267857142857142,0.02678571428571419,1.0267857142857142,1.0267857142857142,0.2155,0.2299,0.2155,char,char,0,0,0,0,0,0,touching,0.19047619047619047,0,3,112.0,2398.0,1.0
vol03:65:9:20,vol03,65,9,event_only,ok,2303.0,0.2705882352943263,0,0,1,1,1,0,510,0.9582,,,510,,1,3,seam_narrow,rule,0,5,0,5,0.9827586206896551,1.3879310344827587,0.3879310344827587,0.9827586206896551,1.3879310344827587,0.2702,0.2361,0.2361,char,char,0,0,0,0,0,0,touching,0.9523809523809523,1,4,116.0,2462.0,1.0
vol03:45:6:18,vol03,45,6,event_only,ok,2044.0,0.4237288135593644,0,0,1,1,0,0,65,0.9979,0.007199999999999984,0.9907,63,107.0,2,4,seam_narrow,rule,1,12,1,12,1.0260869565217392,0.991304347826087,0.026086956521739202,0.991304347826087,1.0260869565217392,0.2089,0.1953,0.1953,char,char,0,0,0,0,0,0,touching,0.8571428571428571,0,3,115.0,2406.0,1.0114285714285713
vol03:26:1:9,vol03,26,1,event_only,ok,1072.0,0.0,0,0,1,1,0,0,68,0.9906,0.02080000000000004,0.9698,13,68.0,3,4,straight,rule,0,0,19,36,1.0178571428571428,1.0446428571428572,0.044642857142857206,1.0178571428571428,1.0446428571428572,0.2875,0.2273,0.2273,char,char,0,0,0,0,0,0,touching,0.42857142857142855,0,5,112.0,2445.0,1.0056497175141244
vol03:61:4:19,vol03,61,4,event_only,ok,2218.0,0.3588235294118931,0,0,1,1,1,0,103,0.9869,-0.0020999999999999908,0.989,0,90.0,2,4,seam_narrow,rule,3,18,3,18,0.9396551724137931,1.0344827586206897,0.06034482758620685,0.9396551724137931,1.0344827586206897,0.1909,0.1972,0.1909,char,char,0,0,0,0,0,0,touching,0.9047619047619048,0,1,116.0,2495.0,1.0
vol03:30:1:20,vol03,30,1,event_only,ok,2265.0,0.441988950276027,0,0,1,1,0,0,81,0.9962,,,81,,1,3,seam_narrow,rule,0,7,0,7,1.1238938053097345,1.0530973451327434,0.12389380530973448,1.0530973451327434,1.1238938053097345,0.2408,0.198,0.198,char,char,0,0,0,0,0,0,touching,0.9523809523809523,1,7,113.0,2386.0,1.0284090909090908
vol03:77:3:7,vol03,77,3,event_only,moved,814.0,7.804597701149419,1,1,1,1,1,0,200,0.9796,0.0043000000000000815,0.9753,5,239.0,2,3,seam_narrow,rule,2,5,2,5,0.9035087719298246,1.1140350877192982,0.11403508771929816,0.9035087719298246,1.1140350877192982,0.1634,0.2911,0.1634,char,char,0,0,0,0,0,0,touching,0.3333333333333333,0,4,114.0,2453.0,1.0
vol03:71:8:6,vol03,71,8,event_only,moved,687.0,4.977142857142894,1,0,1,1,0,0,88,0.99,0.0032999999999999696,0.9867,0,114.0,2,4,seam_narrow,rule,2,5,2,5,0.9224137931034483,1.0,0.07758620689655171,0.9224137931034483,1.0,0.2127,0.1966,0.1966,char,char,0,0,0,0,0,0,touching,0.2857142857142857,0,5,116.0,2441.0,1.0
vol03:59:6:19,vol03,59,6,event_only,moved,2203.0,2.8735632183907,1,0,1,1,0,0,66,0.9943,-0.0009000000000000119,0.9952,0,57.0,2,4,seam_narrow,rule,2,4,2,4,0.9482758620689655,1.043103448275862,0.051724137931034475,0.9482758620689655,1.043103448275862,0.2386,0.2049,0.2049,char,char,0,0,0,0,0,0,touching,0.9047619047619048,0,1,116.0,2437.0,1.0
vol03:70:2:8,vol03,70,2,event_only,moved,955.0,8.633720930232585,1,1,1,1,1,0,117,0.991,-0.0017000000000000348,0.9927,5,100.0,2,4,seam_narrow,rule,2,5,2,5,0.9739130434782609,1.0347826086956522,0.034782608695652195,0.9739130434782609,1.0347826086956522,0.2469,0.2252,0.2252,char,char,0,0,0,0,0,0,touching,0.38095238095238093,0,4,115.0,2467.0,0.9885057471264368
vol03:81:6:9,vol03,81,6,event_only,moved,1041.0,11.098837209302246,1,1,1,1,1,0,166,0.971,0.036699999999999955,0.9343,0,323.0,2,5,seam_narrow,rule,1,18,1,18,0.8260869565217391,1.1652173913043478,0.17391304347826086,0.8260869565217391,1.1652173913043478,0.2549,0.139,0.139,char,char,0,0,0,0,0,0,touching,0.42857142857142855,0,1,115.0,2471.0,1.0
vol03:89:8:13,vol03,89,8,event_only,moved,1475.0,18.739884393063676,1,1,1,1,1,0,224,0.9496,0.00660000000000005,0.943,12,278.0,2,5,seam_narrow,rule,1,7,1,7,1.2173913043478262,0.8608695652173913,0.21739130434782616,0.8608695652173913,1.2173913043478262,0.1747,0.2275,0.1747,char,char,0,0,0,0,0,0,touching,0.6190476190476191,0,6,115.0,2431.0,1.0
vol03:29:3:17,vol03,29,3,event_only,ok,1909.0,0.36781609195395504,0,0,1,1,0,0,90,0.9898,0.021399999999999975,0.9684,1,166.0,2,5,seam_narrow,rule,0,12,0,12,1.0714285714285714,0.9285714285714286,0.0714285714285714,0.9285714285714286,1.0714285714285714,0.204,0.189,0.189,char,char,0,0,0,0,0,0,touching,0.8095238095238095,0,8,112.0,2408.0,1.0116279069767442
vol03:110:5:2,vol03,110,5,event_only,ok,229.0,0.40935672514621047,0,0,1,1,1,1,581,0.9302,0.0006000000000000449,0.9296,10,606.0,3,4,seam_wide,unet,9,38,15,38,1.0084745762711864,0.9915254237288136,0.008474576271186418,0.9915254237288136,1.0084745762711864,0.3829,0.3114,0.3114,char,char,0,0,0,0,0,0,touching,0.09523809523809523,0,9,118.0,2489.0,1.0058823529411764
vol03:39:9:3,vol03,39,9,event_only,moved,364.0,27.0,1,1,1,1,1,1,838,0.851,0.023399999999999976,0.8276,0,838.0,2,5,straight,unet,0,0,0,12,0.8828828828828829,0.7837837837837838,0.21621621621621623,0.7837837837837838,0.8828828828828829,0.2047,0.1271,0.1271,char,char,0,0,0,0,0,0,touching,0.19047619047619047,0,3,111.0,2415.0,1.023121387283237
vol03:28:2:3,vol03,28,2,event_only,moved,495.0,3.098837209302303,1,0,1,1,0,0,60,0.9958,-0.0037000000000000366,0.9995,0,11.0,2,4,seam_narrow,rule,2,7,2,7,1.054054054054054,0.954954954954955,0.054054054054053946,0.954954954954955,1.054054054054054,0.2725,0.2441,0.2441,char,char,0,0,0,0,0,0,touching,0.19047619047619047,0,6,111.0,2427.0,0.9662921348314607
vol03:30:7:9,vol03,30,7,event_only,moved,998.0,3.5801104972375697,1,0,1,1,0,0,87,0.9906,0.0015000000000000568,0.9891,0,121.0,2,5,seam_narrow,rule,3,17,3,17,1.1858407079646018,0.9557522123893806,0.18584070796460184,0.9557522123893806,1.1858407079646018,0.3147,0.1487,0.1487,char,char,0,0,0,0,0,0,touching,0.42857142857142855,0,11,113.0,2377.0,1.0284090909090908
vol03:93:7:20,vol03,93,7,event_only,ok,2344.0,0.38285714285711947,0,0,1,1,1,0,118,0.9968,,,118,,1,3,seam_narrow,rule,0,7,0,7,1.0512820512820513,1.3418803418803418,0.3418803418803418,1.0512820512820513,1.3418803418803418,0.2584,0.182,0.182,char,char,0,0,0,0,0,0,touching,0.9523809523809523,1,3,117.0,2497.0,1.0
vol03:68:9:4,vol03,68,9,event_only,ok,514.0,0.0,0,0,1,1,1,0,129,0.9903,0.0031999999999999806,0.9871,0,129.0,3,5,straight,rule,0,0,4,8,1.1168831168831168,0.9264069264069265,0.11688311688311681,0.9264069264069265,1.1168831168831168,0.2223,0.1448,0.1448,char,char,0,0,0,0,0,0,touching,0.19047619047619047,0,4,115.5,2514.0,1.2169014084507042
vol03:47:1:17,vol03,47,1,event_only,ok,1937.0,0.0,0,0,1,1,0,1,89,0.9892,0.01739999999999997,0.9718,0,89.0,2,5,straight,unet,0,0,2,12,1.079646017699115,0.9292035398230089,0.07964601769911495,0.9292035398230089,1.079646017699115,0.2269,0.1092,0.1092,char,char,0,0,0,0,0,0,touching,0.8095238095238095,0,2,113.0,2386.0,1.08
vol03:40:2:8,vol03,40,2,event_only,ok,944.0,0.0,0,0,1,1,0,1,62,0.9964,0.02179999999999993,0.9746,6,62.0,2,4,straight,unet,0,0,3,17,1.0614035087719298,0.9824561403508771,0.06140350877192979,0.9824561403508771,1.0614035087719298,0.2181,0.2509,0.2181,char,char,0,0,0,0,0,0,touching,0.38095238095238093,0,3,114.0,2444.0,1.0
vol03:22:6:13,vol03,22,6,event_only,ok,1510.0,0.0,0,0,1,1,1,0,140,0.9909,0.0010000000000000009,0.9899,3,140.0,3,5,straight,rule,0,0,5,21,0.9652173913043478,1.008695652173913,0.034782608695652195,0.9652173913043478,1.008695652173913,0.2693,0.2688,0.2688,char,char,0,0,0,0,0,0,touching,0.6190476190476191,0,4,115.0,2441.0,0.9885714285714285
vol03:44:2:12,vol03,44,2,event_only,ok,1362.0,0.0,0,0,1,1,0,1,79,0.9911,0.0008000000000000229,0.9903,0,79.0,3,5,straight,unet,0,0,4,30,1.0,0.9285714285714286,0.0714285714285714,0.9285714285714286,1.0,0.264,0.1502,0.1502,char,char,0,0,0,0,0,0,touching,0.5714285714285714,0,2,112.0,2400.0,0.9887005649717514
vol03:42:5:16,vol03,42,5,event_only,ok,1848.0,0.0,0,0,1,1,1,1,105,0.9926,0.029000000000000026,0.9636,9,105.0,3,5,straight,unet,0,0,6,36,1.09009009009009,0.9819819819819819,0.09009009009009006,0.9819819819819819,1.09009009009009,0.2358,0.2319,0.2319,char,char,0,0,0,0,0,0,touching,0.7619047619047619,0,5,111.0,2404.0,1.0
vol03:32:4:20,vol03,32,4,event_only,moved,2297.0,3.0,1,0,1,1,0,1,85,0.9922,0.005699999999999927,0.9865,0,85.0,2,4,straight,unet,0,0,2,15,1.1160714285714286,1.0089285714285714,0.1160714285714286,1.0089285714285714,1.1160714285714286,0.2523,0.281,0.2523,char,char,0,0,0,0,0,0,touching,0.9523809523809523,1,5,112.0,2407.0,0.9885057471264368
vol03:41:8:19,vol03,41,8,event_only,ok,2146.0,0.0,0,0,1,1,0,0,62,0.9957,-0.0021999999999999797,0.9979,2,62.0,3,4,straight,rule,0,0,7,6,1.018018018018018,1.0360360360360361,0.03603603603603611,1.018018018018018,1.0360360360360361,0.2629,0.2635,0.2629,char,char,0,0,0,0,0,0,touching,0.9047619047619048,0,6,111.0,2388.0,0.9886363636363636
vol03:53:4:20,vol03,53,4,event_only,moved,2298.0,2.0,1,0,1,0,0,1,50,0.9961,0.0005999999999999339,0.9955,50,50.0,3,3,straight,unet,0,0,4,24,1.0260869565217392,1.2695652173913043,0.26956521739130435,1.0260869565217392,1.2695652173913043,0.2038,0.1575,0.1575,char,char,0,0,0,0,0,0,touching,0.9523809523809523,1,3,115.0,2446.0,1.0
vol03:72:7:13,vol03,72,7,event_only,moved,1486.0,10.813559322033825,1,1,1,1,1,0,240,0.9673,0.012300000000000089,0.955,0,328.0,2,5,seam_narrow,rule,2,8,2,8,0.8620689655172413,1.1120689655172413,0.13793103448275867,0.8620689655172413,1.1120689655172413,0.1573,0.1934,0.1573,char,char,0,0,0,0,0,0,touching,0.6190476190476191,0,2,116.0,2462.0,1.0172413793103448
vol03:94:6:6,vol03,94,6,event_only,ok,711.0,0.0,0,0,1,1,1,1,146,0.9837,0.02080000000000004,0.9629,146,146.0,2,3,straight,unet,0,0,2,14,1.0672268907563025,0.957983193277311,0.0672268907563025,0.957983193277311,1.0672268907563025,0.2814,0.2314,0.2314,char,char,0,0,0,0,0,0,touching,0.2857142857142857,0,5,119.0,2494.0,1.0116279069767442
vol03:73:9:2,vol03,73,9,event_only,moved,248.0,21.0,1,1,1,1,0,1,85,0.9721,0.1421,0.83,30,85.0,3,5,straight,unet,0,0,4,21,0.7787610619469026,0.8584070796460177,0.22123893805309736,0.7787610619469026,0.8584070796460177,0.0425,0.2516,0.0425,char,char,0,0,0,0,0,0,touching,0.14285714285714285,0,4,113.0,2450.0,0.9828571428571429
vol03:76:8:9,vol03,76,8,event_only,ok,1070.0,0.11999999999989086,0,0,1,1,1,0,115,0.9906,0.022500000000000075,0.9681,3,172.0,2,5,seam_narrow,rule,0,15,0,15,1.1238938053097345,0.8849557522123894,0.12389380530973448,0.8849557522123894,1.1238938053097345,0.2193,0.1658,0.1658,char,char,0,0,0,0,0,0,touching,0.42857142857142855,0,4,113.0,2454.0,0.9943181818181818
vol03:78:2:2,vol03,78,2,event_only,moved,261.0,20.0,1,1,1,1,1,1,284,0.884,0.18500000000000005,0.699,28,284.0,2,5,straight,unet,0,0,0,20,0.7232142857142857,0.7946428571428571,0.2767857142857143,0.7232142857142857,0.7946428571428571,0.0278,0.1224,0.0278,char,char,0,0,0,0,0,0,touching,0.14285714285714285,0,7,112.0,2428.0,1.0
vol03:88:5:5,vol03,88,5,event_only,moved,588.0,5.871345029239819,1,1,1,1,1,1,104,0.9932,0.005599999999999938,0.9876,8,156.0,3,5,seam_narrow,unet,6,20,6,28,0.9469026548672567,1.1504424778761062,0.1504424778761062,0.9469026548672567,1.1504424778761062,0.2268,0.2173,0.2173,char,char,0,0,0,0,0,0,touching,0.23809523809523808,0,5,113.0,2426.0,0.9715909090909091
vol03:24:8:4,vol03,24,8,event_only,moved,488.0,7.573033707865193,1,1,1,1,1,0,122,0.9879,0.0029000000000000137,0.985,0,122.0,2,3,seam_narrow,rule,2,5,2,5,0.9719626168224299,1.0373831775700935,0.03738317757009346,0.9719626168224299,1.0373831775700935,0.2895,0.2419,0.2419,char,char,0,0,0,0,0,0,touching,0.19047619047619047,0,7,107.0,2389.0,1.0
vol03:11:7:4,vol03,11,7,event_only,moved,531.0,24.0,1,1,1,1,1,0,957,0.8595,,,0,957.0,1,3,straight,rule,0,0,0,0,1.264957264957265,0.7948717948717948,0.2649572649572649,0.7948717948717948,1.264957264957265,0.1717,0.1569,0.1569,char,char,0,0,0,0,0,0,split_suspect,0.19047619047619047,0,3,117.0,2550.0,0.9771428571428571
vol03:101:8:6,vol03,101,8,event_only,moved,725.0,4.0,1,0,1,1,0,1,92,0.9896,0.014500000000000068,0.9751,0,92.0,2,5,straight,unet,0,0,1,19,1.0341880341880343,1.0598290598290598,0.05982905982905984,1.0341880341880343,1.0598290598290598,0.1795,0.2655,0.1795,char,char,0,0,0,0,0,0,touching,0.2857142857142857,0,3,117.0,2452.0,1.0
vol03:22:9:13,vol03,22,9,event_only,ok,1515.0,0.0,0,0,1,1,1,1,107,0.9914,0.08589999999999998,0.9055,24,107.0,2,3,straight,unet,0,0,3,27,1.0956521739130434,0.991304347826087,0.09565217391304337,0.991304347826087,1.0956521739130434,0.1563,0.2671,0.1563,char,char,0,0,0,0,0,0,touching,0.6190476190476191,0,4,115.0,2434.0,1.0457142857142858
vol03:90:9:7,vol03,90,9,event_only,ok,816.0,0.20526315789470573,0,0,1,1,0,0,95,0.9728,,,0,,1,3,seam_narrow,rule,0,3,0,3,1.0350877192982457,0.8947368421052632,0.10526315789473684,0.8947368421052632,1.0350877192982457,0.1832,0.2136,0.1832,char,char,0,0,0,0,0,0,touching,0.3333333333333333,0,2,114.0,2482.0,1.0857142857142856
vol03:102:7:9,vol03,102,7,event_only,moved,1061.0,4.6091954022988375,1,0,1,1,0,0,93,0.9925,,,1,,1,2,seam_narrow,rule,0,3,0,3,0.8448275862068966,1.1120689655172413,0.15517241379310343,0.8448275862068966,1.1120689655172413,0.1647,0.223,0.1647,char,char,0,0,0,0,0,0,touching,0.42857142857142855,0,5,116.0,2504.0,1.0
vol03:95:2:5,vol03,95,2,event_only,moved,603.0,7.0,1,1,1,1,1,1,123,0.9826,0.12490000000000001,0.8577,0,123.0,2,5,straight,unet,0,0,0,18,1.0598290598290598,0.9316239316239316,0.06837606837606836,0.9316239316239316,1.0598290598290598,0.1801,0.1795,0.1795,char,char,0,0,0,0,0,0,touching,0.23809523809523808,0,3,117.0,2493.0,0.9657142857142857
vol03:47:9:20,vol03,47,9,event_only,moved,2269.0,5.92817679557993,1,1,1,1,0,0,64,0.9938,-0.0012999999999999678,0.9951,0,53.0,2,5,seam_narrow,rule,2,5,2,5,0.9911504424778761,0.9646017699115044,0.03539823008849563,0.9646017699115044,0.9911504424778761,0.2014,0.2438,0.2014,char,char,0,0,0,0,0,0,touching,0.9523809523809523,1,3,113.0,2374.0,1.0342857142857143
vol03:29:1:4,vol03,29,1,event_only,moved,472.0,7.941860465116292,1,1,1,1,0,0,95,0.9911,-0.0010000000000000009,0.9921,1,85.0,2,4,seam_narrow,rule,2,4,2,4,0.9642857142857143,0.9553571428571429,0.044642857142857095,0.9553571428571429,0.9642857142857143,0.259,0.2635,0.259,char,char,0,0,0,0,0,0,touching,0.19047619047619047,0,8,112.0,2438.0,1.0
vol03:28:2:19,vol03,28,2,event_only,ok,2275.0,0.441860465116406,0,0,1,1,1,0,190,0.9686,0.025000000000000022,0.9436,15,291.0,3,5,seam_wide,rule,0,33,7,33,0.8378378378378378,0.8468468468468469,0.16216216216216217,0.8378378378378378,0.8468468468468469,0.1896,0.1746,0.1746,char,char,0,0,0,0,0,0,touching,0.9523809523809523,0,6,111.0,2427.0,0.9662921348314607
vol03:78:1:9,vol03,78,1,event_only,ok,1040.0,0.1807909604519864,0,0,1,1,0,0,96,0.9912,-0.0025000000000000577,0.9937,0,71.0,2,3,seam_narrow,rule,3,6,3,6,1.0357142857142858,1.0625,0.0625,1.0357142857142858,1.0625,0.274,0.1738,0.1738,char,char,0,0,0,0,0,0,touching,0.42857142857142855,0,3,112.0,2426.0,1.023121387283237
vol03:60:5:17,vol03,60,5,event_only,moved,1967.0,5.3333333333332575,1,1,1,1,1,0,107,0.9911,-0.0024000000000000687,0.9935,0,79.0,2,4,seam_narrow,rule,1,6,1,6,0.9652173913043478,1.008695652173913,0.034782608695652195,0.9652173913043478,1.008695652173913,0.2154,0.2342,0.2154,char,char,0,0,0,0,0,0,touching,0.8095238095238095,0,3,115.0,2463.0,0.9775280898876404
vol03:44:8:20,vol03,44,8,event_only,moved,2263.0,11.52659574468089,1,1,1,1,1,0,742,0.8638,0.05400000000000005,0.8098,742,742.0,2,5,seam_narrow,rule,3,20,3,20,1.2232142857142858,1.1517857142857142,0.2232142857142858,1.1517857142857142,1.2232142857142858,0.2219,0.1777,0.1777,char,char,0,0,0,0,0,0,touching,0.9523809523809523,1,3,112.0,2411.0,1.0621468926553672
vol03:73:5:4,vol03,73,5,event_only,moved,517.0,3.0,1,0,1,1,0,0,61,0.9942,-0.0034000000000000696,0.9976,0,61.0,3,6,straight,rule,0,0,4,5,1.168141592920354,0.9646017699115044,0.16814159292035402,0.9646017699115044,1.168141592920354,0.2273,0.2171,0.2171,char,char,0,0,0,0,0,0,touching,0.19047619047619047,0,10,113.0,2457.0,1.0
vol03:94:8:17,vol03,94,8,event_only,moved,1996.0,3.0,1,0,1,1,0,0,93,0.9931,0.025699999999999945,0.9674,1,93.0,3,5,straight,rule,0,0,10,21,1.0420168067226891,1.0084033613445378,0.04201680672268915,1.0084033613445378,1.0420168067226891,0.2748,0.3113,0.2748,char,char,0,0,0,0,0,0,touching,0.8095238095238095,0,4,119.0,2487.0,1.0
vol03:76:8:8,vol03,76,8,event_only,moved,959.0,4.480000000000018,1,0,1,1,0,0,97,0.9897,-0.0026999999999999247,0.9924,5,116.0,2,4,seam_narrow,rule,3,7,3,7,1.0176991150442478,1.1238938053097345,0.12389380530973448,1.0176991150442478,1.1238938053097345,0.2477,0.2193,0.2193,char,char,0,0,0,0,0,0,touching,0.38095238095238093,0,4,113.0,2454.0,0.9943181818181818
vol03:47:9:16,vol03,47,9,event_only,moved,1819.0,4.0,1,0,1,1,0,0,87,0.9947,0.01419999999999999,0.9805,0,87.0,3,5,straight,rule,0,0,4,18,1.0619469026548674,1.1238938053097345,0.12389380530973448,1.0619469026548674,1.1238938053097345,0.1772,0.1545,0.1545,char,char,0,0,0,0,0,0,touching,0.7619047619047619,0,3,113.0,2374.0,1.0342857142857143
vol03:78:2:12,vol03,78,2,event_only,moved,1392.0,2.0,1,0,1,1,0,0,69,0.9932,0.005599999999999938,0.9876,1,69.0,3,4,straight,rule,0,0,5,12,0.9732142857142857,0.9821428571428571,0.0267857142857143,0.9732142857142857,0.9821428571428571,0.1985,0.2337,0.1985,char,char,0,0,0,0,0,0,touching,0.6190476190476191,0,7,112.0,2428.0,1.0
vol03:72:1:7,vol03,72,1,event_only,moved,824.0,6.189655172413836,1,1,1,1,1,0,184,0.9814,0.007400000000000073,0.974,0,230.0,3,5,seam_wide,rule,2,21,5,21,1.0517241379310345,0.9655172413793104,0.051724137931034475,0.9655172413793104,1.0517241379310345,0.2001,0.2061,0.2001,char,char,0,0,0,0,0,0,touching,0.3333333333333333,0,3,116.0,2454.0,1.0
vol03:110:5:4,vol03,110,5,event_only,moved,467.0,1.0,1,0,1,1,1,0,275,0.978,-0.0017000000000000348,0.9797,21,275.0,3,5,straight,rule,0,0,5,19,0.8813559322033898,0.9745762711864406,0.11864406779661019,0.8813559322033898,0.9745762711864406,0.3745,0.3991,0.3745,char,char,0,0,0,0,0,0,touching,0.19047619047619047,0,9,118.0,2489.0,1.0058823529411764
vol03:68:6:16,vol03,68,6,event_only,moved,1889.0,2.33146067415737,1,0,1,1,1,0,119,0.994,0.013499999999999956,0.9805,64,161.0,2,4,seam_narrow,rule,3,15,3,15,0.9696969696969697,0.9956709956709957,0.030303030303030276,0.9696969696969697,0.9956709956709957,0.2159,0.194,0.194,char,char,0,0,0,0,0,0,touching,0.8095238095238095,0,3,115.5,2501.0,1.0028169014084507
vol03:73:8:2,vol03,73,8,event_only,moved,246.0,22.0,1,1,1,1,1,1,459,0.8361,0.10559999999999992,0.7305,22,459.0,3,5,straight,unet,0,0,4,22,0.7699115044247787,0.8584070796460177,0.23008849557522126,0.7699115044247787,0.8584070796460177,0.0459,0.238,0.0459,char,char,0,0,0,0,0,0,touching,0.14285714285714285,0,7,113.0,2456.0,1.022857142857143
vol03:78:2:13,vol03,78,2,event_only,moved,1510.0,11.815028901734195,1,1,1,1,1,0,189,0.9761,-0.0031999999999999806,0.9793,1,164.0,2,3,seam_narrow,rule,2,5,2,5,0.9821428571428571,0.9821428571428571,0.017857142857142905,0.9821428571428571,0.9821428571428571,0.2337,0.179,0.179,char,char,0,0,0,0,0,0,touching,0.6666666666666666,0,7,112.0,2428.0,1.0
vol03:110:5:1,vol03,110,5,event_only,moved,125.0,3.0,1,0,1,1,1,0,275,0.9765,0.0012000000000000899,0.9753,90,275.0,3,5,straight,rule,0,0,20,40,1.0338983050847457,1.0084745762711864,0.03389830508474567,1.0084745762711864,1.0338983050847457,0.2442,0.3829,0.2442,char,char,0,0,0,0,0,0,touching,0.047619047619047616,0,9,118.0,2489.0,1.0058823529411764
vol03:43:9:15,vol03,43,9,event_only,moved,1689.0,1.0877192982457018,1,0,1,1,1,0,158,0.9893,,,1,,1,3,seam_narrow,rule,0,8,0,8,1.1081081081081081,1.018018018018018,0.10810810810810811,1.018018018018018,1.1081081081081081,0.1984,0.268,0.1984,char,char,0,0,0,0,0,0,touching,0.7142857142857143,0,4,111.0,2422.0,0.9661016949152542
vol03:68:5:2,vol03,68,5,event_only,moved,275.0,26.0,1,1,1,1,1,1,1112,0.6821,0.07840000000000003,0.6037,7,1112.0,2,4,straight,unet,0,0,2,19,0.8744588744588745,0.7965367965367965,0.20346320346320346,0.7965367965367965,0.8744588744588745,0.0398,0.1512,0.0398,char,char,0,0,0,0,0,0,touching,0.14285714285714285,0,6,115.5,2502.0,0.9690140845070423
vol03:107:5:15,vol03,107,5,event_only,moved,1754.0,50.67032967032969,1,1,1,1,1,0,468,0.8928,,,0,,1,4,seam_narrow,rule,0,1,0,1,0.7913043478260869,1.3130434782608695,0.31304347826086953,0.7913043478260869,1.3130434782608695,0.1764,0.184,0.1764,char,char,0,0,0,0,0,0,touching,0.7142857142857143,0,5,115.0,2489.0,1.0459770114942528
