{
  "lsd_summary": {
    "total": 2917,
    "vertical": 1658,
    "horizontal": 1259,
    "other": 0
  },
  "borders": {
    "image_size": {
      "width": 2653,
      "height": 4793
    },
    "outer_frame": {
      "top": {
        "outer": {
          "intercept": 3.965913822339852,
          "slope": -0.0001311902232992774,
          "avg_width": 3.5689877135384647,
          "total_length": 2542.5000762939453,
          "line_count": 28,
          "segments": [
            {
              "start": 108.12492370605469,
              "end": 2650.625
            }
          ]
        },
        "inner": null
      },
      "bottom": {
        "outer": {
          "intercept": 4467.8590102279795,
          "slope": 0.0006342149876130606,
          "avg_width": 2.9849304283549754,
          "total_length": 2542.510208129883,
          "line_count": 49,
          "segments": [
            {
              "start": 108.11723327636719,
              "end": 2650.62744140625
            }
          ]
        },
        "inner": {
          "intercept": 4442.744605499146,
          "slope": 0.0007201384042712285,
          "avg_width": 3.3259696909705494,
          "total_length": 2527.4997482299805,
          "line_count": 47,
          "segments": [
            {
              "start": 108.12525177001953,
              "end": 2635.625
            }
          ]
        }
      },
      "left": {
        "outer": {
          "intercept": 253.2902870970044,
          "slope": -0.005299275482002862,
          "avg_width": 2.672035848663558,
          "total_length": 3410.0017700195312,
          "line_count": 88,
          "segments": [
            {
              "start": 1004.3746948242188,
              "end": 4414.37646484375
            }
          ]
        },
        "inner": null
      },
      "right": {
        "outer": {
          "intercept": 2623.3548715440397,
          "slope": 0.004566608469727855,
          "avg_width": 2.872582593406324,
          "total_length": 3366.2793579101562,
          "line_count": 104,
          "segments": [
            {
              "start": 999.3727416992188,
              "end": 1201.9036865234375
            },
            {
              "start": 1279.3746337890625,
              "end": 4443.123046875
            }
          ]
        },
        "inner": null
      }
    },
    "inner_frame": {
      "top": {
        "intercept": 3.965913822339852,
        "slope": -0.0001311902232992774
      },
      "bottom": {
        "intercept": 4442.744605499146,
        "slope": 0.0007201384042712285
      },
      "left": {
        "intercept": 253.2902870970044,
        "slope": -0.005299275482002862
      },
      "right": {
        "intercept": 2623.3548715440397,
        "slope": 0.004566608469727855
      }
    },
    "column_dividers": [
      {
        "intercept": 521.4457081646395,
        "slope": -0.006781812116455529,
        "avg_width": 2.945576410787118,
        "coverage": 0.6781192828973344,
        "segments": [
          {
            "start": 995.6253051757812,
            "end": 2801.875244140625
          },
          {
            "start": 2904.375,
            "end": 3471.89013671875
          },
          {
            "start": 3699.372314453125,
            "end": 3746.875244140625
          },
          {
            "start": 3829.375,
            "end": 4418.12841796875
          }
        ],
        "line_count": 62
      },
      {
        "intercept": 779.5948900428202,
        "slope": -0.004423099802859305,
        "avg_width": 2.886517429367525,
        "coverage": 0.7654126944793234,
        "segments": [
          {
            "start": 1004.37841796875,
            "end": 4401.8759765625
          }
        ],
        "line_count": 57
      },
      {
        "intercept": 1045.4995878190794,
        "slope": -0.004443502067537041,
        "avg_width": 2.6565355711831384,
        "coverage": 0.729648984817366,
        "segments": [
          {
            "start": 991.8751220703125,
            "end": 3581.875
          },
          {
            "start": 3704.3740234375,
            "end": 3793.125244140625
          },
          {
            "start": 3861.875732421875,
            "end": 4421.875
          }
        ],
        "line_count": 73
      },
      {
        "intercept": 1127.052891645743,
        "slope": -0.0003185233779678866,
        "avg_width": 2.963752692217822,
        "coverage": 0.442719891352554,
        "segments": [
          {
            "start": 1540.6246337890625,
            "end": 1793.1436767578125
          },
          {
            "start": 1916.8287353515625,
            "end": 2421.879638671875
          },
          {
            "start": 2640.623779296875,
            "end": 2735.626708984375
          },
          {
            "start": 2851.869873046875,
            "end": 2935.629150390625
          },
          {
            "start": 3045.6240234375,
            "end": 3385.641357421875
          },
          {
            "start": 3458.123046875,
            "end": 3714.370849609375
          },
          {
            "start": 3799.363037109375,
            "end": 4056.89794921875
          },
          {
            "start": 4149.3740234375,
            "end": 4231.87451171875
          },
          {
            "start": 4311.87255859375,
            "end": 4404.37548828125
          }
        ],
        "line_count": 68
      },
      {
        "intercept": 1309.763162686017,
        "slope": -0.004492565551807705,
        "avg_width": 2.5183347936870666,
        "coverage": 0.7718927676791382,
        "segments": [
          {
            "start": 991.8662719726562,
            "end": 4418.12744140625
          }
        ],
        "line_count": 47
      },
      {
        "intercept": 1577.966074979717,
        "slope": -0.005496356644979419,
        "avg_width": 2.981324888068121,
        "coverage": 0.4843691052259694,
        "segments": [
          {
            "start": 995.6228637695312,
            "end": 2701.88232421875
          },
          {
            "start": 3970.618408203125,
            "end": 4414.3662109375
          }
        ],
        "line_count": 34
      },
      {
        "intercept": 1668.6432860491243,
        "slope": -0.0029745374377872745,
        "avg_width": 3.1244031523237403,
        "coverage": 0.47085873500420533,
        "segments": [
          {
            "start": 1354.3780517578125,
            "end": 1571.8760986328125
          },
          {
            "start": 1679.3746337890625,
            "end": 1768.124267578125
          },
          {
            "start": 1889.376708984375,
            "end": 2296.874267578125
          },
          {
            "start": 2404.3720703125,
            "end": 2535.627197265625
          },
          {
            "start": 2638.115966796875,
            "end": 2889.37890625
          },
          {
            "start": 3058.117431640625,
            "end": 3443.12255859375
          },
          {
            "start": 3683.123291015625,
            "end": 3831.885986328125
          },
          {
            "start": 3941.869873046875,
            "end": 4401.87646484375
          }
        ],
        "line_count": 64
      },
      {
        "intercept": 1846.4868137147107,
        "slope": -0.006726991448790122,
        "avg_width": 2.8370278945012757,
        "coverage": 0.7079682411637858,
        "segments": [
          {
            "start": 1004.3721313476562,
            "end": 3168.125244140625
          },
          {
            "start": 3304.374755859375,
            "end": 3335.625732421875
          },
          {
            "start": 3470.61767578125,
            "end": 4418.1279296875
          }
        ],
        "line_count": 58
      },
      {
        "intercept": 2107.241630277361,
        "slope": -0.006653271401551068,
        "avg_width": 2.8462141688945537,
        "coverage": 0.6671333695474808,