{
  "lsd_summary": {
    "total": 2435,
    "vertical": 1484,
    "horizontal": 951,
    "other": 0
  },
  "borders": {
    "image_size": {
      "width": 2449,
      "height": 4793
    },
    "outer_frame": {
      "top": {
        "outer": {
          "intercept": 3.3813329635577576,
          "slope": 1.148451214055301e-05,
          "avg_width": 3.798737800526578,
          "total_length": 2442.504638195038,
          "line_count": 29,
          "segments": [
            {
              "start": 4.375000476837158,
              "end": 2446.879638671875
            }
          ]
        },
        "inner": null
      },
      "bottom": {
        "outer": {
          "intercept": 4460.934358472887,
          "slope": 0.0018474562767234527,
          "avg_width": 3.3428489087600513,
          "total_length": 2247.559814453125,
          "line_count": 34,
          "segments": [
            {
              "start": 54.36210632324219,
              "end": 214.3900909423828
            },
            {
              "start": 291.872802734375,
              "end": 440.6213684082031
            },
            {
              "start": 508.09197998046875,
              "end": 2446.875244140625
            }
          ]
        },
        "inner": {
          "intercept": 4431.723737285589,
          "slope": 0.0038736862061822595,
          "avg_width": 2.8433856630782013,
          "total_length": 2362.5111236572266,
          "line_count": 30,
          "segments": [
            {
              "start": 84.37071228027344,
              "end": 2446.8818359375
            }
          ]
        }
      },
      "left": {
        "outer": {
          "intercept": 24.30007940941389,
          "slope": 0.001943689004722485,
          "avg_width": 3.108157800366795,
          "total_length": 3628.7508034706116,
          "line_count": 65,
          "segments": [
            {
              "start": 4.375203609466553,
              "end": 268.1252746582031
            },
            {
              "start": 1070.625244140625,
              "end": 4435.6259765625
            }
          ]
        },
        "inner": {
          "intercept": 57.20758424066648,
          "slope": 0.0006340937751429414,
          "avg_width": 2.8536965401063767,
          "total_length": 3463.7506713867188,
          "line_count": 94,
          "segments": [
            {
              "start": 938.1248168945312,
              "end": 4401.87548828125
            }
          ]
        }
      },
      "right": {
        "outer": {
          "intercept": 2441.3512015032347,
          "slope": 0.0003447310414816671,
          "avg_width": 2.4581505015152127,
          "total_length": 1465.0401611328125,
          "line_count": 40,
          "segments": [
            {
              "start": 1104.374755859375,
              "end": 1135.6292724609375
            },
            {
              "start": 1324.3731689453125,
              "end": 1668.1268310546875
            },
            {
              "start": 1736.887939453125,
              "end": 1768.130126953125
            },
            {
              "start": 2063.119384765625,
              "end": 2159.378173828125
            },
            {
              "start": 2270.624755859375,
              "end": 2471.8818359375
            },
            {
              "start": 2670.624267578125,
              "end": 2801.877685546875
            },
            {
              "start": 3104.367431640625,
              "end": 3335.62109375
            },
            {
              "start": 3636.8642578125,
              "end": 3668.12255859375
            },
            {
              "start": 3936.877685546875,
              "end": 3968.12744140625
            },
            {
              "start": 4070.6162109375,
              "end": 4406.875
            }
          ]
        },
        "inner": null
      }
    },
    "inner_frame": {
      "top": {
        "intercept": 3.3813329635577576,
        "slope": 1.148451214055301e-05
      },
      "bottom": {
        "intercept": 4431.723737285589,
        "slope": 0.0038736862061822595
      },
      "left": {
        "intercept": 57.20758424066648,
        "slope": 0.0006340937751429414
      },
      "right": {
        "intercept": 2441.3512015032347,
        "slope": 0.0003447310414816671
      }
    },
    "column_dividers": [
      {
        "intercept": 83.95744655824923,
        "slope": 0.0007555345670302127,
        "avg_width": 3.062954550843525,
        "coverage": 0.425957744668312,
        "segments": [
          {
            "start": 1104.3558349609375,
            "end": 2368.125732421875
          },
          {
            "start": 2436.874755859375,
            "end": 2501.875
          },
          {
            "start": 2770.625,
            "end": 2801.875
          },
          {
            "start": 3404.37451171875,
            "end": 3435.63232421875
          },
          {
            "start": 3704.373291015625,
            "end": 3801.875
          },
          {
            "start": 4004.372314453125,
            "end": 4401.87939453125
          }
        ],
        "line_count": 38
      },
      {
        "intercept": 363.5558767290859,
        "slope": -0.0005970595358237167,
        "avg_width": 2.8866058196879667,
        "coverage": 0.7689107182953124,
        "segments": [
          {
            "start": 998.1250610351562,
            "end": 4403.125
          }
        ],
        "line_count": 66
      },
      {
        "intercept": 623.4027416930264,
        "slope": -0.002372281716693646,
        "avg_width": 2.8837659099613635,
        "coverage": 0.6918520594771068,
        "segments": [
          {
            "start": 985.625,
            "end": 3368.12548828125
          },
          {
            "start": 3436.87451171875,
            "end": 3576.876708984375
          },
          {
            "start": 3660.637451171875,
            "end": 4068.126953125
          },
          {
            "start": 4136.87744140625,
            "end": 4205.640625
          },
          {
            "start": 4336.8740234375,
            "end": 4401.87646484375
          }
        ],
        "line_count": 71
      },
      {
        "intercept": 880.4722351852477,
        "slope": -0.0002162768773210164,
        "avg_width": 2.464828855898441,
        "coverage": 0.4570097084670318,
        "segments": [
          {
            "start": 1004.3746948242188,
            "end": 2168.12890625
          },
          {
            "start": 2304.355224609375,
            "end": 2768.147705078125
          },
          {
            "start": 3836.87060546875,
            "end": 3868.126953125
          },
          {
            "start": 4036.882568359375,
            "end": 4401.875
          }
        ],
        "line_count": 29
      },
      {
        "intercept": 1143.4372607647276,
        "slope": 0.00016618047046257998,
        "avg_width": 2.783944723511227,
        "coverage": 0.748876292043671,
        "segments": [
          {
            "start": 986.8758544921875,
            "end": 3268.1376953125
          },
          {
            "start": 3336.857177734375,
            "end": 4371.8759765625
          }
        ],
        "line_count": 62
      },
      {
        "intercept": 1227.136254295223,
        "slope": 0.0041309135095534836,
        "avg_width": 3.139309371993309,
        "coverage": 0.4194926532056616,
        "segments": [
          {
            "start": 1545.6187744140625,
            "end": 1889.3905029296875
          },
          {
            "start": 2024.3748779296875,
            "end": 2135.625244140625
          },
          {
            "start": 2351.873046875,
            "end": 2506.898193359375
          },
          {
            "start": 2570.613037109375,
            "end": 2626.885009765625
          },
          {
            "start": 2716.864013671875,