{
  "lsd_summary": {
    "total": 2706,
    "vertical": 1528,
    "horizontal": 1177,
    "other": 1
  },
  "borders": {
    "image_size": {
      "width": 2645,
      "height": 3822
    },
    "outer_frame": {
      "top": {
        "outer": {
          "intercept": 6.070297687926351,
          "slope": 0.004967794591333519,
          "avg_width": 2.664797150753528,
          "total_length": 2542.503730773926,
          "line_count": 57,
          "segments": [
            {
              "start": 100.62468719482422,
              "end": 2643.12841796875
            }
          ]
        },
        "inner": {
          "intercept": 37.812577931470294,
          "slope": 0.0038303431247973443,
          "avg_width": 2.754863974203238,
          "total_length": 2517.500946044922,
          "line_count": 69,
          "segments": [
            {
              "start": 125.62454223632812,
              "end": 2643.12548828125
            }
          ]
        }
      },
      "bottom": {
        "outer": {
          "intercept": 3479.373588318421,
          "slope": 0.00024293482764964672,
          "avg_width": 2.6258845300196336,
          "total_length": 2538.748908996582,
          "line_count": 57,
          "segments": [
            {
              "start": 104.37682342529297,
              "end": 2643.125732421875
            }
          ]
        },
        "inner": {
          "intercept": 3454.1909783259844,
          "slope": -0.0011656504003141545,
          "avg_width": 3.245704365264059,
          "total_length": 2514.9992141723633,
          "line_count": 60,
          "segments": [
            {
              "start": 104.37505340576172,
              "end": 2619.374267578125
            }
          ]
        }
      },
      "left": {
        "outer": {
          "intercept": 214.92826020426116,
          "slope": 0.0015185336753944013,
          "avg_width": 2.3985534053151643,
          "total_length": 3267.4992599487305,
          "line_count": 64,
          "segments": [
            {
              "start": 74.37439727783203,
              "end": 1068.1251220703125
            },
            {
              "start": 1161.8759765625,
              "end": 3435.62451171875
            }
          ]
        },
        "inner": null
      },
      "right": {
        "outer": {
          "intercept": 2628.387445708648,
          "slope": 0.004134572060242009,
          "avg_width": 2.9535694343847205,
          "total_length": 2705.0082473754883,
          "line_count": 41,
          "segments": [
            {
              "start": 94.37474822998047,
              "end": 639.3779907226562
            },
            {
              "start": 729.3712768554688,
              "end": 760.6253662109375
            },
            {
              "start": 829.3743896484375,
              "end": 960.6249389648438
            },
            {
              "start": 1295.6217041015625,
              "end": 1760.6248779296875
            },
            {
              "start": 1924.3768310546875,
              "end": 3456.8740234375
            }
          ]
        },
        "inner": null
      }
    },
    "inner_frame": {
      "top": {
        "intercept": 37.812577931470294,
        "slope": 0.0038303431247973443
      },
      "bottom": {
        "intercept": 3454.1909783259844,
        "slope": -0.0011656504003141545
      },
      "left": {
        "intercept": 214.92826020426116,
        "slope": 0.0015185336753944013
      },
      "right": {
        "intercept": 2628.387445708648,
        "slope": 0.004134572060242009
      }
    },
    "column_dividers": [
      {
        "intercept": 486.8255978564708,
        "slope": -0.0006105431038925652,
        "avg_width": 2.692070980120734,
        "coverage": 0.8956923154799011,
        "segments": [
          {
            "start": 70.62309265136719,
            "end": 560.647216796875
          },
          {
            "start": 861.875,
            "end": 3431.874755859375
          }
        ],
        "line_count": 81
      },
      {
        "intercept": 617.0740109721067,
        "slope": 0.004689533302375803,
        "avg_width": 3.0586797090049322,
        "coverage": 0.37541398026366174,
        "segments": [
          {
            "start": 633.1148681640625,
            "end": 664.3707275390625
          },
          {
            "start": 736.8859252929688,
            "end": 789.3831787109375
          },
          {
            "start": 1061.8797607421875,
            "end": 1093.1229248046875
          },
          {
            "start": 1386.8548583984375,
            "end": 1781.876708984375
          },
          {
            "start": 1845.61962890625,
            "end": 2126.91552734375
          },
          {
            "start": 2254.3759765625,
            "end": 2460.619873046875
          },
          {
            "start": 2645.6240234375,
            "end": 2781.868408203125
          },
          {
            "start": 2883.1259765625,
            "end": 3031.8798828125
          }
        ],
        "line_count": 42
      },
      {
        "intercept": 754.9548349463761,
        "slope": -0.0010331873077323733,
        "avg_width": 2.46919561788756,
        "coverage": 0.913251858542581,
        "segments": [
          {
            "start": 73.12731170654297,
            "end": 1793.1251220703125
          },
          {
            "start": 1961.869384765625,
            "end": 2064.3837890625
          },
          {
            "start": 2129.37353515625,
            "end": 3426.875244140625
          }
        ],
        "line_count": 44
      },
      {
        "intercept": 1026.4279458877822,
        "slope": -0.003800861641369465,
        "avg_width": 2.690686918241986,
        "coverage": 0.9275211005689894,
        "segments": [
          {
            "start": 70.62500762939453,
            "end": 1793.12890625
          },
          {
            "start": 1866.8748779296875,
            "end": 3081.8779296875
          },
          {
            "start": 3195.618896484375,
            "end": 3426.875
          }
        ],
        "line_count": 73
      },
      {
        "intercept": 1286.3265196729117,
        "slope": -0.0020133146535796166,
        "avg_width": 2.645712266734642,
        "coverage": 0.5839650104545915,
        "segments": [
          {
            "start": 70.62447357177734,
            "end": 1026.875
          },
          {
            "start": 1161.8704833984375,
            "end": 1526.906982421875
          },
          {
            "start": 1729.3707275390625,
            "end": 2071.87890625
          },
          {
            "start": 3095.625,
            "end": 3426.875244140625
          }
        ],
        "line_count": 50
      },
      {
        "intercept": 1382.6985111394604,
        "slope": -0.0023570566345165744,
        "avg_width": 2.8426080708060866,
        "coverage": 0.4156563296608604,
        "segments": [
          {
            "start": 745.6278076171875,
            "end": 818.1339721679688
          },
          {
            "start": 945.631591796875,
            "end": 976.8803100585938
          },
          {
            "start": 1063.1207275390625,
            "end": 1596.8768310546875
          },
          {
            "start": 1700.6219482421875,
            "end": 1901.8802490234375
          },
          {
            "start": 2095.62109375,
            "end": 2143.13232421875
          },
          {
            "start": 2211.8828125,
            "end": 2360.623291015625
          },
          {
            "start": 2493.123046875,
            "end": 2551.8779296875
          },
          {
            "start": 2724.375,
            "end": 2793.125
          },
          {
            "start": 2945.62451171875,
            "end": 3203.137939453125
          }
        ],
        "line_count": 37
      },
      {
        "intercept": 1549.2354883322769,