{
  "lsd_summary": {
    "total": 277,
    "vertical": 188,
    "horizontal": 55,
    "other": 34
  },
  "borders": {
    "image_size": {
      "width": 996,
      "height": 1559
    },
    "outer_frame": {
      "top": {
        "outer": {
          "intercept": 150.1323172954433,
          "slope": 0.0016250327863897697,
          "avg_width": 4.221583202054067,
          "total_length": 787.5281524658203,
          "line_count": 25,
          "segments": [
            {
              "start": 141.8662567138672,
              "end": 929.3944091796875
            }
          ]
        },
        "inner": null
      },
      "bottom": {
        "outer": {
          "intercept": 1403.6941027139856,
          "slope": -0.006953083806377473,
          "avg_width": 3.9562991229721325,
          "total_length": 626.2548522949219,
          "line_count": 18,
          "segments": [
            {
              "start": 154.37255859375,
              "end": 281.87530517578125
            },
            {
              "start": 364.3746032714844,
              "end": 863.126708984375
            }
          ]
        },
        "inner": null
      },
      "left": {
        "outer": {
          "intercept": 159.30602654282188,
          "slope": 0.002937108816736026,
          "avg_width": 3.9414624644762886,
          "total_length": 1140.0362548828125,
          "line_count": 23,
          "segments": [
            {
              "start": 249.336669921875,
              "end": 1389.3729248046875
            }
          ]
        },
        "inner": null
      },
      "right": {
        "outer": {
          "intercept": 884.8644665906331,
          "slope": 0.002422437922411629,
          "avg_width": 4.347552276528762,
          "total_length": 1215.0545501708984,
          "line_count": 21,
          "segments": [
            {
              "start": 158.08168029785156,
              "end": 1373.13623046875
            }
          ]
        },
        "inner": null
      }
    },
    "inner_frame": {
      "top": {
        "intercept": 150.1323172954433,
        "slope": 0.0016250327863897697
      },
      "bottom": {
        "intercept": 1403.6941027139856,
        "slope": -0.006953083806377473
      },
      "left": {
        "intercept": 159.30602654282188,
        "slope": 0.002937108816736026
      },
      "right": {
        "intercept": 884.8644665906331,
        "slope": 0.002422437922411629
      }
    },
    "column_dividers": [
      {
        "intercept": 263.7850035301008,
        "slope": 0.0019368081076226917,
        "avg_width": 3.8225433673758418,
        "coverage": 0.9642692052930927,
        "segments": [
          {
            "start": 175.60922241210938,
            "end": 1384.3802490234375
          }
        ],
        "line_count": 22
      },
      {
        "intercept": 368.2187521335217,
        "slope": 0.0026096469286545467,
        "avg_width": 3.215096436729376,
        "coverage": 0.5206020188679846,
        "segments": [
          {
            "start": 171.86647033691406,
            "end": 621.9119262695312
          },
          {
            "start": 720.618896484375,
            "end": 813.145751953125
          },
          {
            "start": 941.8919067382812,
            "end": 980.65185546875
          },
          {
            "start": 1163.11865234375,
            "end": 1196.8897705078125
          },
          {
            "start": 1261.872802734375,
            "end": 1299.376220703125
          }
        ],
        "line_count": 14
      },
      {
        "intercept": 471.5782334552763,
        "slope": 0.001515283045505171,
        "avg_width": 2.7274166713923567,
        "coverage": 0.6012890990030927,
        "segments": [
          {
            "start": 176.8708038330078,
            "end": 899.3756103515625
          },
          {
            "start": 980.6173706054688,
            "end": 1011.8656005859375
          }
        ],
        "line_count": 19
      },
      {
        "intercept": 572.9012351710685,
        "slope": 0.0027251120301469926,
        "avg_width": 3.665235913301985,
        "coverage": 0.9523018527697469,
        "segments": [
          {
            "start": 185.6186065673828,
            "end": 1379.3878173828125
          }
        ],
        "line_count": 19
      },
      {
        "intercept": 677.5314199424732,
        "slope": 0.00411421361757918,
        "avg_width": 3.963918728754465,
        "coverage": 0.9672685446327799,
        "segments": [
          {
            "start": 165.584228515625,
            "end": 1378.1151123046875
          }
        ],
        "line_count": 25
      },
      {
        "intercept": 781.8271347264375,
        "slope": 0.0014943533105834556,
        "avg_width": 4.160791602139717,
        "coverage": 0.9692492898015282,
        "segments": [
          {
            "start": 161.8684539794922,
            "end": 1376.88232421875
          }
        ],
        "line_count": 25
      }
    ],
    "num_columns": 7,
    "columns": [
      {
        "index": 0,
        "left_x": 159.30602654282188,
        "right_x": 263.7850035301008,
        "width": 104.47897698727894
      },
      {
        "index": 1,
        "left_x": 263.7850035301008,
        "right_x": 368.2187521335217,
        "width": 104.4337486034209
      },
      {
        "index": 2,
        "left_x": 368.2187521335217,
        "right_x": 471.5782334552763,
        "width": 103.35948132175457
      },
      {
        "index": 3,
        "left_x": 471.5782334552763,
        "right_x": 572.9012351710685,
        "width": 101.3230017157922
      },
      {
        "index": 4,
        "left_x": 572.9012351710685,
        "right_x": 677.5314199424732,
        "width": 104.63018477140474
      },
      {
        "index": 5,
        "left_x": 677.5314199424732,
        "right_x": 781.8271347264375,
        "width": 104.29571478396429
      },
      {
        "index": 6,
        "left_x": 781.8271347264375,
        "right_x": 884.8644665906331,
        "width": 103.03733186419561
      }
    ],
    "_column_mismatch": {
      "expected": 8,
      "detected": 7
    }
  },
  "columns": {
    "columns": [
      {
        "index": 0,
        "left_x": 159.30602654282188,
        "right_x": 263.7850035301008,
        "width": 104.47897698727894
      },
      {
        "index": 1,
        "left_x": 263.7850035301008,
        "right_x": 368.2187521335217,
        "width": 104.4337486034209
      },
      {
        "index": 2,
        "left_x": 368.2187521335217,
        "right_x": 471.5782334552763,
        "width": 103.35948132175457
      },
      {
        "index": 3,
        "left_x": 471.5782334552763,
        "right_x": 572.9012351710685,
        "width": 101.3230017157922
      },
      {
        "index": 4,
        "left_x": 572.9012351710685,
        "right_x": 677.5314199424732,
        "width": 104.63018477140474
      },
      {
        "index": 5,
        "left_x": 677.5314199424732,
        "right_x": 781.8271347264375,
        "width": 104.29571478396429
      },
      {
        "index": 6,
        "left_x": 781.8271347264375,
        "right_x": 884.8644665906331,
        "width": 103.03733186419561
      }
    ],
    "column_width_stats": {
      "mean": 103.65120572111589,
      "std": 1.1054313102991427,
      "cv": 0.010664915112260422
    },
    "is_uniform": true
  }
}