{
  "lsd_summary": {
    "total": 294,
    "vertical": 191,
    "horizontal": 54,
    "other": 49
  },
  "borders": {
    "image_size": {
      "width": 1014,
      "height": 1556
    },
    "outer_frame": {
      "top": {
        "outer": {
          "intercept": 144.18300681700472,
          "slope": 0.0010033453699674058,
          "avg_width": 4.66034698969339,
          "total_length": 795.1244125366211,
          "line_count": 17,
          "segments": [
            {
              "start": 35.610816955566406,
              "end": 830.7352294921875
            }
          ]
        },
        "inner": null
      },
      "bottom": {
        "outer": {
          "intercept": 1397.6635295742058,
          "slope": 0.00573156611280717,
          "avg_width": 4.323278344463554,
          "total_length": 872.5225555896759,
          "line_count": 21,
          "segments": [
            {
              "start": 0.6025054454803467,
              "end": 873.1250610351562
            }
          ]
        },
        "inner": null
      },
      "left": {
        "outer": {
          "intercept": 106.85019178843709,
          "slope": -0.00585833258685654,
          "avg_width": 3.6096467118837707,
          "total_length": 1205.0171966552734,
          "line_count": 21,
          "segments": [
            {
              "start": 179.37318420410156,
              "end": 1384.390380859375
            }
          ]
        },
        "inner": null
      },
      "right": {
        "outer": {
          "intercept": 831.5491194715019,
          "slope": -0.00892558026567231,
          "avg_width": 4.192709820417006,
          "total_length": 1183.8016357421875,
          "line_count": 21,
          "segments": [
            {
              "start": 189.356689453125,
              "end": 1373.1583251953125
            }
          ]
        },
        "inner": null
      }
    },
    "inner_frame": {
      "top": {
        "intercept": 144.18300681700472,
        "slope": 0.0010033453699674058
      },
      "bottom": {
        "intercept": 1397.6635295742058,
        "slope": 0.00573156611280717
      },
      "left": {
        "intercept": 106.85019178843709,
        "slope": -0.00585833258685654
      },
      "right": {
        "intercept": 831.5491194715019,
        "slope": -0.00892558026567231
      }
    },
    "column_dividers": [
      {
        "intercept": 211.36793230169596,
        "slope": -0.004745282072970265,
        "avg_width": 4.048076110286779,
        "coverage": 0.9593512015720618,
        "segments": [
          {
            "start": 170.62442016601562,
            "end": 1373.1524658203125
          }
        ],
        "line_count": 22
      },
      {
        "intercept": 315.16345156259354,
        "slope": -0.006866415252685106,
        "avg_width": 3.858659976333815,
        "coverage": 0.8446561927669075,
        "segments": [
          {
            "start": 184.3671417236328,
            "end": 495.6250915527344
          },
          {
            "start": 576.8727416992188,
            "end": 1324.3748779296875
          }
        ],
        "line_count": 23
      },
      {
        "intercept": 418.05220881196595,
        "slope": -0.006488363518051935,
        "avg_width": 3.677810139816259,
        "coverage": 0.7140758986378503,
        "segments": [
          {
            "start": 181.8746337890625,
            "end": 384.3612976074219
          },
          {
            "start": 456.87188720703125,
            "end": 600.6610717773438
          },
          {
            "start": 664.3638305664062,
            "end": 1176.8751220703125
          },
          {
            "start": 1309.3101806640625,
            "end": 1345.603271484375
          }
        ],
        "line_count": 18
      },
      {
        "intercept": 524.4959075204808,
        "slope": -0.009105231342191907,
        "avg_width": 4.0431510294735356,
        "coverage": 0.9373848626047899,
        "segments": [
          {
            "start": 188.12339782714844,
            "end": 1363.1170654296875
          }
        ],
        "line_count": 19
      },
      {
        "intercept": 623.7759616648277,
        "slope": -0.005935741567090956,
        "avg_width": 3.874024315276647,
        "coverage": 0.9453805557940747,
        "segments": [
          {
            "start": 194.364990234375,
            "end": 1379.381103515625
          }
        ],
        "line_count": 22
      },
      {
        "intercept": 728.4514371361703,
        "slope": -0.006695811881141784,
        "avg_width": 4.085547439137874,
        "coverage": 0.887575225827536,
        "segments": [
          {
            "start": 173.07284545898438,
            "end": 1285.631103515625
          }
        ],
        "line_count": 22
      }
    ],
    "num_columns": 7,
    "columns": [
      {
        "index": 0,
        "left_x": 106.85019178843709,
        "right_x": 211.36793230169596,
        "width": 104.51774051325887
      },
      {
        "index": 1,
        "left_x": 211.36793230169596,
        "right_x": 315.16345156259354,
        "width": 103.79551926089758
      },
      {
        "index": 2,
        "left_x": 315.16345156259354,
        "right_x": 418.05220881196595,
        "width": 102.88875724937242
      },
      {
        "index": 3,
        "left_x": 418.05220881196595,
        "right_x": 524.4959075204808,
        "width": 106.44369870851489
      },
      {
        "index": 4,
        "left_x": 524.4959075204808,
        "right_x": 623.7759616648277,
        "width": 99.28005414434688
      },
      {
        "index": 5,
        "left_x": 623.7759616648277,
        "right_x": 728.4514371361703,
        "width": 104.67547547134257
      },
      {
        "index": 6,
        "left_x": 728.4514371361703,
        "right_x": 831.5491194715019,
        "width": 103.09768233533157
      }
    ],
    "_column_mismatch": {
      "expected": 8,
      "detected": 7
    }
  },
  "columns": {
    "columns": [
      {
        "index": 0,
        "left_x": 106.85019178843709,
        "right_x": 211.36793230169596,
        "width": 104.51774051325887
      },
      {
        "index": 1,
        "left_x": 211.36793230169596,
        "right_x": 315.16345156259354,
        "width": 103.79551926089758
      },
      {
        "index": 2,
        "left_x": 315.16345156259354,
        "right_x": 418.05220881196595,
        "width": 102.88875724937242
      },
      {
        "index": 3,
        "left_x": 418.05220881196595,
        "right_x": 524.4959075204808,
        "width": 106.44369870851489
      },
      {
        "index": 4,
        "left_x": 524.4959075204808,
        "right_x": 623.7759616648277,
        "width": 99.28005414434688
      },
      {
        "index": 5,
        "left_x": 623.7759616648277,
        "right_x": 728.4514371361703,
        "width": 104.67547547134257
      },
      {
        "index": 6,
        "left_x": 728.4514371361703,
        "right_x": 831.5491194715019,
        "width": 103.09768233533157
      }
    ],
    "column_width_stats": {
      "mean": 103.52841824043783,
      "std": 2.053150857638294,
      "cv": 0.019831761100319225
    },
    "is_uniform": true
  }
}