{
  "lsd_summary": {
    "total": 266,
    "vertical": 185,
    "horizontal": 47,
    "other": 34
  },
  "borders": {
    "image_size": {
      "width": 1009,
      "height": 1559
    },
    "outer_frame": {
      "top": {
        "outer": {
          "intercept": 140.4398665127477,
          "slope": 0.007368230813476071,
          "avg_width": 4.604759442051047,
          "total_length": 810.0027770996094,
          "line_count": 18,
          "segments": [
            {
              "start": 166.86953735351562,
              "end": 976.872314453125
            }
          ]
        },
        "inner": null
      },
      "bottom": {
        "outer": {
          "intercept": 1404.781237472591,
          "slope": -0.0018429519285317465,
          "avg_width": 3.858937012015636,
          "total_length": 683.8985748291016,
          "line_count": 19,
          "segments": [
            {
              "start": 154.3256378173828,
              "end": 401.9355773925781
            },
            {
              "start": 556.8690795898438,
              "end": 993.15771484375
            }
          ]
        },
        "inner": null
      },
      "left": {
        "outer": {
          "intercept": 176.04496316181934,
          "slope": -0.0025896624346348584,
          "avg_width": 3.95950682294649,
          "total_length": 1218.7572631835938,
          "line_count": 16,
          "segments": [
            {
              "start": 169.36541748046875,
              "end": 1388.1226806640625
            }
          ]
        },
        "inner": null
      },
      "right": {
        "outer": {
          "intercept": 904.8114625303389,
          "slope": -0.006641035470432343,
          "avg_width": 4.034055570413753,
          "total_length": 1218.8789825439453,
          "line_count": 23,
          "segments": [
            {
              "start": 159.2577362060547,
              "end": 1378.13671875
            }
          ]
        },
        "inner": null
      }
    },
    "inner_frame": {
      "top": {
        "intercept": 140.4398665127477,
        "slope": 0.007368230813476071
      },
      "bottom": {
        "intercept": 1404.781237472591,
        "slope": -0.0018429519285317465
      },
      "left": {
        "intercept": 176.04496316181934,
        "slope": -0.0025896624346348584
      },
      "right": {
        "intercept": 904.8114625303389,
        "slope": -0.006641035470432343
      }
    },
    "column_dividers": [
      {
        "intercept": 279.3003229820976,
        "slope": -0.001982637397103397,
        "avg_width": 3.7984281498862744,
        "coverage": 0.9599836586319064,
        "segments": [
          {
            "start": 171.86537170410156,
            "end": 1385.6124267578125
          }
        ],
        "line_count": 21
      },
      {
        "intercept": 382.2548714220555,
        "slope": -0.0002357999934565801,
        "avg_width": 2.982908391838387,
        "coverage": 0.5299338241077852,
        "segments": [
          {
            "start": 195.6178436279297,
            "end": 451.8807067871094
          },
          {
            "start": 555.6155395507812,
            "end": 774.373779296875
          },
          {
            "start": 975.6237182617188,
            "end": 1170.619873046875
          }
        ],
        "line_count": 15
      },
      {
        "intercept": 490.80262337135537,
        "slope": -0.010659580166644866,
        "avg_width": 3.7807482452133594,
        "coverage": 0.8700213590002596,
        "segments": [
          {
            "start": 173.12612915039062,
            "end": 1224.3804931640625
          },
          {
            "start": 1331.8719482421875,
            "end": 1380.62158203125
          }
        ],
        "line_count": 24
      },
      {
        "intercept": 590.5597363411014,
        "slope": -0.003352225994903973,
        "avg_width": 3.755307118429639,
        "coverage": 0.8818716663669561,
        "segments": [
          {
            "start": 171.88352966308594,
            "end": 1115.6243896484375
          },
          {
            "start": 1209.3701171875,
            "end": 1380.6160888671875
          }
        ],
        "line_count": 19
      },
      {
        "intercept": 696.0756040140639,
        "slope": -0.003947296306626308,
        "avg_width": 3.8865108107690003,
        "coverage": 0.9629482539414795,
        "segments": [
          {
            "start": 163.1224822998047,
            "end": 1380.6177978515625
          }
        ],
        "line_count": 18
      },
      {
        "intercept": 797.9249393953825,
        "slope": -0.0032827764304735733,
        "avg_width": 3.7994102288813902,
        "coverage": 0.9224272061370443,
        "segments": [
          {
            "start": 215.61895751953125,
            "end": 1381.8818359375
          }
        ],
        "line_count": 21
      }
    ],
    "num_columns": 7,
    "columns": [
      {
        "index": 0,
        "left_x": 176.04496316181934,
        "right_x": 279.3003229820976,
        "width": 103.25535982027827
      },
      {
        "index": 1,
        "left_x": 279.3003229820976,
        "right_x": 382.2548714220555,
        "width": 102.95454843995788
      },
      {
        "index": 2,
        "left_x": 382.2548714220555,
        "right_x": 490.80262337135537,
        "width": 108.54775194929988
      },
      {
        "index": 3,
        "left_x": 490.80262337135537,
        "right_x": 590.5597363411014,
        "width": 99.757112969746
      },
      {
        "index": 4,
        "left_x": 590.5597363411014,
        "right_x": 696.0756040140639,
        "width": 105.51586767296249
      },
      {
        "index": 5,
        "left_x": 696.0756040140639,
        "right_x": 797.9249393953825,
        "width": 101.84933538131861
      },
      {
        "index": 6,
        "left_x": 797.9249393953825,
        "right_x": 904.8114625303389,
        "width": 106.8865231349564
      }
    ],
    "_column_mismatch": {
      "expected": 8,
      "detected": 7
    }
  },
  "columns": {
    "columns": [
      {
        "index": 0,
        "left_x": 176.04496316181934,
        "right_x": 279.3003229820976,
        "width": 103.25535982027827
      },
      {
        "index": 1,
        "left_x": 279.3003229820976,
        "right_x": 382.2548714220555,
        "width": 102.95454843995788
      },
      {
        "index": 2,
        "left_x": 382.2548714220555,
        "right_x": 490.80262337135537,
        "width": 108.54775194929988
      },
      {
        "index": 3,
        "left_x": 490.80262337135537,
        "right_x": 590.5597363411014,
        "width": 99.757112969746
      },
      {
        "index": 4,
        "left_x": 590.5597363411014,
        "right_x": 696.0756040140639,
        "width": 105.51586767296249
      },
      {
        "index": 5,
        "left_x": 696.0756040140639,
        "right_x": 797.9249393953825,
        "width": 101.84933538131861
      },
      {
        "index": 6,
        "left_x": 797.9249393953825,
        "right_x": 904.8114625303389,
        "width": 106.8865231349564
      }
    ],
    "column_width_stats": {
      "mean": 104.1094999097885,
      "std": 2.8158453033407302,
      "cv": 0.02704695830621295
    },
    "is_uniform": true
  }
}