{
  "lsd_summary": {
    "total": 230,
    "vertical": 176,
    "horizontal": 45,
    "other": 9
  },
  "borders": {
    "image_size": {
      "width": 986,
      "height": 1558
    },
    "outer_frame": {
      "top": {
        "outer": {
          "intercept": 145.27934512007914,
          "slope": 0.007971996913711825,
          "avg_width": 2.527680014627902,
          "total_length": 667.5185699462891,
          "line_count": 18,
          "segments": [
            {
              "start": 188.1166229248047,
              "end": 785.6182861328125
            },
            {
              "start": 851.8706665039062,
              "end": 888.1292724609375
            },
            {
              "start": 950.6566162109375,
              "end": 984.4149169921875
            }
          ]
        },
        "inner": null
      },
      "bottom": {
        "outer": {
          "intercept": 1400.414322379197,
          "slope": 0.006657237718019108,
          "avg_width": 4.300570995192421,
          "total_length": 811.4588775634766,
          "line_count": 26,
          "segments": [
            {
              "start": 172.95335388183594,
              "end": 984.4122314453125
            }
          ]
        },
        "inner": null
      },
      "left": {
        "outer": {
          "intercept": 153.05596556190196,
          "slope": 0.0019298861702024322,
          "avg_width": 4.117543050989742,
          "total_length": 995.0303039550781,
          "line_count": 33,
          "segments": [
            {
              "start": 226.87271118164062,
              "end": 269.3749084472656
            },
            {
              "start": 398.1106872558594,
              "end": 1350.6387939453125
            }
          ]
        },
        "inner": null
      },
      "right": {
        "outer": {
          "intercept": 885.7843669311119,
          "slope": -0.0013336190483140165,
          "avg_width": 4.268561440439473,
          "total_length": 1211.2493743896484,
          "line_count": 16,
          "segments": [
            {
              "start": 169.36903381347656,
              "end": 1380.618408203125
            }
          ]
        },
        "inner": null
      }
    },
    "inner_frame": {
      "top": {
        "intercept": 145.27934512007914,
        "slope": 0.007971996913711825
      },
      "bottom": {
        "intercept": 1400.414322379197,
        "slope": 0.006657237718019108
      },
      "left": {
        "intercept": 153.05596556190196,
        "slope": 0.0019298861702024322
      },
      "right": {
        "intercept": 885.7843669311119,
        "slope": -0.0013336190483140165
      }
    },
    "column_dividers": [
      {
        "intercept": 263.62719598730393,
        "slope": -0.0017814033218331653,
        "avg_width": 3.794272866651733,
        "coverage": 0.9580640461874143,
        "segments": [
          {
            "start": 179.37603759765625,
            "end": 1381.875732421875
          }
        ],
        "line_count": 19
      },
      {
        "intercept": 368.04248091794994,
        "slope": -0.001162802601161394,
        "avg_width": 3.468207483046422,
        "coverage": 0.9620673516579349,
        "segments": [
          {
            "start": 171.86245727539062,
            "end": 1379.3868408203125
          }
        ],
        "line_count": 21
      },
      {
        "intercept": 470.52264544714416,
        "slope": 0.0001910676491748209,
        "avg_width": 4.044744118605104,
        "coverage": 0.7070837892201509,
        "segments": [
          {
            "start": 175.6591796875,
            "end": 301.8591613769531
          },
          {
            "start": 440.6223449707031,
            "end": 486.88079833984375
          },
          {
            "start": 593.1069946289062,
            "end": 1308.1341552734375
          }
        ],
        "line_count": 14
      },
      {
        "intercept": 576.0300778594407,
        "slope": -0.0035276569752063012,
        "avg_width": 3.78504260348036,
        "coverage": 0.8733824610322384,
        "segments": [
          {
            "start": 181.85877990722656,
            "end": 351.8028564453125
          },
          {
            "start": 424.3731689453125,
            "end": 1350.6419677734375
          }
        ],
        "line_count": 19
      },
      {
        "intercept": 681.357518925661,
        "slope": -0.0037456519767084186,
        "avg_width": 3.9599464641402036,
        "coverage": 0.952095048654282,
        "segments": [
          {
            "start": 186.86585998535156,
            "end": 1381.8736572265625
          }
        ],
        "line_count": 21
      },
      {
        "intercept": 783.662987496134,
        "slope": -0.001932084244615036,
        "avg_width": 4.022923220866109,
        "coverage": 0.8893613756059318,
        "segments": [
          {
            "start": 209.37400817871094,
            "end": 1325.642578125
          }
        ],
        "line_count": 18
      }
    ],
    "num_columns": 7,
    "columns": [
      {
        "index": 0,
        "left_x": 153.05596556190196,
        "right_x": 263.62719598730393,
        "width": 110.57123042540198
      },
      {
        "index": 1,
        "left_x": 263.62719598730393,
        "right_x": 368.04248091794994,
        "width": 104.41528493064601
      },
      {
        "index": 2,
        "left_x": 368.04248091794994,
        "right_x": 470.52264544714416,
        "width": 102.48016452919421
      },
      {
        "index": 3,
        "left_x": 470.52264544714416,
        "right_x": 576.0300778594407,
        "width": 105.50743241229651
      },
      {
        "index": 4,
        "left_x": 576.0300778594407,
        "right_x": 681.357518925661,
        "width": 105.32744106622033
      },
      {
        "index": 5,
        "left_x": 681.357518925661,
        "right_x": 783.662987496134,
        "width": 102.30546857047295
      },
      {
        "index": 6,
        "left_x": 783.662987496134,
        "right_x": 885.7843669311119,
        "width": 102.12137943497794
      }
    ],
    "_column_mismatch": {
      "expected": 8,
      "detected": 7
    }
  },
  "columns": {
    "columns": [
      {
        "index": 0,
        "left_x": 153.05596556190196,
        "right_x": 263.62719598730393,
        "width": 110.57123042540198
      },
      {
        "index": 1,
        "left_x": 263.62719598730393,
        "right_x": 368.04248091794994,
        "width": 104.41528493064601
      },
      {
        "index": 2,
        "left_x": 368.04248091794994,
        "right_x": 470.52264544714416,
        "width": 102.48016452919421
      },
      {
        "index": 3,
        "left_x": 470.52264544714416,
        "right_x": 576.0300778594407,
        "width": 105.50743241229651
      },
      {
        "index": 4,
        "left_x": 576.0300778594407,
        "right_x": 681.357518925661,
        "width": 105.32744106622033
      },
      {
        "index": 5,
        "left_x": 681.357518925661,
        "right_x": 783.662987496134,
        "width": 102.30546857047295
      },
      {
        "index": 6,
        "left_x": 783.662987496134,
        "right_x": 885.7843669311119,
        "width": 102.12137943497794
      }
    ],
    "column_width_stats": {
      "mean": 104.67548590988713,
      "std": 2.749144451055545,
      "cv": 0.02626349834594725
    },
    "is_uniform": true
  }
}