{
  "lsd_summary": {
    "total": 225,
    "vertical": 167,
    "horizontal": 47,
    "other": 11
  },
  "borders": {
    "image_size": {
      "width": 1005,
      "height": 1546
    },
    "outer_frame": {
      "top": {
        "outer": {
          "intercept": 151.857937213311,
          "slope": -0.0038680825072002155,
          "avg_width": 4.222673168680507,
          "total_length": 763.7848205566406,
          "line_count": 17,
          "segments": [
            {
              "start": 140.6248321533203,
              "end": 188.15235900878906
            },
            {
              "start": 254.37857055664062,
              "end": 970.6358642578125
            }
          ]
        },
        "inner": null
      },
      "bottom": {
        "outer": {
          "intercept": 1397.9223750275241,
          "slope": -0.010595501069922362,
          "avg_width": 3.744521864346363,
          "total_length": 821.2555694580078,
          "line_count": 23,
          "segments": [
            {
              "start": 143.1196746826172,
              "end": 964.375244140625
            }
          ]
        },
        "inner": null
      },
      "left": {
        "outer": {
          "intercept": 168.72217192900698,
          "slope": 0.0034174926045793196,
          "avg_width": 3.812772972748414,
          "total_length": 1208.7569732666016,
          "line_count": 19,
          "segments": [
            {
              "start": 170.61961364746094,
              "end": 1379.3765869140625
            }
          ]
        },
        "inner": null
      },
      "right": {
        "outer": {
          "intercept": 896.820433491864,
          "slope": 0.00022635971045192505,
          "avg_width": 3.87713898697964,
          "total_length": 1092.573959350586,
          "line_count": 20,
          "segments": [
            {
              "start": 170.55250549316406,
              "end": 1263.12646484375
            }
          ]
        },
        "inner": null
      }
    },
    "inner_frame": {
      "top": {
        "intercept": 151.857937213311,
        "slope": -0.0038680825072002155
      },
      "bottom": {
        "intercept": 1397.9223750275241,
        "slope": -0.010595501069922362
      },
      "left": {
        "intercept": 168.72217192900698,
        "slope": 0.0034174926045793196
      },
      "right": {
        "intercept": 896.820433491864,
        "slope": 0.00022635971045192505
      }
    },
    "column_dividers": [
      {
        "intercept": 271.7231731833244,
        "slope": 0.005596282815982232,
        "avg_width": 3.848652394779737,
        "coverage": 0.9640477069324332,
        "segments": [
          {
            "start": 175.61798095703125,
            "end": 1376.883544921875
          }
        ],
        "line_count": 22
      },
      {
        "intercept": 375.8783955757946,
        "slope": 0.0039077968925873416,
        "avg_width": 3.6702119404755496,
        "coverage": 0.9700633877237649,
        "segments": [
          {
            "start": 173.11448669433594,
            "end": 1381.8759765625
          }
        ],
        "line_count": 25
      },
      {
        "intercept": 481.21943373321955,
        "slope": 0.002541729235440267,
        "avg_width": 3.109981716119627,
        "coverage": 0.667124663851301,
        "segments": [
          {
            "start": 190.6226348876953,
            "end": 1021.9029541015625
          }
        ],
        "line_count": 15
      },
      {
        "intercept": 584.1990069006878,
        "slope": 0.0023294104554712047,
        "avg_width": 3.983094903418012,
        "coverage": 0.84767953315135,
        "segments": [
          {
            "start": 198.12278747558594,
            "end": 1106.877197265625
          },
          {
            "start": 1223.1226806640625,
            "end": 1370.631591796875
          }
        ],
        "line_count": 19
      },
      {
        "intercept": 687.6939349167685,
        "slope": 0.0034848120364409586,
        "avg_width": 3.8253806608193988,
        "coverage": 0.9680402944835488,
        "segments": [
          {
            "start": 161.88624572753906,
            "end": 1368.1268310546875
          }
        ],
        "line_count": 21
      },
      {
        "intercept": 792.1960975723158,
        "slope": 0.002278033388554624,
        "avg_width": 3.941104880103201,
        "coverage": 0.9680532380678046,
        "segments": [
          {
            "start": 161.8695068359375,
            "end": 1368.126220703125
          }
        ],
        "line_count": 14
      }
    ],
    "num_columns": 7,
    "columns": [
      {
        "index": 0,
        "left_x": 168.72217192900698,
        "right_x": 271.7231731833244,
        "width": 103.0010012543174
      },
      {
        "index": 1,
        "left_x": 271.7231731833244,
        "right_x": 375.8783955757946,
        "width": 104.15522239247025
      },
      {
        "index": 2,
        "left_x": 375.8783955757946,
        "right_x": 481.21943373321955,
        "width": 105.34103815742492
      },
      {
        "index": 3,
        "left_x": 481.21943373321955,
        "right_x": 584.1990069006878,
        "width": 102.97957316746823
      },
      {
        "index": 4,
        "left_x": 584.1990069006878,
        "right_x": 687.6939349167685,
        "width": 103.49492801608073
      },
      {
        "index": 5,
        "left_x": 687.6939349167685,
        "right_x": 792.1960975723158,
        "width": 104.5021626555473
      },
      {
        "index": 6,
        "left_x": 792.1960975723158,
        "right_x": 896.820433491864,
        "width": 104.62433591954823
      }
    ],
    "_column_mismatch": {
      "expected": 8,
      "detected": 7
    }
  },
  "columns": {
    "columns": [
      {
        "index": 0,
        "left_x": 168.72217192900698,
        "right_x": 271.7231731833244,
        "width": 103.0010012543174
      },
      {
        "index": 1,
        "left_x": 271.7231731833244,
        "right_x": 375.8783955757946,
        "width": 104.15522239247025
      },
      {
        "index": 2,
        "left_x": 375.8783955757946,
        "right_x": 481.21943373321955,
        "width": 105.34103815742492
      },
      {
        "index": 3,
        "left_x": 481.21943373321955,
        "right_x": 584.1990069006878,
        "width": 102.97957316746823
      },
      {
        "index": 4,
        "left_x": 584.1990069006878,
        "right_x": 687.6939349167685,
        "width": 103.49492801608073
      },
      {
        "index": 5,
        "left_x": 687.6939349167685,
        "right_x": 792.1960975723158,
        "width": 104.5021626555473
      },
      {
        "index": 6,
        "left_x": 792.1960975723158,
        "right_x": 896.820433491864,
        "width": 104.62433591954823
      }
    ],
    "column_width_stats": {
      "mean": 104.01403736612245,
      "std": 0.8243982908496728,
      "cv": 0.007925836855537546
    },
    "is_uniform": true
  }
}