{
  "lsd_summary": {
    "total": 217,
    "vertical": 178,
    "horizontal": 34,
    "other": 5
  },
  "borders": {
    "image_size": {
      "width": 989,
      "height": 1543
    },
    "outer_frame": {
      "top": {
        "outer": {
          "intercept": 149.9686919185039,
          "slope": -0.008756814014502576,
          "avg_width": 5.132510127088099,
          "total_length": 723.8356628417969,
          "line_count": 10,
          "segments": [
            {
              "start": 156.86386108398438,
              "end": 723.1934814453125
            },
            {
              "start": 804.3735961914062,
              "end": 961.879638671875
            }
          ]
        },
        "inner": null
      },
      "bottom": {
        "outer": {
          "intercept": 1394.5353030770516,
          "slope": -0.0006916457939482361,
          "avg_width": 4.095152736355266,
          "total_length": 820.021240234375,
          "line_count": 22,
          "segments": [
            {
              "start": 166.8607177734375,
              "end": 986.8819580078125
            }
          ]
        },
        "inner": null
      },
      "left": {
        "outer": {
          "intercept": 143.2540251328276,
          "slope": 0.011618155866146476,
          "avg_width": 3.9299655151807307,
          "total_length": 1128.7777557373047,
          "line_count": 31,
          "segments": [
            {
              "start": 188.13075256347656,
              "end": 639.4049072265625
            },
            {
              "start": 708.1245727539062,
              "end": 1385.628173828125
            }
          ]
        },
        "inner": null
      },
      "right": {
        "outer": {
          "intercept": 985.5792991113542,
          "slope": 0.0006170527663322506,
          "avg_width": 3.167654469123614,
          "total_length": 776.2841339111328,
          "line_count": 10,
          "segments": [
            {
              "start": 183.10276794433594,
              "end": 789.3753051757812
            },
            {
              "start": 856.8631591796875,
              "end": 1026.874755859375
            }
          ]
        },
        "inner": null
      }
    },
    "inner_frame": {
      "top": {
        "intercept": 149.9686919185039,
        "slope": -0.008756814014502576
      },
      "bottom": {
        "intercept": 1394.5353030770516,
        "slope": -0.0006916457939482361
      },
      "left": {
        "intercept": 143.2540251328276,
        "slope": 0.011618155866146476
      },
      "right": {
        "intercept": 985.5792991113542,
        "slope": 0.0006170527663322506
      }
    },
    "column_dividers": [
      {
        "intercept": 261.4870871858993,
        "slope": 0.004934696103254419,
        "avg_width": 3.6589593552621498,
        "coverage": 0.8858678846929722,
        "segments": [
          {
            "start": 183.0994415283203,
            "end": 990.6223754882812
          },
          {
            "start": 1068.1219482421875,
            "end": 1363.12060546875
          }
        ],
        "line_count": 18
      },
      {
        "intercept": 365.86983401907236,
        "slope": 0.003812173391106231,
        "avg_width": 3.5747660986493024,
        "coverage": 0.953155739089925,
        "segments": [
          {
            "start": 181.86138916015625,
            "end": 1368.127197265625
          }
        ],
        "line_count": 20
      },
      {
        "intercept": 470.2406893268622,
        "slope": 0.0033969335249956307,
        "avg_width": 3.855927966131148,
        "coverage": 0.9501423355194761,
        "segments": [
          {
            "start": 186.8590850830078,
            "end": 1369.37451171875
          }
        ],
        "line_count": 20
      },
      {
        "intercept": 574.3496067165083,
        "slope": 0.002230401536071093,
        "avg_width": 4.164425369076617,
        "coverage": 0.9370807264945191,
        "segments": [
          {
            "start": 204.36988830566406,
            "end": 1370.6292724609375
          }
        ],
        "line_count": 17
      },
      {
        "intercept": 678.0025505944773,
        "slope": 0.0027287105609502707,
        "avg_width": 4.232154945288666,
        "coverage": 0.91196676600107,
        "segments": [
          {
            "start": 224.38003540039062,
            "end": 1359.3834228515625
          }
        ],
        "line_count": 18
      },
      {
        "intercept": 780.4448158068614,
        "slope": 0.0024593535054158867,
        "avg_width": 3.6808177854084767,
        "coverage": 0.892839080019579,
        "segments": [
          {
            "start": 180.6829071044922,
            "end": 1291.880615234375
          }
        ],
        "line_count": 18
      },
      {
        "intercept": 883.346494664626,
        "slope": 0.003818641157019692,
        "avg_width": 3.8378473357973903,
        "coverage": 0.9592286818275254,
        "segments": [
          {
            "start": 174.31480407714844,
            "end": 1368.1387939453125
          }
        ],
        "line_count": 22
      }
    ],
    "num_columns": 8,
    "columns": [
      {
        "index": 0,
        "left_x": 143.2540251328276,
        "right_x": 261.4870871858993,
        "width": 118.23306205307173
      },
      {
        "index": 1,
        "left_x": 261.4870871858993,
        "right_x": 365.86983401907236,
        "width": 104.38274683317303
      },
      {
        "index": 2,
        "left_x": 365.86983401907236,
        "right_x": 470.2406893268622,
        "width": 104.37085530778984
      },
      {
        "index": 3,
        "left_x": 470.2406893268622,
        "right_x": 574.3496067165083,
        "width": 104.10891738964614
      },
      {
        "index": 4,
        "left_x": 574.3496067165083,
        "right_x": 678.0025505944773,
        "width": 103.65294387796894
      },
      {
        "index": 5,
        "left_x": 678.0025505944773,
        "right_x": 780.4448158068614,
        "width": 102.44226521238409
      },
      {
        "index": 6,
        "left_x": 780.4448158068614,
        "right_x": 883.346494664626,
        "width": 102.90167885776464
      },
      {
        "index": 7,
        "left_x": 883.346494664626,
        "right_x": 985.5792991113542,
        "width": 102.23280444672821
      }
    ]
  },
  "columns": {
    "columns": [
      {
        "index": 0,
        "left_x": 143.2540251328276,
        "right_x": 261.4870871858993,
        "width": 118.23306205307173
      },
      {
        "index": 1,
        "left_x": 261.4870871858993,
        "right_x": 365.86983401907236,
        "width": 104.38274683317303
      },
      {
        "index": 2,
        "left_x": 365.86983401907236,
        "right_x": 470.2406893268622,
        "width": 104.37085530778984
      },
      {
        "index": 3,
        "left_x": 470.2406893268622,
        "right_x": 574.3496067165083,
        "width": 104.10891738964614
      },
      {
        "index": 4,
        "left_x": 574.3496067165083,
        "right_x": 678.0025505944773,
        "width": 103.65294387796894
      },
      {
        "index": 5,
        "left_x": 678.0025505944773,
        "right_x": 780.4448158068614,
        "width": 102.44226521238409
      },
      {
        "index": 6,
        "left_x": 780.4448158068614,
        "right_x": 883.346494664626,
        "width": 102.90167885776464
      },
      {
        "index": 7,
        "left_x": 883.346494664626,
        "right_x": 985.5792991113542,
        "width": 102.23280444672821
      }
    ],
    "column_width_stats": {
      "mean": 105.29065924731583,
      "std": 4.955121238878719,
      "cv": 0.04706135638527726
    },
    "is_uniform": true
  }
}