{
  "lsd_summary": {
    "total": 207,
    "vertical": 158,
    "horizontal": 46,
    "other": 3
  },
  "borders": {
    "image_size": {
      "width": 1005,
      "height": 1544
    },
    "outer_frame": {
      "top": {
        "outer": {
          "intercept": 147.84896071723622,
          "slope": -8.182844922592862e-05,
          "avg_width": 5.2122696728333695,
          "total_length": 721.2685699462891,
          "line_count": 16,
          "segments": [
            {
              "start": 163.1078338623047,
              "end": 884.3764038085938
            }
          ]
        },
        "inner": null
      },
      "bottom": {
        "outer": {
          "intercept": 1391.5707132288044,
          "slope": -0.0067283716611050304,
          "avg_width": 4.379702807403795,
          "total_length": 855.0259399414062,
          "line_count": 27,
          "segments": [
            {
              "start": 148.1278076171875,
              "end": 1003.1537475585938
            }
          ]
        },
        "inner": null
      },
      "left": {
        "outer": {
          "intercept": 172.25388336956195,
          "slope": 0.0032302760048521493,
          "avg_width": 5.142584706162096,
          "total_length": 1208.739761352539,
          "line_count": 17,
          "segments": [
            {
              "start": 169.38072204589844,
              "end": 1378.1204833984375
            }
          ]
        },
        "inner": null
      },
      "right": {
        "outer": {
          "intercept": 899.3334503944257,
          "slope": 0.00013085986644023042,
          "avg_width": 5.1215415817259435,
          "total_length": 1201.2544250488281,
          "line_count": 13,
          "segments": [
            {
              "start": 163.12130737304688,
              "end": 1364.375732421875
            }
          ]
        },
        "inner": null
      }
    },
    "inner_frame": {
      "top": {
        "intercept": 147.84896071723622,
        "slope": -8.182844922592862e-05
      },
      "bottom": {
        "intercept": 1391.5707132288044,
        "slope": -0.0067283716611050304
      },
      "left": {
        "intercept": 172.25388336956195,
        "slope": 0.0032302760048521493
      },
      "right": {
        "intercept": 899.3334503944257,
        "slope": 0.00013085986644023042
      }
    },
    "column_dividers": [
      {
        "intercept": 276.20732700015094,
        "slope": 0.003385791285328759,
        "avg_width": 4.593571524965783,
        "coverage": 0.9618352820723521,
        "segments": [
          {
            "start": 176.87197875976562,
            "end": 1373.12744140625
          }
        ],
        "line_count": 27
      },
      {
        "intercept": 381.5003013616067,
        "slope": 0.0014779720574106695,
        "avg_width": 3.9573462523075813,
        "coverage": 0.9517902252981939,
        "segments": [
          {
            "start": 190.6268310546875,
            "end": 1374.3890380859375
          }
        ],
        "line_count": 25
      },
      {
        "intercept": 484.06194180928657,
        "slope": 0.001313800156393178,
        "avg_width": 4.126795739260327,
        "coverage": 0.7990165323848158,
        "segments": [
          {
            "start": 173.12466430664062,
            "end": 1046.8729248046875
          },
          {
            "start": 1190.624755859375,
            "end": 1310.6307373046875
          }
        ],
        "line_count": 17
      },
      {
        "intercept": 587.7273471773108,
        "slope": 0.0013030666890026972,
        "avg_width": 4.557793254557467,
        "coverage": 0.8231098211204412,
        "segments": [
          {
            "start": 185.6247100830078,
            "end": 958.1251831054688
          },
          {
            "start": 1115.662841796875,
            "end": 1366.8819580078125
          }
        ],
        "line_count": 16
      },
      {
        "intercept": 691.146854512118,
        "slope": 0.001981616447840943,
        "avg_width": 4.609695227676781,
        "coverage": 0.9668494555075857,
        "segments": [
          {
            "start": 164.38427734375,
            "end": 1366.8759765625
          }
        ],
        "line_count": 19
      },
      {
        "intercept": 793.8575735907061,
        "slope": 0.002205809773657183,
        "avg_width": 4.9871392060664315,
        "coverage": 0.9769150868107382,
        "segments": [
          {
            "start": 163.1160430908203,
            "end": 1378.1265869140625
          }
        ],
        "line_count": 15
      }
    ],
    "num_columns": 7,
    "columns": [
      {
        "index": 0,
        "left_x": 172.25388336956195,
        "right_x": 276.20732700015094,
        "width": 103.95344363058899
      },
      {
        "index": 1,
        "left_x": 276.20732700015094,
        "right_x": 381.5003013616067,
        "width": 105.29297436145578
      },
      {
        "index": 2,
        "left_x": 381.5003013616067,
        "right_x": 484.06194180928657,
        "width": 102.56164044767985
      },
      {
        "index": 3,
        "left_x": 484.06194180928657,
        "right_x": 587.7273471773108,
        "width": 103.66540536802421
      },
      {
        "index": 4,
        "left_x": 587.7273471773108,
        "right_x": 691.146854512118,
        "width": 103.41950733480724
      },
      {
        "index": 5,
        "left_x": 691.146854512118,
        "right_x": 793.8575735907061,
        "width": 102.71071907858811
      },
      {
        "index": 6,
        "left_x": 793.8575735907061,
        "right_x": 899.3334503944257,
        "width": 105.47587680371953
      }
    ],
    "_column_mismatch": {
      "expected": 8,
      "detected": 7
    }
  },
  "columns": {
    "columns": [
      {
        "index": 0,
        "left_x": 172.25388336956195,
        "right_x": 276.20732700015094,
        "width": 103.95344363058899
      },
      {
        "index": 1,
        "left_x": 276.20732700015094,
        "right_x": 381.5003013616067,
        "width": 105.29297436145578
      },
      {
        "index": 2,
        "left_x": 381.5003013616067,
        "right_x": 484.06194180928657,
        "width": 102.56164044767985
      },
      {
        "index": 3,
        "left_x": 484.06194180928657,
        "right_x": 587.7273471773108,
        "width": 103.66540536802421
      },
      {
        "index": 4,
        "left_x": 587.7273471773108,
        "right_x": 691.146854512118,
        "width": 103.41950733480724
      },
      {
        "index": 5,
        "left_x": 691.146854512118,
        "right_x": 793.8575735907061,
        "width": 102.71071907858811
      },
      {
        "index": 6,
        "left_x": 793.8575735907061,
        "right_x": 899.3334503944257,
        "width": 105.47587680371953
      }
    ],
    "column_width_stats": {
      "mean": 103.86850957498052,
      "std": 1.0630940833063243,
      "cv": 0.010234998919849704
    },
    "is_uniform": true
  }
}