{
  "lsd_summary": {
    "total": 242,
    "vertical": 200,
    "horizontal": 39,
    "other": 3
  },
  "borders": {
    "image_size": {
      "width": 1008,
      "height": 1541
    },
    "outer_frame": {
      "top": {
        "outer": {
          "intercept": 150.34618623894616,
          "slope": -0.00598751370251535,
          "avg_width": 3.9837160459534746,
          "total_length": 726.2568073272705,
          "line_count": 13,
          "segments": [
            {
              "start": 31.869047164916992,
              "end": 758.1258544921875
            }
          ]
        },
        "inner": null
      },
      "bottom": {
        "outer": {
          "intercept": 1389.2738379654857,
          "slope": -0.0025246613628017974,
          "avg_width": 4.099507779332198,
          "total_length": 858.7871112823486,
          "line_count": 20,
          "segments": [
            {
              "start": 8.053342819213867,
              "end": 866.8404541015625
            }
          ]
        },
        "inner": null
      },
      "left": {
        "outer": {
          "intercept": 1.8974190354192917,
          "slope": 0.004511192719671049,
          "avg_width": 3.773875272273294,
          "total_length": 551.3623046875,
          "line_count": 14,
          "segments": [
            {
              "start": 375.65863037109375,
              "end": 408.16937255859375
            },
            {
              "start": 508.140625,
              "end": 634.3462524414062
            },
            {
              "start": 739.3681030273438,
              "end": 1101.89794921875
            },
            {
              "start": 1208.12744140625,
              "end": 1238.2435302734375
            }
          ]
        },
        "inner": null
      },
      "right": {
        "outer": {
          "intercept": 829.7872777524589,
          "slope": 0.0013133178045912897,
          "avg_width": 3.58153563753204,
          "total_length": 1186.2396697998047,
          "line_count": 23,
          "segments": [
            {
              "start": 176.8856964111328,
              "end": 1363.1253662109375
            }
          ]
        },
        "inner": null
      }
    },
    "inner_frame": {
      "top": {
        "intercept": 150.34618623894616,
        "slope": -0.00598751370251535
      },
      "bottom": {
        "intercept": 1389.2738379654857,
        "slope": -0.0025246613628017974
      },
      "left": {
        "intercept": 1.8974190354192917,
        "slope": 0.004511192719671049
      },
      "right": {
        "intercept": 829.7872777524589,
        "slope": 0.0013133178045912897
      }
    },
    "column_dividers": [
      {
        "intercept": 109.85413366351435,
        "slope": 0.0006366888473183896,
        "avg_width": 3.5710692043596906,
        "coverage": 0.9221888640723137,
        "segments": [
          {
            "start": 196.85459899902344,
            "end": 1339.3798828125
          }
        ],
        "line_count": 26
      },
      {
        "intercept": 212.7566335533572,
        "slope": 0.00037221561071903476,
        "avg_width": 3.8784258046216857,
        "coverage": 0.9565034508409824,
        "segments": [
          {
            "start": 168.118408203125,
            "end": 1353.156982421875
          }
        ],
        "line_count": 27
      },
      {
        "intercept": 316.2746654782631,
        "slope": -2.3202051681627445e-05,
        "avg_width": 3.730920179729202,
        "coverage": 0.8707055360801942,
        "segments": [
          {
            "start": 188.12440490722656,
            "end": 358.1429443359375
          },
          {
            "start": 454.4031066894531,
            "end": 1363.125732421875
          }
        ],
        "line_count": 23
      },
      {
        "intercept": 419.19232948592105,
        "slope": -0.0007681322658998921,
        "avg_width": 4.0356078246314935,
        "coverage": 0.8424909787253944,
        "segments": [
          {
            "start": 180.61990356445312,
            "end": 359.38092041015625
          },
          {
            "start": 438.10723876953125,
            "end": 1303.131591796875
          }
        ],
        "line_count": 22
      },
      {
        "intercept": 523.8715337578899,
        "slope": -0.0012156117121485443,
        "avg_width": 3.9344605782132964,
        "coverage": 0.8546117463339498,
        "segments": [
          {
            "start": 186.864501953125,
            "end": 358.1610412597656
          },
          {
            "start": 425.6217346191406,
            "end": 1313.1273193359375
          }
        ],
        "line_count": 21
      },
      {
        "intercept": 627.214683382659,
        "slope": -9.340002068303185e-05,
        "avg_width": 3.605901227212379,
        "coverage": 0.804152738225054,
        "segments": [
          {
            "start": 219.3826141357422,
            "end": 1174.4150390625
          },
          {
            "start": 1243.1212158203125,
            "end": 1284.3758544921875
          }
        ],
        "line_count": 18
      },
      {
        "intercept": 728.386905438735,
        "slope": 0.0007361617678151469,
        "avg_width": 3.823938688244762,
        "coverage": 0.8728032432926222,
        "segments": [
          {
            "start": 186.85365295410156,
            "end": 1161.8765869140625
          },
          {
            "start": 1239.3763427734375,
            "end": 1345.6934814453125
          }
        ],
        "line_count": 21
      }
    ],
    "num_columns": 8,
    "columns": [
      {
        "index": 0,
        "left_x": 1.8974190354192917,
        "right_x": 109.85413366351435,
        "width": 107.95671462809506
      },
      {
        "index": 1,
        "left_x": 109.85413366351435,
        "right_x": 212.7566335533572,
        "width": 102.90249988984286
      },
      {
        "index": 2,
        "left_x": 212.7566335533572,
        "right_x": 316.2746654782631,
        "width": 103.5180319249059
      },
      {
        "index": 3,
        "left_x": 316.2746654782631,
        "right_x": 419.19232948592105,
        "width": 102.91766400765795
      },
      {
        "index": 4,
        "left_x": 419.19232948592105,
        "right_x": 523.8715337578899,
        "width": 104.67920427196884
      },
      {
        "index": 5,
        "left_x": 523.8715337578899,
        "right_x": 627.214683382659,
        "width": 103.34314962476913
      },
      {
        "index": 6,
        "left_x": 627.214683382659,
        "right_x": 728.386905438735,
        "width": 101.17222205607595
      },
      {
        "index": 7,
        "left_x": 728.386905438735,
        "right_x": 829.7872777524589,
        "width": 101.40037231372389
      }
    ]
  },
  "columns": {
    "columns": [
      {
        "index": 0,
        "left_x": 1.8974190354192917,
        "right_x": 109.85413366351435,
        "width": 107.95671462809506
      },
      {
        "index": 1,
        "left_x": 109.85413366351435,
        "right_x": 212.7566335533572,
        "width": 102.90249988984286
      },
      {
        "index": 2,
        "left_x": 212.7566335533572,
        "right_x": 316.2746654782631,
        "width": 103.5180319249059
      },
      {
        "index": 3,
        "left_x": 316.2746654782631,
        "right_x": 419.19232948592105,
        "width": 102.91766400765795
      },
      {
        "index": 4,
        "left_x": 419.19232948592105,
        "right_x": 523.8715337578899,
        "width": 104.67920427196884
      },
      {
        "index": 5,
        "left_x": 523.8715337578899,
        "right_x": 627.214683382659,
        "width": 103.34314962476913
      },
      {
        "index": 6,
        "left_x": 627.214683382659,
        "right_x": 728.386905438735,
        "width": 101.17222205607595
      },
      {
        "index": 7,
        "left_x": 728.386905438735,
        "right_x": 829.7872777524589,