{
  "lsd_summary": {
    "total": 252,
    "vertical": 194,
    "horizontal": 48,
    "other": 10
  },
  "borders": {
    "image_size": {
      "width": 1005,
      "height": 1556
    },
    "outer_frame": {
      "top": {
        "outer": {
          "intercept": 149.73377778946227,
          "slope": 0.0015085296121847374,
          "avg_width": 4.4592618162750615,
          "total_length": 823.7130889892578,
          "line_count": 19,
          "segments": [
            {
              "start": 139.3793182373047,
              "end": 963.0924072265625
            }
          ]
        },
        "inner": null
      },
      "bottom": {
        "outer": {
          "intercept": 1407.7225238573571,
          "slope": -0.012139926275116527,
          "avg_width": 4.032225261952919,
          "total_length": 816.2659606933594,
          "line_count": 26,
          "segments": [
            {
              "start": 164.36093139648438,
              "end": 980.6268920898438
            }
          ]
        },
        "inner": null
      },
      "left": {
        "outer": {
          "intercept": 165.5922360484738,
          "slope": 0.010303197886958541,
          "avg_width": 4.174375256761769,
          "total_length": 1208.7562103271484,
          "line_count": 27,
          "segments": [
            {
              "start": 184.37635803222656,
              "end": 1393.132568359375
            }
          ]
        },
        "inner": null
      },
      "right": {
        "outer": {
          "intercept": 893.102067891067,
          "slope": 0.007619351084490997,
          "avg_width": 3.893691900772659,
          "total_length": 1115.1227111816406,
          "line_count": 27,
          "segments": [
            {
              "start": 184.32272338867188,
              "end": 553.1806030273438
            },
            {
              "start": 626.8662719726562,
              "end": 1373.131103515625
            }
          ]
        },
        "inner": null
      }
    },
    "inner_frame": {
      "top": {
        "intercept": 149.73377778946227,
        "slope": 0.0015085296121847374
      },
      "bottom": {
        "intercept": 1407.7225238573571,
        "slope": -0.012139926275116527
      },
      "left": {
        "intercept": 165.5922360484738,
        "slope": 0.010303197886958541
      },
      "right": {
        "intercept": 893.102067891067,
        "slope": 0.007619351084490997
      }
    },
    "column_dividers": [
      {
        "intercept": 270.0014385911983,
        "slope": 0.010994047716309855,
        "avg_width": 4.208999147957183,
        "coverage": 0.9211387982947412,
        "segments": [
          {
            "start": 194.34629821777344,
            "end": 1353.1285400390625
          }
        ],
        "line_count": 22
      },
      {
        "intercept": 374.92702692235855,
        "slope": 0.008077681289460466,
        "avg_width": 3.704291402685415,
        "coverage": 0.8227915297148036,
        "segments": [
          {
            "start": 215.58351135253906,
            "end": 803.12939453125
          },
          {
            "start": 876.86669921875,
            "end": 1106.8812255859375
          },
          {
            "start": 1170.6337890625,
            "end": 1388.1358642578125
          }
        ],
        "line_count": 19
      },
      {
        "intercept": 478.06038144727756,
        "slope": 0.008650370777240391,
        "avg_width": 3.6088691958526513,
        "coverage": 0.5982744280591314,
        "segments": [
          {
            "start": 230.61297607421875,
            "end": 784.4104614257812
          },
          {
            "start": 975.6206665039062,
            "end": 1084.3758544921875
          },
          {
            "start": 1170.58154296875,
            "end": 1203.129150390625
          },
          {
            "start": 1266.870361328125,
            "end": 1324.392578125
          }
        ],
        "line_count": 19
      },
      {
        "intercept": 579.2505136031219,
        "slope": 0.010368937973819036,
        "avg_width": 3.676657381910734,
        "coverage": 0.9171633630040225,
        "segments": [
          {
            "start": 196.85247802734375,
            "end": 1350.6336669921875
          }
        ],
        "line_count": 26
      },
      {
        "intercept": 684.7443064813773,
        "slope": 0.010331738897414658,
        "avg_width": 4.1430472198883574,
        "coverage": 0.9647343370584837,
        "segments": [
          {
            "start": 163.25469970703125,
            "end": 1376.879638671875
          }
        ],
        "line_count": 20
      },
      {
        "intercept": 787.6220172683653,
        "slope": 0.009475446137484229,
        "avg_width": 4.041721974795517,
        "coverage": 0.9658694531406421,
        "segments": [
          {
            "start": 161.8322296142578,
            "end": 1376.8851318359375
          }
        ],
        "line_count": 27
      }
    ],
    "num_columns": 7,
    "columns": [
      {
        "index": 0,
        "left_x": 165.5922360484738,
        "right_x": 270.0014385911983,
        "width": 104.40920254272447
      },
      {
        "index": 1,
        "left_x": 270.0014385911983,
        "right_x": 374.92702692235855,
        "width": 104.92558833116027
      },
      {
        "index": 2,
        "left_x": 374.92702692235855,
        "right_x": 478.06038144727756,
        "width": 103.13335452491901
      },
      {
        "index": 3,
        "left_x": 478.06038144727756,
        "right_x": 579.2505136031219,
        "width": 101.19013215584437
      },
      {
        "index": 4,
        "left_x": 579.2505136031219,
        "right_x": 684.7443064813773,
        "width": 105.49379287825536
      },
      {
        "index": 5,
        "left_x": 684.7443064813773,
        "right_x": 787.6220172683653,
        "width": 102.87771078698802
      },
      {
        "index": 6,
        "left_x": 787.6220172683653,
        "right_x": 893.102067891067,
        "width": 105.4800506227017
      }
    ],
    "_column_mismatch": {
      "expected": 8,
      "detected": 7
    }
  },
  "columns": {
    "columns": [
      {
        "index": 0,
        "left_x": 165.5922360484738,
        "right_x": 270.0014385911983,
        "width": 104.40920254272447
      },
      {
        "index": 1,
        "left_x": 270.0014385911983,
        "right_x": 374.92702692235855,
        "width": 104.92558833116027
      },
      {
        "index": 2,
        "left_x": 374.92702692235855,
        "right_x": 478.06038144727756,
        "width": 103.13335452491901
      },
      {
        "index": 3,
        "left_x": 478.06038144727756,
        "right_x": 579.2505136031219,
        "width": 101.19013215584437
      },
      {
        "index": 4,
        "left_x": 579.2505136031219,
        "right_x": 684.7443064813773,
        "width": 105.49379287825536
      },
      {
        "index": 5,
        "left_x": 684.7443064813773,
        "right_x": 787.6220172683653,
        "width": 102.87771078698802
      },
      {
        "index": 6,
        "left_x": 787.6220172683653,
        "right_x": 893.102067891067,
        "width": 105.4800506227017
      }
    ],
    "column_width_stats": {
      "mean": 103.92997597751331,
      "std": 1.4792743733380644,
      "cv": 0.014233375495613758
    },
    "is_uniform": true
  }
}