old_id	new_id	action	char	cov
vol01:10:1:9	vol01:10:1:10	rekey	轕	0.9989
vol01:10:1:10	vol01:10:1:11	rekey	於	0.9994
vol01:10:1:11	vol01:10:1:12	rekey	易	0.9996
vol01:10:1:12	vol01:10:1:13	rekey	先	0.9995
vol01:10:1:13	vol01:10:1:14	rekey	列	0.9995
vol01:10:1:14	vol01:10:1:15	rekey	蒙	0.9994
vol01:10:1:15	vol01:10:1:16	rekey	卦	0.9995
vol01:10:1:16	vol01:10:1:17	rekey	於	0.9997
vol01:10:1:17	vol01:10:1:18	rekey	詩	0.9993
vol01:10:1:18	vol01:10:1:19	rekey	先	0.9996
vol01:10:1:1	vol01:10:1:2	rekey	籍	0.9995
vol01:10:1:19	vol01:10:1:20	rekey	列	0.9997
vol01:10:1:20	vol01:10:1:21	rekey	大	0.9996
vol01:10:1:2	vol01:10:1:3	rekey	根	0.9996
vol01:10:1:3	vol01:10:1:4	rekey	源	0.9995
vol01:10:1:4	vol01:10:1:5	rekey	乃	0.9993
vol01:10:1:5	vol01:10:1:6	rekey	因	0.9998
vol01:10:1:6	vol01:10:1:7	rekey	各	0.9996
vol01:10:1:7	vol01:10:1:8	rekey	韻	0.9993
vol01:10:1:8	vol01:10:1:9	rekey	轇	0.9989
vol01:10:2:9	vol01:10:2:10	rekey	且	0.9996
vol01:10:2:10	vol01:10:2:11	rekey	採	0.9995
vol01:10:2:11	vol01:10:2:12	rekey	用	0.9997
vol01:10:2:12	vol01:10:2:13	rekey	各	0.9996
vol01:10:2:13	vol01:10:2:14	rekey	字	0.9996
vol01:10:2:14	vol01:10:2:15	rekey	不	0.9995
vol01:10:2:15	vol01:10:2:16	rekey	論	0.9993
vol01:10:2:16	vol01:10:2:17	rekey	易	0.9996
vol01:10:2:17	vol01:10:2:18	rekey	書	0.9996
vol01:10:2:18	vol01:10:2:19	rekey	詩	0.9995
vol01:10:2:1	vol01:10:2:2	rekey	東	0.9996
vol01:10:2:19	vol01:10:2:20	rekey	禮	0.9994
vol01:10:2:20	vol01:10:2:21	rekey	春	0.9997
vol01:10:2:2	vol01:10:2:3	rekey	於	0.9997
vol01:10:2:3	vol01:10:2:4	rekey	周	0.9996
vol01:10:2:4	vol01:10:2:5	rekey	禮	0.9995
vol01:10:2:5	vol01:10:2:6	rekey	先	0.9997
vol01:10:2:6	vol01:10:2:7	rekey	列	0.9996
vol01:10:2:7	vol01:10:2:8	rekey	冬	0.9995
vol01:10:2:8	vol01:10:2:9	rekey	官	0.9997
vol01:10:3:9	vol01:10:3:10	rekey	至	0.9995
vol01:10:3:10	vol01:10:3:11	rekey	載	0.9996
vol01:10:3:11	vol01:10:3:12	rekey	入	0.9998
vol01:10:3:12	vol01:10:3:13	rekey	六	0.9995
vol01:10:3:13	vol01:10:3:14	rekey	書	0.9994
vol01:10:3:14	vol01:10:3:15	rekey	篆	0.9994
vol01:10:3:15	vol01:10:3:16	rekey	𨽾	0.999
vol01:10:3:16	vol01:10:3:17	rekey	眞	0.9983
vol01:10:3:17	vol01:10:3:18	rekey	草	0.9991
vol01:10:3:18	vol01:10:3:19	rekey	字	0.9992
vol01:10:3:1	vol01:10:3:2	rekey	秋	0.9996
vol01:10:3:19	vol01:10:3:20	rekey	樣	0.9993
vol01:10:3:2	vol01:10:3:3	rekey	之	0.9992
vol01:10:3:3	vol01:10:3:4	rekey	序	0.9997
vol01:10:3:4	vol01:10:3:5	rekey	前	0.9995
vol01:10:3:5	vol01:10:3:6	rekey	後	0.9996
vol01:10:3:6	vol01:10:3:7	rekey	錯	0.9995
vol01:10:3:7	vol01:10:3:8	rekey	互	0.9996
vol01:10:3:8	vol01:10:3:9	rekey	甚	0.9995
vol01:10:4:9	vol01:10:4:10	rekey	描	0.9994
vol01:10:4:10	vol01:10:4:11	rekey	頭	0.9994
vol01:10:4:11	vol01:10:4:12	rekey	畫	0.9995
vol01:10:4:12	vol01:10:4:13	rekey	角	0.9996
vol01:10:4:13	vol01:10:4:14	rekey	支	0.9995
vol01:10:4:14	vol01:10:4:15	rekey	離	0.9995
vol01:10:4:15	vol01:10:4:16	rekey	無	0.9994
vol01:10:4:17	vol01:10:4:18	rekey	至	0.9993
vol01:10:4:18	vol01:10:4:19	rekey	儒	0.999
vol01:10:4:1	vol01:10:4:2	rekey	拾	0.9996
vol01:10:4:19	vol01:10:4:20	rekey	書	0.9994
vol01:10:4:20	vol01:10:4:21	rekey	之	0.9997
vol01:10:4:2	vol01:10:4:3	rekey	米	0.9997
vol01:10:4:3	vol01:10:4:4	rekey	芾	0.9994
vol01:10:4:4	vol01:10:4:5	rekey	趙	0.9996
vol01:10:4:5	vol01:10:4:6	rekey	孟	0.9996
vol01:10:4:6	vol01:10:4:7	rekey	頫	0.9995
vol01:10:4:7	vol01:10:4:8	rekey	字	0.9994
vol01:10:4:8	vol01:10:4:9	rekey	格	0.9996
vol01:10:5:9	vol01:10:5:10	rekey	古	0.9997
vol01:10:5:10	vol01:10:5:11	rekey	柱	0.9996
vol01:10:5:11	vol01:10:5:12	rekey	下	0.9996
vol01:10:5:12	vol01:10:5:13	rekey	史	0.9993
vol01:10:5:13	vol01:10:5:14	rekey	專	0.9991
vol01:10:5:14	vol01:10:5:15	rekey	掌	0.9992
vol01:10:5:15	vol01:10:5:16	rekey	藏	0.9995
vol01:10:5:16	vol01:10:5:17	rekey	書	0.9994
vol01:10:5:17	vol01:10:5:18	rekey	守	0.9996
vol01:10:5:18	vol01:10:5:19	rekey	先	0.9996
vol01:10:5:1	vol01:10:5:2	rekey	外	0.9996
vol01:10:5:19	vol01:10:5:20	rekey	待	0.9994
vol01:10:5:20	vol01:10:5:21	rekey	後	0.9994
vol01:10:5:2	vol01:10:5:3	rekey	闌	0.9995
vol01:10:5:3	vol01:10:5:4	rekey	入	0.9997
vol01:10:5:4	vol01:10:5:5	rekey	釋	0.9995
vol01:10:5:5	vol01:10:5:6	rekey	典	0.9987
vol01:10:5:6	vol01:10:5:7	rekey	道	0.9994
vol01:10:5:7	vol01:10:5:8	rekey	經	0.9994
vol01:10:5:8	vol01:10:5:9	rekey	於	0.9995
vol01:10:6:9	vol01:10:6:10	rekey	朕	0.9995
vol01:10:6:10	vol01:10:6:11	rekey	意	0.9996
vol01:10:6:11	vol01:10:6:12	rekey	從	0.9994
vol01:10:6:12	vol01:10:6:13	rekey	來	0.9996
vol01:10:6:13	vol01:10:6:14	rekey	四	0.9995
vol01:10:6:14	vol01:10:6:15	rekey	庫	0.9995
vol01:10:6:15	vol01:10:6:16	rekey	書	0.9983
vol01:10:6:16	vol01:10:6:17	rekey	目	0.9991
vol01:10:6:17	vol01:10:6:18	rekey	以	0.9997
vol01:10:6:18	vol01:10:6:19	rekey	經	0.9995
vol01:10:6:1	vol01:10:6:2	rekey	之	0.9997
vol01:10:6:19	vol01:10:6:20	rekey	史	0.9995
vol01:10:6:2	vol01:10:6:3	rekey	義	0.9993
vol01:10:6:4	vol01:10:6:5	rekey	爲	0.9994
vol01:10:6:5	vol01:10:6:6	rekey	鑿	0.9995
vol01:10:6:6	vol01:10:6:7	rekey	枘	0.9996
vol01:10:6:7	vol01:10:6:8	rekey	不	0.9996
vol01:10:6:8	vol01:10:6:9	rekey	合	0.9995
vol01:10:7:1	vol01:10:7:1	rekey_in_place	集	0.9995
vol01:10:7:11	vol01:10:7:12	rekey	今	0.9993
vol01:10:7:12	vol01:10:7:13	rekey	不	0.9991
vol01:10:7:13	vol01:10:7:14	rekey	易	0.9993
vol01:10:7:14	vol01:10:7:15	rekey	之	0.9994
vol01:10:7:15	vol01:10:7:16	rekey	法	0.9994
vol01:10:7:16	vol01:10:7:17	rekey	是	0.9994
vol01:10:7:17	vol01:10:7:18	rekey	書	0.9991
vol01:10:7:18	vol01:10:7:19	rekey	既	0.9995
vol01:10:7:2	vol01:10:7:2	rekey_in_place	爲	0.9993
vol01:10:7:19	vol01:10:7:20	rekey	遺	0.9993
vol01:10:7:20	vol01:10:7:21	rekey	編	0.9994
vol01:10:7:3	vol01:10:7:3	rekey_in_place	綱	0.9992
vol01:10:7:4	vol01:10:7:4	rekey_in_place	領	0.9992
vol01:10:7:5	vol01:10:7:5	rekey_in_place	裒	0.9996
vol01:10:7:6	vol01:10:7:6	rekey_in_place	輯	0.9994
vol01:10:7:7	vol01:10:7:7	rekey_in_place	分	0.9994
vol01:10:7:8	vol01:10:7:8	rekey_in_place	儲	0.9994
vol01:10:8:9	vol01:10:8:10	rekey	所	0.9996
vol01:10:8:10	vol01:10:8:11	rekey	登	0.9995
vol01:10:8:11	vol01:10:8:12	rekey	用	0.9996
vol01:10:8:12	vol01:10:8:13	rekey	廣	0.9995
vol01:10:8:13	vol01:10:8:14	rekey	石	0.9995
vol01:10:8:14	vol01:10:8:15	rekey	渠	0.9994
vol01:10:8:15	vol01:10:8:16	rekey	金	0.9996
vol01:10:8:16	vol01:10:8:17	rekey	匱	0.9993
vol01:10:8:17	vol01:10:8:18	rekey	之	0.9997
vol01:10:8:18	vol01:10:8:19	rekey	藏	0.9994
vol01:10:8:1	vol01:10:8:2	rekey	淵	0.9993
vol01:10:8:19	vol01:10:8:20	rekey	較	0.9994
vol01:10:8:2	vol01:10:8:3	rekey	海	0.9995
vol01:10:8:3	vol01:10:8:4	rekey	若	0.9996
vol01:10:8:4	vol01:10:8:5	rekey	準	0.9994
vol01:10:8:5	vol01:10:8:6	rekey	此	0.9997
vol01:10:8:6	vol01:10:8:7	rekey	以	0.9997
vol01:10:8:7	vol01:10:8:8	rekey	採	0.9996
vol01:10:8:8	vol01:10:8:9	rekey	擷	0.9996
vol01:10:9:9	vol01:10:9:10	rekey	華	0.9991
vol01:10:9:10	vol01:10:9:11	rekey	裘	0.9993
vol01:10:9:11	vol01:10:9:12	rekey	曰	0.9996
vol01:10:9:14	vol01:10:9:15	rekey	總	0.9995
vol01:10:9:15	vol01:10:9:16	rekey	裁	0.9995
vol01:10:9:16	vol01:10:9:17	rekey	官	0.9994
vol01:10:9:18	vol01:10:9:19	rekey	令	0.9994
vol01:10:9:1	vol01:10:9:2	rekey	有	0.9997
vol01:10:9:19	vol01:10:9:20	rekey	同	0.9997
vol01:10:9:2	vol01:10:9:3	rekey	益	0.9995
vol01:10:9:3	vol01:10:9:4	rekey	著	0.9996
vol01:10:9:4	vol01:10:9:5	rekey	再	0.9997
vol01:10:9:5	vol01:10:9:6	rekey	添	0.9997
vol01:10:9:6	vol01:10:9:7	rekey	派	0.9997
vol01:10:9:7	vol01:10:9:8	rekey	王	0.9997
vol01:10:9:8	vol01:10:9:9	rekey	際	0.9994
vol01:11:1:9	vol01:11:1:10	rekey	定	0.9998
vol01:11:1:10	vol01:11:1:11	rekey	條	0.9994
vol01:11:1:11	vol01:11:1:12	rekey	例	0.9996
vol01:11:1:12	vol01:11:1:13	rekey	將	0.9994
vol01:11:1:13	vol01:11:1:14	rekey	永	0.9996
vol01:11:1:14	vol01:11:1:15	rekey	樂	0.9994
vol01:11:1:15	vol01:11:1:16	rekey	大	0.9995
vol01:11:1:16	vol01:11:1:17	rekey	典	0.9994
vol01:11:1:17	vol01:11:1:18	rekey	詳	0.9992
vol01:11:1:18	vol01:11:1:19	rekey	悉	0.9994
vol01:11:1:19	vol01:11:1:20	rekey	校	0.9994
vol01:11:1:20	vol01:11:1:21	rekey	核	0.9993
vol01:11:1:2	vol01:11:1:3	rekey	分	0.9996
vol01:11:1:3	vol01:11:1:4	rekey	校	0.9995
vol01:11:1:4	vol01:11:1:5	rekey	各	0.9996
vol01:11:1:5	vol01:11:1:6	rekey	員	0.9992
vol01:11:1:6	vol01:11:1:7	rekey	悉	0.9995
vol01:11:1:7	vol01:11:1:8	rekey	心	0.9996
vol01:11:1:8	vol01:11:1:9	rekey	酌	0.9994
vol01:11:2:9	vol01:11:2:10	rekey	雖	0.9993
vol01:11:2:10	vol01:11:2:11	rekey	屬	0.9995
vol01:11:2:11	vol01:11:2:12	rekey	古	0.9994
vol01:11:2:12	vol01:11:2:13	rekey	書	0.9995
vol01:11:2:13	vol01:11:2:14	rekey	而	0.9994
vol01:11:2:14	vol01:11:2:15	rekey	詞	0.9996
vol01:11:2:15	vol01:11:2:16	rekey	義	0.9993
vol01:11:2:16	vol01:11:2:17	rekey	無	0.9993
vol01:11:2:17	vol01:11:2:18	rekey	關	0.9994
vol01:11:2:18	vol01:11:2:19	rekey	典	0.9994
vol01:11:2:1	vol01:11:2:2	rekey	除	0.9995
vol01:11:2:19	vol01:11:2:20	rekey	要	0.9995
vol01:11:2:20	vol01:11:2:21	rekey	者	0.9995
vol01:11:2:2	vol01:11:2:3	rekey	本	0.9995
vol01:11:2:3	vol01:11:2:4	rekey	係	0.9996
vol01:11:2:4	vol01:11:2:5	rekey	現	0.9993
vol01:11:2:5	vol01:11:2:6	rekey	在	0.9994
vol01:11:2:6	vol01:11:2:7	rekey	通	0.9996
vol01:11:2:7	vol01:11:2:8	rekey	行	0.9993
vol01:11:2:8	vol01:11:2:9	rekey	及	0.9995
vol01:11:3:9	vol01:11:3:10	rekey	有	0.9991
vol01:11:3:10	vol01:11:3:11	rekey	實	0.9996
vol01:11:3:11	vol01:11:3:12	rekey	在	0.9995
vol01:11:3:12	vol01:11:3:13	rekey	流	0.9996
vol01:11:3:13	vol01:11:3:14	rekey	傳	0.9994
vol01:11:3:14	vol01:11:3:15	rekey	已	0.9998
vol01:11:3:15	vol01:11:3:16	rekey	少	0.9996
vol01:11:3:16	vol01:11:3:17	rekey	其	0.9995
vol01:11:3:17	vol01:11:3:18	rekey	書	0.9991
vol01:11:3:18	vol01:11:3:19	rekey	足	0.9995
vol01:11:3:19	vol01:11:3:20	rekey	資	0.9994
vol01:11:3:20	vol01:11:3:21	rekey	啟	0.9993
vol01:11:3:2	vol01:11:3:3	rekey	必	0.9996
vol01:11:3:3	vol01:11:3:4	rekey	再	0.9994
vol01:11:3:4	vol01:11:3:5	rekey	行	0.9995
vol01:11:3:5	vol01:11:3:6	rekey	採	0.9992
vol01:11:3:6	vol01:11:3:7	rekey	錄	0.9993
vol01:11:3:7	vol01:11:3:8	rekey	外	0.9994
vol01:11:3:8	vol01:11:3:9	rekey	其	0.9995
vol01:11:4:9	vol01:11:4:10	rekey	卽	0.9994
vol01:11:4:10	vol01:11:4:11	rekey	將	0.9995
vol01:11:4:11	vol01:11:4:12	rekey	書	0.9995
vol01:11:4:12	vol01:11:4:13	rekey	名	0.9997
vol01:11:4:13	vol01:11:4:14	rekey	摘	0.9996
vol01:11:4:14	vol01:11:4:15	rekey	出	0.9997
vol01:11:4:15	vol01:11:4:16	rekey	撮	0.9994
vol01:11:4:16	vol01:11:4:17	rekey	取	0.9997
vol01:11:4:17	vol01:11:4:18	rekey	著	0.9996
vol01:11:4:18	vol01:11:4:19	rekey	書	0.9995
vol01:11:4:19	vol01:11:4:20	rekey	大	0.9995
vol01:11:4:20	vol01:11:4:21	rekey	㫖	0.9954
vol01:11:4:2	vol01:11:4:3	rekey	後	0.9995
vol01:11:4:3	vol01:11:4:4	rekey	學	0.9997
vol01:11:4:4	vol01:11:4:5	rekey	廣	0.9991
vol01:11:4:5	vol01:11:4:6	rekey	益	0.9995
vol01:11:4:6	vol01:11:4:7	rekey	多	0.9995
vol01:11:4:7	vol01:11:4:8	rekey	聞	0.9995
vol01:11:4:8	vol01:11:4:9	rekey	者	0.9994
vol01:11:5:9	vol01:11:5:10	rekey	裁	0.9995
vol01:11:5:10	vol01:11:5:11	rekey	定	0.9996
vol01:11:5:11	vol01:11:5:12	rekey	彚	0.9993
vol01:11:5:12	vol01:11:5:13	rekey	付	0.9996
vol01:11:5:13	vol01:11:5:14	rekey	剞	0.9995
vol01:11:5:14	vol01:11:5:15	rekey	劂	0.9994
vol01:11:5:15	vol01:11:5:16	rekey	其	0.9993
vol01:11:5:16	vol01:11:5:17	rekey	中	0.9996
vol01:11:5:17	vol01:11:5:18	rekey	有	0.9997
vol01:11:5:18	vol01:11:5:19	rekey	書	0.9994
vol01:11:5:1	vol01:11:5:2	rekey	敘	0.9996
vol01:11:5:20	vol01:11:5:21	rekey	可	0.9996
vol01:11:5:2	vol01:11:5:3	rekey	列	0.9994
vol01:11:5:3	vol01:11:5:4	rekey	目	0.9998
vol01:11:5:4	vol01:11:5:5	rekey	錄	0.9995
vol01:11:5:5	vol01:11:5:6	rekey	進	0.9994
vol01:11:5:6	vol01:11:5:7	rekey	呈	0.9993
vol01:11:5:8	vol01:11:5:9	rekey	朕	0.9997
vol01:11:6:11	vol01:11:6:12	rekey	須	0.9996
vol01:11:6:12	vol01:11:6:13	rekey	注	0.9995
vol01:11:6:13	vol01:11:6:14	rekey	出	0.9995
vol01:11:6:14	vol01:11:6:15	rekey	簡	0.9995
vol01:11:6:15	vol01:11:6:16	rekey	明	0.9995
vol01:11:6:16	vol01:11:6:17	rekey	畧	0.9993
vol01:11:6:17	vol01:11:6:18	rekey	節	0.9995
vol01:11:6:18	vol01:11:6:19	rekey	以	0.9995
vol01:11:6:19	vol01:11:6:20	rekey	佐	0.9994
vol01:11:6:20	vol01:11:6:21	rekey	流	0.9995
vol01:11:6:2	vol01:11:6:3	rekey	而	0.9995
vol01:11:6:3	vol01:11:6:4	rekey	其	0.9995
vol01:11:6:4	vol01:11:6:5	rekey	名	0.9995
vol01:11:6:5	vol01:11:6:6	rekey	未	0.9995
vol01:11:6:6	vol01:11:6:7	rekey	可	0.9997
vol01:11:6:7	vol01:11:6:8	rekey	盡	0.9998
vol01:11:6:8	vol01:11:6:9	rekey	滅	0.9995
vol01:11:7:9	vol01:11:7:10	rekey	全	0.9996
vol01:11:7:10	vol01:11:7:11	rekey	部	0.9995
vol01:11:7:11	vol01:11:7:12	rekey	付	0.9995
vol01:11:7:12	vol01:11:7:13	rekey	梓	0.9993
vol01:11:7:13	vol01:11:7:14	rekey	副	0.9996
vol01:11:7:14	vol01:11:7:15	rekey	朕	0.9994
vol01:11:7:15	vol01:11:7:16	rekey	裨	0.9993
vol01:11:7:16	vol01:11:7:17	rekey	補	0.9995
vol01:11:7:17	vol01:11:7:18	rekey	闕	0.9994
vol01:11:7:18	vol01:11:7:19	rekey	遺	0.9993
vol01:11:7:1	vol01:11:7:2	rekey	傳	0.9995
vol01:11:7:19	vol01:11:7:20	rekey	嘉	0.9993
vol01:11:7:20	vol01:11:7:21	rekey	惠	0.9964
vol01:11:7:2	vol01:11:7:3	rekey	考	0.9993
vol01:11:7:3	vol01:11:7:4	rekey	訂	0.9996
vol01:11:7:4	vol01:11:7:5	rekey	之	0.9997
vol01:11:7:5	vol01:11:7:6	rekey	用	0.9997
vol01:11:7:6	vol01:11:7:7	rekey	不	0.9996
vol01:11:7:7	vol01:11:7:8	rekey	必	0.9995
vol01:11:7:8	vol01:11:7:9	rekey	將	0.9995
vol01:11:8:9	vol01:11:8:10	rekey	帙	0.9995
vol01:11:8:10	vol01:11:8:11	rekey	如	0.9996
vol01:11:8:11	vol01:11:8:12	rekey	此	0.9997
vol01:11:8:12	vol01:11:8:13	rekey	繁	0.9995
vol01:11:8:13	vol01:11:8:14	rekey	重	0.9995
vol01:11:8:14	vol01:11:8:15	rekey	而	0.9995
vol01:11:8:15	vol01:11:8:16	rekey	明	0.9997
vol01:11:8:16	vol01:11:8:17	rekey	代	0.9996
vol01:11:8:17	vol01:11:8:18	rekey	蕆	0.9994
vol01:11:8:18	vol01:11:8:19	rekey	役	0.9994
vol01:11:8:1	vol01:11:8:2	rekey	士	0.9996
vol01:11:8:19	vol01:11:8:20	rekey	僅	0.9994
vol01:11:8:20	vol01:11:8:21	rekey	閱	0.9993
vol01:11:8:2	vol01:11:8:3	rekey	林	0.9994
vol01:11:8:3	vol01:11:8:4	rekey	至	0.9993
vol01:11:8:4	vol01:11:8:5	rekey	意	0.9993
vol01:11:8:5	vol01:11:8:6	rekey	再	0.9995
vol01:11:8:6	vol01:11:8:7	rekey	是	0.9997
vol01:11:8:7	vol01:11:8:8	rekey	書	0.9995
vol01:11:8:8	vol01:11:8:9	rekey	卷	0.9995
vol01:11:9:9	vol01:11:9:10	rekey	輯	0.9993
vol01:11:9:10	vol01:11:9:11	rekey	更	0.9997
vol01:11:9:11	vol01:11:9:12	rekey	係	0.9996
vol01:11:9:12	vol01:11:9:13	rekey	棄	0.9976
vol01:11:9:13	vol01:11:9:14	rekey	多	0.9997
vol01:11:9:14	vol01:11:9:15	rekey	取	0.9996
vol01:11:9:15	vol01:11:9:16	rekey	少	0.9996
vol01:11:9:16	vol01:11:9:17	rekey	自	0.9997
vol01:11:9:17	vol01:11:9:18	rekey	當	0.9994
vol01:11:9:18	vol01:11:9:19	rekey	刻	0.9996
vol01:11:9:19	vol01:11:9:20	rekey	期	0.9995
vol01:11:9:2	vol01:11:9:3	rekey	年	0.9992
vol01:11:9:3	vol01:11:9:4	rekey	今	0.9995
vol01:11:9:4	vol01:11:9:5	rekey	諸	0.9992
vol01:11:9:5	vol01:11:9:6	rekey	臣	0.9995
vol01:11:9:6	vol01:11:9:7	rekey	從	0.9995
vol01:11:9:7	vol01:11:9:8	rekey	事	0.9995
vol01:11:9:8	vol01:11:9:9	rekey	釐	0.9994
vol01:12:1:9	vol01:12:1:10	rekey	誚	0.9993
vol01:12:1:10	vol01:12:1:11	rekey	汗	0.9997
vol01:12:1:11	vol01:12:1:12	rekey	青	0.9995
vol01:12:1:12	vol01:12:1:13	rekey	無	0.9996
vol01:12:1:13	vol01:12:1:14	rekey	日	0.9997
vol01:12:1:14	vol01:12:1:15	rekey	仍	0.9996
vol01:12:1:15	vol01:12:1:16	rekey	將	0.9997
vol01:12:1:16	vol01:12:1:17	rekey	應	0.9995
vol01:12:1:17	vol01:12:1:18	rekey	定	0.9995
vol01:12:1:18	vol01:12:1:19	rekey	條	0.9994
vol01:12:1:1	vol01:12:1:2	rekey	竣	0.9995
vol01:12:1:19	vol01:12:1:20	rekey	例	0.9997
vol01:12:1:2	vol01:12:1:3	rekey	不	0.9997
vol01:12:1:3	vol01:12:1:4	rekey	得	0.9996
vol01:12:1:4	vol01:12:1:5	rekey	任	0.9995
vol01:12:1:5	vol01:12:1:6	rekey	意	0.9995
vol01:12:1:6	vol01:12:1:7	rekey	稽	0.9994
vol01:12:1:7	vol01:12:1:8	rekey	延	0.9995
vol01:12:1:8	vol01:12:1:9	rekey	徒	0.9996
vol01:12:2:1	vol01:12:2:2	rekey	行	0.9997
vol01:12:2:2	vol01:12:2:3	rekey	詳	0.9995
vol01:12:2:3	vol01:12:2:4	rekey	議	0.9995
vol01:12:2:4	vol01:12:2:5	rekey	具	0.9994
vol01:12:2:5	vol01:12:2:6	rekey	奏	0.9996
vol01:12:2:6	vol01:12:2:7	rekey	欽	0.9993
vol01:12:2:7	vol01:12:2:8	rekey	此	0.9995
vol01:12:3:9	vol01:12:3:10	rekey	月	0.9994
vol01:12:3:10	vol01:12:3:11	rekey	十	0.9999
vol01:12:3:11	vol01:12:3:12	rekey	七	0.9995
vol01:12:3:12	vol01:12:3:13	rekey	日	0.9999
vol01:12:3:13	vol01:12:3:14	rekey	奉	0.9995
vol01:12:3:2	vol01:12:3:3	rekey	乾	0.9996
vol01:12:3:3	vol01:12:3:4	rekey	隆	0.9995
vol01:12:3:4	vol01:12:3:5	rekey	三	0.9995
vol01:12:3:5	vol01:12:3:6	rekey	十	0.9999
vol01:12:3:6	vol01:12:3:7	rekey	八	0.9996
vol01:12:3:7	vol01:12:3:8	rekey	年	0.9996
vol01:12:3:8	vol01:12:3:9	rekey	五	0.9995
vol01:12:4:9	vol01:12:4:10	rekey	編	0.9995
vol01:12:4:10	vol01:12:4:11	rekey	彚	0.9992
vol01:12:4:11	vol01:12:4:12	rekey	爲	0.9996
vol01:12:4:12	vol01:12:4:13	rekey	四	0.9998
vol01:12:4:13	vol01:12:4:14	rekey	庫	0.9996
vol01:12:4:14	vol01:12:4:15	rekey	全	0.9995
vol01:12:4:15	vol01:12:4:16	rekey	書	0.9996
vol01:12:4:16	vol01:12:4:17	rekey	用	0.9997
vol01:12:4:17	vol01:12:4:18	rekey	昭	0.9998
vol01:12:4:18	vol01:12:4:19	rekey	石	0.9999
vol01:12:4:1	vol01:12:4:2	rekey	諭	0.9998
vol01:12:4:19	vol01:12:4:20	rekey	渠	0.9996
vol01:12:4:20	vol01:12:4:21	rekey	美	0.9993
vol01:12:4:2	vol01:12:4:3	rekey	前	0.9997
vol01:12:4:3	vol01:12:4:4	rekey	經	0.9992
vol01:12:4:4	vol01:12:4:5	rekey	降	0.9996
vol01:12:4:5	vol01:12:4:6	rekey	㫖	0.9996
vol01:12:4:6	vol01:12:4:7	rekey	博	0.9994
vol01:12:4:7	vol01:12:4:8	rekey	採	0.9995
vol01:12:4:8	vol01:12:4:9	rekey	遺	0.9995
vol01:12:5:9	vol01:12:5:10	rekey	據	0.9994
vol01:12:5:10	vol01:12:5:11	rekey	浙	0.9995
vol01:12:5:11	vol01:12:5:12	rekey	江	0.9998
vol01:12:5:12	vol01:12:5:13	rekey	江	0.9996
vol01:12:5:13	vol01:12:5:14	rekey	南	0.9994
vol01:12:5:14	vol01:12:5:15	rekey	督	0.9995
vol01:12:5:15	vol01:12:5:16	rekey	撫	0.9996
vol01:12:5:16	vol01:12:5:17	rekey	及	0.9995
vol01:12:5:17	vol01:12:5:18	rekey	兩	0.9997
vol01:12:5:1	vol01:12:5:2	rekey	備	0.9996
vol01:12:5:19	vol01:12:5:20	rekey	鹽	0.9996
vol01:12:5:20	vol01:12:5:21	rekey	政	0.9995
vol01:12:5:2	vol01:12:5:3	rekey	並	0.9993
vol01:12:5:3	vol01:12:5:4	rekey	以	0.9997
vol01:12:5:4	vol01:12:5:5	rekey	嘉	0.9996
vol01:12:5:5	vol01:12:5:6	rekey	惠	0.9995
vol01:12:5:6	vol01:12:5:7	rekey	藝	0.9995
vol01:12:5:7	vol01:12:5:8	rekey	林	0.9993
vol01:12:5:8	vol01:12:5:9	rekey	旋	0.9995
vol01:12:6:9	vol01:12:6:10	rekey	書	0.9997
vol01:12:6:11	vol01:12:6:12	rekey	不	0.9998
vol01:12:6:12	vol01:12:6:13	rekey	下	0.9997
vol01:12:6:13	vol01:12:6:14	rekey	四	0.9996
vol01:12:6:14	vol01:12:6:15	rekey	五	0.9997
vol01:12:6:15	vol01:12:6:16	rekey	千	0.9996
vol01:12:6:16	vol01:12:6:17	rekey	種	0.9995
vol01:12:6:17	vol01:12:6:18	rekey	並	0.9995
vol01:12:6:18	vol01:12:6:19	rekey	有	0.9997
vol01:12:6:1	vol01:12:6:2	rekey	等	0.9994
vol01:12:6:19	vol01:12:6:20	rekey	稱	0.9995
vol01:12:6:2	vol01:12:6:3	rekey	奏	0.9994
vol01:12:6:3	vol01:12:6:4	rekey	到	0.9995
vol01:12:6:4	vol01:12:6:5	rekey	購	0.9994
vol01:12:6:5	vol01:12:6:6	rekey	求	0.9994
vol01:12:6:6	vol01:12:6:7	rekey	呈	0.9995
vol01:12:6:7	vol01:12:6:8	rekey	送	0.9996
vol01:12:6:8	vol01:12:6:9	rekey	之	0.9995
vol01:12:7:9	vol01:12:7:10	rekey	呈	0.9994
vol01:12:7:10	vol01:12:7:11	rekey	獻	0.9992
vol01:12:7:11	vol01:12:7:12	rekey	者	0.9996
vol01:12:7:12	vol01:12:7:13	rekey	固	0.9997
vol01:12:7:13	vol01:12:7:14	rekey	屬	0.9997
vol01:12:7:14	vol01:12:7:15	rekey	踴	0.9995
vol01:12:7:15	vol01:12:7:16	rekey	躍	0.9994
vol01:12:7:16	vol01:12:7:17	rekey	奉	0.9995
vol01:12:7:17	vol01:12:7:18	rekey	公	0.9996
vol01:12:7:18	vol01:12:7:19	rekey	尚	0.9994
vol01:12:7:1	vol01:12:7:2	rekey	書	0.9994
vol01:12:7:19	vol01:12:7:20	rekey	未	0.9997
vol01:12:7:20	vol01:12:7:21	rekey	能	0.9995
vol01:12:7:2	vol01:12:7:3	rekey	家	0.9995
vol01:12:7:3	vol01:12:7:4	rekey	願	0.9997
vol01:12:7:4	vol01:12:7:5	rekey	將	0.9998
vol01:12:7:5	vol01:12:7:6	rekey	所	0.9997
vol01:12:7:6	vol01:12:7:7	rekey	有	0.9997
vol01:12:7:7	vol01:12:7:8	rekey	舊	0.9997
vol01:12:7:8	vol01:12:7:9	rekey	書	0.9997
vol01:12:8:9	vol01:12:8:10	rekey	光	0.9997
vol01:12:8:10	vol01:12:8:11	rekey	昭	0.9997
vol01:12:8:11	vol01:12:8:12	rekey	典	0.9997
vol01:12:8:12	vol01:12:8:13	rekey	籍	0.9997
vol01:12:8:13	vol01:12:8:14	rekey	大	0.9996
vol01:12:8:14	vol01:12:8:15	rekey	備	0.9995
vol01:12:8:15	vol01:12:8:16	rekey	恐	0.9994
vol01:12:8:16	vol01:12:8:17	rekey	名	0.9996
vol01:12:8:17	vol01:12:8:18	rekey	山	0.9998
vol01:12:8:18	vol01:12:8:19	rekey	石	0.9998
vol01:12:8:1	vol01:12:8:2	rekey	深	0.9995
vol01:12:8:20	vol01:12:8:21	rekey	儲	0.9996
vol01:12:8:2	vol01:12:8:3	rekey	喻	0.9994
vol01:12:8:3	vol01:12:8:4	rekey	朕	0.9994
vol01:12:8:4	vol01:12:8:5	rekey	意	0.9996
vol01:12:8:5	vol01:12:8:6	rekey	方	0.9997
vol01:12:8:6	vol01:12:8:7	rekey	今	0.9995
vol01:12:8:7	vol01:12:8:8	rekey	文	0.9991
vol01:12:8:8	vol01:12:8:9	rekey	治	0.9997
vol01:12:9:9	vol01:12:9:10	rekey	輯	0.9994
vol01:12:9:11	vol01:12:9:12	rekey	無	0.9993
vol01:12:9:12	vol01:12:9:13	rekey	遺	0.9996
vol01:12:9:13	vol01:12:9:14	rekey	佚	0.9995
vol01:12:9:14	vol01:12:9:15	rekey	冀	0.9992
vol01:12:9:16	vol01:12:9:17	rekey	闡	0.9996
vol01:12:9:17	vol01:12:9:18	rekey	疑	0.9996
vol01:12:9:18	vol01:12:9:19	rekey	補	0.9994
vol01:12:9:1	vol01:12:9:2	rekey	蓄	0.9997
vol01:12:9:19	vol01:12:9:20	rekey	闕	0.9996
vol01:12:9:2	vol01:12:9:3	rekey	尚	0.9996
vol01:12:9:3	vol01:12:9:4	rekey	多	0.9996
vol01:12:9:4	vol01:12:9:5	rekey	用	0.9996
vol01:12:9:5	vol01:12:9:6	rekey	是	0.9994
vol01:12:9:6	vol01:12:9:7	rekey	廣	0.9995
vol01:12:9:7	vol01:12:9:8	rekey	爲	0.9996
vol01:12:9:8	vol01:12:9:9	rekey	蒐	0.9996
vol01:133:1:9	vol01:133:1:10	rekey	首	0.9957
vol01:133:1:10	vol01:133:1:11	rekey	三	0.9995
vol01:133:1:1	vol01:133:1:2	rekey	定	0.9995
vol01:133:1:2	vol01:133:1:3	rekey	四	0.9997
vol01:133:1:3	vol01:133:1:4	rekey	庫	0.9995
vol01:133:1:4	vol01:133:1:5	rekey	全	0.9996
vol01:133:1:5	vol01:133:1:6	rekey	書	0.9994
vol01:133:1:7	vol01:133:1:8	rekey	目	0.9999
vol01:133:1:8	vol01:133:1:9	rekey	卷	0.9993
vol01:133:2:1	vol01:133:2:2	rekey	凡	0.9995
vol01:133:2:2	vol01:133:2:3	rekey	例	0.9996
vol01:133:2:3	vol01:133:2:4	rekey	二	0.9995
vol01:133:2:4	vol01:133:2:5	rekey	十	0.9999
vol01:133:2:5	vol01:133:2:6	rekey	則	0.9996
vol01:133:3:9	vol01:133:3:10	rekey	爲	0.9996
vol01:133:3:11	vol01:133:3:12	rekey	古	0.9995
vol01:133:3:12	vol01:133:3:13	rekey	所	0.9996
vol01:133:3:13	vol01:133:3:14	rekey	無	0.9996
vol01:133:3:14	vol01:133:3:15	rekey	然	0.9996
vol01:133:3:15	vol01:133:3:16	rekey	每	0.9998
vol01:133:3:16	vol01:133:3:17	rekey	進	0.9996
vol01:133:3:17	vol01:133:3:18	rekey	一	0.9999
vol01:133:3:19	vol01:133:3:20	rekey	必	0.9996
vol01:133:3:20	vol01:133:3:21	rekey	經	0.9997
vol01:133:3:3	vol01:133:3:4	rekey	是	0.9997
vol01:133:3:4	vol01:133:3:5	rekey	書	0.9995
vol01:133:3:5	vol01:133:3:6	rekey	卷	0.9996
vol01:133:3:7	vol01:133:3:8	rekey	浩	0.9995
vol01:133:3:8	vol01:133:3:9	rekey	博	0.9997
vol01:133:4:2	vol01:133:4:3	rekey	宏	0.9996
vol01:133:5:9	vol01:133:5:10	rekey	百	0.9996
vol01:133:5:11	vol01:133:5:12	rekey	之	0.9998
vol01:133:5:12	vol01:133:5:13	rekey	疑	0.9997
vol01:133:5:13	vol01:133:5:14	rekey	似	0.9997
vol01:133:5:1	vol01:133:5:2	rekey	裁	0.9996
vol01:133:5:2	vol01:133:5:3	rekey	定	0.9998
vol01:133:5:3	vol01:133:5:4	rekey	千	0.9998
vol01:133:5:4	vol01:133:5:5	rekey	載	0.9996
vol01:133:5:5	vol01:133:5:6	rekey	之	0.9997
vol01:133:5:6	vol01:133:5:7	rekey	是	0.9996
vol01:133:5:7	vol01:133:5:8	rekey	非	0.9995
vol01:133:6:2	vol01:133:6:3	rekey	獨	0.9994
vol01:133:6:6	vol01:133:6:7	rekey	斯	0.9997
vol01:133:6:7	vol01:133:6:8	rekey	昭	0.9997
vol01:133:7:10	vol01:133:7:11	rekey	之	0.9999
vol01:133:7:11	vol01:133:7:12	rekey	所	0.9995
vol01:133:7:12	vol01:133:7:13	rekey	及	0.9996
vol01:133:7:13	vol01:133:7:14	rekey	隨	0.9996
vol01:133:7:2	vol01:133:7:3	rekey	高	0.9995
vol01:133:7:3	vol01:133:7:4	rekey	深	0.9996
vol01:133:7:5	vol01:133:7:6	rekey	非	0.9994
vol01:133:8:0	vol01:133:8:1	rekey	訓	0.9992
vol01:133:8:9	vol01:133:8:10	rekey	來	0.9996
vol01:133:8:10	vol01:133:8:11	rekey	不	0.9995
vol01:133:8:11	vol01:133:8:12	rekey	能	0.9995
vol01:133:8:12	vol01:133:8:13	rekey	一	1.0
vol01:133:8:15	vol01:133:8:16	rekey	記	0.9996
vol01:133:8:17	vol01:133:8:18	rekey	錄	0.9995
vol01:133:8:1	vol01:133:8:2	rekey	示	0.9994
vol01:133:8:19	vol01:133:8:20	rekey	次	0.9997
vol01:133:8:20	vol01:133:8:21	rekey	恭	0.9996
vol01:133:8:3	vol01:133:8:4	rekey	若	0.9994
vol01:133:8:4	vol01:133:8:5	rekey	發	0.9994
vol01:133:8:5	vol01:133:8:6	rekey	蒙	0.9993
vol01:133:8:6	vol01:133:8:7	rekey	八	0.9996
vol01:133:8:7	vol01:133:8:8	rekey	載	0.9995
vol01:133:8:8	vol01:133:8:9	rekey	以	0.9998
vol01:133:9:2	vol01:133:9:3	rekey	奉	0.9997
vol01:134:1:0	vol01:134:1:1	rekey	聖	0.9995
vol01:134:1:9	vol01:134:1:10	rekey	俾	0.9995
vol01:134:1:11	vol01:134:1:12	rekey	知	0.9998
vol01:134:1:12	vol01:134:1:13	rekey	我	0.9995
vol01:134:1:1	vol01:134:1:2	rekey	諭	0.9995
vol01:134:1:2	vol01:134:1:3	rekey	爲	0.9994
vol01:134:1:4	vol01:134:1:5	rekey	卷	0.9995
vol01:134:1:5	vol01:134:1:6	rekey	載	0.9995
vol01:134:1:6	vol01:134:1:7	rekey	諸	0.9997
vol01:134:1:7	vol01:134:1:8	rekey	簡	0.9996
vol01:134:1:8	vol01:134:1:9	rekey	端	0.9992
vol01:134:2:0	vol01:134:2:1	rekey	皇	0.9995
vol01:134:2:9	vol01:134:2:10	rekey	述	0.9997
vol01:134:2:10	vol01:134:2:11	rekey	懸	0.9997
vol01:134:2:11	vol01:134:2:12	rekey	諸	0.9998
vol01:134:2:12	vol01:134:2:13	rekey	日	1.0
vol01:134:2:13	vol01:134:2:14	rekey	月	0.9996
vol01:134:2:14	vol01:134:2:15	rekey	昭	0.9993
vol01:134:2:15	vol01:134:2:16	rekey	示	0.9996
vol01:134:2:16	vol01:134:2:17	rekey	方	0.9996
vol01:134:2:17	vol01:134:2:18	rekey	來	0.9995
vol01:134:2:18	vol01:134:2:19	rekey	與	0.9996
vol01:134:2:1	vol01:134:2:2	rekey	上	0.9999
vol01:134:2:20	vol01:134:2:21	rekey	代	0.9997
vol01:134:2:2	vol01:134:2:3	rekey	稽	0.9994
vol01:134:2:3	vol01:134:2:4	rekey	古	0.9996
vol01:134:2:4	vol01:134:2:5	rekey	右	0.9997
vol01:134:2:5	vol01:134:2:6	rekey	文	0.9997
vol01:134:2:6	vol01:134:2:7	rekey	功	0.9996
vol01:134:2:7	vol01:134:2:8	rekey	嫓	0.9996
vol01:134:2:8	vol01:134:2:9	rekey	刪	0.9998
vol01:134:3:9	vol01:134:3:10	rekey	定	0.9996
vol01:134:3:10	vol01:134:3:11	rekey	者	0.9997
vol01:134:3:11	vol01:134:3:12	rekey	迥	0.9997
vol01:134:3:12	vol01:134:3:13	rekey	不	0.9996
vol01:134:3:13	vol01:134:3:14	rekey	相	0.9997
vol01:134:3:14	vol01:134:3:15	rekey	同	0.9997
vol01:134:3:2	vol01:134:3:3	rekey	官	0.9997
vol01:134:3:3	vol01:134:3:4	rekey	修	0.9995
vol01:134:3:4	vol01:134:3:5	rekey	之	0.9996
vol01:134:3:5	vol01:134:3:6	rekey	本	0.9996
vol01:134:3:6	vol01:134:3:7	rekey	泛	0.9996
vol01:134:3:7	vol01:134:3:8	rekey	稱	0.9996
vol01:134:3:8	vol01:134:3:9	rekey	御	0.9995
vol01:134:4:9	vol01:134:4:10	rekey	集	0.9996
vol01:134:4:10	vol01:134:4:11	rekey	提	0.9996
vol01:134:4:11	vol01:134:4:12	rekey	綱	0.9994
vol01:134:4:12	vol01:134:4:13	rekey	列	0.9997
vol01:134:4:13	vol01:134:4:14	rekey	目	0.9998
vol01:134:4:14	vol01:134:4:15	rekey	經	0.9994
vol01:134:4:15	vol01:134:4:16	rekey	部	0.9996
vol01:134:4:16	vol01:134:4:17	rekey	分	0.9996
vol01:134:4:17	vol01:134:4:18	rekey	十	0.9998
vol01:134:4:18	vol01:134:4:19	rekey	類	0.9996
vol01:134:4:19	vol01:134:4:20	rekey	史	0.9998
vol01:134:4:20	vol01:134:4:21	rekey	部	0.9998
vol01:134:4:3	vol01:134:4:4	rekey	是	0.9995
vol01:134:4:4	vol01:134:4:5	rekey	書	0.9994
vol01:134:4:5	vol01:134:4:6	rekey	以	0.9998
vol01:134:4:6	vol01:134:4:7	rekey	經	0.9995
vol01:134:4:7	vol01:134:4:8	rekey	史	0.9997
vol01:134:4:8	vol01:134:4:9	rekey	子	0.9997
vol01:134:5:9	vol01:134:5:10	rekey	十	0.9999
vol01:134:5:10	vol01:134:5:11	rekey	四	0.9996
vol01:134:5:11	vol01:134:5:12	rekey	類	0.9996
vol01:134:5:12	vol01:134:5:13	rekey	集	0.9995
vol01:134:5:13	vol01:134:5:14	rekey	部	0.9997
vol01:134:5:14	vol01:134:5:15	rekey	分	0.9996
vol01:134:5:15	vol01:134:5:16	rekey	五	0.9995
vol01:134:5:16	vol01:134:5:17	rekey	類	0.9994
vol01:134:5:17	vol01:134:5:18	rekey	或	0.9997
vol01:134:5:18	vol01:134:5:19	rekey	流	0.9997
vol01:134:5:19	vol01:134:5:20	rekey	別	0.9998
vol01:134:5:20	vol01:134:5:21	rekey	繁	0.9996
vol01:134:5:2	vol01:134:5:3	rekey	分	0.9997
vol01:134:5:3	vol01:134:5:4	rekey	十	0.9998
vol01:134:5:4	vol01:134:5:5	rekey	五	0.9995
vol01:134:5:5	vol01:134:5:6	rekey	類	0.9996
vol01:134:5:6	vol01:134:5:7	rekey	子	0.9997
vol01:134:5:7	vol01:134:5:8	rekey	部	0.9997
vol01:134:5:8	vol01:134:5:9	rekey	分	0.9995
vol01:134:6:9	vol01:134:6:10	rekey	使	0.9995
vol01:134:6:10	vol01:134:6:11	rekey	條	0.9997
vol01:134:6:11	vol01:134:6:12	rekey	理	0.9972
vol01:134:6:12	vol01:134:6:13	rekey	分	0.9995
vol01:134:6:13	vol01:134:6:14	rekey	明	0.9996
vol01:134:6:14	vol01:134:6:15	rekey	所	0.9997
vol01:134:6:15	vol01:134:6:16	rekey	錄	0.9995
vol01:134:6:16	vol01:134:6:17	rekey	諸	0.9995
vol01:134:6:17	vol01:134:6:18	rekey	書	0.9995
vol01:134:6:18	vol01:134:6:19	rekey	各	0.9996
vol01:134:6:19	vol01:134:6:20	rekey	以	0.9998
vol01:134:6:20	vol01:134:6:21	rekey	時	0.9996
vol01:134:6:2	vol01:134:6:3	rekey	碎	0.9995
vol01:134:6:3	vol01:134:6:4	rekey	者	0.9996
vol01:134:6:4	vol01:134:6:5	rekey	又	0.9997
vol01:134:6:5	vol01:134:6:6	rekey	分	0.9996
vol01:134:6:6	vol01:134:6:7	rekey	析	0.9996
vol01:134:6:7	vol01:134:6:8	rekey	子	0.9994
vol01:134:6:8	vol01:134:6:9	rekey	目	0.9997
vol01:134:7:9	vol01:134:7:10	rekey	王	0.9996
vol01:134:7:10	vol01:134:7:11	rekey	著	0.9993
vol01:134:7:11	vol01:134:7:12	rekey	作	0.9995
vol01:134:7:12	vol01:134:7:13	rekey	從	0.9995
vol01:134:7:13	vol01:134:7:14	rekey	隋	0.9995
vol01:134:7:14	vol01:134:7:15	rekey	書	0.9993
vol01:134:7:15	vol01:134:7:16	rekey	經	0.9994
vol01:134:7:16	vol01:134:7:17	rekey	籍	0.9994
vol01:134:7:17	vol01:134:7:18	rekey	志	0.9996
vol01:134:7:18	vol01:134:7:19	rekey	例	0.9996
vol01:134:7:19	vol01:134:7:20	rekey	冠	0.9996
vol01:134:7:20	vol01:134:7:21	rekey	各	0.9996
vol01:134:7:2	vol01:134:7:3	rekey	代	0.9997
vol01:134:7:3	vol01:134:7:4	rekey	爲	0.9994
vol01:134:7:4	vol01:134:7:5	rekey	次	0.9995
vol01:134:7:5	vol01:134:7:6	rekey	其	0.9995
vol01:134:7:7	vol01:134:7:8	rekey	代	0.9996
vol01:134:7:8	vol01:134:7:9	rekey	帝	0.9994
vol01:134:8:2	vol01:134:8:3	rekey	代	0.9996
vol01:134:8:3	vol01:134:8:4	rekey	之	0.9995
vol01:134:8:4	vol01:134:8:5	rekey	首	0.9994
vol01:134:8:5	vol01:134:8:6	rekey	至	0.9994
vol01:134:8:6	vol01:134:8:7	rekey	於	0.9996
vol01:134:9:0	vol01:134:9:1	rekey	朝	0.9996
vol01:134:9:1	vol01:134:9:2	rekey	聖	0.9997
vol01:134:9:2	vol01:134:9:3	rekey	製	0.9997
vol01:135:1:0	vol01:135:1:1	rekey	皇	0.9978
vol01:135:1:9	vol01:135:1:10	rekey	弁	0.9996
vol01:135:1:10	vol01:135:1:11	rekey	冕	0.9995
vol01:135:1:11	vol01:135:1:12	rekey	全	0.9995
vol01:135:1:12	vol01:135:1:13	rekey	書	0.9995
vol01:135:1:13	vol01:135:1:14	rekey	而	0.9997
vol01:135:1:14	vol01:135:1:15	rekey	我	0.9993
vol01:135:1:1	vol01:135:1:2	rekey	上	0.9998
vol01:135:1:2	vol01:135:1:3	rekey	御	0.9994
vol01:135:1:3	vol01:135:1:4	rekey	撰	0.9995
vol01:135:1:4	vol01:135:1:5	rekey	揆	0.9994
vol01:135:1:5	vol01:135:1:6	rekey	以	0.9998
vol01:135:1:6	vol01:135:1:7	rekey	古	0.9997
vol01:135:1:7	vol01:135:1:8	rekey	例	0.9996
vol01:135:1:8	vol01:135:1:9	rekey	當	0.9997
vol01:135:2:0	vol01:135:2:1	rekey	皇	0.9993
vol01:135:2:9	vol01:135:2:10	rekey	當	0.9995
vol01:135:2:10	vol01:135:2:11	rekey	以	0.9997
vol01:135:2:11	vol01:135:2:12	rekey	四	0.9997
vol01:135:2:12	vol01:135:2:13	rekey	庫	0.9995
vol01:135:2:13	vol01:135:2:14	rekey	所	0.9996
vol01:135:2:14	vol01:135:2:15	rekey	錄	0.9996
vol01:135:2:15	vol01:135:2:16	rekey	包	0.9996
vol01:135:2:16	vol01:135:2:17	rekey	括	0.9996
vol01:135:2:17	vol01:135:2:18	rekey	古	0.9997
vol01:135:2:18	vol01:135:2:19	rekey	今	0.9996
vol01:135:2:1	vol01:135:2:2	rekey	上	0.9997
vol01:135:2:19	vol01:135:2:20	rekey	義	0.9996
vol01:135:2:20	vol01:135:2:21	rekey	在	0.9996
vol01:135:2:2	vol01:135:2:3	rekey	道	0.9996
vol01:135:2:3	vol01:135:2:4	rekey	秉	0.9996
vol01:135:2:4	vol01:135:2:5	rekey	大	0.9996
vol01:135:2:5	vol01:135:2:6	rekey	公	0.9996
vol01:135:2:6	vol01:135:2:7	rekey	義	0.9994
vol01:135:2:7	vol01:135:2:8	rekey	求	0.9997
vol01:135:2:8	vol01:135:2:9	rekey	至	0.9997
vol01:135:3:9	vol01:135:3:10	rekey	尊	0.9996
vol01:135:3:10	vol01:135:3:11	rekey	崇	0.9994
vol01:135:3:2	vol01:135:3:3	rekey	衡	0.9995
vol01:135:3:3	vol01:135:3:4	rekey	鑒	0.9994
vol01:135:3:4	vol01:135:3:5	rekey	千	0.9997
vol01:135:3:5	vol01:135:3:6	rekey	秋	0.9996
vol01:135:3:6	vol01:135:3:7	rekey	非	0.9994
vol01:135:3:7	vol01:135:3:8	rekey	徒	0.9993
vol01:135:3:8	vol01:135:3:9	rekey	取	0.9994
vol01:135:4:1	vol01:135:4:2	rekey	昭	0.9997
vol01:135:4:2	vol01:135:4:3	rekey	代	0.9995
vol01:135:5:0	vol01:135:5:1	rekey	特	0.9994
vol01:135:5:1	vol01:135:5:2	rekey	命	0.9994
vol01:135:5:2	vol01:135:5:3	rekey	各	0.9996
vol01:135:5:3	vol01:135:5:4	rekey	從	0.9996
vol01:135:5:4	vol01:135:5:5	rekey	門	0.9996
vol01:135:5:5	vol01:135:5:6	rekey	目	0.9998
vol01:135:5:6	vol01:135:5:7	rekey	弁	0.9996
vol01:135:5:7	vol01:135:5:8	rekey	於	0.9995
vol01:135:6:1	vol01:135:6:2	rekey	國	0.9995
vol01:135:6:2	vol01:135:6:3	rekey	朝	0.9995
vol01:135:6:3	vol01:135:6:4	rekey	著	0.9995
vol01:135:6:4	vol01:135:6:5	rekey	述	0.9995
vol01:135:6:5	vol01:135:6:6	rekey	之	0.9996
vol01:135:6:6	vol01:135:6:7	rekey	前	0.9995
vol01:135:6:7	vol01:135:6:8	rekey	此	0.9996
vol01:135:6:8	vol01:135:6:9	rekey	尤	0.9997
vol01:135:7:9	vol01:135:7:10	rekey	館	0.9995
vol01:135:7:10	vol01:135:7:11	rekey	臣	0.9996
vol01:135:7:11	vol01:135:7:12	rekey	所	0.9995
vol01:135:7:12	vol01:135:7:13	rekey	能	0.9994
vol01:135:7:13	vol01:135:7:14	rekey	仰	0.9995
vol01:135:7:14	vol01:135:7:15	rekey	贊	0.9994
vol01:135:7:15	vol01:135:7:16	rekey	一	1.0
vol01:135:7:16	vol01:135:7:17	rekey	詞	0.9996
vol01:135:7:17	vol01:135:7:18	rekey	者	0.9996
vol01:135:7:18	vol01:135:7:19	rekey	矣	0.9995
vol01:135:7:1	vol01:135:7:2	rekey	裁	0.9996
vol01:135:7:2	vol01:135:7:3	rekey	獨	0.9994
vol01:135:7:3	vol01:135:7:4	rekey	斷	0.9996
vol01:135:7:4	vol01:135:7:5	rekey	義	0.9995
vol01:135:7:5	vol01:135:7:6	rekey	愜	0.9994
vol01:135:7:6	vol01:135:7:7	rekey	理	0.9995
vol01:135:7:7	vol01:135:7:8	rekey	精	0.9995
vol01:135:7:8	vol01:135:7:9	rekey	非	0.9997
vol01:135:8:9	vol01:135:8:10	rekey	簡	0.9995
vol01:135:8:10	vol01:135:8:11	rekey	擇	0.9995
vol01:135:8:11	vol01:135:8:12	rekey	蕭	0.9991
vol01:135:8:12	vol01:135:8:13	rekey	蘭	0.9994
vol01:135:8:13	vol01:135:8:14	rekey	並	0.9994
vol01:135:8:14	vol01:135:8:15	rekey	擷	0.9992
vol01:135:8:15	vol01:135:8:16	rekey	珉	0.9995
vol01:135:8:16	vol01:135:8:17	rekey	玉	0.9995
vol01:135:8:17	vol01:135:8:18	rekey	雜	0.9995
vol01:135:8:18	vol01:135:8:19	rekey	陳	0.9996
vol01:135:8:19	vol01:135:8:20	rekey	殊	0.9995
vol01:135:8:20	vol01:135:8:21	rekey	未	0.9998
vol01:135:8:3	vol01:135:8:4	rekey	前	0.9989
vol01:135:8:4	vol01:135:8:5	rekey	代	0.9997
vol01:135:8:5	vol01:135:8:6	rekey	藏	0.9994
vol01:135:8:6	vol01:135:8:7	rekey	書	0.9994
vol01:135:8:7	vol01:135:8:8	rekey	率	0.9996
vol01:135:8:8	vol01:135:8:9	rekey	無	0.9995
vol01:135:9:2	vol01:135:9:3	rekey	協	0.9994
vol01:135:9:3	vol01:135:9:4	rekey	別	0.9996
vol01:135:9:4	vol01:135:9:5	rekey	裁	0.9995
vol01:135:9:5	vol01:135:9:6	rekey	之	0.9997
vol01:135:9:6	vol01:135:9:7	rekey	義	0.9994
vol01:135:9:7	vol01:135:9:8	rekey	今	0.9998
vol01:136:1:1	vol01:136:1:2	rekey	求	0.9997
vol01:136:1:2	vol01:136:1:3	rekey	古	0.9997
vol01:136:1:3	vol01:136:1:4	rekey	籍	0.9999
vol01:136:2:0	vol01:136:2:1	rekey	特	0.9994
vol01:136:2:9	vol01:136:2:10	rekey	媸	0.9997
vol01:136:2:10	vol01:136:2:11	rekey	嚴	0.9997
vol01:136:2:11	vol01:136:2:12	rekey	爲	0.9996
vol01:136:2:12	vol01:136:2:13	rekey	去	0.9999
vol01:136:2:13	vol01:136:2:14	rekey	取	0.9997
vol01:136:2:14	vol01:136:2:15	rekey	其	0.9996
vol01:136:2:15	vol01:136:2:16	rekey	上	1.0
vol01:136:2:16	vol01:136:2:17	rekey	者	0.9997
vol01:136:2:17	vol01:136:2:18	rekey	悉	0.9996
vol01:136:2:18	vol01:136:2:19	rekey	登	0.9996
vol01:136:2:1	vol01:136:2:2	rekey	創	0.9996
vol01:136:2:19	vol01:136:2:20	rekey	編	0.9996
vol01:136:2:20	vol01:136:2:21	rekey	錄	0.9998
vol01:136:2:2	vol01:136:2:3	rekey	新	0.9996
vol01:136:2:3	vol01:136:2:4	rekey	規	0.9997
vol01:136:2:4	vol01:136:2:5	rekey	一	1.0
vol01:136:2:5	vol01:136:2:6	rekey	一	0.9999
vol01:136:2:6	vol01:136:2:7	rekey	辨	0.9996
vol01:136:2:7	vol01:136:2:8	rekey	厥	0.9997
vol01:136:2:8	vol01:136:2:9	rekey	妍	0.9998
vol01:136:3:9	vol01:136:3:10	rekey	亦	0.9996
vol01:136:3:10	vol01:136:3:11	rekey	長	0.9996
vol01:136:3:11	vol01:136:3:12	rekey	短	0.9997
vol01:136:3:12	vol01:136:3:13	rekey	兼	0.9997
vol01:136:3:13	vol01:136:3:14	rekey	臚	0.9997
vol01:136:3:14	vol01:136:3:15	rekey	見	0.9996
vol01:136:3:15	vol01:136:3:16	rekey	瑕	0.9995
vol01:136:3:16	vol01:136:3:17	rekey	瑜	0.9996
vol01:136:3:17	vol01:136:3:18	rekey	之	0.9997
vol01:136:3:18	vol01:136:3:19	rekey	不	0.9997
vol01:136:3:19	vol01:136:3:20	rekey	掩	0.9995
vol01:136:3:20	vol01:136:3:21	rekey	其	0.9998
vol01:136:3:3	vol01:136:3:4	rekey	致	0.9995
vol01:136:3:5	vol01:136:3:6	rekey	珠	0.9996
vol01:136:3:6	vol01:136:3:7	rekey	其	0.9996
vol01:136:3:7	vol01:136:3:8	rekey	次	0.9997
vol01:136:3:8	vol01:136:3:9	rekey	者	0.9995
vol01:136:4:9	vol01:136:4:10	rekey	違	0.9998
vol01:136:4:10	vol01:136:4:11	rekey	經	0.9996
vol01:136:4:11	vol01:136:4:12	rekey	則	0.9997
vol01:136:4:12	vol01:136:4:13	rekey	附	0.9996
vol01:136:4:13	vol01:136:4:14	rekey	載	0.9997
vol01:136:4:14	vol01:136:4:15	rekey	其	0.9996
vol01:136:4:15	vol01:136:4:16	rekey	名	0.9996
vol01:136:4:16	vol01:136:4:17	rekey	兼	0.9997
vol01:136:4:17	vol01:136:4:18	rekey	匡	0.9996
vol01:136:4:18	vol01:136:4:19	rekey	厥	0.9996
vol01:136:4:19	vol01:136:4:20	rekey	繆	0.9994
vol01:136:4:20	vol01:136:4:21	rekey	至	0.9996
vol01:136:4:2	vol01:136:4:3	rekey	有	0.9997
vol01:136:4:3	vol01:136:4:4	rekey	言	0.9996
vol01:136:4:4	vol01:136:4:5	rekey	非	0.9994
vol01:136:4:5	vol01:136:4:6	rekey	立	0.9994
vol01:136:4:6	vol01:136:4:7	rekey	訓	0.9995
vol01:136:4:7	vol01:136:4:8	rekey	義	0.9998
vol01:136:4:8	vol01:136:4:9	rekey	或	0.9995
vol01:136:5:9	vol01:136:5:10	rekey	羣	0.9996
vol01:136:5:10	vol01:136:5:11	rekey	流	0.9995
vol01:136:5:11	vol01:136:5:12	rekey	雖	0.9996
vol01:136:5:12	vol01:136:5:13	rekey	咎	0.9995
vol01:136:5:13	vol01:136:5:14	rekey	譽	0.9995
vol01:136:5:14	vol01:136:5:15	rekey	之	0.9998
vol01:136:5:15	vol01:136:5:16	rekey	咸	0.9998
vol01:136:5:16	vol01:136:5:17	rekey	無	0.9997
vol01:136:5:17	vol01:136:5:18	rekey	究	0.9997
vol01:136:5:18	vol01:136:5:19	rekey	流	0.9996
vol01:136:5:19	vol01:136:5:20	rekey	傳	0.9997
vol01:136:5:20	vol01:136:5:21	rekey	之	0.9998
vol01:136:5:2	vol01:136:5:3	rekey	於	0.9996
vol01:136:5:3	vol01:136:5:4	rekey	尋	0.9994
vol01:136:5:4	vol01:136:5:5	rekey	常	0.9997
vol01:136:5:5	vol01:136:5:6	rekey	著	0.9995
vol01:136:5:6	vol01:136:5:7	rekey	述	0.9995
vol01:136:5:7	vol01:136:5:8	rekey	未	0.9997
vol01:136:5:8	vol01:136:5:9	rekey	越	0.9997
vol01:136:6:9	vol01:136:6:10	rekey	之	0.9998
vol01:136:6:10	vol01:136:6:11	rekey	例	0.9997
vol01:136:6:11	vol01:136:6:12	rekey	亦	0.9997
vol01:136:6:13	vol01:136:6:14	rekey	存	0.9996
vol01:136:6:14	vol01:136:6:15	rekey	其	0.9997
vol01:136:6:15	vol01:136:6:16	rekey	目	0.9998
vol01:136:6:16	vol01:136:6:17	rekey	以	0.9998
vol01:136:6:17	vol01:136:6:18	rekey	備	0.9997
vol01:136:6:18	vol01:136:6:19	rekey	考	0.9998
vol01:136:6:19	vol01:136:6:20	rekey	核	0.9995
vol01:136:6:20	vol01:136:6:21	rekey	等	0.9996
vol01:136:6:3	vol01:136:6:4	rekey	久	0.9996
vol01:136:6:4	vol01:136:6:5	rekey	準	0.9997
vol01:136:6:5	vol01:136:6:6	rekey	諸	0.9994
vol01:136:6:6	vol01:136:6:7	rekey	家	0.9998
vol01:136:6:7	vol01:136:6:8	rekey	著	0.9996
vol01:136:6:8	vol01:136:6:9	rekey	錄	0.9995
vol01:136:7:9	vol01:136:7:10	rekey	自	0.9997
vol01:136:7:10	vol01:136:7:11	rekey	有	0.9996
vol01:136:7:11	vol01:136:7:12	rekey	典	0.9995
vol01:136:7:12	vol01:136:7:13	rekey	籍	0.9996
vol01:136:7:13	vol01:136:7:14	rekey	以	0.9998
vol01:136:7:14	vol01:136:7:15	rekey	來	0.9996
vol01:136:7:15	vol01:136:7:16	rekey	無	0.9994
vol01:136:7:16	vol01:136:7:17	rekey	如	0.9997
vol01:136:7:17	vol01:136:7:18	rekey	斯	0.9996
vol01:136:7:18	vol01:136:7:19	rekey	之	0.9998
vol01:136:7:19	vol01:136:7:20	rekey	博	0.9993
vol01:136:7:2	vol01:136:7:3	rekey	差	0.9996
vol01:136:7:3	vol01:136:7:4	rekey	有	0.9997
vol01:136:7:4	vol01:136:7:5	rekey	辨	0.9995
vol01:136:7:5	vol01:136:7:6	rekey	旌	0.9995
vol01:136:7:6	vol01:136:7:7	rekey	別	0.9996
vol01:136:7:7	vol01:136:7:8	rekey	兼	0.9995
vol01:136:7:8	vol01:136:7:9	rekey	施	0.9996
vol01:136:8:2	vol01:136:8:3	rekey	精	0.9995
vol01:136:8:3	vol01:136:8:4	rekey	矣	0.9998
vol01:136:9:9	vol01:136:9:10	rekey	目	0.9997
vol01:136:9:10	vol01:136:9:11	rekey	大	0.9999
vol01:136:9:11	vol01:136:9:12	rekey	同	0.9998
vol01:136:9:12	vol01:136:9:13	rekey	小	0.9999
vol01:136:9:13	vol01:136:9:14	rekey	異	0.9995
vol01:136:9:14	vol01:136:9:15	rekey	互	0.9995
vol01:136:9:15	vol01:136:9:16	rekey	有	0.9995
vol01:136:9:16	vol01:136:9:17	rekey	出	0.9998
vol01:136:9:18	vol01:136:9:19	rekey	亦	0.9996
vol01:136:9:19	vol01:136:9:20	rekey	各	0.9997
vol01:136:9:20	vol01:136:9:21	rekey	具	0.9996
vol01:136:9:2	vol01:136:9:3	rekey	一	1.0
vol01:136:9:3	vol01:136:9:4	rekey	自	0.9998
vol01:136:9:4	vol01:136:9:5	rekey	隋	0.9996
vol01:136:9:5	vol01:136:9:6	rekey	志	0.9996
vol01:136:9:6	vol01:136:9:7	rekey	以	0.9998
vol01:136:9:7	vol01:136:9:8	rekey	下	0.9998
vol01:136:9:8	vol01:136:9:9	rekey	門	0.9996
vol01:137:1:9	vol01:137:1:10	rekey	如	0.9996
vol01:137:1:11	vol01:137:1:12	rekey	令	0.9995
vol01:137:1:12	vol01:137:1:13	rekey	奏	0.9994
vol01:137:1:13	vol01:137:1:14	rekey	議	0.9994
vol01:137:1:14	vol01:137:1:15	rekey	文	0.9994
vol01:137:1:15	vol01:137:1:16	rekey	獻	0.9992
vol01:137:1:16	vol01:137:1:17	rekey	通	0.9993
vol01:137:1:17	vol01:137:1:18	rekey	考	0.9996
vol01:137:1:19	vol01:137:1:20	rekey	集	0.9978
vol01:137:1:20	vol01:137:1:21	rekey	部	0.9995
vol01:137:1:2	vol01:137:1:3	rekey	得	0.9996
vol01:137:1:3	vol01:137:1:4	rekey	失	0.9995
vol01:137:1:4	vol01:137:1:5	rekey	今	0.9996
vol01:137:1:5	vol01:137:1:6	rekey	擇	0.9994
vol01:137:1:6	vol01:137:1:7	rekey	善	0.9995
vol01:137:1:7	vol01:137:1:8	rekey	而	0.9996
vol01:137:1:8	vol01:137:1:9	rekey	從	0.9995
vol01:137:2:10	vol01:137:2:11	rekey	令	0.9996
vol01:137:2:11	vol01:137:2:12	rekey	從	0.9994
vol01:137:2:12	vol01:137:2:13	rekey	唐	0.9995
vol01:137:2:13	vol01:137:2:14	rekey	志	0.9994
vol01:137:2:14	vol01:137:2:15	rekey	例	0.9995
vol01:137:2:15	vol01:137:2:16	rekey	入	0.9996
vol01:137:2:16	vol01:137:2:17	rekey	史	0.9996
vol01:137:2:17	vol01:137:2:18	rekey	部	0.9995
vol01:137:2:18	vol01:137:2:19	rekey	奏	0.9997
vol01:137:2:19	vol01:137:2:20	rekey	議	0.9996
vol01:137:2:20	vol01:137:2:21	rekey	從	0.9995
vol01:137:2:2	vol01:137:2:3	rekey	今	0.9994
vol01:137:2:3	vol01:137:2:4	rekey	以	0.9996
vol01:137:2:4	vol01:137:2:5	rekey	其	0.9994
vol01:137:2:5	vol01:137:2:6	rekey	事	0.9996
vol01:137:2:6	vol01:137:2:7	rekey	關	0.9993
vol01:137:2:7	vol01:137:2:8	rekey	國	0.9995
vol01:137:2:8	vol01:137:2:9	rekey	政	0.9995
vol01:137:3:9	vol01:137:3:10	rekey	東	0.9993
vol01:137:3:10	vol01:137:3:11	rekey	都	0.9995
vol01:137:3:11	vol01:137:3:12	rekey	事	0.9993
vol01:137:3:12	vol01:137:3:13	rekey	略	0.9994
vol01:137:3:13	vol01:137:3:14	rekey	之	0.9997
vol01:137:3:14	vol01:137:3:15	rekey	屬	0.9995
vol01:137:3:15	vol01:137:3:16	rekey	不	0.9998
vol01:137:3:16	vol01:137:3:17	rekey	可	0.9996
vol01:137:3:18	vol01:137:3:19	rekey	正	0.9995
vol01:137:3:19	vol01:137:3:20	rekey	史	0.9997
vol01:137:3:20	vol01:137:3:21	rekey	而	0.9996
vol01:137:3:2	vol01:137:3:3	rekey	漢	0.9994
vol01:137:3:3	vol01:137:3:4	rekey	志	0.9996
vol01:137:3:4	vol01:137:3:5	rekey	例	0.9995
vol01:137:3:5	vol01:137:3:6	rekey	亦	0.9994
vol01:137:3:7	vol01:137:3:8	rekey	史	0.9997
vol01:137:3:8	vol01:137:3:9	rekey	部	0.9993
vol01:137:4:9	vol01:137:4:10	rekey	從	0.9994
vol01:137:4:11	vol01:137:4:12	rekey	史	0.9998
vol01:137:4:12	vol01:137:4:13	rekey	例	0.9995
vol01:137:4:13	vol01:137:4:14	rekey	立	0.9995
vol01:137:4:14	vol01:137:4:15	rekey	別	0.9996
vol01:137:4:15	vol01:137:4:16	rekey	史	0.9997
vol01:137:4:16	vol01:137:4:17	rekey	一	1.0
vol01:137:4:17	vol01:137:4:18	rekey	門	0.9996
vol01:137:4:18	vol01:137:4:19	rekey	香	0.9995
vol01:137:4:19	vol01:137:4:20	rekey	譜	0.9995
vol01:137:4:2	vol01:137:4:3	rekey	亦	0.9996
vol01:137:4:3	vol01:137:4:4	rekey	不	0.9996
vol01:137:4:4	vol01:137:4:5	rekey	可	0.9995
vol01:137:4:6	vol01:137:4:7	rekey	雜	0.9994
vol01:137:4:7	vol01:137:4:8	rekey	史	0.9995
vol01:137:4:8	vol01:137:4:9	rekey	者	0.9993
vol01:137:5:9	vol01:137:5:10	rekey	附	0.9994
vol01:137:5:14	vol01:137:5:15	rekey	家	0.9994
vol01:137:5:15	vol01:137:5:16	rekey	今	0.9996
vol01:137:5:16	vol01:137:5:17	rekey	從	0.9996
vol01:137:5:17	vol01:137:5:18	rekey	尤	0.9994
vol01:137:5:19	vol01:137:5:20	rekey	遂	0.9995
vol01:137:5:20	vol01:137:5:21	rekey	初	0.9994
vol01:137:5:2	vol01:137:5:3	rekey	譜	0.9994
vol01:137:5:3	vol01:137:5:4	rekey	之	0.9998
vol01:137:5:4	vol01:137:5:5	rekey	屬	0.999
vol01:137:5:5	vol01:137:5:6	rekey	舊	0.9993
vol01:137:5:6	vol01:137:5:7	rekey	志	0.9995
vol01:137:5:7	vol01:137:5:8	rekey	無	0.9994
vol01:137:5:8	vol01:137:5:9	rekey	所	0.9994
vol01:137:6:9	vol01:137:6:10	rekey	一	1.0
vol01:137:6:10	vol01:137:6:11	rekey	門	0.9997
vol01:137:6:11	vol01:137:6:12	rekey	名	0.9995
vol01:137:6:12	vol01:137:6:13	rekey	家	0.9996
vol01:137:6:13	vol01:137:6:14	rekey	墨	0.9994
vol01:137:6:14	vol01:137:6:15	rekey	家	0.9992
vol01:137:6:15	vol01:137:6:16	rekey	縱	0.9996
vol01:137:6:16	vol01:137:6:17	rekey	橫	0.9994
vol01:137:6:17	vol01:137:6:18	rekey	家	0.9992
vol01:137:6:19	vol01:137:6:20	rekey	代	0.9997
vol01:137:6:3	vol01:137:6:4	rekey	書	0.9994
vol01:137:6:4	vol01:137:6:5	rekey	目	0.9997
vol01:137:6:5	vol01:137:6:6	rekey	例	0.9995
vol01:137:6:6	vol01:137:6:7	rekey	立	0.9997
vol01:137:6:7	vol01:137:6:8	rekey	譜	0.9994
vol01:137:6:8	vol01:137:6:9	rekey	錄	0.9994
vol01:137:7:9	vol01:137:7:10	rekey	難	0.9994
vol01:137:7:10	vol01:137:7:11	rekey	以	0.9995
vol01:137:7:11	vol01:137:7:12	rekey	成	0.9996
vol01:137:7:12	vol01:137:7:13	rekey	帙	0.9994
vol01:137:7:13	vol01:137:7:14	rekey	今	0.9994
vol01:137:7:14	vol01:137:7:15	rekey	從	0.9993
vol01:137:7:15	vol01:137:7:16	rekey	黃	0.999
vol01:137:7:17	vol01:137:7:18	rekey	稷	0.9992
vol01:137:7:18	vol01:137:7:19	rekey	千	0.9998
vol01:137:7:19	vol01:137:7:20	rekey	頃	0.9994
vol01:137:7:2	vol01:137:7:3	rekey	錄	0.9996
vol01:137:7:3	vol01:137:7:4	rekey	各	0.9995
vol01:137:7:4	vol01:137:7:5	rekey	不	0.9997
vol01:137:7:5	vol01:137:7:6	rekey	過	0.9996
vol01:137:7:8	vol01:137:7:9	rekey	種	0.9993
vol01:137:8:9	vol01:137:8:10	rekey	爲	0.9993
vol01:137:8:10	vol01:137:8:11	rekey	一	0.9998
vol01:137:8:11	vol01:137:8:12	rekey	門	0.9995
vol01:137:8:12	vol01:137:8:13	rekey	又	0.9996
vol01:137:8:13	vol01:137:8:14	rekey	別	0.9996
vol01:137:8:14	vol01:137:8:15	rekey	集	0.9992
vol01:137:8:15	vol01:137:8:16	rekey	之	0.9995
vol01:137:8:17	vol01:137:8:18	rekey	詩	0.9993
vol01:137:8:18	vol01:137:8:19	rekey	無	0.9995
vol01:137:8:19	vol01:137:8:20	rekey	文	0.9994
vol01:137:8:20	vol01:137:8:21	rekey	者	0.9993
vol01:137:8:2	vol01:137:8:3	rekey	書	0.9993
vol01:137:8:7	vol01:137:8:8	rekey	雜	0.9994
vol01:137:8:8	vol01:137:8:9	rekey	家	0.9994
vol01:137:9:9	vol01:137:9:10	rekey	集	0.9997
vol01:137:9:10	vol01:137:9:11	rekey	一	0.9999
vol01:137:9:11	vol01:137:9:12	rekey	門	0.9994
vol01:137:9:12	vol01:137:9:13	rekey	然	0.9993
vol01:137:9:13	vol01:137:9:14	rekey	則	0.9995
vol01:137:9:14	vol01:137:9:15	rekey	有	0.9995
vol01:137:9:15	vol01:137:9:16	rekey	文	0.9993
vol01:137:9:16	vol01:137:9:17	rekey	無	0.9993
vol01:137:9:17	vol01:137:9:18	rekey	詩	0.9994
vol01:137:9:18	vol01:137:9:19	rekey	者	0.9997
vol01:137:9:19	vol01:137:9:20	rekey	何	0.9995
vol01:137:9:20	vol01:137:9:21	rekey	不	0.9973
vol01:137:9:2	vol01:137:9:3	rekey	文	0.9997
vol01:137:9:3	vol01:137:9:4	rekey	獻	0.9992
vol01:137:9:4	vol01:137:9:5	rekey	通	0.9994
vol01:137:9:5	vol01:137:9:6	rekey	考	0.9996
vol01:137:9:6	vol01:137:9:7	rekey	別	0.9996
vol01:137:9:7	vol01:137:9:8	rekey	立	0.9996
vol01:137:9:8	vol01:137:9:9	rekey	詩	0.9993
vol01:138:1:9	vol01:138:1:10	rekey	事	0.9991
vol01:138:1:10	vol01:138:1:11	rekey	區	0.9993
vol01:138:1:11	vol01:138:1:12	rekey	分	0.9995
vol01:138:1:12	vol01:138:1:13	rekey	徒	0.9995
vol01:138:1:13	vol01:138:1:14	rekey	滋	0.9993
vol01:138:1:14	vol01:138:1:15	rekey	繁	0.9993
vol01:138:1:15	vol01:138:1:16	rekey	碎	0.9995
vol01:138:1:16	vol01:138:1:17	rekey	今	0.9997
vol01:138:1:17	vol01:138:1:18	rekey	仍	0.9995
vol01:138:1:18	vol01:138:1:19	rekey	從	0.9994
vol01:138:1:19	vol01:138:1:20	rekey	諸	0.9991
vol01:138:1:20	vol01:138:1:21	rekey	史	0.9996
vol01:138:1:2	vol01:138:1:3	rekey	別	0.9997
vol01:138:1:3	vol01:138:1:4	rekey	立	0.9996
vol01:138:1:4	vol01:138:1:5	rekey	文	0.9994
vol01:138:1:5	vol01:138:1:6	rekey	集	0.9997
vol01:138:1:6	vol01:138:1:7	rekey	一	0.9999
vol01:138:1:7	vol01:138:1:8	rekey	門	0.9995
vol01:138:1:8	vol01:138:1:9	rekey	多	0.9996
vol01:138:2:9	vol01:138:2:10	rekey	門	0.9998
vol01:138:2:10	vol01:138:2:11	rekey	又	0.9995
vol01:138:2:11	vol01:138:2:12	rekey	兼	0.9997
vol01:138:2:12	vol01:138:2:13	rekey	詀	0.9996
vol01:138:2:14	vol01:138:2:15	rekey	經	0.9995
vol01:138:2:15	vol01:138:2:16	rekey	者	0.9996
vol01:138:2:16	vol01:138:2:17	rekey	唐	0.9995
vol01:138:2:17	vol01:138:2:18	rekey	志	0.9995
vol01:138:2:18	vol01:138:2:19	rekey	題	0.9995
vol01:138:2:19	vol01:138:2:20	rekey	曰	0.9998
vol01:138:2:20	vol01:138:2:21	rekey	經	0.9992
vol01:138:2:2	vol01:138:2:3	rekey	之	0.9998
vol01:138:2:3	vol01:138:2:4	rekey	例	0.9996
vol01:138:2:5	vol01:138:2:6	rekey	爲	0.9994
vol01:138:2:6	vol01:138:2:7	rekey	別	0.9997
vol01:138:2:7	vol01:138:2:8	rekey	集	0.9994
vol01:138:2:8	vol01:138:2:9	rekey	一	0.9999
vol01:138:3:9	vol01:138:3:10	rekey	經	0.9993
vol01:138:3:10	vol01:138:3:11	rekey	朱	0.9995
vol01:138:3:11	vol01:138:3:12	rekey	彝	0.9994
vol01:138:3:12	vol01:138:3:13	rekey	尊	0.9993
vol01:138:3:13	vol01:138:3:14	rekey	經	0.9994
vol01:138:3:14	vol01:138:3:15	rekey	義	0.9992
vol01:138:3:15	vol01:138:3:16	rekey	考	0.9997
vol01:138:3:16	vol01:138:3:17	rekey	題	0.9993
vol01:138:3:18	vol01:138:3:19	rekey	羣	0.9996
vol01:138:3:19	vol01:138:3:20	rekey	經	0.9993
vol01:138:3:20	vol01:138:3:21	rekey	又	0.9996
vol01:138:3:2	vol01:138:3:3	rekey	解	0.9994
vol01:138:3:3	vol01:138:3:4	rekey	則	0.9996
vol01:138:3:4	vol01:138:3:5	rekey	不	0.9997
vol01:138:3:5	vol01:138:3:6	rekey	見	0.9993
vol01:138:3:6	vol01:138:3:7	rekey	其	0.9993
vol01:138:3:7	vol01:138:3:8	rekey	爲	0.9996
vol01:138:3:8	vol01:138:3:9	rekey	羣	0.9995
vol01:138:4:9	vol01:138:4:10	rekey	乾	0.9993
vol01:138:4:10	vol01:138:4:11	rekey	學	0.9996
vol01:138:4:11	vol01:138:4:12	rekey	通	0.9994
vol01:138:4:12	vol01:138:4:13	rekey	志	0.9995
vol01:138:4:13	vol01:138:4:14	rekey	堂	0.9995
vol01:138:4:14	vol01:138:4:15	rekey	所	0.9995
vol01:138:4:15	vol01:138:4:16	rekey	刻	0.9994
vol01:138:4:17	vol01:138:4:18	rekey	名	0.9995
vol01:138:4:19	vol01:138:4:20	rekey	總	0.9993
vol01:138:4:20	vol01:138:4:21	rekey	經	0.9992
vol01:138:4:2	vol01:138:4:3	rekey	不	0.9996
vol01:138:4:3	vol01:138:4:4	rekey	見	0.9994
vol01:138:4:4	vol01:138:4:5	rekey	其	0.9994
vol01:138:4:5	vol01:138:4:6	rekey	爲	0.9995
vol01:138:4:6	vol01:138:4:7	rekey	經	0.9995
vol01:138:4:7	vol01:138:4:8	rekey	解	0.9994
vol01:138:4:8	vol01:138:4:9	rekey	徐	0.9995
vol01:138:5:9	vol01:138:5:10	rekey	撰	0.9994
vol01:138:5:10	vol01:138:5:11	rekey	今	0.9997
vol01:138:5:11	vol01:138:5:12	rekey	取	0.9993
vol01:138:5:12	vol01:138:5:13	rekey	隋	0.9996
vol01:138:5:13	vol01:138:5:14	rekey	志	0.9995
vol01:138:5:14	vol01:138:5:15	rekey	之	0.9996
vol01:138:5:15	vol01:138:5:16	rekey	文	0.9993
vol01:138:5:16	vol01:138:5:17	rekey	名	0.9995
vol01:138:5:17	vol01:138:5:18	rekey	之	0.9993
vol01:138:5:19	vol01:138:5:20	rekey	五	0.9995
vol01:138:5:20	vol01:138:5:21	rekey	經	0.9992
vol01:138:5:2	vol01:138:5:3	rekey	解	0.9994
vol01:138:5:3	vol01:138:5:4	rekey	何	0.9997
vol01:138:5:4	vol01:138:5:5	rekey	焯	0.9994
vol01:138:5:5	vol01:138:5:6	rekey	又	0.9996
vol01:138:5:6	vol01:138:5:7	rekey	譏	0.9995
vol01:138:5:7	vol01:138:5:8	rekey	其	0.9997
vol01:138:5:8	vol01:138:5:9	rekey	杜	0.9996
vol01:138:6:9	vol01:138:6:10	rekey	務	0.9995
vol01:138:6:10	vol01:138:6:11	rekey	求	0.9996
vol01:138:6:12	vol01:138:6:13	rekey	據	0.9994
vol01:138:6:13	vol01:138:6:14	rekey	非	0.9994
vol01:138:6:14	vol01:138:6:15	rekey	事	0.9993
vol01:138:6:15	vol01:138:6:16	rekey	更	0.9993
vol01:138:6:16	vol01:138:6:17	rekey	張	0.9993
vol01:138:6:2	vol01:138:6:3	rekey	總	0.9992
vol01:138:6:3	vol01:138:6:4	rekey	義	0.9994
vol01:138:6:4	vol01:138:6:5	rekey	凡	0.9995
vol01:138:6:5	vol01:138:6:6	rekey	斯	0.9995
vol01:138:6:6	vol01:138:6:7	rekey	之	0.9998
vol01:138:6:7	vol01:138:6:8	rekey	類	0.9996
vol01:138:6:8	vol01:138:6:9	rekey	皆	0.9995
vol01:138:7:9	vol01:138:7:10	rekey	志	0.9995
vol01:138:7:10	vol01:138:7:11	rekey	多	0.9994
vol01:138:7:11	vol01:138:7:12	rekey	分	0.9996
vol01:138:7:12	vol01:138:7:13	rekey	子	0.9996
vol01:138:7:13	vol01:138:7:14	rekey	目	0.9996
vol01:138:7:14	vol01:138:7:15	rekey	頗	0.9992
vol01:138:7:15	vol01:138:7:16	rekey	以	0.9996
vol01:138:7:16	vol01:138:7:17	rekey	餖	0.9996
vol01:138:7:17	vol01:138:7:18	rekey	飣	0.9994
vol01:138:7:18	vol01:138:7:19	rekey	爲	0.9994
vol01:138:7:19	vol01:138:7:20	rekey	嫌	0.9995
vol01:138:7:20	vol01:138:7:21	rekey	今	0.9996
vol01:138:7:3	vol01:138:7:4	rekey	焦	0.9995
vol01:138:7:4	vol01:138:7:5	rekey	竑	0.9995
vol01:138:7:5	vol01:138:7:6	rekey	國	0.9994
vol01:138:7:6	vol01:138:7:7	rekey	史	0.9996
vol01:138:7:7	vol01:138:7:8	rekey	經	0.9995
vol01:138:7:8	vol01:138:7:9	rekey	籍	0.9996
vol01:138:8:9	vol01:138:8:10	rekey	之	0.9997
vol01:138:8:10	vol01:138:8:11	rekey	小	0.9997
vol01:138:8:11	vol01:138:8:12	rekey	學	0.9995
vol01:138:8:12	vol01:138:8:13	rekey	類	0.9995
vol01:138:8:13	vol01:138:8:14	rekey	史	0.9996
vol01:138:8:14	vol01:138:8:15	rekey	部	0.9996
vol01:138:8:15	vol01:138:8:16	rekey	之	0.9998
vol01:138:8:16	vol01:138:8:17	rekey	地	0.9994
vol01:138:8:17	vol01:138:8:18	rekey	理	0.9989
vol01:138:8:18	vol01:138:8:19	rekey	傳	0.9993
vol01:138:8:19	vol01:138:8:20	rekey	記	0.9996
vol01:138:8:20	vol01:138:8:21	rekey	政	0.9995
vol01:138:8:2	vol01:138:8:3	rekey	酌	0.9995
vol01:138:8:3	vol01:138:8:4	rekey	乎	0.9997
vol01:138:8:4	vol01:138:8:5	rekey	其	0.9995
vol01:138:8:5	vol01:138:8:6	rekey	中	0.9997
vol01:138:8:6	vol01:138:8:7	rekey	惟	0.9995
vol01:138:8:7	vol01:138:8:8	rekey	經	0.9996
vol01:138:8:8	vol01:138:8:9	rekey	部	0.9997
vol01:138:9:9	vol01:138:9:10	rekey	數	0.9994
vol01:138:9:10	vol01:138:9:11	rekey	藝	0.9994
vol01:138:9:11	vol01:138:9:12	rekey	術	0.9995
vol01:138:9:12	vol01:138:9:13	rekey	譜	0.9994
vol01:138:9:13	vol01:138:9:14	rekey	錄	0.9995
vol01:138:9:14	vol01:138:9:15	rekey	雜	0.9995
vol01:138:9:15	vol01:138:9:16	rekey	家	0.9995
vol01:138:9:16	vol01:138:9:17	rekey	四	0.9996
vol01:138:9:17	vol01:138:9:18	rekey	類	0.9994
vol01:138:9:18	vol01:138:9:19	rekey	集	0.9995
vol01:138:9:19	vol01:138:9:20	rekey	部	0.9997
vol01:138:9:20	vol01:138:9:21	rekey	之	0.9996
vol01:138:9:2	vol01:138:9:3	rekey	書	0.9995
vol01:138:9:3	vol01:138:9:4	rekey	三	0.9997
vol01:138:9:4	vol01:138:9:5	rekey	類	0.9994
vol01:138:9:5	vol01:138:9:6	rekey	子	0.9996
vol01:138:9:6	vol01:138:9:7	rekey	部	0.9994
vol01:138:9:7	vol01:138:9:8	rekey	之	0.9997
vol01:138:9:8	vol01:138:9:9	rekey	術	0.9997
vol01:139:1:9	vol01:139:1:10	rekey	繁	0.9994
vol01:139:1:11	vol01:139:1:12	rekey	端	0.9997
vol01:139:1:12	vol01:139:1:13	rekey	緒	0.9995
vol01:139:1:13	vol01:139:1:14	rekey	易	0.9997
vol01:139:1:14	vol01:139:1:15	rekey	至	0.9995
vol01:139:1:15	vol01:139:1:16	rekey	茫	0.9995
vol01:139:1:16	vol01:139:1:17	rekey	如	0.9995
vol01:139:1:17	vol01:139:1:18	rekey	謹	0.9994
vol01:139:1:18	vol01:139:1:19	rekey	約	0.9996
vol01:139:1:19	vol01:139:1:20	rekey	分	0.9996
vol01:139:1:20	vol01:139:1:21	rekey	小	0.9996
vol01:139:1:3	vol01:139:1:4	rekey	曲	0.9997
vol01:139:1:4	vol01:139:1:5	rekey	類	0.9995
vol01:139:1:5	vol01:139:1:6	rekey	流	0.9995
vol01:139:1:6	vol01:139:1:7	rekey	派	0.9997
vol01:139:1:7	vol01:139:1:8	rekey	至	0.9995
vol01:139:1:8	vol01:139:1:9	rekey	爲	0.9993
vol01:139:2:9	vol01:139:2:10	rekey	爲	0.9993
vol01:139:2:10	vol01:139:2:11	rekey	九	0.9996
vol01:139:2:11	vol01:139:2:12	rekey	子	0.9996
vol01:139:2:12	vol01:139:2:13	rekey	目	0.9997
vol01:139:2:13	vol01:139:2:14	rekey	傳	0.9991
vol01:139:2:14	vol01:139:2:15	rekey	記	0.9995
vol01:139:2:15	vol01:139:2:16	rekey	爲	0.9995
vol01:139:2:16	vol01:139:2:17	rekey	五	0.9996
vol01:139:2:17	vol01:139:2:18	rekey	子	0.9993
vol01:139:2:18	vol01:139:2:19	rekey	目	0.9996
vol01:139:2:19	vol01:139:2:20	rekey	政	0.9995
vol01:139:2:20	vol01:139:2:21	rekey	書	0.9994
vol01:139:2:2	vol01:139:2:3	rekey	學	0.9993
vol01:139:2:3	vol01:139:2:4	rekey	爲	0.9995
vol01:139:2:4	vol01:139:2:5	rekey	三	0.9994
vol01:139:2:5	vol01:139:2:6	rekey	子	0.9995
vol01:139:2:6	vol01:139:2:7	rekey	目	0.9997
vol01:139:2:7	vol01:139:2:8	rekey	地	0.9996
vol01:139:2:8	vol01:139:2:9	rekey	理	0.9993
vol01:139:3:9	vol01:139:3:10	rekey	七	0.9998
vol01:139:3:10	vol01:139:3:11	rekey	子	0.9998
vol01:139:3:11	vol01:139:3:12	rekey	目	0.9998
vol01:139:3:12	vol01:139:3:13	rekey	藝	0.9997
vol01:139:3:13	vol01:139:3:14	rekey	術	0.9995
vol01:139:3:14	vol01:139:3:15	rekey	譜	0.9995
vol01:139:3:15	vol01:139:3:16	rekey	錄	0.9993
vol01:139:3:16	vol01:139:3:17	rekey	各	0.9995
vol01:139:3:17	vol01:139:3:18	rekey	爲	0.9993
vol01:139:3:19	vol01:139:3:20	rekey	子	0.9996
vol01:139:3:20	vol01:139:3:21	rekey	目	0.9998
vol01:139:3:2	vol01:139:3:3	rekey	爲	0.9997
vol01:139:3:3	vol01:139:3:4	rekey	六	0.9998
vol01:139:3:4	vol01:139:3:5	rekey	子	0.9997
vol01:139:3:5	vol01:139:3:6	rekey	目	0.9998
vol01:139:3:6	vol01:139:3:7	rekey	術	0.9995
vol01:139:3:7	vol01:139:3:8	rekey	數	0.9992
vol01:139:3:8	vol01:139:3:9	rekey	爲	0.9993
vol01:139:4:9	vol01:139:4:10	rekey	曲	0.9997
vol01:139:4:10	vol01:139:4:11	rekey	爲	0.9995
vol01:139:4:11	vol01:139:4:12	rekey	四	0.9995
vol01:139:4:12	vol01:139:4:13	rekey	子	0.9997
vol01:139:4:13	vol01:139:4:14	rekey	目	0.9998
vol01:139:4:14	vol01:139:4:15	rekey	使	0.9996
vol01:139:4:15	vol01:139:4:16	rekey	條	0.9993
vol01:139:4:16	vol01:139:4:17	rekey	理	0.9995
vol01:139:4:17	vol01:139:4:18	rekey	秩	0.9994
vol01:139:4:18	vol01:139:4:19	rekey	然	0.9994
vol01:139:4:19	vol01:139:4:20	rekey	又	0.9995
vol01:139:4:20	vol01:139:4:21	rekey	經	0.9991
vol01:139:4:2	vol01:139:4:3	rekey	雜	0.9996
vol01:139:4:3	vol01:139:4:4	rekey	家	0.9996
vol01:139:4:4	vol01:139:4:5	rekey	爲	0.9993
vol01:139:4:5	vol01:139:4:6	rekey	五	0.9995
vol01:139:4:6	vol01:139:4:7	rekey	子	0.9996
vol01:139:4:7	vol01:139:4:8	rekey	目	0.9997
vol01:139:4:8	vol01:139:4:9	rekey	詞	0.9996
vol01:139:5:10	vol01:139:5:11	rekey	令	0.9994
vol01:139:5:11	vol01:139:5:12	rekey	奏	0.9995
vol01:139:5:13	vol01:139:5:14	rekey	類	0.9992
vol01:139:5:14	vol01:139:5:15	rekey	目	0.9997
vol01:139:5:15	vol01:139:5:16	rekey	錄	0.9993
vol01:139:5:16	vol01:139:5:17	rekey	類	0.9992
vol01:139:5:17	vol01:139:5:18	rekey	子	0.9997
vol01:139:5:18	vol01:139:5:19	rekey	部	0.9996
vol01:139:5:19	vol01:139:5:20	rekey	之	0.9997
vol01:139:5:20	vol01:139:5:21	rekey	天	0.9996
vol01:139:5:2	vol01:139:5:3	rekey	部	0.9994
vol01:139:5:3	vol01:139:5:4	rekey	之	0.9998
vol01:139:5:4	vol01:139:5:5	rekey	禮	0.9994
vol01:139:5:5	vol01:139:5:6	rekey	類	0.9993
vol01:139:5:6	vol01:139:5:7	rekey	史	0.9998
vol01:139:5:7	vol01:139:5:8	rekey	部	0.9996
vol01:139:5:8	vol01:139:5:9	rekey	之	0.9998
vol01:139:6:9	vol01:139:6:10	rekey	類	0.9993
vol01:139:6:10	vol01:139:6:11	rekey	亦	0.9994
vol01:139:6:11	vol01:139:6:12	rekey	各	0.9996
vol01:139:6:12	vol01:139:6:13	rekey	約	0.9994
vol01:139:6:13	vol01:139:6:14	rekey	分	0.9997
vol01:139:6:14	vol01:139:6:15	rekey	子	0.9997
vol01:139:6:15	vol01:139:6:16	rekey	目	0.9996
vol01:139:6:16	vol01:139:6:17	rekey	以	0.9995
vol01:139:6:17	vol01:139:6:18	rekey	便	0.9995
vol01:139:6:18	vol01:139:6:19	rekey	檢	0.9991
vol01:139:6:19	vol01:139:6:20	rekey	尋	0.9993
vol01:139:6:20	vol01:139:6:21	rekey	其	0.9994
vol01:139:6:2	vol01:139:6:3	rekey	文	0.9995
vol01:139:6:3	vol01:139:6:4	rekey	算	0.9992
vol01:139:6:4	vol01:139:6:5	rekey	法	0.9994
vol01:139:6:5	vol01:139:6:6	rekey	類	0.9993
vol01:139:6:6	vol01:139:6:7	rekey	小	0.9997
vol01:139:6:7	vol01:139:6:8	rekey	說	0.9993
vol01:139:6:8	vol01:139:6:9	rekey	家	0.9991
vol01:139:7:2	vol01:139:7:3	rekey	餘	0.9994
vol01:139:7:3	vol01:139:7:4	rekey	瑣	0.9994
vol01:139:7:4	vol01:139:7:5	rekey	節	0.9995
vol01:139:8:9	vol01:139:8:10	rekey	往	0.9993
vol01:139:8:10	vol01:139:8:11	rekey	往	0.9994
vol01:139:8:11	vol01:139:8:12	rekey	循	0.9996
vol01:139:8:12	vol01:139:8:13	rekey	名	0.9996
vol01:139:8:13	vol01:139:8:14	rekey	失	0.9996
vol01:139:8:15	vol01:139:8:16	rekey	配	0.9993
vol01:139:8:16	vol01:139:8:17	rekey	𨽾	0.9995
vol01:139:8:17	vol01:139:8:18	rekey	乖	0.9995
vol01:139:8:18	vol01:139:8:19	rekey	宜	0.9996
vol01:139:8:19	vol01:139:8:20	rekey	不	0.9998
vol01:139:8:20	vol01:139:8:21	rekey	但	0.9995
vol01:139:8:3	vol01:139:8:4	rekey	古	0.9992
vol01:139:8:4	vol01:139:8:5	rekey	來	0.9997
vol01:139:8:5	vol01:139:8:6	rekey	諸	0.9993
vol01:139:8:6	vol01:139:8:7	rekey	家	0.9995
vol01:139:8:7	vol01:139:8:8	rekey	著	0.9995
vol01:139:8:8	vol01:139:8:9	rekey	錄	0.9992
vol01:139:9:9	vol01:139:9:10	rekey	錄	0.9994
vol01:139:9:10	vol01:139:9:11	rekey	入	0.9998
vol01:139:9:11	vol01:139:9:12	rekey	之	0.9996
vol01:139:9:12	vol01:139:9:13	rekey	種	0.9992
vol01:139:9:13	vol01:139:9:14	rekey	植	0.9993
vol01:139:9:14	vol01:139:9:15	rekey	爲	0.9992
vol01:139:9:15	vol01:139:9:16	rekey	鄭	0.9995
vol01:139:9:16	vol01:139:9:17	rekey	樵	0.9992
vol01:139:9:17	vol01:139:9:18	rekey	所	0.9996
vol01:139:9:19	vol01:139:9:20	rekey	今	0.9996
vol01:139:9:2	vol01:139:9:3	rekey	崇	0.9996
vol01:139:9:3	vol01:139:9:4	rekey	文	0.9997
vol01:139:9:4	vol01:139:9:5	rekey	總	0.9992
vol01:139:9:5	vol01:139:9:6	rekey	目	0.9997
vol01:139:9:6	vol01:139:9:7	rekey	以	0.9997
vol01:139:9:7	vol01:139:9:8	rekey	樹	0.9995
vol01:139:9:8	vol01:139:9:9	rekey	萱	0.9996
vol01:13:1:9	vol01:13:1:10	rekey	總	0.9996
vol01:13:1:10	vol01:13:1:11	rekey	裁	0.9995
vol01:13:1:11	vol01:13:1:12	rekey	等	0.9995
vol01:13:1:12	vol01:13:1:13	rekey	同	0.9997
vol01:13:1:13	vol01:13:1:14	rekey	永	0.9994
vol01:13:1:14	vol01:13:1:15	rekey	樂	0.9995
vol01:13:1:15	vol01:13:1:16	rekey	大	0.9995
vol01:13:1:16	vol01:13:1:17	rekey	典	0.9999
vol01:13:1:17	vol01:13:1:18	rekey	内	0.9995
vol01:13:1:18	vol01:13:1:19	rekey	現	0.9998
vol01:13:1:1	vol01:13:1:2	rekey	有	0.9996
vol01:13:1:19	vol01:13:1:20	rekey	有	0.9993
vol01:13:1:20	vol01:13:1:21	rekey	各	0.9997
vol01:13:1:2	vol01:13:1:3	rekey	進	0.9996
vol01:13:1:3	vol01:13:1:4	rekey	到	0.9994
vol01:13:1:4	vol01:13:1:5	rekey	各	0.9995
vol01:13:1:5	vol01:13:1:6	rekey	遺	0.9992
vol01:13:1:6	vol01:13:1:7	rekey	書	0.9995
vol01:13:1:7	vol01:13:1:8	rekey	並	0.9994
vol01:13:1:8	vol01:13:1:9	rekey	交	0.9996
vol01:13:2:9	vol01:13:2:10	rekey	抄	0.9995
vol01:13:2:10	vol01:13:2:11	rekey	擇	0.9995
vol01:13:2:11	vol01:13:2:12	rekey	其	0.9993
vol01:13:2:12	vol01:13:2:13	rekey	中	0.9997
vol01:13:2:13	vol01:13:2:14	rekey	罕	0.9996
vol01:13:2:14	vol01:13:2:15	rekey	見	0.9993
vol01:13:2:15	vol01:13:2:16	rekey	之	0.9997
vol01:13:2:16	vol01:13:2:17	rekey	書	0.9994
vol01:13:2:17	vol01:13:2:18	rekey	有	0.9995
vol01:13:2:18	vol01:13:2:19	rekey	益	0.9994
vol01:13:2:1	vol01:13:2:2	rekey	種	0.9995
vol01:13:2:19	vol01:13:2:20	rekey	於	0.9995
vol01:13:2:2	vol01:13:2:3	rekey	詳	0.9993
vol01:13:2:3	vol01:13:2:4	rekey	加	0.9995
vol01:13:2:4	vol01:13:2:5	rekey	核	0.9996
vol01:13:2:5	vol01:13:2:6	rekey	勘	0.9994
vol01:13:2:6	vol01:13:2:7	rekey	分	0.9994
vol01:13:2:7	vol01:13:2:8	rekey	别	0.9994
vol01:13:2:8	vol01:13:2:9	rekey	刊	0.9995
vol01:13:3:9	vol01:13:3:10	rekey	以	0.9996
vol01:13:3:10	vol01:13:3:11	rekey	廣	0.9995
vol01:13:3:11	vol01:13:3:12	rekey	流	0.9997
vol01:13:3:12	vol01:13:3:13	rekey	傳	0.9995
vol01:13:3:13	vol01:13:3:14	rekey	餘	0.9993
vol01:13:3:14	vol01:13:3:15	rekey	則	0.9997
vol01:13:3:15	vol01:13:3:16	rekey	選	0.9994
vol01:13:3:16	vol01:13:3:17	rekey	派	0.9995
vol01:13:3:17	vol01:13:3:18	rekey	謄	0.9995
vol01:13:3:18	vol01:13:3:19	rekey	錄	0.9995
vol01:13:3:1	vol01:13:3:2	rekey	道	0.9996
vol01:13:3:19	vol01:13:3:20	rekey	彚	0.9995
vol01:13:3:3	vol01:13:3:4	rekey	心	0.9997
vol01:13:3:4	vol01:13:3:5	rekey	者	0.9995
vol01:13:3:5	vol01:13:3:6	rekey	壽	0.9993
vol01:13:3:6	vol01:13:3:7	rekey	之	0.9997
vol01:13:3:7	vol01:13:3:8	rekey	梨	0.9995
vol01:13:3:8	vol01:13:3:9	rekey	棗	0.9995
vol01:13:4:9	vol01:13:4:10	rekey	有	0.9995
vol01:13:4:10	vol01:13:4:11	rekey	俚	0.9994
vol01:13:4:11	vol01:13:4:12	rekey	淺	0.9995
vol01:13:4:12	vol01:13:4:13	rekey	訛	0.9995
vol01:13:4:13	vol01:13:4:14	rekey	謬	0.9994
vol01:13:4:14	vol01:13:4:15	rekey	者	0.9996
vol01:13:4:15	vol01:13:4:16	rekey	止	0.9997
vol01:13:4:16	vol01:13:4:17	rekey	存	0.9996
vol01:13:4:17	vol01:13:4:18	rekey	書	0.9994
vol01:13:4:18	vol01:13:4:19	rekey	名	0.9996
vol01:13:4:1	vol01:13:4:2	rekey	成	0.9994
vol01:13:4:19	vol01:13:4:20	rekey	彚	0.9991
vol01:13:4:2	vol01:13:4:3	rekey	編	0.9994
vol01:13:4:3	vol01:13:4:4	rekey	陳	0.9997
vol01:13:4:4	vol01:13:4:5	rekey	之	0.9997
vol01:13:4:5	vol01:13:4:6	rekey	冊	0.9997
vol01:13:4:6	vol01:13:4:7	rekey	府	0.9996
vol01:13:4:7	vol01:13:4:8	rekey	其	0.9995
vol01:13:4:8	vol01:13:4:9	rekey	中	0.9998
vol01:13:5:9	vol01:13:5:10	rekey	此	0.9996
vol01:13:5:10	vol01:13:5:11	rekey	採	0.9996
vol01:13:5:11	vol01:13:5:12	rekey	擇	0.9995
vol01:13:5:12	vol01:13:5:13	rekey	四	0.9997
vol01:13:5:13	vol01:13:5:14	rekey	庫	0.9994
vol01:13:5:14	vol01:13:5:15	rekey	全	0.9996
vol01:13:5:15	vol01:13:5:16	rekey	書	0.9997
vol01:13:5:16	vol01:13:5:17	rekey	本	0.9997
vol01:13:5:17	vol01:13:5:18	rekey	指	0.9994
vol01:13:5:18	vol01:13:5:19	rekey	也	0.9996
vol01:13:5:1	vol01:13:5:2	rekey	總	0.9998
vol01:13:5:19	vol01:13:5:20	rekey	今	0.9996
vol01:13:5:2	vol01:13:5:3	rekey	目	0.9998
vol01:13:5:3	vol01:13:5:4	rekey	以	0.9997
vol01:13:5:4	vol01:13:5:5	rekey	彰	0.9996
vol01:13:5:5	vol01:13:5:6	rekey	右	0.9997
vol01:13:5:6	vol01:13:5:7	rekey	文	0.9996
vol01:13:5:7	vol01:13:5:8	rekey	之	0.9995
vol01:13:5:8	vol01:13:5:9	rekey	盛	0.9995
vol01:13:6:9	vol01:13:6:10	rekey	短	0.9994
vol01:13:6:10	vol01:13:6:11	rekey	參	0.9994
vol01:13:6:11	vol01:13:6:12	rekey	差	0.9992
vol01:13:6:12	vol01:13:6:13	rekey	不	0.9998
vol01:13:6:13	vol01:13:6:14	rekey	一	0.9999
vol01:13:6:14	vol01:13:6:15	rekey	既	0.9998
vol01:13:6:15	vol01:13:6:16	rekey	無	0.9996
vol01:13:6:16	vol01:13:6:17	rekey	當	0.9995
vol01:13:6:17	vol01:13:6:18	rekey	於	0.9996
vol01:13:6:18	vol01:13:6:19	rekey	編	0.9994
vol01:13:6:1	vol01:13:6:2	rekey	省	0.9996
vol01:13:6:19	vol01:13:6:20	rekey	列	0.9996
vol01:13:6:2	vol01:13:6:3	rekey	進	0.9996
vol01:13:6:3	vol01:13:6:4	rekey	到	0.9995
vol01:13:6:4	vol01:13:6:5	rekey	之	0.9997
vol01:13:6:5	vol01:13:6:6	rekey	書	0.9994
vol01:13:6:6	vol01:13:6:7	rekey	大	0.9995
vol01:13:6:7	vol01:13:6:8	rekey	小	0.9998
vol01:13:6:8	vol01:13:6:9	rekey	長	0.9994
vol01:13:7:9	vol01:13:7:10	rekey	其	0.9995
vol01:13:7:10	vol01:13:7:11	rekey	原	0.9995
vol01:13:7:11	vol01:13:7:12	rekey	書	0.9996
vol01:13:7:12	vol01:13:7:13	rekey	又	0.9997
vol01:13:7:13	vol01:13:7:14	rekey	何	0.9995
vol01:13:7:14	vol01:13:7:15	rekey	必	0.9995
vol01:13:7:15	vol01:13:7:16	rekey	復	0.9993
vol01:13:7:16	vol01:13:7:17	rekey	留	0.9996
vol01:13:7:17	vol01:13:7:18	rekey	内	0.9996
vol01:13:7:18	vol01:13:7:19	rekey	府	0.9996
vol01:13:7:1	vol01:13:7:2	rekey	緗	0.9995
vol01:13:7:19	vol01:13:7:20	rekey	且	0.9995
vol01:13:7:20	vol01:13:7:21	rekey	伊	0.9995
vol01:13:7:3	vol01:13:7:4	rekey	業	0.9995
vol01:13:7:4	vol01:13:7:5	rekey	已	0.9996
vol01:13:7:5	vol01:13:7:6	rekey	或	0.9996
vol01:13:7:6	vol01:13:7:7	rekey	刻	0.9996
vol01:13:7:8	vol01:13:7:9	rekey	抄	0.9995
vol01:13:8:9	vol01:13:8:10	rekey	彚	0.9991
vol01:13:8:10	vol01:13:8:11	rekey	交	0.9996
vol01:13:8:11	vol01:13:8:12	rekey	深	0.9993
vol01:13:8:12	vol01:13:8:13	rekey	爲	0.9995
vol01:13:8:13	vol01:13:8:14	rekey	可	0.9997
vol01:13:8:14	vol01:13:8:15	rekey	嘉	0.9995
vol01:13:8:15	vol01:13:8:16	rekey	若	0.9995
vol01:13:8:16	vol01:13:8:17	rekey	因	0.9996
vol01:13:8:17	vol01:13:8:18	rekey	此	0.9996
vol01:13:8:18	vol01:13:8:19	rekey	收	0.9993
vol01:13:8:1	vol01:13:8:2	rekey	等	0.9994
vol01:13:8:19	vol01:13:8:20	rekey	藏	0.9997
vol01:13:8:20	vol01:13:8:21	rekey	不	0.9997
vol01:13:8:2	vol01:13:8:3	rekey	將	0.9996
vol01:13:8:3	vol01:13:8:4	rekey	珍	0.9994
vol01:13:8:4	vol01:13:8:5	rekey	藏	0.9997
vol01:13:8:5	vol01:13:8:6	rekey	善	0.9995
vol01:13:8:6	vol01:13:8:7	rekey	本	0.9996
vol01:13:8:7	vol01:13:8:8	rekey	應	0.9994
vol01:13:8:8	vol01:13:8:9	rekey	詔	0.9997
vol01:13:9:9	vol01:13:9:10	rekey	人	0.9997
vol01:13:9:10	vol01:13:9:11	rekey	不	0.9998
vol01:13:9:11	vol01:13:9:12	rekey	得	0.9993
vol01:13:9:12	vol01:13:9:13	rekey	保	0.9996
vol01:13:9:13	vol01:13:9:14	rekey	其	0.9994
vol01:13:9:14	vol01:13:9:15	rekey	世	0.9996
vol01:13:9:15	vol01:13:9:16	rekey	守	0.9995
vol01:13:9:16	vol01:13:9:17	rekey	於	0.9997
vol01:13:9:17	vol01:13:9:18	rekey	理	0.9994
vol01:13:9:18	vol01:13:9:19	rekey	未	0.9997
vol01:13:9:1	vol01:13:9:2	rekey	發	0.9995
vol01:13:9:20	vol01:13:9:21	rekey	公	0.9998
vol01:13:9:3	vol01:13:9:4	rekey	使	0.9996
vol01:13:9:4	vol01:13:9:5	rekey	耽	0.9997
vol01:13:9:5	vol01:13:9:6	rekey	書	0.9995
vol01:13:9:6	vol01:13:9:7	rekey	明	0.9998
vol01:13:9:7	vol01:13:9:8	rekey	理	0.9993
vol01:13:9:8	vol01:13:9:9	rekey	之	0.9996
vol01:140:1:9	vol01:140:1:10	rekey	定	0.9997
vol01:140:1:10	vol01:140:1:11	rekey	如	0.9995
vol01:140:1:11	vol01:140:1:12	rekey	筆	0.9996
vol01:140:1:12	vol01:140:1:13	rekey	陣	0.9995
vol01:140:1:13	vol01:140:1:14	rekey	圖	0.9994
vol01:140:1:14	vol01:140:1:15	rekey	之	0.9996
vol01:140:1:15	vol01:140:1:16	rekey	屬	0.9993
vol01:140:1:16	vol01:140:1:17	rekey	舊	0.9994
vol01:140:1:18	vol01:140:1:19	rekey	小	0.9997
vol01:140:1:19	vol01:140:1:20	rekey	學	0.9997
vol01:140:1:20	vol01:140:1:21	rekey	類	0.9995
vol01:140:1:2	vol01:140:1:3	rekey	考	0.9995
vol01:140:1:3	vol01:140:1:4	rekey	校	0.9994
vol01:140:1:4	vol01:140:1:5	rekey	原	0.9994
vol01:140:1:5	vol01:140:1:6	rekey	書	0.9994
vol01:140:1:6	vol01:140:1:7	rekey	詳	0.9993
vol01:140:1:7	vol01:140:1:8	rekey	爲	0.9996
vol01:140:1:8	vol01:140:1:9	rekey	釐	0.9993
vol01:140:2:10	vol01:140:2:11	rekey	小	0.9998
vol01:140:2:11	vol01:140:2:12	rekey	學	0.9995
vol01:140:2:12	vol01:140:2:13	rekey	其	0.9996
vol01:140:2:13	vol01:140:2:14	rekey	論	0.9993
vol01:140:2:14	vol01:140:2:15	rekey	八	0.9996
vol01:140:2:15	vol01:140:2:16	rekey	法	0.9996
vol01:140:2:16	vol01:140:2:17	rekey	者	0.9996
vol01:140:2:17	vol01:140:2:18	rekey	不	0.9996
vol01:140:2:18	vol01:140:2:19	rekey	過	0.9994
vol01:140:2:19	vol01:140:2:20	rekey	筆	0.9995
vol01:140:2:2	vol01:140:2:3	rekey	今	0.9997
vol01:140:2:3	vol01:140:2:4	rekey	惟	0.9994
vol01:140:2:4	vol01:140:2:5	rekey	以	0.9997
vol01:140:2:5	vol01:140:2:6	rekey	論	0.9996
vol01:140:2:6	vol01:140:2:7	rekey	六	0.9998
vol01:140:2:7	vol01:140:2:8	rekey	書	0.9996
vol01:140:2:8	vol01:140:2:9	rekey	者	0.9995
vol01:140:3:9	vol01:140:3:10	rekey	羯	0.9995
vol01:140:3:10	vol01:140:3:11	rekey	鼓	0.9994
vol01:140:3:11	vol01:140:3:12	rekey	錄	0.9995
vol01:140:3:12	vol01:140:3:13	rekey	之	0.9996
vol01:140:3:13	vol01:140:3:14	rekey	屬	0.9993
vol01:140:3:14	vol01:140:3:15	rekey	舊	0.9994
vol01:140:3:16	vol01:140:3:17	rekey	樂	0.9995
vol01:140:3:17	vol01:140:3:18	rekey	類	0.9991
vol01:140:3:18	vol01:140:3:19	rekey	今	0.9994
vol01:140:3:19	vol01:140:3:20	rekey	惟	0.9995
vol01:140:3:20	vol01:140:3:21	rekey	以	0.9995
vol01:140:3:2	vol01:140:3:3	rekey	之	0.9996
vol01:140:3:3	vol01:140:3:4	rekey	工	0.9996
vol01:140:3:4	vol01:140:3:5	rekey	則	0.9996
vol01:140:3:5	vol01:140:3:6	rekey	改	0.9994
vol01:140:3:7	vol01:140:3:8	rekey	藝	0.9996
vol01:140:3:8	vol01:140:3:9	rekey	術	0.9993
vol01:140:4:9	vol01:140:4:10	rekey	論	0.9994
vol01:140:4:10	vol01:140:4:11	rekey	管	0.9995
vol01:140:4:11	vol01:140:4:12	rekey	絃	0.9994
vol01:140:4:12	vol01:140:4:13	rekey	工	0.9996
vol01:140:4:13	vol01:140:4:14	rekey	尺	0.9995
vol01:140:4:14	vol01:140:4:15	rekey	者	0.9993
vol01:140:4:15	vol01:140:4:16	rekey	不	0.9997
vol01:140:4:16	vol01:140:4:17	rekey	過	0.9994
vol01:140:4:17	vol01:140:4:18	rekey	世	0.9996
vol01:140:4:18	vol01:140:4:19	rekey	俗	0.9993
vol01:140:4:19	vol01:140:4:20	rekey	之	0.9998
vol01:140:4:20	vol01:140:4:21	rekey	音	0.9991
vol01:140:4:2	vol01:140:4:3	rekey	論	0.9994
vol01:140:4:3	vol01:140:4:4	rekey	律	0.9994
vol01:140:4:4	vol01:140:4:5	rekey	呂	0.9995
vol01:140:4:5	vol01:140:4:6	rekey	者	0.9993
vol01:140:4:7	vol01:140:4:8	rekey	樂	0.9994
vol01:140:4:8	vol01:140:4:9	rekey	其	0.9995
vol01:140:5:9	vol01:140:5:10	rekey	類	0.9995
vol01:140:5:10	vol01:140:5:11	rekey	對	0.9997
vol01:140:5:11	vol01:140:5:12	rekey	賦	0.9995
vol01:140:5:12	vol01:140:5:13	rekey	之	0.9996
vol01:140:5:13	vol01:140:5:14	rekey	屬	0.9993
vol01:140:5:14	vol01:140:5:15	rekey	舊	0.9995
vol01:140:5:16	vol01:140:5:17	rekey	春	0.9997
vol01:140:5:17	vol01:140:5:18	rekey	秋	0.9994
vol01:140:5:18	vol01:140:5:19	rekey	類	0.9995
vol01:140:5:19	vol01:140:5:20	rekey	今	0.9993
vol01:140:5:20	vol01:140:5:21	rekey	以	0.9991
vol01:140:5:2	vol01:140:5:3	rekey	亦	0.9996
vol01:140:5:3	vol01:140:5:4	rekey	改	0.9995
vol01:140:5:4	vol01:140:5:5	rekey	𨽾	0.9995
vol01:140:5:5	vol01:140:5:6	rekey	藝	0.9994
vol01:140:5:6	vol01:140:5:7	rekey	術	0.9995
vol01:140:5:7	vol01:140:5:8	rekey	左	0.9993
vol01:140:5:8	vol01:140:5:9	rekey	傳	0.9993
vol01:140:6:9	vol01:140:6:10	rekey	經	0.9994
vol01:140:6:10	vol01:140:6:11	rekey	義	0.9993
vol01:140:6:11	vol01:140:6:12	rekey	改	0.9993
vol01:140:6:13	vol01:140:6:14	rekey	類	0.9991
vol01:140:6:14	vol01:140:6:15	rekey	書	0.9991
vol01:140:6:15	vol01:140:6:16	rekey	孝	0.9994
vol01:140:6:16	vol01:140:6:17	rekey	經	0.9994
vol01:140:6:17	vol01:140:6:18	rekey	集	0.9995
vol01:140:6:18	vol01:140:6:19	rekey	靈	0.9992
vol01:140:6:19	vol01:140:6:20	rekey	舊	0.9994
vol01:140:6:2	vol01:140:6:3	rekey	其	0.9995
vol01:140:6:3	vol01:140:6:4	rekey	但	0.9995
vol01:140:6:4	vol01:140:6:5	rekey	取	0.9994
vol01:140:6:5	vol01:140:6:6	rekey	儷	0.9994
vol01:140:6:6	vol01:140:6:7	rekey	詞	0.9994
vol01:140:6:7	vol01:140:6:8	rekey	無	0.9995
vol01:140:6:8	vol01:140:6:9	rekey	關	0.9994
vol01:140:7:9	vol01:140:7:10	rekey	舊	0.9995
vol01:140:7:11	vol01:140:7:12	rekey	起	0.9995
vol01:140:7:12	vol01:140:7:13	rekey	居	0.9995
vol01:140:7:13	vol01:140:7:14	rekey	注	0.9994
vol01:140:7:14	vol01:140:7:15	rekey	類	0.9993
vol01:140:7:15	vol01:140:7:16	rekey	山	0.9997
vol01:140:7:16	vol01:140:7:17	rekey	海	0.9995
vol01:140:7:17	vol01:140:7:18	rekey	經	0.9993
vol01:140:7:18	vol01:140:7:19	rekey	十	0.9999
vol01:140:7:19	vol01:140:7:20	rekey	洲	0.9994
vol01:140:7:20	vol01:140:7:21	rekey	記	0.9994
vol01:140:7:2	vol01:140:7:3	rekey	孝	0.9994
vol01:140:7:3	vol01:140:7:4	rekey	經	0.9993
vol01:140:7:4	vol01:140:7:5	rekey	類	0.9994
vol01:140:7:5	vol01:140:7:6	rekey	穆	0.9993
vol01:140:7:6	vol01:140:7:7	rekey	天	0.9995
vol01:140:7:7	vol01:140:7:8	rekey	子	0.9996
vol01:140:7:8	vol01:140:7:9	rekey	傳	0.9995
vol01:140:8:9	vol01:140:8:10	rekey	帝	0.9997
vol01:140:8:10	vol01:140:8:11	rekey	内	0.9997
vol01:140:8:11	vol01:140:8:12	rekey	傳	0.9997
vol01:140:8:12	vol01:140:8:13	rekey	飛	0.9995
vol01:140:8:13	vol01:140:8:14	rekey	燕	0.9993
vol01:140:8:14	vol01:140:8:15	rekey	外	0.9995
vol01:140:8:15	vol01:140:8:16	rekey	傳	0.9995
vol01:140:8:16	vol01:140:8:17	rekey	舊	0.9995
vol01:140:8:18	vol01:140:8:19	rekey	傳	0.9993
vol01:140:8:19	vol01:140:8:20	rekey	記	0.9996
vol01:140:8:20	vol01:140:8:21	rekey	類	0.9995
vol01:140:8:2	vol01:140:8:3	rekey	舊	0.9994
vol01:140:8:4	vol01:140:8:5	rekey	地	0.9993
vol01:140:8:5	vol01:140:8:6	rekey	理	0.9994
vol01:140:8:6	vol01:140:8:7	rekey	類	0.9997
vol01:140:8:7	vol01:140:8:8	rekey	漢	0.9995
vol01:140:8:8	vol01:140:8:9	rekey	武	0.9995
vol01:140:9:9	vol01:140:9:10	rekey	或	0.9993
vol01:140:9:10	vol01:140:9:11	rekey	涉	0.9995
vol01:140:9:11	vol01:140:9:12	rekey	鄙	0.9994
vol01:140:9:12	vol01:140:9:13	rekey	猥	0.9995
vol01:140:9:13	vol01:140:9:14	rekey	均	0.9994
vol01:140:9:14	vol01:140:9:15	rekey	改	0.9996
vol01:140:9:16	vol01:140:9:17	rekey	小	0.9995
vol01:140:9:17	vol01:140:9:18	rekey	說	0.999
vol01:140:9:18	vol01:140:9:19	rekey	他	0.9993
vol01:140:9:19	vol01:140:9:20	rekey	如	0.9993
vol01:140:9:20	vol01:140:9:21	rekey	揚	0.9994
vol01:140:9:2	vol01:140:9:3	rekey	今	0.9996
vol01:140:9:3	vol01:140:9:4	rekey	以	0.9996
vol01:140:9:4	vol01:140:9:5	rekey	其	0.9998
vol01:140:9:5	vol01:140:9:6	rekey	或	0.9995
vol01:140:9:6	vol01:140:9:7	rekey	涉	0.9995
vol01:140:9:7	vol01:140:9:8	rekey	荒	0.9993
vol01:140:9:8	vol01:140:9:9	rekey	誕	0.9996
vol01:141:1:9	vol01:141:1:10	rekey	家	0.9996
vol01:141:1:10	vol01:141:1:11	rekey	類	0.9992
vol01:141:1:11	vol01:141:1:12	rekey	今	0.9997
vol01:141:1:12	vol01:141:1:13	rekey	改	0.9994
vol01:141:1:14	vol01:141:1:15	rekey	術	0.9995
vol01:141:1:15	vol01:141:1:16	rekey	數	0.9995
vol01:141:1:17	vol01:141:1:18	rekey	琰	0.9993
vol01:141:1:18	vol01:141:1:19	rekey	易	0.9994
vol01:141:1:19	vol01:141:1:20	rekey	外	0.9995
vol01:141:1:20	vol01:141:1:21	rekey	別	0.9996
vol01:141:1:2	vol01:141:1:3	rekey	雄	0.9991
vol01:141:1:4	vol01:141:1:5	rekey	元	0.9994
vol01:141:1:5	vol01:141:1:6	rekey	經	0.9993
vol01:141:1:6	vol01:141:1:7	rekey	舊	0.9997
vol01:141:1:8	vol01:141:1:9	rekey	儒	0.9994
vol01:141:2:11	vol01:141:2:12	rekey	家	0.9997
vol01:141:2:12	vol01:141:2:13	rekey	又	0.9995
vol01:141:2:13	vol01:141:2:14	rekey	如	0.9996
vol01:141:2:14	vol01:141:2:15	rekey	倪	0.9996
vol01:141:2:15	vol01:141:2:16	rekey	石	0.9994
vol01:141:2:16	vol01:141:2:17	rekey	陵	0.9994
vol01:141:2:17	vol01:141:2:18	rekey	書	0.9993
vol01:141:2:18	vol01:141:2:19	rekey	名	0.9994
vol01:141:2:19	vol01:141:2:20	rekey	似	0.9996
vol01:141:2:20	vol01:141:2:21	rekey	子	0.9997
vol01:141:2:2	vol01:141:2:3	rekey	傳	0.9997
vol01:141:2:3	vol01:141:2:4	rekey	舊	0.9997
vol01:141:2:4	vol01:141:2:5	rekey	入	0.9997
vol01:141:2:5	vol01:141:2:6	rekey	易	0.9989
vol01:141:2:6	vol01:141:2:7	rekey	類	0.9997
vol01:141:2:7	vol01:141:2:8	rekey	今	0.9994
vol01:141:2:8	vol01:141:2:9	rekey	改	0.9996
vol01:141:3:11	vol01:141:3:12	rekey	集	0.9994
vol01:141:3:12	vol01:141:3:13	rekey	名	0.9996
vol01:141:3:13	vol01:141:3:14	rekey	似	0.9996
vol01:141:3:14	vol01:141:3:15	rekey	文	0.9994
vol01:141:3:15	vol01:141:3:16	rekey	集	0.9994
vol01:141:3:16	vol01:141:3:17	rekey	而	0.9996
vol01:141:3:17	vol01:141:3:18	rekey	實	0.9991
vol01:141:3:18	vol01:141:3:19	rekey	語	0.9993
vol01:141:3:19	vol01:141:3:20	rekey	錄	0.9985
vol01:141:3:20	vol01:141:3:21	rekey	凡	0.9995
vol01:141:3:2	vol01:141:3:3	rekey	書	0.9993
vol01:141:3:3	vol01:141:3:4	rekey	而	0.9997
vol01:141:3:4	vol01:141:3:5	rekey	實	0.9996
vol01:141:3:5	vol01:141:3:6	rekey	文	0.9995
vol01:141:3:6	vol01:141:3:7	rekey	集	0.9994
vol01:141:3:7	vol01:141:3:8	rekey	陳	0.9995
vol01:141:4:9	vol01:141:4:10	rekey	並	0.9995
vol01:141:4:10	vol01:141:4:11	rekey	一	1.0
vol01:141:4:11	vol01:141:4:12	rekey	一	0.9999
vol01:141:4:12	vol01:141:4:13	rekey	考	0.9997
vol01:141:4:13	vol01:141:4:14	rekey	核	0.9996
vol01:141:4:14	vol01:141:4:15	rekey	務	0.9994
vol01:141:4:15	vol01:141:4:16	rekey	使	0.9995
vol01:141:4:16	vol01:141:4:17	rekey	不	0.9995
vol01:141:4:17	vol01:141:4:18	rekey	失	0.9995
vol01:141:4:18	vol01:141:4:19	rekey	其	0.9992
vol01:141:4:19	vol01:141:4:20	rekey	眞	0.9995
vol01:141:4:2	vol01:141:4:3	rekey	斯	0.9995
vol01:141:4:3	vol01:141:4:4	rekey	之	0.9998
vol01:141:4:4	vol01:141:4:5	rekey	流	0.9995
vol01:141:4:5	vol01:141:4:6	rekey	不	0.9997
vol01:141:4:6	vol01:141:4:7	rekey	可	0.9994
vol01:141:4:8	vol01:141:4:9	rekey	述	0.9996
vol01:141:5:9	vol01:141:5:10	rekey	不	0.9996
vol01:141:5:10	vol01:141:5:11	rekey	一	1.0
vol01:141:5:11	vol01:141:5:12	rekey	謹	0.9992
vol01:141:5:12	vol01:141:5:13	rekey	擇	0.9994
vol01:141:5:13	vol01:141:5:14	rekey	其	0.9994
vol01:141:5:14	vol01:141:5:15	rekey	善	0.9996
vol01:141:5:15	vol01:141:5:16	rekey	本	0.9997
vol01:141:5:16	vol01:141:5:17	rekey	錄	0.9996
vol01:141:5:17	vol01:141:5:18	rekey	之	0.9998
vol01:141:5:18	vol01:141:5:19	rekey	增	0.9994
vol01:141:5:20	vol01:141:5:21	rekey	之	0.9997
vol01:141:5:3	vol01:141:5:4	rekey	諸	0.9996
vol01:141:5:4	vol01:141:5:5	rekey	書	0.9998
vol01:141:5:5	vol01:141:5:6	rekey	刊	0.9995
vol01:141:5:6	vol01:141:5:7	rekey	寫	0.9995
vol01:141:5:7	vol01:141:5:8	rekey	之	0.9998
vol01:141:5:8	vol01:141:5:9	rekey	本	0.9996
vol01:141:6:9	vol01:141:6:10	rekey	足	0.9996
vol01:141:6:10	vol01:141:6:11	rekey	本	0.9997
vol01:141:6:11	vol01:141:6:12	rekey	錄	0.9993
vol01:141:6:12	vol01:141:6:13	rekey	之	0.9997
vol01:141:6:13	vol01:141:6:14	rekey	每	0.9995
vol01:141:6:14	vol01:141:6:15	rekey	書	0.9995
vol01:141:6:15	vol01:141:6:16	rekey	名	0.9993
vol01:141:6:16	vol01:141:6:17	rekey	之	0.9997
vol01:141:6:17	vol01:141:6:18	rekey	下	0.9998
vol01:141:6:18	vol01:141:6:19	rekey	欽	0.9996
vol01:141:6:19	vol01:141:6:20	rekey	遵	0.9995
vol01:141:6:2	vol01:141:6:3	rekey	本	0.9997
vol01:141:6:3	vol01:141:6:4	rekey	亦	0.9996
vol01:141:6:4	vol01:141:6:5	rekey	不	0.9997
vol01:141:6:5	vol01:141:6:6	rekey	一	0.9999
vol01:141:6:6	vol01:141:6:7	rekey	謹	0.9993
vol01:141:6:7	vol01:141:6:8	rekey	擇	0.9994
vol01:141:6:8	vol01:141:6:9	rekey	其	0.9994
vol01:141:7:9	vol01:141:7:10	rekey	不	0.9998
vol01:141:7:10	vol01:141:7:11	rekey	没	0.9997
vol01:141:7:11	vol01:141:7:12	rekey	所	0.9998
vol01:141:7:12	vol01:141:7:13	rekey	自	0.9998
vol01:141:7:13	vol01:141:7:14	rekey	其	0.9997
vol01:141:7:14	vol01:141:7:15	rekey	坊	0.9995
vol01:141:7:15	vol01:141:7:16	rekey	刻	0.9994
vol01:141:7:16	vol01:141:7:17	rekey	之	0.9997
vol01:141:7:17	vol01:141:7:18	rekey	書	0.9995
vol01:141:7:18	vol01:141:7:19	rekey	不	0.9996
vol01:141:7:19	vol01:141:7:20	rekey	可	0.9997
vol01:141:7:2	vol01:141:7:3	rekey	各	0.9994
vol01:141:7:4	vol01:141:7:5	rekey	某	0.9996
vol01:141:7:5	vol01:141:7:6	rekey	家	0.9997
vol01:141:7:6	vol01:141:7:7	rekey	藏	0.9995
vol01:141:7:7	vol01:141:7:8	rekey	本	0.9996
vol01:141:7:8	vol01:141:7:9	rekey	以	0.9998
vol01:141:8:9	vol01:141:8:10	rekey	通	0.9996
vol01:141:8:10	vol01:141:8:11	rekey	行	0.9994
vol01:141:8:11	vol01:141:8:12	rekey	本	0.9995
vol01:141:8:12	vol01:141:8:13	rekey	至	0.9995
vol01:141:8:13	vol01:141:8:14	rekey	其	0.9997
vol01:141:8:14	vol01:141:8:15	rekey	編	0.9994
vol01:141:8:15	vol01:141:8:16	rekey	次	0.9997
vol01:141:8:16	vol01:141:8:17	rekey	先	0.9996
vol01:141:8:17	vol01:141:8:18	rekey	後	0.9995
vol01:141:8:18	vol01:141:8:19	rekey	漢	0.9996
vol01:141:8:19	vol01:141:8:20	rekey	書	0.9995
vol01:141:8:20	vol01:141:8:21	rekey	藝	0.9994
vol01:141:8:2	vol01:141:8:3	rekey	題	0.9997
vol01:141:8:3	vol01:141:8:4	rekey	一	0.9999
vol01:141:8:4	vol01:141:8:5	rekey	家	0.9994
vol01:141:8:5	vol01:141:8:6	rekey	者	0.9996
vol01:141:8:6	vol01:141:8:7	rekey	則	0.9996
vol01:141:8:7	vol01:141:8:8	rekey	註	0.9996
vol01:141:9:9	vol01:141:9:10	rekey	所	0.9997
vol01:141:9:10	vol01:141:9:11	rekey	撰	0.9993
vol01:141:9:11	vol01:141:9:12	rekey	雜	0.999
vol01:141:9:12	vol01:141:9:13	rekey	置	0.9994
vol01:141:9:13	vol01:141:9:14	rekey	諸	0.9996
vol01:141:9:14	vol01:141:9:15	rekey	臣	0.9996
vol01:141:9:15	vol01:141:9:16	rekey	之	0.9998
vol01:141:9:16	vol01:141:9:17	rekey	中	0.9998
vol01:141:9:17	vol01:141:9:18	rekey	殊	0.9996
vol01:141:9:18	vol01:141:9:19	rekey	爲	0.9996
vol01:141:9:19	vol01:141:9:20	rekey	非	0.9996
vol01:141:9:20	vol01:141:9:21	rekey	體	0.9995
vol01:141:9:2	vol01:141:9:3	rekey	文	0.9994
vol01:141:9:3	vol01:141:9:4	rekey	志	0.9994
vol01:141:9:4	vol01:141:9:5	rekey	以	0.9996
vol01:141:9:5	vol01:141:9:6	rekey	高	0.9996
vol01:141:9:6	vol01:141:9:7	rekey	帝	0.9996
vol01:141:9:7	vol01:141:9:8	rekey	文	0.9996
vol01:141:9:8	vol01:141:9:9	rekey	帝	0.9995
vol01:142:1:9	vol01:142:1:10	rekey	王	0.9997
vol01:142:1:10	vol01:142:1:11	rekey	各	0.9996
vol01:142:1:11	vol01:142:1:12	rekey	冠	0.9995
vol01:142:1:12	vol01:142:1:13	rekey	其	0.9994
vol01:142:1:13	vol01:142:1:14	rekey	本	0.9997
vol01:142:1:14	vol01:142:1:15	rekey	代	0.9997
vol01:142:1:15	vol01:142:1:16	rekey	於	0.9995
vol01:142:1:16	vol01:142:1:17	rekey	義	0.9994
vol01:142:1:17	vol01:142:1:18	rekey	爲	0.9993
vol01:142:1:18	vol01:142:1:19	rekey	允	0.9996
vol01:142:1:19	vol01:142:1:20	rekey	今	0.9995
vol01:142:1:20	vol01:142:1:21	rekey	從	0.9995
vol01:142:1:2	vol01:142:1:3	rekey	隋	0.9994
vol01:142:1:3	vol01:142:1:4	rekey	書	0.9982
vol01:142:1:4	vol01:142:1:5	rekey	經	0.9978
vol01:142:1:5	vol01:142:1:6	rekey	籍	0.9963
vol01:142:1:7	vol01:142:1:8	rekey	以	0.9998
vol01:142:1:8	vol01:142:1:9	rekey	帝	0.9996
vol01:142:2:9	vol01:142:2:10	rekey	第	0.9996
vol01:142:2:10	vol01:142:2:11	rekey	之	0.9997
vol01:142:2:11	vol01:142:2:12	rekey	年	0.9994
vol01:142:2:12	vol01:142:2:13	rekey	生	0.9995
vol01:142:2:13	vol01:142:2:14	rekey	卒	0.9994
vol01:142:2:14	vol01:142:2:15	rekey	之	0.9996
vol01:142:2:15	vol01:142:2:16	rekey	歲	0.9994
vol01:142:2:16	vol01:142:2:17	rekey	爲	0.9996
vol01:142:2:17	vol01:142:2:18	rekey	之	0.9997
vol01:142:2:18	vol01:142:2:19	rekey	排	0.9992
vol01:142:2:19	vol01:142:2:20	rekey	比	0.9995
vol01:142:2:20	vol01:142:2:21	rekey	或	0.9995
vol01:142:2:2	vol01:142:2:3	rekey	其	0.9994
vol01:142:2:3	vol01:142:2:4	rekey	例	0.9997
vol01:142:2:4	vol01:142:2:5	rekey	其	0.9993
vol01:142:2:5	vol01:142:2:6	rekey	餘	0.9993
vol01:142:2:6	vol01:142:2:7	rekey	槩	0.9995
vol01:142:2:7	vol01:142:2:8	rekey	以	0.9997
vol01:142:2:8	vol01:142:2:9	rekey	登	0.9995
vol01:142:3:9	vol01:142:3:10	rekey	人	0.9997
vol01:142:3:10	vol01:142:3:11	rekey	爲	0.9996
vol01:142:3:11	vol01:142:3:12	rekey	次	0.9995
vol01:142:3:12	vol01:142:3:13	rekey	無	0.9995
vol01:142:3:13	vol01:142:3:14	rekey	可	0.9993
vol01:142:3:14	vol01:142:3:15	rekey	考	0.9995
vol01:142:3:15	vol01:142:3:16	rekey	者	0.9996
vol01:142:3:16	vol01:142:3:17	rekey	則	0.9996
vol01:142:3:17	vol01:142:3:18	rekey	附	0.9995
vol01:142:3:18	vol01:142:3:19	rekey	本	0.9995
vol01:142:3:19	vol01:142:3:20	rekey	代	0.9997
vol01:142:3:2	vol01:142:3:3	rekey	據	0.9991
vol01:142:3:3	vol01:142:3:4	rekey	所	0.9992
vol01:142:3:4	vol01:142:3:5	rekey	往	0.9994
vol01:142:3:5	vol01:142:3:6	rekey	來	0.9997
vol01:142:3:6	vol01:142:3:7	rekey	倡	0.9996
vol01:142:3:7	vol01:142:3:8	rekey	和	0.9996
vol01:142:3:8	vol01:142:3:9	rekey	之	0.9998
vol01:142:4:9	vol01:142:4:10	rekey	從	0.9997
vol01:142:4:10	vol01:142:4:11	rekey	時	0.9996
vol01:142:4:11	vol01:142:4:12	rekey	代	0.9995
vol01:142:4:12	vol01:142:4:13	rekey	不	0.9998
vol01:142:4:13	vol01:142:4:14	rekey	復	0.9996
vol01:142:4:14	vol01:142:4:15	rekey	區	0.9998
vol01:142:4:15	vol01:142:4:16	rekey	分	0.9997
vol01:142:4:16	vol01:142:4:17	rekey	宦	0.9998
vol01:142:4:17	vol01:142:4:18	rekey	寺	0.9996
vol01:142:4:18	vol01:142:4:19	rekey	之	0.9996
vol01:142:4:19	vol01:142:4:20	rekey	作	0.9997
vol01:142:4:20	vol01:142:4:21	rekey	雖	0.9996
vol01:142:4:3	vol01:142:4:4	rekey	釋	0.9995
vol01:142:4:4	vol01:142:4:5	rekey	道	0.9997
vol01:142:4:5	vol01:142:4:6	rekey	閨	0.9995
vol01:142:4:6	vol01:142:4:7	rekey	閣	0.9996
vol01:142:4:7	vol01:142:4:8	rekey	亦	0.9995
vol01:142:4:8	vol01:142:4:9	rekey	各	0.9997
vol01:142:5:9	vol01:142:5:10	rekey	然	0.9995
vol01:142:5:10	vol01:142:5:11	rekey	漢	0.9994
vol01:142:5:11	vol01:142:5:12	rekey	志	0.9997
vol01:142:5:12	vol01:142:5:13	rekey	小	0.9997
vol01:142:5:13	vol01:142:5:14	rekey	學	0.9994
vol01:142:5:14	vol01:142:5:15	rekey	家	0.9994
vol01:142:5:15	vol01:142:5:16	rekey	嘗	0.9996
vol01:142:5:16	vol01:142:5:17	rekey	收	0.9994
vol01:142:5:17	vol01:142:5:18	rekey	趙	0.9995
vol01:142:5:18	vol01:142:5:19	rekey	高	0.9997
vol01:142:5:19	vol01:142:5:20	rekey	之	0.9998
vol01:142:5:20	vol01:142:5:21	rekey	爰	0.9996
vol01:142:5:2	vol01:142:5:3	rekey	不	0.9996
vol01:142:5:3	vol01:142:5:4	rekey	宜	0.9996
vol01:142:5:4	vol01:142:5:5	rekey	廁	0.9994
vol01:142:5:5	vol01:142:5:6	rekey	士	0.9997
vol01:142:5:6	vol01:142:5:7	rekey	大	0.9996
vol01:142:5:8	vol01:142:5:9	rekey	間	0.9996
vol01:142:6:9	vol01:142:6:10	rekey	從	0.9996
vol01:142:6:10	vol01:142:6:11	rekey	其	0.9995
vol01:142:6:11	vol01:142:6:12	rekey	例	0.9996
vol01:142:6:12	vol01:142:6:13	rekey	亦	0.9996
vol01:142:6:13	vol01:142:6:14	rekey	間	0.9996
vol01:142:6:14	vol01:142:6:15	rekey	存	0.9995
vol01:142:6:17	vol01:142:6:18	rekey	外	0.9996
vol01:142:6:18	vol01:142:6:19	rekey	國	0.9994
vol01:142:6:19	vol01:142:6:20	rekey	之	0.9997
vol01:142:6:20	vol01:142:6:21	rekey	作	0.9995
vol01:142:6:3	vol01:142:6:4	rekey	史	0.9996
vol01:142:6:5	vol01:142:6:6	rekey	之	0.9998
vol01:142:6:6	vol01:142:6:7	rekey	急	0.9996
vol01:142:6:7	vol01:142:6:8	rekey	就	0.9994
vol01:142:6:8	vol01:142:6:9	rekey	今	0.9997
vol01:142:7:9	vol01:142:7:10	rekey	王	0.9995
vol01:142:7:10	vol01:142:7:11	rekey	化	0.9995
vol01:142:7:12	vol01:142:7:13	rekey	屬	0.9996
vol01:142:7:13	vol01:142:7:14	rekey	外	0.9994
vol01:142:7:14	vol01:142:7:15	rekey	臣	0.9997
vol01:142:7:15	vol01:142:7:16	rekey	不	0.9997
vol01:142:7:16	vol01:142:7:17	rekey	必	0.9997
vol01:142:7:17	vol01:142:7:18	rekey	分	0.9994
vol01:142:7:18	vol01:142:7:19	rekey	疆	0.9993
vol01:142:7:19	vol01:142:7:20	rekey	絕	0.9994
vol01:142:7:20	vol01:142:7:21	rekey	界	0.9997
vol01:142:7:2	vol01:142:7:3	rekey	前	0.9994
vol01:142:7:3	vol01:142:7:4	rekey	史	0.9997
vol01:142:7:4	vol01:142:7:5	rekey	罕	0.9995
vol01:142:7:5	vol01:142:7:6	rekey	載	0.9996
vol01:142:7:6	vol01:142:7:7	rekey	然	0.9994
vol01:142:7:7	vol01:142:7:8	rekey	既	0.9989
vol01:142:7:8	vol01:142:7:9	rekey	歸	0.999
vol01:142:8:9	vol01:142:8:10	rekey	敬	0.9995
vol01:142:8:10	vol01:142:8:11	rekey	德	0.9996
vol01:142:8:11	vol01:142:8:12	rekey	之	0.9997
vol01:142:8:12	vol01:142:8:13	rekey	屬	0.9996
vol01:142:8:13	vol01:142:8:14	rekey	亦	0.9996
vol01:142:8:14	vol01:142:8:15	rekey	隨	0.9995
vol01:142:8:15	vol01:142:8:16	rekey	時	0.9996
vol01:142:8:16	vol01:142:8:17	rekey	代	0.9994
vol01:142:8:19	vol01:142:8:20	rekey	焉	0.9997
vol01:142:8:2	vol01:142:8:3	rekey	故	0.9993
vol01:142:8:3	vol01:142:8:4	rekey	木	0.9996
vol01:142:8:4	vol01:142:8:5	rekey	增	0.9991
vol01:142:8:5	vol01:142:8:6	rekey	鄭	0.9993
vol01:142:8:6	vol01:142:8:7	rekey	麟	0.9993
vol01:142:8:7	vol01:142:8:8	rekey	趾	0.9995
vol01:142:8:8	vol01:142:8:9	rekey	徐	0.9996
vol01:142:9:9	vol01:142:9:10	rekey	其	0.9995
vol01:142:9:10	vol01:142:9:11	rekey	時	0.9994
vol01:142:9:11	vol01:142:9:12	rekey	代	0.9994
vol01:142:9:12	vol01:142:9:13	rekey	至	0.9994
vol01:142:9:13	vol01:142:9:14	rekey	於	0.9996
vol01:142:9:14	vol01:142:9:15	rekey	箋	0.9994
vol01:142:9:15	vol01:142:9:16	rekey	釋	0.9995
vol01:142:9:16	vol01:142:9:17	rekey	舊	0.9996
vol01:142:9:17	vol01:142:9:18	rekey	文	0.9995
vol01:142:9:18	vol01:142:9:19	rekey	則	0.9996
vol01:142:9:19	vol01:142:9:20	rekey	仍	0.9996
vol01:142:9:4	vol01:142:9:5	rekey	書	0.9994
vol01:142:9:5	vol01:142:9:6	rekey	次	0.9993
vol01:142:9:6	vol01:142:9:7	rekey	序	0.9995
vol01:142:9:7	vol01:142:9:8	rekey	雖	0.9994
vol01:142:9:8	vol01:142:9:9	rekey	從	0.9995
vol01:143:1:9	vol01:143:1:10	rekey	作	0.9995
vol01:143:1:11	vol01:143:1:12	rekey	之	0.9996
vol01:143:1:14	vol01:143:1:15	rekey	儒	0.9993
vol01:143:1:16	vol01:143:1:17	rekey	類	0.9991
vol01:143:1:17	vol01:143:1:18	rekey	明	0.9995
vol01:143:1:2	vol01:143:1:3	rekey	所	0.9996
vol01:143:1:4	vol01:143:1:5	rekey	之	0.9997
vol01:143:1:5	vol01:143:1:6	rekey	書	0.9995
vol01:143:1:6	vol01:143:1:7	rekey	而	0.9998
vol01:143:1:7	vol01:143:1:8	rekey	不	0.9997
vol01:143:2:9	vol01:143:2:10	rekey	子	0.9996
vol01:143:2:10	vol01:143:2:11	rekey	之	0.9996
vol01:143:2:11	vol01:143:2:12	rekey	書	0.9992
vol01:143:2:12	vol01:143:2:13	rekey	則	0.9994
vol01:143:2:13	vol01:143:2:14	rekey	列	0.9997
vol01:143:2:14	vol01:143:2:15	rekey	於	0.9994
vol01:143:2:15	vol01:143:2:16	rekey	張	0.9992
vol01:143:2:17	vol01:143:2:18	rekey	全	0.9995
vol01:143:2:18	vol01:143:2:19	rekey	書	0.9993
vol01:143:2:19	vol01:143:2:20	rekey	前	0.9993
vol01:143:2:2	vol01:143:2:3	rekey	極	0.9991
vol01:143:2:3	vol01:143:2:4	rekey	圖	0.9993
vol01:143:2:4	vol01:143:2:5	rekey	述	0.9994
vol01:143:2:5	vol01:143:2:6	rekey	解	0.9994
vol01:143:2:6	vol01:143:2:7	rekey	以	0.9997
vol01:143:2:7	vol01:143:2:8	rekey	註	0.9995
vol01:143:2:8	vol01:143:2:9	rekey	周	0.9996
vol01:143:3:9	vol01:143:3:10	rekey	蒙	0.9996
vol01:143:3:10	vol01:143:3:11	rekey	以	0.9997
vol01:143:3:11	vol01:143:3:12	rekey	註	0.9995
vol01:143:3:12	vol01:143:3:13	rekey	張	0.9996
vol01:143:3:13	vol01:143:3:14	rekey	子	0.9997
vol01:143:3:15	vol01:143:3:16	rekey	書	0.9993
vol01:143:3:16	vol01:143:3:17	rekey	則	0.9996
vol01:143:3:17	vol01:143:3:18	rekey	列	0.9994
vol01:143:3:18	vol01:143:3:19	rekey	於	0.9994
vol01:143:3:1	vol01:143:3:2	rekey	國	0.9993
vol01:143:3:20	vol01:143:3:21	rekey	程	0.9994
vol01:143:3:2	vol01:143:3:3	rekey	朝	0.9993
vol01:143:3:3	vol01:143:3:4	rekey	李	0.9995
vol01:143:3:4	vol01:143:3:5	rekey	光	0.9996
vol01:143:3:5	vol01:143:3:6	rekey	地	0.9994
vol01:143:3:6	vol01:143:3:7	rekey	註	0.9995
vol01:143:3:7	vol01:143:3:8	rekey	解	0.9995
vol01:143:3:8	vol01:143:3:9	rekey	正	0.9994
vol01:143:4:9	vol01:143:4:10	rekey	史	0.9995
vol01:143:4:10	vol01:143:4:11	rekey	記	0.9994
vol01:143:4:11	vol01:143:4:12	rekey	疑	0.9993
vol01:143:4:13	vol01:143:4:14	rekey	附	0.9996
vol01:143:4:14	vol01:143:4:15	rekey	史	0.9995
vol01:143:4:15	vol01:143:4:16	rekey	記	0.9995
vol01:143:4:16	vol01:143:4:17	rekey	後	0.9994
vol01:143:4:17	vol01:143:4:18	rekey	班	0.9993
vol01:143:4:18	vol01:143:4:19	rekey	馬	0.9996
vol01:143:4:20	vol01:143:4:21	rekey	同	0.9994
vol01:143:4:2	vol01:143:4:3	rekey	遺	0.9994
vol01:143:4:3	vol01:143:4:4	rekey	書	0.9996
vol01:143:4:4	vol01:143:4:5	rekey	前	0.9996
vol01:143:4:5	vol01:143:4:6	rekey	是	0.9994
vol01:143:4:6	vol01:143:4:7	rekey	也	0.9997
vol01:143:4:7	vol01:143:4:8	rekey	他	0.9996
vol01:143:4:8	vol01:143:4:9	rekey	如	0.9993
vol01:143:5:9	vol01:143:5:10	rekey	同	0.9997
vol01:143:5:10	vol01:143:5:11	rekey	此	0.9995
vol01:143:5:11	vol01:143:5:12	rekey	例	0.9996
vol01:143:5:12	vol01:143:5:13	rekey	以	0.9997
vol01:143:5:13	vol01:143:5:14	rekey	便	0.9996
vol01:143:5:14	vol01:143:5:15	rekey	參	0.9994
vol01:143:5:15	vol01:143:5:16	rekey	考	0.9995
vol01:143:5:16	vol01:143:5:17	rekey	至	0.9997
vol01:143:5:17	vol01:143:5:18	rekey	於	0.9997
vol01:143:5:18	vol01:143:5:19	rekey	汪	0.9994
vol01:143:5:20	vol01:143:5:21	rekey	所	0.9996
vol01:143:5:2	vol01:143:5:3	rekey	附	0.9994
vol01:143:5:3	vol01:143:5:4	rekey	漢	0.9994
vol01:143:5:4	vol01:143:5:5	rekey	書	0.9995
vol01:143:5:5	vol01:143:5:6	rekey	後	0.9994
vol01:143:5:6	vol01:143:5:7	rekey	之	0.9998
vol01:143:5:7	vol01:143:5:8	rekey	類	0.9995
vol01:143:5:8	vol01:143:5:9	rekey	亦	0.9995
vol01:143:6:9	vol01:143:6:10	rekey	則	0.9996
vol01:143:6:10	vol01:143:6:11	rekey	仍	0.9997
vol01:143:6:11	vol01:143:6:12	rekey	列	0.9996
vol01:143:6:12	vol01:143:6:13	rekey	於	0.9996
vol01:143:6:13	vol01:143:6:14	rekey	宋	0.9997
vol01:143:6:14	vol01:143:6:15	rekey	呂	0.9995
vol01:143:6:15	vol01:143:6:16	rekey	柟	0.9995
vol01:143:6:16	vol01:143:6:17	rekey	所	0.9994
vol01:143:6:17	vol01:143:6:18	rekey	輯	0.9994
vol01:143:6:18	vol01:143:6:19	rekey	之	0.9996
vol01:143:6:20	vol01:143:6:21	rekey	子	0.9997
vol01:143:6:2	vol01:143:6:3	rekey	輯	0.9994
vol01:143:6:3	vol01:143:6:4	rekey	之	0.9997
vol01:143:6:4	vol01:143:6:5	rekey	曾	0.9994
vol01:143:6:5	vol01:143:6:6	rekey	子	0.9997
vol01:143:6:6	vol01:143:6:7	rekey	子	0.9999
vol01:143:6:7	vol01:143:6:8	rekey	思	0.9995
vol01:143:6:8	vol01:143:6:9	rekey	子	0.9996
vol01:143:7:9	vol01:143:7:10	rekey	於	0.9996
vol01:143:7:10	vol01:143:7:11	rekey	明	0.9996
vol01:143:7:12	vol01:143:7:13	rekey	雖	0.9993
vol01:143:7:13	vol01:143:7:14	rekey	裒	0.9997
vol01:143:7:14	vol01:143:7:15	rekey	輯	0.9994
vol01:143:7:15	vol01:143:7:16	rekey	舊	0.9995
vol01:143:7:16	vol01:143:7:17	rekey	文	0.9995
vol01:143:7:17	vol01:143:7:18	rekey	而	0.9997
vol01:143:7:18	vol01:143:7:19	rekey	實	0.9995
vol01:143:7:20	vol01:143:7:21	rekey	爲	0.9996
vol01:143:7:2	vol01:143:7:3	rekey	鈔	0.9996
vol01:143:7:3	vol01:143:7:4	rekey	釋	0.9994
vol01:143:7:4	vol01:143:7:5	rekey	諸	0.9993
vol01:143:7:5	vol01:143:7:6	rekey	書	0.9996
vol01:143:7:6	vol01:143:7:7	rekey	則	0.9995
vol01:143:7:7	vol01:143:7:8	rekey	仍	0.9997
vol01:143:7:8	vol01:143:7:9	rekey	列	0.9995
vol01:143:8:9	vol01:143:8:10	rekey	考	0.9994
vol01:143:8:10	vol01:143:8:11	rekey	辨	0.9993
vol01:143:8:11	vol01:143:8:12	rekey	者	0.9995
vol01:143:8:12	vol01:143:8:13	rekey	事	0.9997
vol01:143:8:13	vol01:143:8:14	rekey	理	0.9994
vol01:143:8:14	vol01:143:8:15	rekey	固	0.9996
vol01:143:8:15	vol01:143:8:16	rekey	不	0.9996
vol01:143:8:16	vol01:143:8:17	rekey	同	0.9996
vol01:143:8:17	vol01:143:8:18	rekey	也	0.9997
vol01:143:8:2	vol01:143:8:3	rekey	著	0.9995
vol01:143:8:3	vol01:143:8:4	rekey	述	0.9993
vol01:143:8:4	vol01:143:8:5	rekey	與	0.9994
vol01:143:8:5	vol01:143:8:6	rekey	因	0.9996
vol01:143:8:6	vol01:143:8:7	rekey	原	0.9996
vol01:143:8:7	vol01:143:8:8	rekey	書	0.9995
vol01:143:8:8	vol01:143:8:9	rekey	而	0.9996
vol01:143:9:9	vol01:143:9:10	rekey	每	0.9993
vol01:143:9:10	vol01:143:9:11	rekey	書	0.9993
vol01:143:9:11	vol01:143:9:12	rekey	具	0.9993
vol01:143:9:12	vol01:143:9:13	rekey	奏	0.9995
vol01:143:9:15	vol01:143:9:16	rekey	刊	0.9996
vol01:143:9:16	vol01:143:9:17	rekey	定	0.9994
vol01:143:9:17	vol01:143:9:18	rekey	官	0.9993
vol01:143:9:18	vol01:143:9:19	rekey	本	0.9995
vol01:143:9:20	vol01:143:9:21	rekey	各	0.9996
vol01:143:9:3	vol01:143:9:4	rekey	劉	0.9995
vol01:143:9:4	vol01:143:9:5	rekey	向	0.9996
vol01:143:9:5	vol01:143:9:6	rekey	校	0.9996
vol01:143:9:6	vol01:143:9:7	rekey	理	0.9996
vol01:143:9:8	vol01:143:9:9	rekey	文	0.9995
vol01:144:1:9	vol01:144:1:10	rekey	題	0.9996
vol01:144:1:10	vol01:144:1:11	rekey	抒	0.9995
vol01:144:1:11	vol01:144:1:12	rekey	議	0.9995
vol01:144:1:12	vol01:144:1:13	rekey	往	0.9994
vol01:144:1:13	vol01:144:1:14	rekey	往	0.9995
vol01:144:1:14	vol01:144:1:15	rekey	冗	0.9997
vol01:144:1:15	vol01:144:1:16	rekey	長	0.9994
vol01:144:1:16	vol01:144:1:17	rekey	而	0.9995
vol01:144:1:17	vol01:144:1:18	rekey	本	0.9995
vol01:144:1:18	vol01:144:1:19	rekey	書	0.9994
vol01:144:1:19	vol01:144:1:20	rekey	之	0.9997
vol01:144:1:20	vol01:144:1:21	rekey	始	0.9994
vol01:144:1:2	vol01:144:1:3	rekey	製	0.9995
vol01:144:1:3	vol01:144:1:4	rekey	序	0.9996
vol01:144:1:4	vol01:144:1:5	rekey	文	0.9995
vol01:144:1:5	vol01:144:1:6	rekey	然	0.9994
vol01:144:1:6	vol01:144:1:7	rekey	鞏	0.9997
vol01:144:1:7	vol01:144:1:8	rekey	好	0.9994
vol01:144:1:8	vol01:144:1:9	rekey	借	0.9995
vol01:144:2:9	vol01:144:2:10	rekey	王	0.9996
vol01:144:2:10	vol01:144:2:11	rekey	堯	0.9992
vol01:144:2:11	vol01:144:2:12	rekey	臣	0.9996
vol01:144:2:12	vol01:144:2:13	rekey	崇	0.9995
vol01:144:2:13	vol01:144:2:14	rekey	文	0.9996
vol01:144:2:14	vol01:144:2:15	rekey	總	0.9994
vol01:144:2:15	vol01:144:2:16	rekey	目	0.9997
vol01:144:2:17	vol01:144:2:18	rekey	公	0.9995
vol01:144:2:18	vol01:144:2:19	rekey	武	0.9996
vol01:144:2:19	vol01:144:2:20	rekey	郡	0.9995
vol01:144:2:20	vol01:144:2:21	rekey	齋	0.9994
vol01:144:2:2	vol01:144:2:3	rekey	末	0.9995
vol01:144:2:3	vol01:144:2:4	rekey	源	0.9996
vol01:144:2:4	vol01:144:2:5	rekey	流	0.9995
vol01:144:2:5	vol01:144:2:6	rekey	轉	0.9995
vol01:144:2:6	vol01:144:2:7	rekey	從	0.9995
vol01:144:2:7	vol01:144:2:8	rekey	疎	0.9994
vol01:144:2:8	vol01:144:2:9	rekey	畧	0.9995
vol01:144:3:9	vol01:144:3:10	rekey	錄	0.9989
vol01:144:3:10	vol01:144:3:11	rekey	解	0.9996
vol01:144:3:11	vol01:144:3:12	rekey	題	0.9994
vol01:144:3:13	vol01:144:3:14	rekey	具	0.9995
vol01:144:3:14	vol01:144:3:15	rekey	崖	0.9994
vol01:144:3:15	vol01:144:3:16	rekey	畧	0.9997
vol01:144:3:16	vol01:144:3:17	rekey	亦	0.9996
vol01:144:3:17	vol01:144:3:18	rekey	未	0.9996
vol01:144:3:18	vol01:144:3:19	rekey	詳	0.9996
vol01:144:3:19	vol01:144:3:20	rekey	明	0.9997
vol01:144:3:20	vol01:144:3:21	rekey	馬	0.9995
vol01:144:3:2	vol01:144:3:3	rekey	讀	0.998
vol01:144:3:3	vol01:144:3:4	rekey	書	0.9962
vol01:144:3:4	vol01:144:3:5	rekey	志	0.9994
vol01:144:3:5	vol01:144:3:6	rekey	陳	0.9994
vol01:144:3:6	vol01:144:3:7	rekey	振	0.9996
vol01:144:3:7	vol01:144:3:8	rekey	孫	0.9995
vol01:144:3:8	vol01:144:3:9	rekey	書	0.9989
vol01:144:4:9	vol01:144:4:10	rekey	羣	0.9996
vol01:144:4:10	vol01:144:4:11	rekey	言	0.9994
vol01:144:4:11	vol01:144:4:12	rekey	較	0.9994
vol01:144:4:12	vol01:144:4:13	rekey	爲	0.9997
vol01:144:4:13	vol01:144:4:14	rekey	賅	0.9996
vol01:144:4:14	vol01:144:4:15	rekey	博	0.9997
vol01:144:4:15	vol01:144:4:16	rekey	而	0.9996
vol01:144:4:16	vol01:144:4:17	rekey	兼	0.9995
vol01:144:4:17	vol01:144:4:18	rekey	收	0.9996
vol01:144:4:18	vol01:144:4:19	rekey	並	0.9996
vol01:144:4:19	vol01:144:4:20	rekey	列	0.9997
vol01:144:4:20	vol01:144:4:21	rekey	未	0.9996
vol01:144:4:2	vol01:144:4:3	rekey	端	0.9995
vol01:144:4:3	vol01:144:4:4	rekey	臨	0.9993
vol01:144:4:4	vol01:144:4:5	rekey	經	0.9994
vol01:144:4:5	vol01:144:4:6	rekey	籍	0.9994
vol01:144:4:6	vol01:144:4:7	rekey	考	0.9993
vol01:144:4:7	vol01:144:4:8	rekey	薈	0.9988
vol01:144:5:9	vol01:144:5:10	rekey	所	0.9995
vol01:144:5:10	vol01:144:5:11	rekey	列	0.9996
vol01:144:5:11	vol01:144:5:12	rekey	諸	0.9995
vol01:144:5:12	vol01:144:5:13	rekey	書	0.9991
vol01:144:5:13	vol01:144:5:14	rekey	各	0.9995
vol01:144:5:14	vol01:144:5:15	rekey	撰	0.9997
vol01:144:5:15	vol01:144:5:16	rekey	爲	0.9992
vol01:144:5:16	vol01:144:5:17	rekey	提	0.9993
vol01:144:5:17	vol01:144:5:18	rekey	要	0.9996
vol01:144:5:18	vol01:144:5:19	rekey	分	0.9996
vol01:144:5:19	vol01:144:5:20	rekey	之	0.9996
vol01:144:5:20	vol01:144:5:21	rekey	則	0.9992
vol01:144:5:2	vol01:144:5:3	rekey	能	0.9994
vol01:144:5:4	vol01:144:5:5	rekey	串	0.9997
vol01:144:5:5	vol01:144:5:6	rekey	折	0.9995
vol01:144:5:6	vol01:144:5:7	rekey	衷	0.9997
vol01:144:5:7	vol01:144:5:8	rekey	今	0.9996
vol01:144:5:8	vol01:144:5:9	rekey	於	0.9995
vol01:144:6:9	vol01:144:6:10	rekey	共	0.9996
vol01:144:6:10	vol01:144:6:11	rekey	爲	0.9996
vol01:144:6:11	vol01:144:6:12	rekey	總	0.9993
vol01:144:6:12	vol01:144:6:13	rekey	目	0.9997
vol01:144:6:13	vol01:144:6:14	rekey	每	0.9995
vol01:144:6:14	vol01:144:6:15	rekey	書	0.9992
vol01:144:6:15	vol01:144:6:16	rekey	先	0.9995
vol01:144:6:16	vol01:144:6:17	rekey	列	0.9996
vol01:144:6:17	vol01:144:6:18	rekey	作	0.9995
vol01:144:6:18	vol01:144:6:19	rekey	者	0.9996
vol01:144:6:19	vol01:144:6:20	rekey	之	0.9997
vol01:144:6:2	vol01:144:6:3	rekey	散	0.9994
vol01:144:6:3	vol01:144:6:4	rekey	弁	0.9994
vol01:144:6:4	vol01:144:6:5	rekey	諸	0.9997
vol01:144:6:5	vol01:144:6:6	rekey	編	0.9995
vol01:144:6:6	vol01:144:6:7	rekey	合	0.9995
vol01:144:6:7	vol01:144:6:8	rekey	之	0.9997
vol01:144:6:8	vol01:144:6:9	rekey	則	0.9996
vol01:144:7:9	vol01:144:7:10	rekey	考	0.9993
vol01:144:7:10	vol01:144:7:11	rekey	本	0.9997
vol01:144:7:11	vol01:144:7:12	rekey	書	0.9995
vol01:144:7:12	vol01:144:7:13	rekey	之	0.9997
vol01:144:7:13	vol01:144:7:14	rekey	得	0.9994
vol01:144:7:14	vol01:144:7:15	rekey	失	0.9995
vol01:144:7:15	vol01:144:7:16	rekey	權	0.9993
vol01:144:7:17	vol01:144:7:18	rekey	說	0.9993
vol01:144:7:18	vol01:144:7:19	rekey	之	0.9995
vol01:144:7:20	vol01:144:7:21	rekey	同	0.9996
vol01:144:7:2	vol01:144:7:3	rekey	里	0.9994
vol01:144:7:3	vol01:144:7:4	rekey	以	0.9996
vol01:144:7:5	vol01:144:7:6	rekey	世	0.9994
vol01:144:7:6	vol01:144:7:7	rekey	知	0.9994
vol01:144:7:7	vol01:144:7:8	rekey	人	0.9997
vol01:144:7:8	vol01:144:7:9	rekey	次	0.9995
vol01:144:8:9	vol01:144:8:10	rekey	帙	0.9995
vol01:144:8:10	vol01:144:8:11	rekey	分	1.0
vol01:144:8:11	vol01:144:8:12	rekey	合	0.9998
vol01:144:8:12	vol01:144:8:13	rekey	皆	0.9997
vol01:144:8:13	vol01:144:8:14	rekey	詳	0.9994
vol01:144:8:14	vol01:144:8:15	rekey	爲	0.9999
vol01:144:8:15	vol01:144:8:16	rekey	訂	0.9998
vol01:144:8:16	vol01:144:8:17	rekey	辨	0.9993
vol01:144:8:19	vol01:144:8:20	rekey	不	0.9997
vol01:144:8:20	vol01:144:8:21	rekey	遺	0.9996
vol01:144:8:2	vol01:144:8:3	rekey	以	0.9997
vol01:144:8:3	vol01:144:8:4	rekey	及	0.9997
vol01:144:8:4	vol01:144:8:5	rekey	文	0.9998
vol01:144:8:5	vol01:144:8:6	rekey	字	0.9998
vol01:144:8:6	vol01:144:8:7	rekey	增	0.9993
vol01:144:8:7	vol01:144:8:8	rekey	刪	0.9994
vol01:144:8:8	vol01:144:8:9	rekey	篇	0.9996
vol01:144:9:9	vol01:144:9:10	rekey	疵	0.9994
vol01:144:9:10	vol01:144:9:11	rekey	國	0.9995
vol01:144:9:11	vol01:144:9:12	rekey	紀	0.9996
vol01:144:9:12	vol01:144:9:13	rekey	朝	0.9994
vol01:144:9:13	vol01:144:9:14	rekey	章	0.9994
vol01:144:9:14	vol01:144:9:15	rekey	之	0.9998
vol01:144:9:15	vol01:144:9:16	rekey	法	0.9995
vol01:144:9:16	vol01:144:9:17	rekey	戒	0.9994
vol01:144:9:17	vol01:144:9:18	rekey	亦	0.9994
vol01:144:9:18	vol01:144:9:19	rekey	未	0.9996
vol01:144:9:20	vol01:144:9:21	rekey	不	0.9996
vol01:144:9:2	vol01:144:9:3	rekey	而	0.9996
vol01:144:9:3	vol01:144:9:4	rekey	人	0.9995
vol01:144:9:4	vol01:144:9:5	rekey	品	0.9994
vol01:144:9:5	vol01:144:9:6	rekey	學	0.9996
vol01:144:9:6	vol01:144:9:7	rekey	術	0.9993
vol01:144:9:7	vol01:144:9:8	rekey	之	0.9997
vol01:144:9:8	vol01:144:9:9	rekey	醇	0.9996
vol01:145:1:9	vol01:145:1:10	rekey	懲	0.9994
vol01:145:1:10	vol01:145:1:11	rekey	其	0.9995
vol01:145:1:11	vol01:145:1:12	rekey	體	0.9994
vol01:145:1:12	vol01:145:1:13	rekey	例	0.9996
vol01:145:1:14	vol01:145:1:15	rekey	承	0.9995
vol01:145:1:2	vol01:145:1:3	rekey	各	0.9995
vol01:145:1:3	vol01:145:1:4	rekey	昭	0.9995
vol01:145:1:4	vol01:145:1:5	rekey	彰	0.9993
vol01:145:1:5	vol01:145:1:6	rekey	癉	0.9992
vol01:145:1:6	vol01:145:1:7	rekey	用	0.9995
vol01:145:1:7	vol01:145:1:8	rekey	著	0.9994
vol01:145:1:8	vol01:145:1:9	rekey	勸	0.9993
vol01:145:2:0	vol01:145:2:1	rekey	聖	0.9994
vol01:145:2:9	vol01:145:2:10	rekey	也	0.9994
vol01:145:2:1	vol01:145:2:2	rekey	斷	0.9994
vol01:145:2:2	vol01:145:2:3	rekey	亦	0.9996
vol01:145:2:3	vol01:145:2:4	rekey	古	0.9995
vol01:145:2:4	vol01:145:2:5	rekey	來	0.9996
vol01:145:2:5	vol01:145:2:6	rekey	之	0.9996
vol01:145:2:6	vol01:145:2:7	rekey	所	0.9996
vol01:145:2:7	vol01:145:2:8	rekey	未	0.9995
vol01:145:2:8	vol01:145:2:9	rekey	有	0.9995
vol01:145:3:9	vol01:145:3:10	rekey	以	0.9996
vol01:145:3:11	vol01:145:3:12	rekey	序	0.999
vol01:145:3:13	vol01:145:3:14	rekey	述	0.9996
vol01:145:3:14	vol01:145:3:15	rekey	其	0.9997
vol01:145:3:15	vol01:145:3:16	rekey	源	0.9996
vol01:145:3:16	vol01:145:3:17	rekey	流	0.9996
vol01:145:3:17	vol01:145:3:18	rekey	正	0.9995
vol01:145:3:19	vol01:145:3:20	rekey	以	0.9993
vol01:145:3:20	vol01:145:3:21	rekey	挈	0.9994
vol01:145:3:3	vol01:145:3:4	rekey	四	0.9992
vol01:145:3:4	vol01:145:3:5	rekey	部	0.9996
vol01:145:3:5	vol01:145:3:6	rekey	之	0.9997
vol01:145:3:6	vol01:145:3:7	rekey	首	0.9994
vol01:145:3:7	vol01:145:3:8	rekey	各	0.9996
vol01:145:3:8	vol01:145:3:9	rekey	冠	0.9994
vol01:145:4:9	vol01:145:4:10	rekey	首	0.9996
vol01:145:4:10	vol01:145:4:11	rekey	亦	0.9995
vol01:145:4:11	vol01:145:4:12	rekey	各	0.9995
vol01:145:4:12	vol01:145:4:13	rekey	冠	0.9994
vol01:145:4:13	vol01:145:4:14	rekey	以	0.9996
vol01:145:4:14	vol01:145:4:15	rekey	小	0.9997
vol01:145:4:15	vol01:145:4:16	rekey	序	0.9996
vol01:145:4:16	vol01:145:4:17	rekey	詳	0.9994
vol01:145:4:17	vol01:145:4:18	rekey	述	0.9994
vol01:145:4:18	vol01:145:4:19	rekey	其	0.9995
vol01:145:4:19	vol01:145:4:20	rekey	分	0.9997
vol01:145:4:2	vol01:145:4:3	rekey	綱	0.9994
vol01:145:4:3	vol01:145:4:4	rekey	領	0.9993
vol01:145:4:4	vol01:145:4:5	rekey	四	0.9996
vol01:145:4:5	vol01:145:4:6	rekey	十	0.9995
vol01:145:4:6	vol01:145:4:7	rekey	三	0.9994
vol01:145:4:7	vol01:145:4:8	rekey	類	0.9994
vol01:145:4:8	vol01:145:4:9	rekey	之	0.9996
vol01:145:5:9	vol01:145:5:10	rekey	其	0.9993
vol01:145:5:10	vol01:145:5:11	rekey	義	0.9995
vol01:145:5:11	vol01:145:5:12	rekey	有	0.9995
vol01:145:5:12	vol01:145:5:13	rekey	未	0.9994
vol01:145:5:13	vol01:145:5:14	rekey	盡	0.9994
vol01:145:5:14	vol01:145:5:15	rekey	例	0.9995
vol01:145:5:15	vol01:145:5:16	rekey	有	0.9994
vol01:145:5:16	vol01:145:5:17	rekey	未	0.9994
vol01:145:5:17	vol01:145:5:18	rekey	該	0.9995
vol01:145:5:18	vol01:145:5:19	rekey	則	0.9994
vol01:145:5:19	vol01:145:5:20	rekey	或	0.9995
vol01:145:5:2	vol01:145:5:3	rekey	改	0.9995
vol01:145:5:5	vol01:145:5:6	rekey	析	0.9994
vol01:145:5:6	vol01:145:5:7	rekey	條	0.9996
vol01:145:5:7	vol01:145:5:8	rekey	目	0.9997
vol01:145:5:8	vol01:145:5:9	rekey	如	0.9995
vol01:145:6:9	vol01:145:6:10	rekey	條	0.9997
vol01:145:6:10	vol01:145:6:11	rekey	之	0.9997
vol01:145:6:11	vol01:145:6:12	rekey	下	0.9997
vol01:145:6:12	vol01:145:6:13	rekey	附	0.9997
vol01:145:6:13	vol01:145:6:14	rekey	註	0.9995
vol01:145:6:14	vol01:145:6:15	rekey	案	0.9993
vol01:145:6:15	vol01:145:6:16	rekey	語	0.9995
vol01:145:6:16	vol01:145:6:17	rekey	以	0.9997
vol01:145:6:17	vol01:145:6:18	rekey	明	0.9995
vol01:145:6:18	vol01:145:6:19	rekey	通	0.9996
vol01:145:6:20	vol01:145:6:21	rekey	之	0.9997
vol01:145:6:2	vol01:145:6:3	rekey	子	0.9995
vol01:145:6:3	vol01:145:6:4	rekey	目	0.9998
vol01:145:6:4	vol01:145:6:5	rekey	之	0.9997
vol01:145:6:5	vol01:145:6:6	rekey	末	0.9997
vol01:145:6:6	vol01:145:6:7	rekey	或	0.9996
vol01:145:6:7	vol01:145:6:8	rekey	於	0.9995
vol01:145:6:8	vol01:145:6:9	rekey	本	0.9995
vol01:145:7:2	vol01:145:7:3	rekey	由	0.9995
vol01:145:8:9	vol01:145:8:10	rekey	如	0.9995
vol01:145:8:10	vol01:145:8:11	rekey	周	0.9995
vol01:145:8:11	vol01:145:8:12	rekey	易	0.9993
vol01:145:8:12	vol01:145:8:13	rekey	正	0.9994
vol01:145:8:13	vol01:145:8:14	rekey	義	0.9989
vol01:145:8:14	vol01:145:8:15	rekey	之	0.9996
vol01:145:8:15	vol01:145:8:16	rekey	類	0.9995
vol01:145:8:18	vol01:145:8:19	rekey	纂	0.9994
vol01:145:8:19	vol01:145:8:20	rekey	修	0.9995
vol01:145:8:20	vol01:145:8:21	rekey	不	0.9998
vol01:145:8:4	vol01:145:8:5	rekey	代	0.9996
vol01:145:8:6	vol01:145:8:7	rekey	撰	0.9993
vol01:145:8:7	vol01:145:8:8	rekey	官	0.9993
vol01:145:8:8	vol01:145:8:9	rekey	書	0.9993
vol01:145:9:9	vol01:145:9:10	rekey	爵	0.9993
vol01:145:9:10	vol01:145:9:11	rekey	里	0.9995
vol01:145:9:11	vol01:145:9:12	rekey	則	0.9995
vol01:145:9:12	vol01:145:9:13	rekey	末	0.9996
vol01:145:9:13	vol01:145:9:14	rekey	大	0.9995
vol01:145:9:14	vol01:145:9:15	rekey	於	0.9995
vol01:145:9:15	vol01:145:9:16	rekey	本	0.9995
vol01:145:9:16	vol01:145:9:17	rekey	轉	0.9993
vol01:145:9:17	vol01:145:9:18	rekey	病	0.9994
vol01:145:9:18	vol01:145:9:19	rekey	繁	0.9995
vol01:145:9:2	vol01:145:9:3	rekey	出	0.9996
vol01:145:9:3	vol01:145:9:4	rekey	一	0.9999
vol01:145:9:4	vol01:145:9:5	rekey	手	0.9995
vol01:145:9:5	vol01:145:9:6	rekey	一	1.0
vol01:145:9:6	vol01:145:9:7	rekey	一	0.9999
vol01:145:9:7	vol01:145:9:8	rekey	詳	0.9994
vol01:145:9:8	vol01:145:9:9	rekey	其	0.9994
vol01:146:1:12	vol01:146:1:13	rekey	姓	0.9992
vol01:146:1:17	vol01:146:1:18	rekey	陳	0.9993
vol01:146:1:18	vol01:146:1:19	rekey	其	0.9994
vol01:146:1:19	vol01:146:1:20	rekey	爵	0.9991
vol01:146:1:20	vol01:146:1:21	rekey	里	0.9994
vol01:146:1:5	vol01:146:1:6	rekey	其	0.9993
vol01:146:1:7	vol01:146:1:8	rekey	書	0.9991
vol01:146:2:9	vol01:146:2:10	rekey	之	0.9997
vol01:146:2:10	vol01:146:2:11	rekey	李	0.9995
vol01:146:2:11	vol01:146:2:12	rekey	杜	0.9995
vol01:146:2:12	vol01:146:2:13	rekey	韓	0.9994
vol01:146:2:13	vol01:146:2:14	rekey	柳	0.9995
vol01:146:2:14	vol01:146:2:15	rekey	宋	0.9996
vol01:146:2:15	vol01:146:2:16	rekey	之	0.9997
vol01:146:2:16	vol01:146:2:17	rekey	歐	0.9995
vol01:146:2:17	vol01:146:2:18	rekey	蘇	0.9995
vol01:146:2:18	vol01:146:2:19	rekey	曾	0.9996
vol01:146:2:19	vol01:146:2:20	rekey	王	0.9994
vol01:146:2:20	vol01:146:2:21	rekey	以	0.9995
vol01:146:2:2	vol01:146:2:3	rekey	又	0.9996
vol01:146:2:3	vol01:146:2:4	rekey	如	0.9995
vol01:146:2:5	vol01:146:2:6	rekey	之	0.9996
vol01:146:2:7	vol01:146:2:8	rekey	董	0.9994
vol01:146:2:8	vol01:146:2:9	rekey	唐	0.9994
vol01:146:3:9	vol01:146:3:10	rekey	臣	0.9996
vol01:146:3:10	vol01:146:3:11	rekey	周	0.9996
vol01:146:3:11	vol01:146:3:12	rekey	程	0.9996
vol01:146:3:12	vol01:146:3:13	rekey	張	0.9995
vol01:146:3:13	vol01:146:3:14	rekey	朱	0.9996
vol01:146:3:14	vol01:146:3:15	rekey	諸	0.9994
vol01:146:3:15	vol01:146:3:16	rekey	道	0.9994
vol01:146:3:16	vol01:146:3:17	rekey	學	0.9994
vol01:146:3:17	vol01:146:3:18	rekey	其	0.9994
vol01:146:3:18	vol01:146:3:19	rekey	書	0.9995
vol01:146:3:19	vol01:146:3:20	rekey	並	0.9995
vol01:146:3:20	vol01:146:3:21	rekey	家	0.9997
vol01:146:3:2	vol01:146:3:3	rekey	及	0.9997
vol01:146:3:3	vol01:146:3:4	rekey	韓	0.9995
vol01:146:3:4	vol01:146:3:5	rekey	范	0.9996
vol01:146:3:5	vol01:146:3:6	rekey	司	0.9995
vol01:146:3:6	vol01:146:3:7	rekey	馬	0.9996
vol01:146:3:7	vol01:146:3:8	rekey	諸	0.9994
vol01:146:3:8	vol01:146:3:9	rekey	名	0.9995
vol01:146:4:10	vol01:146:4:11	rekey	皆	0.9996
vol01:146:4:11	vol01:146:4:12	rekey	能	0.9994
vol01:146:4:12	vol01:146:4:13	rekey	知	0.9991
vol01:146:4:13	vol01:146:4:14	rekey	其	0.9994
vol01:146:4:14	vol01:146:4:15	rekey	爲	0.9994
vol01:146:4:15	vol01:146:4:16	rekey	人	0.9996
vol01:146:4:16	vol01:146:4:17	rekey	其	0.9995
vol01:146:4:17	vol01:146:4:18	rekey	爵	0.9992
vol01:146:4:18	vol01:146:4:19	rekey	里	0.9992
vol01:146:4:19	vol01:146:4:20	rekey	亦	0.9994
vol01:146:4:20	vol01:146:4:21	rekey	不	0.9997
vol01:146:4:2	vol01:146:4:3	rekey	弦	0.9994
vol01:146:4:3	vol01:146:4:4	rekey	戸	0.9995
vol01:146:4:4	vol01:146:4:5	rekey	誦	0.9994
vol01:146:4:5	vol01:146:4:6	rekey	雖	0.9996
vol01:146:4:6	vol01:146:4:7	rekey	村	0.9998
vol01:146:4:7	vol01:146:4:8	rekey	塾	0.9995
vol01:146:4:8	vol01:146:4:9	rekey	童	0.9994
vol01:146:5:9	vol01:146:5:10	rekey	數	0.9993
vol01:146:5:10	vol01:146:5:11	rekey	書	0.9994
vol01:146:5:11	vol01:146:5:12	rekey	分	0.9996
vol01:146:5:12	vol01:146:5:13	rekey	見	0.9995
vol01:146:5:13	vol01:146:5:14	rekey	於	0.9994
vol01:146:5:14	vol01:146:5:15	rekey	各	0.9995
vol01:146:5:15	vol01:146:5:16	rekey	部	0.9995
vol01:146:5:16	vol01:146:5:17	rekey	中	0.9996
vol01:146:5:17	vol01:146:5:18	rekey	者	0.9994
vol01:146:5:18	vol01:146:5:19	rekey	其	0.9994
vol01:146:5:19	vol01:146:5:20	rekey	爵	0.9994
vol01:146:5:20	vol01:146:5:21	rekey	里	0.9995
vol01:146:5:2	vol01:146:5:3	rekey	復	0.9995
vol01:146:5:4	vol01:146:5:5	rekey	至	0.9996
vol01:146:5:5	vol01:146:5:6	rekey	一	1.0
vol01:146:5:6	vol01:146:5:7	rekey	人	0.9998
vol01:146:5:7	vol01:146:5:8	rekey	而	0.9997
vol01:146:5:8	vol01:146:5:9	rekey	著	0.9995
vol01:146:6:9	vol01:146:6:10	rekey	但	0.9995
vol01:146:6:10	vol01:146:6:11	rekey	云	0.9996
vol01:146:6:11	vol01:146:6:12	rekey	某	0.9995
vol01:146:6:12	vol01:146:6:13	rekey	人	0.9997
vol01:146:6:13	vol01:146:6:14	rekey	有	0.9994
vol01:146:6:14	vol01:146:6:15	rekey	某	0.9994
vol01:146:6:15	vol01:146:6:16	rekey	書	0.9995
vol01:146:6:17	vol01:146:6:18	rekey	著	0.9995
vol01:146:6:18	vol01:146:6:19	rekey	錄	0.9995
vol01:146:6:19	vol01:146:6:20	rekey	以	0.9998
vol01:146:6:20	vol01:146:6:21	rekey	省	0.9996
vol01:146:6:2	vol01:146:6:3	rekey	惟	0.9994
vol01:146:6:3	vol01:146:6:4	rekey	見	0.9995
vol01:146:6:4	vol01:146:6:5	rekey	於	0.9995
vol01:146:6:5	vol01:146:6:6	rekey	第	0.9996
vol01:146:6:6	vol01:146:6:7	rekey	一	0.9999
vol01:146:6:7	vol01:146:6:8	rekey	部	0.9994
vol01:146:6:8	vol01:146:6:9	rekey	後	0.9996
vol01:146:7:9	vol01:146:7:10	rekey	卷	0.9994
vol01:146:7:10	vol01:146:7:11	rekey	之	0.9996
vol01:146:7:11	vol01:146:7:12	rekey	中	0.9997
vol01:146:7:12	vol01:146:7:13	rekey	或	0.9992
vol01:146:7:13	vol01:146:7:14	rekey	數	0.9991
vol01:146:7:14	vol01:146:7:15	rekey	頁	0.9994
vol01:146:7:15	vol01:146:7:16	rekey	之	0.9996
vol01:146:7:16	vol01:146:7:17	rekey	内	0.9996
vol01:146:7:17	vol01:146:7:18	rekey	易	0.9995
vol01:146:7:18	vol01:146:7:19	rekey	於	0.9995
vol01:146:7:19	vol01:146:7:20	rekey	省	0.9996
vol01:146:7:20	vol01:146:7:21	rekey	記	0.9982
vol01:146:7:2	vol01:146:7:3	rekey	重	0.9994
vol01:146:7:3	vol01:146:7:4	rekey	複	0.9994
vol01:146:7:4	vol01:146:7:5	rekey	如	0.9995
vol01:146:7:5	vol01:146:7:6	rekey	二	0.9997
vol01:146:7:6	vol01:146:7:7	rekey	書	0.9992
vol01:146:7:7	vol01:146:7:8	rekey	在	0.9995
vol01:146:7:8	vol01:146:7:9	rekey	一	0.9998
vol01:146:8:9	vol01:146:8:10	rekey	其	0.9994
vol01:146:8:2	vol01:146:8:3	rekey	者	0.9989
vol01:146:8:3	vol01:146:8:4	rekey	則	0.9994
vol01:146:8:4	vol01:146:8:5	rekey	第	0.9996
vol01:146:8:5	vol01:146:8:6	rekey	二	0.9996
vol01:146:8:6	vol01:146:8:7	rekey	部	0.9995
vol01:146:8:7	vol01:146:8:8	rekey	但	0.9996
vol01:146:8:8	vol01:146:8:9	rekey	著	0.9995
vol01:147:1:9	vol01:147:1:10	rekey	空	0.9995
vol01:147:1:10	vol01:147:1:11	rekey	而	0.9995
vol01:147:1:11	vol01:147:1:12	rekey	易	0.9995
vol01:147:1:12	vol01:147:1:13	rekey	奇	0.9995
vol01:147:1:13	vol01:147:1:14	rekey	詞	0.9996
vol01:147:1:14	vol01:147:1:15	rekey	徵	0.9995
vol01:147:1:15	vol01:147:1:16	rekey	實	0.9994
vol01:147:1:16	vol01:147:1:17	rekey	而	0.9995
vol01:147:1:17	vol01:147:1:18	rekey	難	0.9996
vol01:147:1:18	vol01:147:1:19	rekey	巧	0.9995
vol01:147:1:19	vol01:147:1:20	rekey	儒	0.9994
vol01:147:1:20	vol01:147:1:21	rekey	者	0.9995
vol01:147:1:3	vol01:147:1:4	rekey	劉	0.9995
vol01:147:1:5	vol01:147:1:6	rekey	有	0.9993
vol01:147:1:6	vol01:147:1:7	rekey	言	0.9995
vol01:147:1:7	vol01:147:1:8	rekey	意	0.9995
vol01:147:1:8	vol01:147:1:9	rekey	翻	0.9995
vol01:147:2:9	vol01:147:2:10	rekey	然	0.9996
vol01:147:2:10	vol01:147:2:11	rekey	故	0.9997
vol01:147:2:11	vol01:147:2:12	rekey	說	0.9997
vol01:147:2:12	vol01:147:2:13	rekey	經	0.9994
vol01:147:2:13	vol01:147:2:14	rekey	主	0.9997
vol01:147:2:14	vol01:147:2:15	rekey	於	0.9997
vol01:147:2:15	vol01:147:2:16	rekey	明	0.9997
vol01:147:2:16	vol01:147:2:17	rekey	義	0.9995
vol01:147:2:17	vol01:147:2:18	rekey	理	0.9995
vol01:147:2:18	vol01:147:2:19	rekey	然	0.9995
vol01:147:2:19	vol01:147:2:20	rekey	不	0.9997
vol01:147:2:20	vol01:147:2:21	rekey	得	0.9996
vol01:147:2:2	vol01:147:2:3	rekey	說	0.9997
vol01:147:2:3	vol01:147:2:4	rekey	經	0.9993
vol01:147:2:4	vol01:147:2:5	rekey	論	0.9995
vol01:147:2:5	vol01:147:2:6	rekey	史	0.9995
vol01:147:2:6	vol01:147:2:7	rekey	其	0.9997
vol01:147:2:7	vol01:147:2:8	rekey	理	0.9996
vol01:147:2:8	vol01:147:2:9	rekey	亦	0.9995
vol01:147:3:9	vol01:147:3:10	rekey	義	0.9996
vol01:147:3:10	vol01:147:3:11	rekey	理	0.9997
vol01:147:3:11	vol01:147:3:12	rekey	何	0.9997
vol01:147:3:12	vol01:147:3:13	rekey	自	0.9996
vol01:147:3:13	vol01:147:3:14	rekey	而	0.9996
vol01:147:3:14	vol01:147:3:15	rekey	推	0.9995
vol01:147:3:15	vol01:147:3:16	rekey	論	0.9994
vol01:147:3:16	vol01:147:3:17	rekey	史	0.9996
vol01:147:3:17	vol01:147:3:18	rekey	主	0.9997
vol01:147:3:18	vol01:147:3:19	rekey	於	0.9996
vol01:147:3:19	vol01:147:3:20	rekey	示	0.9993
vol01:147:3:20	vol01:147:3:21	rekey	褒	0.9994
vol01:147:3:2	vol01:147:3:3	rekey	其	0.9994
vol01:147:3:3	vol01:147:3:4	rekey	文	0.9998
vol01:147:3:4	vol01:147:3:5	rekey	字	0.9994
vol01:147:3:5	vol01:147:3:6	rekey	之	0.9997
vol01:147:3:6	vol01:147:3:7	rekey	訓	0.9994
vol01:147:3:7	vol01:147:3:8	rekey	詁	0.9995
vol01:147:3:8	vol01:147:3:9	rekey	則	0.9996
vol01:147:4:9	vol01:147:4:10	rekey	之	0.9997
vol01:147:4:10	vol01:147:4:11	rekey	本	0.9995
vol01:147:4:11	vol01:147:4:12	rekey	末	0.9997
vol01:147:4:12	vol01:147:4:13	rekey	則	0.9995
vol01:147:4:13	vol01:147:4:14	rekey	褒	0.9995
vol01:147:4:14	vol01:147:4:15	rekey	貶	0.9995
vol01:147:4:15	vol01:147:4:16	rekey	何	0.9997
vol01:147:4:16	vol01:147:4:17	rekey	據	0.9996
vol01:147:4:17	vol01:147:4:18	rekey	而	0.9996
vol01:147:4:18	vol01:147:4:19	rekey	定	0.9996
vol01:147:4:19	vol01:147:4:20	rekey	如	0.9996
vol01:147:4:20	vol01:147:4:21	rekey	成	0.9995
vol01:147:4:2	vol01:147:4:3	rekey	貶	0.9998
vol01:147:4:3	vol01:147:4:4	rekey	然	0.9994
vol01:147:4:4	vol01:147:4:5	rekey	不	0.9998
vol01:147:4:5	vol01:147:4:6	rekey	得	0.9996
vol01:147:4:6	vol01:147:4:7	rekey	其	0.9996
vol01:147:4:7	vol01:147:4:8	rekey	事	0.9997
vol01:147:4:8	vol01:147:4:9	rekey	迹	0.9993
vol01:147:5:9	vol01:147:5:10	rekey	明	0.9995
vol01:147:5:10	vol01:147:5:11	rekey	載	0.9996
vol01:147:5:11	vol01:147:5:12	rekey	左	0.9995
vol01:147:5:12	vol01:147:5:13	rekey	傳	0.9995
vol01:147:5:13	vol01:147:5:14	rekey	而	0.9996
vol01:147:5:14	vol01:147:5:15	rekey	趙	0.9995
vol01:147:5:15	vol01:147:5:16	rekey	鵬	0.9994
vol01:147:5:16	vol01:147:5:17	rekey	飛	0.9994
vol01:147:5:17	vol01:147:5:18	rekey	春	0.9994
vol01:147:5:18	vol01:147:5:19	rekey	秋	0.9992
vol01:147:5:19	vol01:147:5:20	rekey	經	0.9995
vol01:147:5:20	vol01:147:5:21	rekey	筌	0.9996
vol01:147:5:2	vol01:147:5:3	rekey	風	0.9995
vol01:147:5:3	vol01:147:5:4	rekey	爲	0.9995
vol01:147:5:6	vol01:147:5:7	rekey	公	0.9998
vol01:147:5:7	vol01:147:5:8	rekey	之	0.9997
vol01:147:5:8	vol01:147:5:9	rekey	母	0.9994
vol01:147:6:9	vol01:147:6:10	rekey	妾	0.9993
vol01:147:6:10	vol01:147:6:11	rekey	爲	0.9997
vol01:147:6:11	vol01:147:6:12	rekey	僖	0.9993
vol01:147:6:12	vol01:147:6:13	rekey	公	0.9997
vol01:147:6:13	vol01:147:6:14	rekey	之	0.9997
vol01:147:6:14	vol01:147:6:15	rekey	妾	0.9996
vol01:147:6:15	vol01:147:6:16	rekey	是	0.9993
vol01:147:6:16	vol01:147:6:17	rekey	不	0.9997
vol01:147:6:17	vol01:147:6:18	rekey	知	0.9996
vol01:147:6:18	vol01:147:6:19	rekey	其	0.9994
vol01:147:6:19	vol01:147:6:20	rekey	人	0.9997
vol01:147:6:20	vol01:147:6:21	rekey	之	0.9998
vol01:147:6:2	vol01:147:6:3	rekey	謂	0.9992
vol01:147:6:3	vol01:147:6:4	rekey	不	0.9998
vol01:147:6:4	vol01:147:6:5	rekey	知	0.9995
vol01:147:6:5	vol01:147:6:6	rekey	爲	0.9995
vol01:147:6:6	vol01:147:6:7	rekey	莊	0.9995
vol01:147:6:7	vol01:147:6:8	rekey	公	0.9996
vol01:147:6:8	vol01:147:6:9	rekey	之	0.9997
vol01:147:7:9	vol01:147:7:10	rekey	得	0.9995
vol01:147:7:10	vol01:147:7:11	rekey	失	0.9996
vol01:147:7:11	vol01:147:7:12	rekey	乎	0.9994
vol01:147:7:12	vol01:147:7:13	rekey	劉	0.9993
vol01:147:7:13	vol01:147:7:14	rekey	子	0.9993
vol01:147:7:14	vol01:147:7:15	rekey	翼	0.9995
vol01:147:7:16	vol01:147:7:17	rekey	唐	0.9996
vol01:147:7:17	vol01:147:7:18	rekey	爲	0.9997
vol01:147:7:18	vol01:147:7:19	rekey	著	0.9997
vol01:147:7:19	vol01:147:7:20	rekey	作	0.9996
vol01:147:7:20	vol01:147:7:21	rekey	郎	0.9997
vol01:147:7:2	vol01:147:7:3	rekey	名	0.9995
vol01:147:7:3	vol01:147:7:4	rekey	分	0.9995
vol01:147:7:4	vol01:147:7:5	rekey	可	0.9997
vol01:147:7:5	vol01:147:7:6	rekey	定	0.9995
vol01:147:7:6	vol01:147:7:7	rekey	其	0.9996
vol01:147:7:7	vol01:147:7:8	rekey	禮	0.9996
vol01:147:7:8	vol01:147:7:9	rekey	之	0.9997
vol01:147:8:9	vol01:147:8:10	rekey	載	0.9996
vol01:147:8:10	vol01:147:8:11	rekey	唐	0.9998
vol01:147:8:11	vol01:147:8:12	rekey	書	0.9992
vol01:147:8:12	vol01:147:8:13	rekey	劉	0.9994
vol01:147:8:13	vol01:147:8:14	rekey	禕	0.9993
vol01:147:8:14	vol01:147:8:15	rekey	之	0.9998
vol01:147:8:15	vol01:147:8:16	rekey	傳	0.9996
vol01:147:8:16	vol01:147:8:17	rekey	而	0.9997
vol01:147:8:17	vol01:147:8:18	rekey	朱	0.9997
vol01:147:8:18	vol01:147:8:19	rekey	子	0.9996
vol01:147:8:19	vol01:147:8:20	rekey	通	0.9997
vol01:147:8:20	vol01:147:8:21	rekey	鑑	0.9996
vol01:147:8:2	vol01:147:8:3	rekey	宏	0.9997
vol01:147:8:3	vol01:147:8:4	rekey	文	0.9996
vol01:147:8:4	vol01:147:8:5	rekey	館	0.9996
vol01:147:8:5	vol01:147:8:6	rekey	直	0.9997
vol01:147:8:6	vol01:147:8:7	rekey	學	0.9995
vol01:147:8:7	vol01:147:8:8	rekey	士	0.9997
vol01:147:8:8	vol01:147:8:9	rekey	明	0.9997
vol01:147:9:9	vol01:147:9:10	rekey	徵	0.9994
vol01:147:9:10	vol01:147:9:11	rekey	隋	0.9997
vol01:147:9:11	vol01:147:9:12	rekey	秘	0.9994
vol01:147:9:12	vol01:147:9:13	rekey	書	0.9993
vol01:147:9:13	vol01:147:9:14	rekey	劉	0.9996
vol01:147:9:14	vol01:147:9:15	rekey	子	0.9995
vol01:147:9:15	vol01:147:9:16	rekey	翼	0.9996
vol01:147:9:16	vol01:147:9:17	rekey	不	0.9998
vol01:147:9:17	vol01:147:9:18	rekey	至	0.9995
vol01:147:9:18	vol01:147:9:19	rekey	尹	0.9994
vol01:147:9:19	vol01:147:9:20	rekey	起	0.9996
vol01:147:9:20	vol01:147:9:21	rekey	莘	0.9974
vol01:147:9:2	vol01:147:9:3	rekey	綱	0.9997
vol01:147:9:3	vol01:147:9:4	rekey	目	0.9997
vol01:147:9:4	vol01:147:9:5	rekey	書	0.9994
vol01:147:9:5	vol01:147:9:6	rekey	貞	0.9996
vol01:147:9:6	vol01:147:9:7	rekey	觀	0.9994
vol01:147:9:7	vol01:147:9:8	rekey	元	0.9998
vol01:147:9:8	vol01:147:9:9	rekey	年	0.9994
vol01:148:1:9	vol01:148:1:10	rekey	以	0.9996
vol01:148:1:10	vol01:148:1:11	rekey	美	0.9994
vol01:148:1:11	vol01:148:1:12	rekey	之	0.9996
vol01:148:1:12	vol01:148:1:13	rekey	與	0.9997
vol01:148:1:13	vol01:148:1:14	rekey	陶	0.9995
vol01:148:1:14	vol01:148:1:15	rekey	潛	0.9995
vol01:148:1:15	vol01:148:1:16	rekey	稱	0.9995
vol01:148:1:16	vol01:148:1:17	rekey	晉	0.9992
vol01:148:1:17	vol01:148:1:18	rekey	一	1.0
vol01:148:1:18	vol01:148:1:19	rekey	例	0.9996
vol01:148:1:19	vol01:148:1:20	rekey	是	0.9996
vol01:148:1:20	vol01:148:1:21	rekey	未	0.9997
vol01:148:1:2	vol01:148:1:3	rekey	發	0.9993
vol01:148:1:3	vol01:148:1:4	rekey	明	0.9996
vol01:148:1:4	vol01:148:1:5	rekey	稱	0.9992
vol01:148:1:5	vol01:148:1:6	rekey	特	0.9992
vol01:148:1:6	vol01:148:1:7	rekey	書	0.9995
vol01:148:1:7	vol01:148:1:8	rekey	隋	0.9995
vol01:148:1:8	vol01:148:1:9	rekey	官	0.9993
vol01:148:2:9	vol01:148:2:10	rekey	定	0.9997
vol01:148:2:10	vol01:148:2:11	rekey	其	0.9995
vol01:148:2:11	vol01:148:2:12	rekey	品	0.9994
vol01:148:2:12	vol01:148:2:13	rekey	之	0.9997
vol01:148:2:13	vol01:148:2:14	rekey	賢	0.9995
vol01:148:2:14	vol01:148:2:15	rekey	否	0.9997
vol01:148:2:15	vol01:148:2:16	rekey	乎	0.9997
vol01:148:2:16	vol01:148:2:17	rekey	今	0.9996
vol01:148:2:17	vol01:148:2:18	rekey	所	0.9995
vol01:148:2:18	vol01:148:2:19	rekey	錄	0.9993
vol01:148:2:19	vol01:148:2:20	rekey	者	0.9999
vol01:148:2:2	vol01:148:2:3	rekey	知	0.9994
vol01:148:2:3	vol01:148:2:4	rekey	其	0.9995
vol01:148:2:4	vol01:148:2:5	rekey	人	0.9998
vol01:148:2:5	vol01:148:2:6	rekey	之	0.9997
vol01:148:2:6	vol01:148:2:7	rekey	始	0.9994
vol01:148:2:7	vol01:148:2:8	rekey	終	0.9994
vol01:148:2:8	vol01:148:2:9	rekey	可	0.9994
vol01:148:3:9	vol01:148:3:10	rekey	明	0.9997
vol01:148:3:10	vol01:148:3:11	rekey	確	0.9994
vol01:148:3:11	vol01:148:3:12	rekey	爲	0.9996
vol01:148:3:12	vol01:148:3:13	rekey	主	0.9995
vol01:148:3:13	vol01:148:3:14	rekey	庶	0.9994
vol01:148:3:14	vol01:148:3:15	rekey	幾	0.9994
vol01:148:3:15	vol01:148:3:16	rekey	可	0.9994
vol01:148:3:16	vol01:148:3:17	rekey	謝	0.9996
vol01:148:3:17	vol01:148:3:18	rekey	彼	0.9996
vol01:148:3:18	vol01:148:3:19	rekey	虛	0.9995
vol01:148:3:19	vol01:148:3:20	rekey	談	0.9994
vol01:148:3:20	vol01:148:3:21	rekey	敦	0.9995
vol01:148:3:2	vol01:148:3:3	rekey	以	0.9996
vol01:148:3:3	vol01:148:3:4	rekey	考	0.9994
vol01:148:3:4	vol01:148:3:5	rekey	證	0.9997
vol01:148:3:5	vol01:148:3:6	rekey	精	0.9992
vol01:148:3:6	vol01:148:3:7	rekey	核	0.9994
vol01:148:3:7	vol01:148:3:8	rekey	論	0.9994
vol01:148:3:8	vol01:148:3:9	rekey	辨	0.9994
vol01:148:4:2	vol01:148:4:3	rekey	兹	0.9995
vol01:148:4:3	vol01:148:4:4	rekey	實	0.9994
vol01:148:4:4	vol01:148:4:5	rekey	學	0.9996
vol01:148:5:9	vol01:148:5:10	rekey	增	0.9994
vol01:148:5:10	vol01:148:5:11	rekey	新	0.9993
vol01:148:5:11	vol01:148:5:12	rekey	古	0.9996
vol01:148:5:12	vol01:148:5:13	rekey	來	0.9994
vol01:148:5:13	vol01:148:5:14	rekey	有	0.9993
vol01:148:5:14	vol01:148:5:15	rekey	是	0.9995
vol01:148:5:15	vol01:148:5:16	rekey	一	1.0
vol01:148:5:16	vol01:148:5:17	rekey	家	0.9995
vol01:148:5:17	vol01:148:5:18	rekey	即	0.9995
vol01:148:5:19	vol01:148:5:20	rekey	立	0.9996
vol01:148:5:20	vol01:148:5:21	rekey	是	0.9996
vol01:148:5:3	vol01:148:5:4	rekey	文	0.9996
vol01:148:5:4	vol01:148:5:5	rekey	章	0.9995
vol01:148:5:5	vol01:148:5:6	rekey	流	0.9999
vol01:148:5:6	vol01:148:5:7	rekey	別	0.9997
vol01:148:5:7	vol01:148:5:8	rekey	歷	0.9992
vol01:148:6:9	vol01:148:6:10	rekey	體	0.9995
vol01:148:6:10	vol01:148:6:11	rekey	即	0.9994
vol01:148:6:12	vol01:148:6:13	rekey	備	0.9993
vol01:148:6:13	vol01:148:6:14	rekey	是	0.9993
vol01:148:6:14	vol01:148:6:15	rekey	一	1.0
vol01:148:6:15	vol01:148:6:16	rekey	格	0.9995
vol01:148:6:16	vol01:148:6:17	rekey	斯	0.9996
vol01:148:6:17	vol01:148:6:18	rekey	協	0.9994
vol01:148:6:18	vol01:148:6:19	rekey	於	0.9993
vol01:148:6:19	vol01:148:6:20	rekey	全	0.9993
vol01:148:6:20	vol01:148:6:21	rekey	書	0.9996
vol01:148:6:3	vol01:148:6:4	rekey	類	0.9995
vol01:148:6:4	vol01:148:6:5	rekey	作	0.9996
vol01:148:6:5	vol01:148:6:6	rekey	者	0.9996
vol01:148:6:6	vol01:148:6:7	rekey	有	0.9997
vol01:148:6:7	vol01:148:6:8	rekey	是	0.9995
vol01:148:6:8	vol01:148:6:9	rekey	一	1.0
vol01:148:7:9	vol01:148:7:10	rekey	詞	0.9994
vol01:148:7:10	vol01:148:7:11	rekey	曲	0.9996
vol01:148:7:11	vol01:148:7:12	rekey	末	0.9995
vol01:148:7:12	vol01:148:7:13	rekey	技	0.9992
vol01:148:7:13	vol01:148:7:14	rekey	咸	0.9994
vol01:148:7:14	vol01:148:7:15	rekey	登	0.9994
vol01:148:7:15	vol01:148:7:16	rekey	簡	0.9995
vol01:148:7:17	vol01:148:7:18	rekey	不	0.9997
vol01:148:7:20	vol01:148:7:21	rekey	羅	0.9995
vol01:148:7:2	vol01:148:7:3	rekey	之	0.9997
vol01:148:7:3	vol01:148:7:4	rekey	名	0.9996
vol01:148:7:4	vol01:148:7:5	rekey	故	0.9993
vol01:148:7:5	vol01:148:7:6	rekey	釋	0.9991
vol01:148:7:6	vol01:148:7:7	rekey	道	0.9995
vol01:148:7:7	vol01:148:7:8	rekey	外	0.9996
vol01:148:7:8	vol01:148:7:9	rekey	教	0.9994
vol01:148:8:9	vol01:148:8:10	rekey	其	0.9996
vol01:148:8:10	vol01:148:8:11	rekey	可	0.9996
vol01:148:8:11	vol01:148:8:12	rekey	資	0.9995
vol01:148:8:12	vol01:148:8:13	rekey	考	0.9994
vol01:148:8:13	vol01:148:8:14	rekey	證	0.9995
vol01:148:8:14	vol01:148:8:15	rekey	者	0.9997
vol01:148:8:15	vol01:148:8:16	rekey	其	0.9995
vol01:148:8:16	vol01:148:8:17	rekey	經	0.9994
vol01:148:8:17	vol01:148:8:18	rekey	懴	0.9994
vol01:148:8:18	vol01:148:8:19	rekey	章	0.9994
vol01:148:8:19	vol01:148:8:20	rekey	咒	0.9997
vol01:148:8:20	vol01:148:8:21	rekey	並	0.9997
vol01:148:8:2	vol01:148:8:3	rekey	然	0.9993
vol01:148:8:3	vol01:148:8:4	rekey	二	0.9998
vol01:148:8:4	vol01:148:8:5	rekey	氏	0.9994
vol01:148:8:5	vol01:148:8:6	rekey	之	0.9997
vol01:148:8:6	vol01:148:8:7	rekey	書	0.9993
vol01:148:8:7	vol01:148:8:8	rekey	必	0.9995
vol01:148:8:8	vol01:148:8:9	rekey	擇	0.9994
vol01:148:9:3	vol01:148:9:4	rekey	遵	0.9994
vol01:149:1:9	vol01:149:1:10	rekey	表	0.9994
vol01:149:1:10	vol01:149:1:11	rekey	青	0.9993
vol01:149:1:12	vol01:149:1:13	rekey	亦	0.9977
vol01:149:1:14	vol01:149:1:15	rekey	從	0.9995
vol01:149:1:16	vol01:149:1:17	rekey	削	0.9996
vol01:149:1:17	vol01:149:1:18	rekey	其	0.9993
vol01:149:1:1	vol01:149:1:2	rekey	㫖	0.9996
vol01:149:1:19	vol01:149:1:20	rekey	聲	0.9995
vol01:149:1:2	vol01:149:1:3	rekey	一	0.9999
vol01:149:1:3	vol01:149:1:4	rekey	字	0.9996
vol01:149:1:4	vol01:149:1:5	rekey	不	0.9997
vol01:149:1:6	vol01:149:1:7	rekey	宋	0.9995
vol01:149:1:8	vol01:149:1:9	rekey	朱	0.9996
vol01:149:2:9	vol01:149:2:10	rekey	之	0.9997
vol01:149:2:10	vol01:149:2:11	rekey	金	0.9967
vol01:149:2:14	vol01:149:2:15	rekey	張	0.9995
vol01:149:2:15	vol01:149:2:16	rekey	可	0.9994
vol01:149:2:17	vol01:149:2:18	rekey	之	0.9995
vol01:149:2:18	vol01:149:2:19	rekey	小	0.9997
vol01:149:2:19	vol01:149:2:20	rekey	山	0.9997
vol01:149:2:4	vol01:149:2:5	rekey	作	0.9996
vol01:149:2:5	vol01:149:2:6	rekey	如	0.9996
vol01:149:2:6	vol01:149:2:7	rekey	石	0.9994
vol01:149:3:10	vol01:149:3:11	rekey	本	0.9996
vol01:149:3:12	vol01:149:3:13	rekey	爲	0.9995
vol01:149:3:13	vol01:149:3:14	rekey	錄	0.9996
vol01:149:3:16	vol01:149:3:17	rekey	蒙	0.9993
vol01:149:3:3	vol01:149:3:4	rekey	臣	0.9993
vol01:149:3:5	vol01:149:3:6	rekey	初	0.9994
vol01:149:3:6	vol01:149:3:7	rekey	以	0.9992
vol01:149:3:7	vol01:149:3:8	rekey	相	0.9987
vol01:149:4:0	vol01:149:4:1	rekey	皇	0.9995
vol01:149:4:9	vol01:149:4:10	rekey	見	0.9995
vol01:149:4:1	vol01:149:4:2	rekey	上	0.9998
vol01:149:4:2	vol01:149:4:3	rekey	指	0.9994
vol01:149:4:3	vol01:149:4:4	rekey	示	0.9994
vol01:149:4:4	vol01:149:4:5	rekey	命	0.9994
vol01:149:5:10	vol01:149:5:11	rekey	籍	0.9995
vol01:149:5:11	vol01:149:5:12	rekey	之	0.9996
vol01:149:5:12	vol01:149:5:13	rekey	至	0.9994
vol01:149:5:14	vol01:149:5:15	rekey	是	0.9997
vol01:149:5:15	vol01:149:5:16	rekey	以	0.9991
vol01:149:5:17	vol01:149:5:18	rekey	輯	0.9993
vol01:149:5:18	vol01:149:5:19	rekey	雖	0.9995
vol01:149:5:1	vol01:149:5:2	rekey	聖	0.9996
vol01:149:5:4	vol01:149:5:5	rekey	崇	0.9994
vol01:149:5:5	vol01:149:5:6	rekey	風	0.9983
vol01:149:6:9	vol01:149:6:10	rekey	敢	0.9995
vol01:149:6:10	vol01:149:6:11	rekey	不	0.9997
vol01:149:6:2	vol01:149:6:3	rekey	謹	0.9993
vol01:149:6:5	vol01:149:6:6	rekey	墨	0.9994
vol01:149:6:6	vol01:149:6:7	rekey	去	0.9995
vol01:149:6:7	vol01:149:6:8	rekey	取	0.9995
vol01:149:6:8	vol01:149:6:9	rekey	不	0.9998
vol01:149:7:9	vol01:149:7:10	rekey	明	0.9996
vol01:149:7:10	vol01:149:7:11	rekey	體	0.9994
vol01:149:7:11	vol01:149:7:12	rekey	以	0.9997
vol01:149:7:13	vol01:149:7:14	rekey	用	0.9996
vol01:149:7:14	vol01:149:7:15	rekey	凡	0.9994
vol01:149:7:15	vol01:149:7:16	rekey	不	0.9996
vol01:149:7:16	vol01:149:7:17	rekey	可	0.9993
vol01:149:7:17	vol01:149:7:18	rekey	見	0.9993
vol01:149:7:5	vol01:149:7:6	rekey	之	0.9996
vol01:149:7:6	vol01:149:7:7	rekey	學	0.9997
vol01:149:7:8	vol01:149:7:9	rekey	於	0.9994
vol01:149:8:9	vol01:149:8:10	rekey	著	0.9994
vol01:149:8:10	vol01:149:8:11	rekey	書	0.9994
vol01:149:8:11	vol01:149:8:12	rekey	務	0.9995
vol01:149:8:12	vol01:149:8:13	rekey	爲	0.9995
vol01:149:8:13	vol01:149:8:14	rekey	高	0.9994
vol01:149:8:16	vol01:149:8:17	rekey	陽	0.9995
vol01:149:8:18	vol01:149:8:19	rekey	極	0.9995
vol01:149:8:2	vol01:149:8:3	rekey	者	0.9994
vol01:149:8:3	vol01:149:8:4	rekey	皆	0.9994
vol01:149:8:4	vol01:149:8:5	rekey	屬	0.9993
vol01:149:8:6	vol01:149:8:7	rekey	言	0.9993
vol01:149:8:8	vol01:149:8:9	rekey	生	0.9993
vol01:149:9:11	vol01:149:9:12	rekey	至	0.9994
vol01:149:9:12	vol01:149:9:13	rekey	於	0.9994
vol01:149:9:14	vol01:149:9:15	rekey	九	0.9995
vol01:149:9:16	vol01:149:9:17	rekey	則	0.9996
vol01:149:9:17	vol01:149:9:18	rekey	欲	0.9995
vol01:149:9:18	vol01:149:9:19	rekey	修	0.9995
vol01:149:9:19	vol01:149:9:20	rekey	禹	0.9996
vol01:149:9:3	vol01:149:9:4	rekey	篇	0.9994
vol01:149:9:4	vol01:149:9:5	rekey	斯	0.9994
vol01:149:9:6	vol01:149:9:7	rekey	不	0.9996
vol01:149:9:7	vol01:149:9:8	rekey	切	0.9995
vol01:14:1:9	vol01:14:1:10	rekey	各	0.9996
vol01:14:1:10	vol01:14:1:11	rekey	家	0.9998
vol01:14:1:11	vol01:14:1:12	rekey	進	0.9997
vol01:14:1:12	vol01:14:1:13	rekey	到	0.9997
vol01:14:1:13	vol01:14:1:14	rekey	之	0.9996
vol01:14:1:14	vol01:14:1:15	rekey	書	0.9996
vol01:14:1:15	vol01:14:1:16	rekey	俟	0.9997
vol01:14:1:16	vol01:14:1:17	rekey	校	0.9992
vol01:14:1:17	vol01:14:1:18	rekey	辦	0.9995
vol01:14:1:18	vol01:14:1:19	rekey	完	0.9996
vol01:14:1:1	vol01:14:1:2	rekey	允	0.9997
vol01:14:1:19	vol01:14:1:20	rekey	竣	0.9996
vol01:14:1:20	vol01:14:1:21	rekey	日	0.9999
vol01:14:1:2	vol01:14:1:3	rekey	朕	0.9995
vol01:14:1:3	vol01:14:1:4	rekey	豈	0.9995
vol01:14:1:4	vol01:14:1:5	rekey	肯	0.9996
vol01:14:1:5	vol01:14:1:6	rekey	爲	0.9996
vol01:14:1:6	vol01:14:1:7	rekey	之	0.9998
vol01:14:1:7	vol01:14:1:8	rekey	所	0.9994
vol01:14:1:8	vol01:14:1:9	rekey	有	0.9995
vol01:14:2:9	vol01:14:2:10	rekey	但	0.9996
vol01:14:2:10	vol01:14:2:11	rekey	現	0.9996
vol01:14:2:11	vol01:14:2:12	rekey	在	0.9996
vol01:14:2:12	vol01:14:2:13	rekey	各	0.9994
vol01:14:2:13	vol01:14:2:14	rekey	省	0.9994
vol01:14:2:14	vol01:14:2:15	rekey	所	0.9996
vol01:14:2:15	vol01:14:2:16	rekey	進	0.9996
vol01:14:2:16	vol01:14:2:17	rekey	書	0.9995
vol01:14:2:17	vol01:14:2:18	rekey	籍	0.9994
vol01:14:2:18	vol01:14:2:19	rekey	巳	0.9996
vol01:14:2:1	vol01:14:2:2	rekey	仍	0.9997
vol01:14:2:19	vol01:14:2:20	rekey	屬	0.9996
vol01:14:2:20	vol01:14:2:21	rekey	不	0.9998
vol01:14:2:2	vol01:14:2:3	rekey	行	0.9996
vol01:14:2:3	vol01:14:2:4	rekey	給	0.9996
vol01:14:2:4	vol01:14:2:5	rekey	還	0.9997
vol01:14:2:5	vol01:14:2:6	rekey	原	0.9995
vol01:14:2:6	vol01:14:2:7	rekey	獻	0.9991
vol01:14:2:7	vol01:14:2:8	rekey	之	0.9996
vol01:14:2:8	vol01:14:2:9	rekey	家	0.9997
vol01:14:3:9	vol01:14:3:10	rekey	多	0.9996
vol01:14:3:10	vol01:14:3:11	rekey	其	0.9997
vol01:14:3:11	vol01:14:3:12	rekey	如	0.9997
vol01:14:3:12	vol01:14:3:13	rekey	何	0.9996
vol01:14:3:13	vol01:14:3:14	rekey	分	0.9995
vol01:14:3:14	vol01:14:3:15	rekey	别	0.9999
vol01:14:3:15	vol01:14:3:16	rekey	標	0.9994
vol01:14:3:16	vol01:14:3:17	rekey	記	0.9996
vol01:14:3:17	vol01:14:3:18	rekey	俾	0.9995
vol01:14:3:18	vol01:14:3:19	rekey	還	0.9996
vol01:14:3:1	vol01:14:3:2	rekey	少	0.9998
vol01:14:3:19	vol01:14:3:20	rekey	本	0.9997
vol01:14:3:20	vol01:14:3:21	rekey	人	0.9997
vol01:14:3:2	vol01:14:3:3	rekey	嗣	0.9994
vol01:14:3:3	vol01:14:3:4	rekey	後	0.9998
vol01:14:3:4	vol01:14:3:5	rekey	自	0.9998
vol01:14:3:5	vol01:14:3:6	rekey	必	0.9998
vol01:14:3:6	vol01:14:3:7	rekey	陸	0.9996
vol01:14:3:7	vol01:14:3:8	rekey	續	0.9994
vol01:14:3:8	vol01:14:3:9	rekey	加	0.9994
vol01:14:4:9	vol01:14:4:10	rekey	著	0.9995
vol01:14:4:10	vol01:14:4:11	rekey	該	0.9995
vol01:14:4:11	vol01:14:4:12	rekey	總	0.9994
vol01:14:4:12	vol01:14:4:13	rekey	裁	0.9997
vol01:14:4:13	vol01:14:4:14	rekey	等	0.9997
vol01:14:4:14	vol01:14:4:15	rekey	妥	0.9995
vol01:14:4:15	vol01:14:4:16	rekey	議	0.9996
vol01:14:4:16	vol01:14:4:17	rekey	具	0.9995
vol01:14:4:17	vol01:14:4:18	rekey	奏	0.9997
vol01:14:4:18	vol01:14:4:19	rekey	仍	0.9995
vol01:14:4:1	vol01:14:4:2	rekey	不	0.9998
vol01:14:4:20	vol01:14:4:21	rekey	此	0.9997
vol01:14:4:2	vol01:14:4:3	rekey	致	0.9996
vol01:14:4:3	vol01:14:4:4	rekey	淆	0.9996
vol01:14:4:4	vol01:14:4:5	rekey	混	0.9996
vol01:14:4:5	vol01:14:4:6	rekey	遺	0.9996
vol01:14:4:6	vol01:14:4:7	rekey	失	0.9995
vol01:14:4:7	vol01:14:4:8	rekey	之	0.9997
vol01:14:4:8	vol01:14:4:9	rekey	處	0.9993
vol01:14:5:1	vol01:14:5:2	rekey	通	0.9998
vol01:14:5:2	vol01:14:5:3	rekey	諭	0.9994
vol01:14:5:3	vol01:14:5:4	rekey	知	0.9995
vol01:14:5:4	vol01:14:5:5	rekey	之	0.9997
vol01:14:5:5	vol01:14:5:6	rekey	欽	0.9996
vol01:14:5:6	vol01:14:5:7	rekey	此	0.9997
vol01:14:6:9	vol01:14:6:10	rekey	月	0.9997
vol01:14:6:10	vol01:14:6:11	rekey	二	0.9996
vol01:14:6:11	vol01:14:6:12	rekey	十	0.9997
vol01:14:6:12	vol01:14:6:13	rekey	五	0.9994
vol01:14:6:13	vol01:14:6:14	rekey	日	0.9998
vol01:14:6:14	vol01:14:6:15	rekey	奉	0.9996
vol01:14:6:2	vol01:14:6:3	rekey	乾	0.9994
vol01:14:6:3	vol01:14:6:4	rekey	隆	0.9995
vol01:14:6:4	vol01:14:6:5	rekey	三	0.9996
vol01:14:6:5	vol01:14:6:6	rekey	十	0.9998
vol01:14:6:6	vol01:14:6:7	rekey	八	0.9996
vol01:14:6:7	vol01:14:6:8	rekey	年	0.9995
vol01:14:6:8	vol01:14:6:9	rekey	八	0.9997
vol01:14:7:0	vol01:14:7:1	rekey	上	0.9996
vol01:14:7:9	vol01:14:7:10	rekey	將	0.9996
vol01:14:7:10	vol01:14:7:11	rekey	永	0.9997
vol01:14:7:11	vol01:14:7:12	rekey	樂	0.9996
vol01:14:7:12	vol01:14:7:13	rekey	大	0.9994
vol01:14:7:13	vol01:14:7:14	rekey	典	0.9995
vol01:14:7:14	vol01:14:7:15	rekey	内	0.9996
vol01:14:7:15	vol01:14:7:16	rekey	檢	0.9994
vol01:14:7:16	vol01:14:7:17	rekey	出	0.9997
vol01:14:7:17	vol01:14:7:18	rekey	各	0.9994
vol01:14:7:18	vol01:14:7:19	rekey	書	0.9994
vol01:14:7:1	vol01:14:7:2	rekey	諭	0.9994
vol01:14:7:19	vol01:14:7:20	rekey	陸	0.9996
vol01:14:7:20	vol01:14:7:21	rekey	續	0.9996
vol01:14:7:2	vol01:14:7:3	rekey	辦	0.9995
vol01:14:7:3	vol01:14:7:4	rekey	理	0.9994
vol01:14:7:4	vol01:14:7:5	rekey	四	0.9997
vol01:14:7:5	vol01:14:7:6	rekey	庫	0.9995
vol01:14:7:6	vol01:14:7:7	rekey	全	0.9993
vol01:14:7:7	vol01:14:7:8	rekey	書	0.9994
vol01:14:7:8	vol01:14:7:9	rekey	處	0.9996
vol01:14:8:9	vol01:14:8:10	rekey	予	0.9998
vol01:14:8:10	vol01:14:8:11	rekey	題	0.9996
vol01:14:8:11	vol01:14:8:12	rekey	評	0.9994
vol01:14:8:12	vol01:14:8:13	rekey	見	0.9994
vol01:14:8:13	vol01:14:8:14	rekey	其	0.9994
vol01:14:8:14	vol01:14:8:15	rekey	考	0.9996
vol01:14:8:15	vol01:14:8:16	rekey	訂	0.9996
vol01:14:8:16	vol01:14:8:17	rekey	分	0.9995
vol01:14:8:17	vol01:14:8:18	rekey	排	0.9995
vol01:14:8:18	vol01:14:8:19	rekey	具	0.9997
vol01:14:8:1	vol01:14:8:2	rekey	進	0.9996
vol01:14:8:20	vol01:14:8:21	rekey	條	0.9997
vol01:14:8:2	vol01:14:8:3	rekey	呈	0.9995
vol01:14:8:3	vol01:14:8:4	rekey	朕	0.9996
vol01:14:8:4	vol01:14:8:5	rekey	親	0.9995
vol01:14:8:5	vol01:14:8:6	rekey	加	0.9996
vol01:14:8:6	vol01:14:8:7	rekey	披	0.9996
vol01:14:8:7	vol01:14:8:8	rekey	閱	0.9994
vol01:14:8:8	vol01:14:8:9	rekey	間	0.9995
vol01:14:9:9	vol01:14:9:10	rekey	可	0.9998
vol01:14:9:10	vol01:14:9:11	rekey	觀	0.9999
vol01:14:9:11	vol01:14:9:12	rekey	則	0.9998
vol01:14:9:12	vol01:14:9:13	rekey	成	0.9996
vol01:14:9:13	vol01:14:9:14	rekey	於	0.9995
vol01:14:9:14	vol01:14:9:15	rekey	紀	0.9996
vol01:14:9:15	vol01:14:9:16	rekey	昀	0.9994
vol01:14:9:16	vol01:14:9:17	rekey	陸	0.9993
vol01:14:9:17	vol01:14:9:18	rekey	錫	0.9995
vol01:14:9:18	vol01:14:9:19	rekey	熊	0.9996
vol01:14:9:1	vol01:14:9:2	rekey	理	0.9997
vol01:14:9:19	vol01:14:9:20	rekey	之	0.9998
vol01:14:9:2	vol01:14:9:3	rekey	而	0.9996
vol01:14:9:3	vol01:14:9:4	rekey	撰	0.9995
vol01:14:9:4	vol01:14:9:5	rekey	述	0.9995
vol01:14:9:5	vol01:14:9:6	rekey	提	0.9997
vol01:14:9:6	vol01:14:9:7	rekey	要	0.9995
vol01:14:9:7	vol01:14:9:8	rekey	粲	0.9996
vol01:14:9:8	vol01:14:9:9	rekey	然	0.9997
vol01:150:1:9	vol01:150:1:10	rekey	官	0.9997
vol01:150:1:10	vol01:150:1:11	rekey	封	0.9997
vol01:150:1:11	vol01:150:1:12	rekey	建	0.9994
vol01:150:1:12	vol01:150:1:13	rekey	井	0.9997
vol01:150:1:14	vol01:150:1:15	rekey	動	0.9999
vol01:150:1:15	vol01:150:1:16	rekey	稱	0.9992
vol01:150:1:16	vol01:150:1:17	rekey	三	0.9997
vol01:150:1:17	vol01:150:1:18	rekey	代	0.9995
vol01:150:1:18	vol01:150:1:19	rekey	而	0.9997
vol01:150:1:19	vol01:150:1:20	rekey	不	0.9997
vol01:150:1:2	vol01:150:1:3	rekey	考	0.9997
vol01:150:1:4	vol01:150:1:5	rekey	典	0.9996
vol01:150:1:5	vol01:150:1:6	rekey	則	0.9995
vol01:150:1:6	vol01:150:1:7	rekey	欲	0.9993
vol01:150:1:7	vol01:150:1:8	rekey	復	0.9994
vol01:150:1:8	vol01:150:1:9	rekey	周	0.9995
vol01:150:2:9	vol01:150:2:10	rekey	黃	0.9996
vol01:150:2:10	vol01:150:2:11	rekey	諫	0.9992
vol01:150:2:11	vol01:150:2:12	rekey	之	0.9997
vol01:150:2:12	vol01:150:2:13	rekey	流	0.9997
vol01:150:2:13	vol01:150:2:14	rekey	欲	0.9994
vol01:150:2:14	vol01:150:2:15	rekey	使	0.9996
vol01:150:2:15	vol01:150:2:16	rekey	天	0.9996
vol01:150:2:16	vol01:150:2:17	rekey	下	0.9998
vol01:150:2:17	vol01:150:2:18	rekey	筆	0.9994
vol01:150:2:18	vol01:150:2:19	rekey	札	0.9997
vol01:150:2:19	vol01:150:2:20	rekey	皆	0.9995
vol01:150:2:20	vol01:150:2:21	rekey	改	0.9997
vol01:150:2:2	vol01:150:2:3	rekey	時	0.9998
vol01:150:2:3	vol01:150:2:4	rekey	勢	0.9996
vol01:150:2:4	vol01:150:2:5	rekey	之	0.9997
vol01:150:2:5	vol01:150:2:6	rekey	不	0.9997
vol01:150:2:6	vol01:150:2:7	rekey	可	0.9995
vol01:150:2:7	vol01:150:2:8	rekey	行	0.9997
vol01:150:2:8	vol01:150:2:9	rekey	至	0.9997
vol01:150:3:9	vol01:150:3:10	rekey	欲	0.9994
vol01:150:3:10	vol01:150:3:11	rekey	使	0.9996
vol01:150:3:11	vol01:150:3:12	rekey	天	0.9997
vol01:150:3:12	vol01:150:3:13	rekey	下	0.9997
vol01:150:3:13	vol01:150:3:14	rekey	言	0.9994
vol01:150:3:14	vol01:150:3:15	rekey	語	0.9996
vol01:150:3:15	vol01:150:3:16	rekey	皆	0.9994
vol01:150:3:16	vol01:150:3:17	rekey	作	0.9994
vol01:150:3:17	vol01:150:3:18	rekey	古	0.9996
vol01:150:3:19	vol01:150:3:20	rekey	迂	0.9996
vol01:150:3:20	vol01:150:3:21	rekey	謬	0.9994
vol01:150:3:2	vol01:150:3:3	rekey	篆	0.9994
vol01:150:3:3	vol01:150:3:4	rekey	體	0.9994
vol01:150:3:4	vol01:150:3:5	rekey	顧	0.9994
vol01:150:3:5	vol01:150:3:6	rekey	炎	0.9995
vol01:150:3:6	vol01:150:3:7	rekey	武	0.9994
vol01:150:3:7	vol01:150:3:8	rekey	之	0.9996
vol01:150:3:8	vol01:150:3:9	rekey	流	0.9996
vol01:150:4:9	vol01:150:4:10	rekey	之	0.9995
vol01:150:4:10	vol01:150:4:11	rekey	曲	0.9995
vol01:150:4:11	vol01:150:4:12	rekey	士	0.9998
vol01:150:4:12	vol01:150:4:13	rekey	人	0.9997
vol01:150:4:13	vol01:150:4:14	rekey	喜	0.9994
vol01:150:4:14	vol01:150:4:15	rekey	言	0.9993
vol01:150:4:15	vol01:150:4:16	rekey	兵	0.9995
vol01:150:4:16	vol01:150:4:17	rekey	二	0.9998
vol01:150:4:17	vol01:150:4:18	rekey	麓	0.9995
vol01:150:4:18	vol01:150:4:19	rekey	正	0.9993
vol01:150:4:20	vol01:150:4:21	rekey	欲	0.9995
vol01:150:4:2	vol01:150:4:3	rekey	抑	0.9996
vol01:150:4:3	vol01:150:4:4	rekey	更	0.9998
vol01:150:4:4	vol01:150:4:5	rekey	甚	0.9992
vol01:150:4:5	vol01:150:4:6	rekey	焉	0.9994
vol01:150:4:6	vol01:150:4:7	rekey	又	0.9996
vol01:150:4:7	vol01:150:4:8	rekey	如	0.9993
vol01:150:4:8	vol01:150:4:9	rekey	明	0.9996
vol01:150:5:9	vol01:150:5:10	rekey	武	0.9996
vol01:150:5:10	vol01:150:5:11	rekey	備	0.9995
vol01:150:5:11	vol01:150:5:12	rekey	新	0.9995
vol01:150:5:12	vol01:150:5:13	rekey	書	0.9995
vol01:150:5:13	vol01:150:5:14	rekey	欲	0.9996
vol01:150:5:14	vol01:150:5:15	rekey	雕	0.9996
vol01:150:5:15	vol01:150:5:16	rekey	木	0.9996
vol01:150:5:16	vol01:150:5:17	rekey	爲	0.9991
vol01:150:5:17	vol01:150:5:18	rekey	虎	0.9996
vol01:150:5:18	vol01:150:5:19	rekey	以	0.9997
vol01:150:5:19	vol01:150:5:20	rekey	臨	0.9996
vol01:150:5:20	vol01:150:5:21	rekey	陣	0.9995
vol01:150:5:3	vol01:150:5:4	rekey	坑	0.9994
vol01:150:5:4	vol01:150:5:5	rekey	藏	0.9997
vol01:150:5:5	vol01:150:5:6	rekey	錐	0.9994
vol01:150:5:6	vol01:150:5:7	rekey	以	0.9997
vol01:150:5:7	vol01:150:5:8	rekey	刺	0.9996
vol01:150:5:8	vol01:150:5:9	rekey	敵	0.9996
vol01:150:6:9	vol01:150:6:10	rekey	邊	0.9997
vol01:150:6:10	vol01:150:6:11	rekey	將	0.9996
vol01:150:6:11	vol01:150:6:12	rekey	士	0.9999
vol01:150:6:12	vol01:150:6:13	rekey	人	0.9998
vol01:150:6:13	vol01:150:6:14	rekey	人	0.9997
vol01:150:6:14	vol01:150:6:15	rekey	皆	0.9996
vol01:150:6:15	vol01:150:6:16	rekey	讀	0.9996
vol01:150:6:16	vol01:150:6:17	rekey	左	0.9995
vol01:150:6:17	vol01:150:6:18	rekey	傳	0.9997
vol01:150:6:18	vol01:150:6:19	rekey	凡	0.9996
vol01:150:6:19	vol01:150:6:20	rekey	斯	0.9995
vol01:150:6:20	vol01:150:6:21	rekey	之	0.9996
vol01:150:6:2	vol01:150:6:3	rekey	陳	0.9995
vol01:150:6:3	vol01:150:6:4	rekey	禹	0.9996
vol01:150:6:4	vol01:150:6:5	rekey	謨	0.9992
vol01:150:6:5	vol01:150:6:6	rekey	至	0.9998
vol01:150:6:6	vol01:150:6:7	rekey	欲	0.9996
vol01:150:6:7	vol01:150:6:8	rekey	使	0.9995
vol01:150:6:8	vol01:150:6:9	rekey	九	0.9997
vol01:150:7:9	vol01:150:7:10	rekey	彼	0.9994
vol01:150:7:10	vol01:150:7:11	rekey	空	0.9997
vol01:150:7:11	vol01:150:7:12	rekey	言	0.9995
vol01:150:7:12	vol01:150:7:13	rekey	庶	0.9998
vol01:150:7:13	vol01:150:7:14	rekey	讀	0.9993
vol01:150:7:14	vol01:150:7:15	rekey	者	0.9996
vol01:150:7:15	vol01:150:7:16	rekey	知	0.9994
vol01:150:7:16	vol01:150:7:17	rekey	致	0.9994
vol01:150:7:17	vol01:150:7:18	rekey	遠	0.9994
vol01:150:7:18	vol01:150:7:19	rekey	經	0.9994
vol01:150:7:19	vol01:150:7:20	rekey	方	0.9996
vol01:150:7:20	vol01:150:7:21	rekey	務	0.9996
vol01:150:7:2	vol01:150:7:3	rekey	類	0.9995
vol01:150:7:3	vol01:150:7:4	rekey	並	0.9994
vol01:150:7:5	vol01:150:7:6	rekey	其	0.9993
vol01:150:7:6	vol01:150:7:7	rekey	異	0.9994
vol01:150:7:7	vol01:150:7:8	rekey	說	0.9994
vol01:150:8:2	vol01:150:8:3	rekey	求	0.9997
vol01:150:8:3	vol01:150:8:4	rekey	爲	0.9997
vol01:150:8:4	vol01:150:8:5	rekey	有	0.9994
vol01:150:8:5	vol01:150:8:6	rekey	用	0.9998
vol01:150:8:6	vol01:150:8:7	rekey	之	0.9995
vol01:150:8:7	vol01:150:8:8	rekey	學	0.9995
vol01:150:9:9	vol01:150:9:10	rekey	師	0.9996
vol01:150:9:10	vol01:150:9:11	rekey	說	0.9995
vol01:150:9:11	vol01:150:9:12	rekey	而	0.9997
vol01:150:9:13	vol01:150:9:14	rekey	自	0.9998
vol01:150:9:14	vol01:150:9:15	rekey	南	0.9997
vol01:150:9:15	vol01:150:9:16	rekey	宋	0.9996
vol01:150:9:16	vol01:150:9:17	rekey	至	0.9996
vol01:150:9:17	vol01:150:9:18	rekey	明	0.9995
vol01:150:9:18	vol01:150:9:19	rekey	凡	0.9994
vol01:150:9:19	vol01:150:9:20	rekey	說	0.9995
vol01:150:9:20	vol01:150:9:21	rekey	經	0.9995
vol01:150:9:3	vol01:150:9:4	rekey	漢	0.9994
vol01:150:9:4	vol01:150:9:5	rekey	唐	0.9995
vol01:150:9:5	vol01:150:9:6	rekey	儒	0.9994
vol01:150:9:6	vol01:150:9:7	rekey	者	0.9996
vol01:150:9:7	vol01:150:9:8	rekey	謹	0.9995
vol01:150:9:8	vol01:150:9:9	rekey	守	0.9996
vol01:151:1:9	vol01:151:1:10	rekey	門	0.9994
vol01:151:1:10	vol01:151:1:11	rekey	戸	0.9994
vol01:151:1:11	vol01:151:1:12	rekey	大	0.9996
vol01:151:1:12	vol01:151:1:13	rekey	抵	0.9994
vol01:151:1:13	vol01:151:1:14	rekey	數	0.999
vol01:151:1:14	vol01:151:1:15	rekey	名	0.9991
vol01:151:1:15	vol01:151:1:16	rekey	人	0.9995
vol01:151:1:16	vol01:151:1:17	rekey	爲	0.9994
vol01:151:1:17	vol01:151:1:18	rekey	之	0.9998
vol01:151:1:18	vol01:151:1:19	rekey	主	0.9994
vol01:151:1:19	vol01:151:1:20	rekey	而	0.9995
vol01:151:1:20	vol01:151:1:21	rekey	依	0.9995
vol01:151:1:3	vol01:151:1:4	rekey	學	0.9991
vol01:151:1:5	vol01:151:1:6	rekey	文	0.9995
vol01:151:1:6	vol01:151:1:7	rekey	皆	0.9995
vol01:151:1:7	vol01:151:1:8	rekey	各	0.9994
vol01:151:1:8	vol01:151:1:9	rekey	立	0.9994
vol01:151:2:9	vol01:151:2:10	rekey	之	0.9999
vol01:151:2:10	vol01:151:2:11	rekey	朋	0.9997
vol01:151:2:11	vol01:151:2:12	rekey	黨	0.9997
vol01:151:2:12	vol01:151:2:13	rekey	一	0.9997
vol01:151:2:13	vol01:151:2:14	rekey	分	0.9996
vol01:151:2:14	vol01:151:2:15	rekey	千	0.9995
vol01:151:2:15	vol01:151:2:16	rekey	秋	0.9993
vol01:151:2:16	vol01:151:2:17	rekey	吳	0.9994
vol01:151:2:17	vol01:151:2:18	rekey	越	0.9994
vol01:151:2:18	vol01:151:2:19	rekey	漸	0.9994
vol01:151:2:20	vol01:151:2:21	rekey	漸	0.9991
vol01:151:2:3	vol01:151:2:4	rekey	附	0.9996
vol01:151:2:5	vol01:151:2:6	rekey	者	0.9994
vol01:151:2:6	vol01:151:2:7	rekey	囂	0.9994
vol01:151:2:7	vol01:151:2:8	rekey	然	0.9996
vol01:151:2:8	vol01:151:2:9	rekey	助	0.9995
vol01:151:3:9	vol01:151:3:10	rekey	旨	0.9998
vol01:151:3:10	vol01:151:3:11	rekey	亦	0.9997
vol01:151:3:11	vol01:151:3:12	rekey	失	0.9993
vol01:151:3:12	vol01:151:3:13	rekey	其	0.9995
vol01:151:3:13	vol01:151:3:14	rekey	傳	0.9996
vol01:151:3:14	vol01:151:3:15	rekey	而	0.9995
vol01:151:3:16	vol01:151:3:17	rekey	隙	0.9994
vol01:151:3:17	vol01:151:3:18	rekey	相	0.9995
vol01:151:3:18	vol01:151:3:19	rekey	尋	0.9997
vol01:151:3:19	vol01:151:3:20	rekey	操	0.9996
vol01:151:3:20	vol01:151:3:21	rekey	戈	0.9997
vol01:151:3:4	vol01:151:3:5	rekey	其	0.9992
vol01:151:3:5	vol01:151:3:6	rekey	本	0.9996
vol01:151:3:6	vol01:151:3:7	rekey	師	0.9996
vol01:151:3:7	vol01:151:3:8	rekey	之	0.9996
vol01:151:3:8	vol01:151:3:9	rekey	宗	0.9992
vol01:151:4:9	vol01:151:4:10	rekey	實	0.9994
vol01:151:4:10	vol01:151:4:11	rekey	則	0.9996
vol01:151:4:11	vol01:151:4:12	rekey	爭	0.9995
vol01:151:4:12	vol01:151:4:13	rekey	勝	0.9996
vol01:151:4:13	vol01:151:4:14	rekey	負	0.9996
vol01:151:4:14	vol01:151:4:15	rekey	也	0.9996
vol01:151:4:15	vol01:151:4:16	rekey	人	0.9996
vol01:151:4:16	vol01:151:4:17	rekey	心	0.9996
vol01:151:4:17	vol01:151:4:18	rekey	世	0.9995
vol01:151:4:18	vol01:151:4:19	rekey	道	0.9994
vol01:151:4:2	vol01:151:4:3	rekey	不	0.9995
vol01:151:4:4	vol01:151:4:5	rekey	名	0.9994
vol01:151:4:5	vol01:151:4:6	rekey	爲	0.9994
vol01:151:4:6	vol01:151:4:7	rekey	爭	0.9996
vol01:151:4:7	vol01:151:4:8	rekey	是	0.9994
vol01:151:5:2	vol01:151:5:3	rekey	莫	0.9995
vol01:151:5:3	vol01:151:5:4	rekey	甚	0.9994
vol01:151:5:4	vol01:151:5:5	rekey	於	0.9994
vol01:151:5:5	vol01:151:5:6	rekey	斯	0.9996
vol01:151:5:6	vol01:151:5:7	rekey	伏	0.9994
vol01:151:5:7	vol01:151:5:8	rekey	讀	0.9995
vol01:151:6:0	vol01:151:6:1	rekey	御	0.9994
vol01:151:6:9	vol01:151:6:10	rekey	遺	0.9995
vol01:151:6:10	vol01:151:6:11	rekey	憾	0.9997
vol01:151:6:11	vol01:151:6:12	rekey	於	0.9996
vol01:151:6:12	vol01:151:6:13	rekey	洛	0.9996
vol01:151:6:13	vol01:151:6:14	rekey	黨	0.9994
vol01:151:6:14	vol01:151:6:15	rekey	又	0.9995
vol01:151:6:1	vol01:151:6:2	rekey	題	0.9996
vol01:151:6:3	vol01:151:6:4	rekey	弁	0.9994
vol01:151:6:4	vol01:151:6:5	rekey	曲	0.9992
vol01:151:6:5	vol01:151:6:6	rekey	洧	0.9996
vol01:151:6:6	vol01:151:6:7	rekey	舊	0.9993
vol01:151:6:7	vol01:151:6:8	rekey	聞	0.9996
vol01:151:6:8	vol01:151:6:9	rekey	致	0.9996
vol01:151:7:0	vol01:151:7:1	rekey	御	0.9992
vol01:151:7:9	vol01:151:7:10	rekey	示	0.9996
vol01:151:7:10	vol01:151:7:11	rekey	炯	0.9996
vol01:151:7:11	vol01:151:7:12	rekey	戒	0.9995
vol01:151:7:12	vol01:151:7:13	rekey	於	0.9994
vol01:151:7:13	vol01:151:7:14	rekey	東	0.9997
vol01:151:7:14	vol01:151:7:15	rekey	林	0.9995
vol01:151:7:15	vol01:151:7:16	rekey	誠	0.9992
vol01:151:7:16	vol01:151:7:17	rekey	洞	0.9977
vol01:151:7:17	vol01:151:7:18	rekey	鑒	0.9979
vol01:151:7:18	vol01:151:7:19	rekey	情	0.9992
vol01:151:7:1	vol01:151:7:2	rekey	題	0.9995
vol01:151:7:19	vol01:151:7:20	rekey	僞	0.9997
vol01:151:7:20	vol01:151:7:21	rekey	之	0.9997
vol01:151:7:2	vol01:151:7:3	rekey	顧	0.9996
vol01:151:7:3	vol01:151:7:4	rekey	憲	0.9993
vol01:151:7:4	vol01:151:7:5	rekey	成	0.9996
vol01:151:7:5	vol01:151:7:6	rekey	涇	0.9994
vol01:151:7:6	vol01:151:7:7	rekey	皋	0.9998
vol01:151:7:7	vol01:151:7:8	rekey	藏	0.9995
vol01:151:7:8	vol01:151:7:9	rekey	稿	0.9995
vol01:151:8:2	vol01:151:8:3	rekey	至	0.9993
vol01:151:8:4	vol01:151:8:5	rekey	也	0.9994
vol01:151:8:5	vol01:151:8:6	rekey	我	0.9994
vol01:151:9:9	vol01:151:9:10	rekey	黜	0.9993
vol01:151:9:10	vol01:151:9:11	rekey	僞	0.9996
vol01:151:9:11	vol01:151:9:12	rekey	翔	0.9996
vol01:151:9:12	vol01:151:9:13	rekey	陽	0.999
vol01:151:9:13	vol01:151:9:14	rekey	赫	0.9959
vol01:151:9:14	vol01:151:9:15	rekey	燿	0.9994
vol01:151:9:15	vol01:151:9:16	rekey	陰	0.9995
vol01:151:9:16	vol01:151:9:17	rekey	翳	0.9995
vol01:151:9:17	vol01:151:9:18	rekey	潛	0.9994
vol01:151:9:18	vol01:151:9:19	rekey	消	0.9996
vol01:151:9:1	vol01:151:9:2	rekey	國	0.9993
vol01:151:9:2	vol01:151:9:3	rekey	家	0.9995
vol01:151:9:3	vol01:151:9:4	rekey	文	0.9995
vol01:151:9:4	vol01:151:9:5	rekey	教	0.9994
vol01:151:9:6	vol01:151:9:7	rekey	明	0.9993
vol01:151:9:7	vol01:151:9:8	rekey	崇	0.9995
vol01:151:9:8	vol01:151:9:9	rekey	眞	0.9996
vol01:152:1:9	vol01:152:1:10	rekey	防	0.9996
vol01:152:1:10	vol01:152:1:11	rekey	微	0.9997
vol01:152:1:11	vol01:152:1:12	rekey	杜	0.9995
vol01:152:1:12	vol01:152:1:13	rekey	漸	0.9997
vol01:152:1:13	vol01:152:1:14	rekey	不	0.9997
vol01:152:1:14	vol01:152:1:15	rekey	能	0.9996
vol01:152:1:15	vol01:152:1:16	rekey	不	0.9996
vol01:152:1:16	vol01:152:1:17	rekey	慮	0.9991
vol01:152:1:17	vol01:152:1:18	rekey	遠	0.9974
vol01:152:1:18	vol01:152:1:19	rekey	思	0.9995
vol01:152:1:19	vol01:152:1:20	rekey	深	0.9996
vol01:152:1:20	vol01:152:1:21	rekey	故	0.9993
vol01:152:1:2	vol01:152:1:3	rekey	滌	0.9996
vol01:152:1:3	vol01:152:1:4	rekey	前	0.9995
vol01:152:1:4	vol01:152:1:5	rekey	朝	0.9997
vol01:152:1:5	vol01:152:1:6	rekey	之	0.9996
vol01:152:1:7	vol01:152:1:8	rekey	俗	0.9995
vol01:152:1:8	vol01:152:1:9	rekey	然	0.9995
vol01:152:2:9	vol01:152:2:10	rekey	至	0.9996
vol01:152:2:10	vol01:152:2:11	rekey	公	0.9996
vol01:152:2:12	vol01:152:2:13	rekey	除	0.9995
vol01:152:2:15	vol01:152:2:16	rekey	以	0.9996
vol01:152:2:16	vol01:152:2:17	rekey	預	0.9995
vol01:152:2:17	vol01:152:2:18	rekey	消	0.9995
vol01:152:2:18	vol01:152:2:19	rekey	芽	0.9994
vol01:152:2:19	vol01:152:2:20	rekey	蘗	0.9992
vol01:152:2:2	vol01:152:2:3	rekey	甄	0.9996
vol01:152:2:3	vol01:152:2:4	rekey	別	0.9995
vol01:152:2:4	vol01:152:2:5	rekey	遺	0.9995
vol01:152:2:5	vol01:152:2:6	rekey	編	0.9995
vol01:152:2:6	vol01:152:2:7	rekey	皆	0.9995
vol01:152:2:7	vol01:152:2:8	rekey	一	0.9999
vol01:152:2:8	vol01:152:2:9	rekey	準	0.9996
vol01:152:3:9	vol01:152:3:10	rekey	聲	0.9991
vol01:152:3:10	vol01:152:3:11	rekey	名	0.9997
vol01:152:3:11	vol01:152:3:12	rekey	地	0.9996
vol01:152:3:12	vol01:152:3:13	rekey	志	0.9995
vol01:152:3:13	vol01:152:3:14	rekey	之	0.9996
vol01:152:3:14	vol01:152:3:15	rekey	矜	0.9996
vol01:152:3:15	vol01:152:3:16	rekey	誇	0.9996
vol01:152:3:16	vol01:152:3:17	rekey	人	0.9997
vol01:152:3:17	vol01:152:3:18	rekey	物	0.9996
vol01:152:3:18	vol01:152:3:19	rekey	浮	0.9996
vol01:152:3:19	vol01:152:3:20	rekey	辭	0.9994
vol01:152:3:20	vol01:152:3:21	rekey	塗	0.9961
vol01:152:3:2	vol01:152:3:3	rekey	萌	0.9995
vol01:152:3:4	vol01:152:3:5	rekey	詩	0.9996
vol01:152:3:5	vol01:152:3:6	rekey	社	0.9994
vol01:152:3:6	vol01:152:3:7	rekey	之	0.9996
vol01:152:3:7	vol01:152:3:8	rekey	標	0.999
vol01:152:3:8	vol01:152:3:9	rekey	榜	0.9958
vol01:152:4:9	vol01:152:4:10	rekey	詳	0.9995
vol01:152:4:10	vol01:152:4:11	rekey	爲	0.9997
vol01:152:4:11	vol01:152:4:12	rekey	考	0.9997
vol01:152:4:12	vol01:152:4:13	rekey	訂	0.9997
vol01:152:4:13	vol01:152:4:14	rekey	務	0.9997
vol01:152:4:14	vol01:152:4:15	rekey	核	0.9994
vol01:152:4:15	vol01:152:4:16	rekey	其	0.9993
vol01:152:4:16	vol01:152:4:17	rekey	眞	0.9995
vol01:152:4:17	vol01:152:4:18	rekey	庶	0.9996
vol01:152:4:18	vol01:152:4:19	rekey	幾	0.9995
vol01:152:4:19	vol01:152:4:20	rekey	公	0.9997
vol01:152:4:2	vol01:152:4:3	rekey	飾	0.9995
vol01:152:4:3	vol01:152:4:4	rekey	不	0.9996
vol01:152:4:4	vol01:152:4:5	rekey	盡	0.9996
vol01:152:4:5	vol01:152:4:6	rekey	可	0.9995
vol01:152:4:7	vol01:152:4:8	rekey	亦	0.9995
vol01:152:5:9	vol01:152:5:10	rekey	所	0.9995
vol01:152:5:10	vol01:152:5:11	rekey	勸	0.9996
vol01:152:5:11	vol01:152:5:12	rekey	戒	0.9996
vol01:152:5:2	vol01:152:5:3	rekey	大	0.9994
vol01:152:5:3	vol01:152:5:4	rekey	彰	0.999
vol01:152:5:4	vol01:152:5:5	rekey	俾	0.9993
vol01:152:5:5	vol01:152:5:6	rekey	尚	0.9996
vol01:152:5:6	vol01:152:5:7	rekey	論	0.9996
vol01:152:5:7	vol01:152:5:8	rekey	者	0.9996
vol01:152:5:8	vol01:152:5:9	rekey	知	0.9998
vol01:152:6:9	vol01:152:6:10	rekey	門	0.9996
vol01:152:6:10	vol01:152:6:11	rekey	既	0.9998
vol01:152:6:12	vol01:152:6:13	rekey	分	0.9996
vol01:152:6:13	vol01:152:6:14	rekey	科	0.9995
vol01:152:6:14	vol01:152:6:15	rekey	兩	0.9997
vol01:152:6:15	vol01:152:6:16	rekey	擅	0.9992
vol01:152:6:16	vol01:152:6:17	rekey	厥	0.9994
vol01:152:6:17	vol01:152:6:18	rekey	長	0.9993
vol01:152:6:18	vol01:152:6:19	rekey	代	0.9995
vol01:152:6:19	vol01:152:6:20	rekey	不	0.9998
vol01:152:6:3	vol01:152:6:4	rekey	文	0.9995
vol01:152:6:4	vol01:152:6:5	rekey	章	0.9997
vol01:152:6:5	vol01:152:6:6	rekey	德	0.9995
vol01:152:6:6	vol01:152:6:7	rekey	行	0.9997
vol01:152:6:7	vol01:152:6:8	rekey	自	0.9997
vol01:152:6:8	vol01:152:6:9	rekey	孔	0.9996
vol01:152:7:10	vol01:152:7:11	rekey	楊	0.9994
vol01:152:7:12	vol01:152:7:13	rekey	盛	0.9996
vol01:152:7:13	vol01:152:7:14	rekey	之	0.9997
vol01:152:7:14	vol01:152:7:15	rekey	文	0.9995
vol01:152:7:15	vol01:152:7:16	rekey	集	0.9996
vol01:152:7:16	vol01:152:7:17	rekey	周	0.9997
vol01:152:7:17	vol01:152:7:18	rekey	宗	0.9996
vol01:152:7:18	vol01:152:7:19	rekey	建	0.9995
vol01:152:7:19	vol01:152:7:20	rekey	黃	0.9994
vol01:152:7:3	vol01:152:7:4	rekey	今	0.9994
vol01:152:7:4	vol01:152:7:5	rekey	所	0.9995
vol01:152:7:5	vol01:152:7:6	rekey	錄	0.9995
vol01:152:7:6	vol01:152:7:7	rekey	者	0.9997
vol01:152:7:7	vol01:152:7:8	rekey	如	0.9995
vol01:152:8:9	vol01:152:8:10	rekey	而	0.9995
vol01:152:8:10	vol01:152:8:11	rekey	不	0.9997
vol01:152:8:11	vol01:152:8:12	rekey	論	0.9992
vol01:152:8:12	vol01:152:8:13	rekey	其	0.9997
vol01:152:8:13	vol01:152:8:14	rekey	書	0.9996
vol01:152:8:14	vol01:152:8:15	rekey	耿	0.9996
vol01:152:8:15	vol01:152:8:16	rekey	南	0.9995
vol01:152:8:16	vol01:152:8:17	rekey	仲	0.9996
vol01:152:8:17	vol01:152:8:18	rekey	之	0.9995
vol01:152:8:18	vol01:152:8:19	rekey	說	0.9989
vol01:152:8:19	vol01:152:8:20	rekey	易	0.9991
vol01:152:8:20	vol01:152:8:21	rekey	吳	0.9995
vol01:152:8:2	vol01:152:8:3	rekey	周	0.9996
vol01:152:8:3	vol01:152:8:4	rekey	之	0.9996
vol01:152:8:4	vol01:152:8:5	rekey	經	0.9992
vol01:152:8:5	vol01:152:8:6	rekey	解	0.9995
vol01:152:8:6	vol01:152:8:7	rekey	則	0.9995
vol01:152:8:8	vol01:152:8:9	rekey	人	0.9996
vol01:152:9:10	vol01:152:9:11	rekey	不	0.9997
vol01:152:9:11	vol01:152:9:12	rekey	論	0.9994
vol01:152:9:12	vol01:152:9:13	rekey	其	0.9993
vol01:152:9:13	vol01:152:9:14	rekey	人	0.9998
vol01:152:9:14	vol01:152:9:15	rekey	凡	0.9995
vol01:152:9:15	vol01:152:9:16	rekey	兹	0.9993
vol01:152:9:16	vol01:152:9:17	rekey	之	0.9994
vol01:152:9:17	vol01:152:9:18	rekey	類	0.9992
vol01:152:9:18	vol01:152:9:19	rekey	畧	0.9991
vol01:152:9:3	vol01:152:9:4	rekey	之	0.9995
vol01:152:9:4	vol01:152:9:5	rekey	評	0.9996
vol01:152:9:5	vol01:152:9:6	rekey	詩	0.9997
vol01:152:9:6	vol01:152:9:7	rekey	則	0.9996
vol01:152:9:7	vol01:152:9:8	rekey	論	0.9996
vol01:152:9:8	vol01:152:9:9	rekey	書	0.9994
vol01:153:1:9	vol01:153:1:10	rekey	一	0.9999
vol01:153:1:10	vol01:153:1:11	rekey	則	0.9996
vol01:153:1:11	vol01:153:1:12	rekey	節	0.9997
vol01:153:1:12	vol01:153:1:13	rekey	取	0.9994
vol01:153:1:13	vol01:153:1:14	rekey	之	0.9997
vol01:153:1:14	vol01:153:1:15	rekey	義	0.9992
vol01:153:1:15	vol01:153:1:16	rekey	也	0.9996
vol01:153:1:16	vol01:153:1:17	rekey	至	0.9997
vol01:153:1:17	vol01:153:1:18	rekey	於	0.9993
vol01:153:1:18	vol01:153:1:19	rekey	姚	0.9995
vol01:153:1:19	vol01:153:1:20	rekey	廣	0.9997
vol01:153:1:2	vol01:153:1:3	rekey	通	0.9995
vol01:153:1:3	vol01:153:1:4	rekey	一	1.0
vol01:153:1:4	vol01:153:1:5	rekey	則	0.9997
vol01:153:1:5	vol01:153:1:6	rekey	表	0.9996
vol01:153:1:6	vol01:153:1:7	rekey	章	0.9993
vol01:153:1:7	vol01:153:1:8	rekey	之	0.9995
vol01:153:1:8	vol01:153:1:9	rekey	公	0.9996
vol01:153:2:9	vol01:153:2:10	rekey	之	0.9998
vol01:153:2:10	vol01:153:2:11	rekey	鈐	0.9997
vol01:153:2:11	vol01:153:2:12	rekey	山	0.9998
vol01:153:2:12	vol01:153:2:13	rekey	堂	0.9995
vol01:153:2:13	vol01:153:2:14	rekey	詩	0.9995
vol01:153:2:14	vol01:153:2:15	rekey	雖	0.9995
vol01:153:2:15	vol01:153:2:16	rekey	詞	0.9995
vol01:153:2:16	vol01:153:2:17	rekey	華	0.9996
vol01:153:2:17	vol01:153:2:18	rekey	之	0.9998
vol01:153:2:18	vol01:153:2:19	rekey	美	0.9996
vol01:153:2:19	vol01:153:2:20	rekey	足	0.9996
vol01:153:2:20	vol01:153:2:21	rekey	以	0.9998
vol01:153:2:2	vol01:153:2:3	rekey	之	0.9997
vol01:153:2:3	vol01:153:2:4	rekey	逃	0.9996
vol01:153:2:4	vol01:153:2:5	rekey	虛	0.9997
vol01:153:2:5	vol01:153:2:6	rekey	子	0.9998
vol01:153:2:6	vol01:153:2:7	rekey	集	0.9997
vol01:153:2:7	vol01:153:2:8	rekey	嚴	0.9997
vol01:153:2:8	vol01:153:2:9	rekey	嵩	0.9996
vol01:153:3:9	vol01:153:3:10	rekey	則	0.9997
vol01:153:3:10	vol01:153:3:11	rekey	助	0.9996
vol01:153:3:11	vol01:153:3:12	rekey	逆	0.9994
vol01:153:3:12	vol01:153:3:13	rekey	興	0.9994
vol01:153:3:13	vol01:153:3:14	rekey	兵	0.9995
vol01:153:3:14	vol01:153:3:15	rekey	嵩	0.9995
vol01:153:3:15	vol01:153:3:16	rekey	則	0.9996
vol01:153:3:16	vol01:153:3:17	rekey	怙	0.9995
vol01:153:3:17	vol01:153:3:18	rekey	權	0.9995
vol01:153:3:18	vol01:153:3:19	rekey	蠧	0.9994
vol01:153:3:19	vol01:153:3:20	rekey	國	0.9996
vol01:153:3:20	vol01:153:3:21	rekey	繩	0.9995
vol01:153:3:2	vol01:153:3:3	rekey	方	0.9998
vol01:153:3:3	vol01:153:3:4	rekey	軌	0.9996
vol01:153:3:4	vol01:153:3:5	rekey	文	0.9996
vol01:153:3:5	vol01:153:3:6	rekey	壇	0.9994
vol01:153:3:6	vol01:153:3:7	rekey	而	0.9996
vol01:153:3:7	vol01:153:3:8	rekey	廣	0.9996
vol01:153:3:8	vol01:153:3:9	rekey	孝	0.9997
vol01:153:4:9	vol01:153:4:10	rekey	凡	0.9996
vol01:153:4:10	vol01:153:4:11	rekey	兹	0.9996
vol01:153:4:11	vol01:153:4:12	rekey	之	0.9996
vol01:153:4:12	vol01:153:4:13	rekey	流	0.9996
vol01:153:4:13	vol01:153:4:14	rekey	並	0.9996
vol01:153:4:14	vol01:153:4:15	rekey	著	0.9995
vol01:153:4:15	vol01:153:4:16	rekey	其	0.9994
vol01:153:4:16	vol01:153:4:17	rekey	見	0.9996
vol01:153:4:17	vol01:153:4:18	rekey	斥	0.9996
vol01:153:4:18	vol01:153:4:19	rekey	之	0.9997
vol01:153:4:19	vol01:153:4:20	rekey	由	0.9997
vol01:153:4:20	vol01:153:4:21	rekey	附	0.9996
vol01:153:4:2	vol01:153:4:3	rekey	以	0.9998
vol01:153:4:3	vol01:153:4:4	rekey	名	0.9996
vol01:153:4:4	vol01:153:4:5	rekey	義	0.9994
vol01:153:4:5	vol01:153:4:6	rekey	非	0.9996
vol01:153:4:6	vol01:153:4:7	rekey	止	0.9998
vol01:153:4:7	vol01:153:4:8	rekey	微	0.9995
vol01:153:4:8	vol01:153:4:9	rekey	瑕	0.9993
vol01:153:5:2	vol01:153:5:3	rekey	存	0.9995
vol01:153:5:3	vol01:153:5:4	rekey	其	0.9995
vol01:153:5:4	vol01:153:5:5	rekey	目	0.9998
vol01:153:5:5	vol01:153:5:6	rekey	用	0.9998
vol01:153:5:6	vol01:153:5:7	rekey	見	0.9997
vol01:153:6:0	vol01:153:6:1	rekey	聖	0.9997
vol01:153:6:9	vol01:153:6:10	rekey	秋	0.9995
vol01:153:6:10	vol01:153:6:11	rekey	之	0.9997
vol01:153:6:11	vol01:153:6:12	rekey	公	0.9996
vol01:153:6:12	vol01:153:6:13	rekey	論	0.9996
vol01:153:6:13	vol01:153:6:14	rekey	焉	0.9995
vol01:153:6:1	vol01:153:6:2	rekey	朝	0.9996
vol01:153:6:2	vol01:153:6:3	rekey	彰	0.9995
vol01:153:6:3	vol01:153:6:4	rekey	善	0.9996
vol01:153:6:4	vol01:153:6:5	rekey	癉	0.9998
vol01:153:6:5	vol01:153:6:6	rekey	惡	0.9995
vol01:153:6:6	vol01:153:6:7	rekey	悉	0.9997
vol01:153:6:7	vol01:153:6:8	rekey	準	0.9997
vol01:153:6:8	vol01:153:6:9	rekey	千	0.9998
vol01:153:7:9	vol01:153:7:10	rekey	各	0.9997
vol01:153:7:10	vol01:153:7:11	rekey	明	0.9996
vol01:153:7:11	vol01:153:7:12	rekey	一	0.9998
vol01:153:7:12	vol01:153:7:13	rekey	義	0.9994
vol01:153:7:13	vol01:153:7:14	rekey	或	0.9995
vol01:153:7:14	vol01:153:7:15	rekey	相	0.9995
vol01:153:7:15	vol01:153:7:16	rekey	反	0.9995
vol01:153:7:16	vol01:153:7:17	rekey	而	0.9996
vol01:153:7:17	vol01:153:7:18	rekey	適	0.9994
vol01:153:7:18	vol01:153:7:19	rekey	相	0.9996
vol01:153:7:19	vol01:153:7:20	rekey	成	0.9997
vol01:153:7:20	vol01:153:7:21	rekey	或	0.9996
vol01:153:7:3	vol01:153:7:4	rekey	儒	0.9994
vol01:153:7:4	vol01:153:7:5	rekey	者	0.9995
vol01:153:7:5	vol01:153:7:6	rekey	著	0.9995
vol01:153:7:6	vol01:153:7:7	rekey	書	0.9994
vol01:153:7:7	vol01:153:7:8	rekey	往	0.9995
vol01:153:7:8	vol01:153:7:9	rekey	往	0.9995
vol01:153:8:9	vol01:153:8:10	rekey	謂	0.9997
vol01:153:8:10	vol01:153:8:11	rekey	言	0.9997
vol01:153:8:11	vol01:153:8:12	rekey	豈	0.9995
vol01:153:8:12	vol01:153:8:13	rekey	一	1.0
vol01:153:8:13	vol01:153:8:14	rekey	端	0.9996
vol01:153:8:14	vol01:153:8:15	rekey	各	0.9995
vol01:153:8:15	vol01:153:8:16	rekey	有	0.9996
vol01:153:8:16	vol01:153:8:17	rekey	當	0.9996
vol01:153:8:17	vol01:153:8:18	rekey	也	0.9997
vol01:153:8:18	vol01:153:8:19	rekey	考	0.9997
vol01:153:8:19	vol01:153:8:20	rekey	古	0.9997
vol01:153:8:20	vol01:153:8:21	rekey	者	0.9996
vol01:153:8:2	vol01:153:8:3	rekey	相	0.9996
vol01:153:8:3	vol01:153:8:4	rekey	攻	0.9996
vol01:153:8:4	vol01:153:8:5	rekey	而	0.9995
vol01:153:8:5	vol01:153:8:6	rekey	實	0.9995
vol01:153:8:6	vol01:153:8:7	rekey	相	0.9997
vol01:153:8:7	vol01:153:8:8	rekey	救	0.9997
vol01:153:8:8	vol01:153:8:9	rekey	所	0.9996
vol01:153:9:9	vol01:153:9:10	rekey	而	0.9996
vol01:153:9:11	vol01:153:9:12	rekey	雜	0.9989
vol01:153:9:12	vol01:153:9:13	rekey	有	0.9993
vol01:153:9:13	vol01:153:9:14	rekey	所	0.9993
vol01:153:9:14	vol01:153:9:15	rekey	專	0.9996
vol01:153:9:15	vol01:153:9:16	rekey	主	0.9995
vol01:153:9:16	vol01:153:9:17	rekey	又	0.9996
vol01:153:9:17	vol01:153:9:18	rekey	膠	0.9992
vol01:153:9:18	vol01:153:9:19	rekey	執	0.9977
vol01:153:9:19	vol01:153:9:20	rekey	而	0.9996
vol01:153:9:2	vol01:153:9:3	rekey	無	0.999
vol01:153:9:3	vol01:153:9:4	rekey	所	0.9965
vol01:153:9:4	vol01:153:9:5	rekey	别	0.9991
vol01:153:9:5	vol01:153:9:6	rekey	裁	0.9991
vol01:153:9:6	vol01:153:9:7	rekey	則	0.9993
vol01:153:9:7	vol01:153:9:8	rekey	多	0.9994
vol01:153:9:8	vol01:153:9:9	rekey	岐	0.9994
vol01:154:1:9	vol01:154:1:10	rekey	協	0.9995
vol01:154:1:10	vol01:154:1:11	rekey	中	0.9998
vol01:154:1:11	vol01:154:1:12	rekey	今	0.9996
vol01:154:1:12	vol01:154:1:13	rekey	所	0.9995
vol01:154:1:13	vol01:154:1:14	rekey	採	0.9995
vol01:154:1:14	vol01:154:1:15	rekey	錄	0.9995
vol01:154:1:15	vol01:154:1:16	rekey	惟	0.9998
vol01:154:1:16	vol01:154:1:17	rekey	離	0.9996
vol01:154:1:17	vol01:154:1:18	rekey	經	0.9997
vol01:154:1:20	vol01:154:1:21	rekey	顛	0.9995
vol01:154:1:3	vol01:154:1:4	rekey	左	0.9996
vol01:154:1:4	vol01:154:1:5	rekey	右	0.9997
vol01:154:1:5	vol01:154:1:6	rekey	佩	0.9994
vol01:154:1:6	vol01:154:1:7	rekey	劍	0.9995
vol01:154:1:7	vol01:154:1:8	rekey	均	0.9996
vol01:154:1:8	vol01:154:1:9	rekey	未	0.9996
vol01:154:2:9	vol01:154:2:10	rekey	嚴	0.9995
vol01:154:2:10	vol01:154:2:11	rekey	懷	0.9998
vol01:154:2:11	vol01:154:2:12	rekey	詐	0.9996
vol01:154:2:12	vol01:154:2:13	rekey	挾	0.9997
vol01:154:2:13	vol01:154:2:14	rekey	私	0.9995
vol01:154:2:14	vol01:154:2:15	rekey	熒	0.9996
vol01:154:2:15	vol01:154:2:16	rekey	惑	0.9993
vol01:154:2:16	vol01:154:2:17	rekey	視	0.9994
vol01:154:2:17	vol01:154:2:18	rekey	聽	0.9995
vol01:154:2:18	vol01:154:2:19	rekey	者	0.9996
vol01:154:2:20	vol01:154:2:21	rekey	斥	0.9996
vol01:154:2:3	vol01:154:2:4	rekey	是	0.9997
vol01:154:2:4	vol01:154:2:5	rekey	非	0.9996
vol01:154:2:5	vol01:154:2:6	rekey	者	0.9994
vol01:154:2:6	vol01:154:2:7	rekey	掊	0.9995
vol01:154:2:7	vol01:154:2:8	rekey	擊	0.9996
vol01:154:2:8	vol01:154:2:9	rekey	必	0.9996
vol01:154:3:9	vol01:154:3:10	rekey	術	0.9996
vol01:154:3:10	vol01:154:3:11	rekey	各	0.9996
vol01:154:3:11	vol01:154:3:12	rekey	擷	0.9995
vol01:154:3:12	vol01:154:3:13	rekey	所	0.9994
vol01:154:3:13	vol01:154:3:14	rekey	長	0.9995
vol01:154:3:14	vol01:154:3:15	rekey	品	0.9996
vol01:154:3:15	vol01:154:3:16	rekey	騭	0.9996
vol01:154:3:16	vol01:154:3:17	rekey	文	0.9997
vol01:154:3:17	vol01:154:3:18	rekey	章	0.9994
vol01:154:3:18	vol01:154:3:19	rekey	不	0.9997
vol01:154:3:19	vol01:154:3:20	rekey	名	0.9997
vol01:154:3:2	vol01:154:3:3	rekey	必	0.9997
vol01:154:3:4	vol01:154:3:5	rekey	至	0.9995
vol01:154:3:5	vol01:154:3:6	rekey	於	0.9994
vol01:154:3:6	vol01:154:3:7	rekey	闡	0.9996
vol01:154:3:7	vol01:154:3:8	rekey	明	0.9996
vol01:154:3:8	vol01:154:3:9	rekey	學	0.9996
vol01:154:4:9	vol01:154:4:10	rekey	澥	0.9996
vol01:154:4:10	vol01:154:4:11	rekey	之	0.9997
vol01:154:4:11	vol01:154:4:12	rekey	納	0.9993
vol01:154:4:12	vol01:154:4:13	rekey	衆	0.9996
vol01:154:4:13	vol01:154:4:14	rekey	流	0.9996
vol01:154:4:14	vol01:154:4:15	rekey	庶	0.9996
vol01:154:4:15	vol01:154:4:16	rekey	不	0.9996
vol01:154:4:16	vol01:154:4:17	rekey	乖	0.9995
vol01:154:4:17	vol01:154:4:18	rekey	於	0.9995
vol01:154:4:18	vol01:154:4:19	rekey	全	0.9995
vol01:154:4:20	vol01:154:4:21	rekey	之	0.9997
vol01:154:4:2	vol01:154:4:3	rekey	格	0.9996
vol01:154:4:3	vol01:154:4:4	rekey	兼	0.9996
vol01:154:4:5	vol01:154:4:6	rekey	並	0.9995
vol01:154:4:6	vol01:154:4:7	rekey	蓄	0.9996
vol01:154:4:7	vol01:154:4:8	rekey	如	0.9997
vol01:154:4:8	vol01:154:4:9	rekey	渤	0.9997
vol01:154:6:10	vol01:154:6:11	rekey	多	0.9996
vol01:154:6:11	vol01:154:6:12	rekey	依	0.9995
vol01:154:6:12	vol01:154:6:13	rekey	託	0.9996
vol01:154:6:13	vol01:154:6:14	rekey	班	0.9995
vol01:154:6:14	vol01:154:6:15	rekey	固	0.9995
vol01:154:6:15	vol01:154:6:16	rekey	漢	0.9996
vol01:154:6:16	vol01:154:6:17	rekey	書	0.9993
vol01:154:6:17	vol01:154:6:18	rekey	藝	0.9992
vol01:154:6:18	vol01:154:6:19	rekey	文	0.9995
vol01:154:6:19	vol01:154:6:20	rekey	志	0.9996
vol01:154:6:20	vol01:154:6:21	rekey	註	0.9996
vol01:154:6:2	vol01:154:6:3	rekey	一	1.0
vol01:154:6:3	vol01:154:6:4	rekey	七	0.9996
vol01:154:6:4	vol01:154:6:5	rekey	畧	0.9996
vol01:154:6:5	vol01:154:6:6	rekey	所	0.9996
vol01:154:6:6	vol01:154:6:7	rekey	著	0.9996
vol01:154:6:7	vol01:154:6:8	rekey	古	0.9997
vol01:154:6:8	vol01:154:6:9	rekey	書	0.9997
vol01:154:7:9	vol01:154:7:10	rekey	於	0.9995
vol01:154:7:10	vol01:154:7:11	rekey	明	0.9996
vol01:154:7:11	vol01:154:7:12	rekey	季	0.9996
vol01:154:7:13	vol01:154:7:14	rekey	妄	0.9996
vol01:154:7:14	vol01:154:7:15	rekey	彌	0.9996
vol01:154:7:15	vol01:154:7:16	rekey	增	0.9996
vol01:154:7:16	vol01:154:7:17	rekey	魚	0.9996
vol01:154:7:17	vol01:154:7:18	rekey	目	0.9998
vol01:154:7:18	vol01:154:7:19	rekey	混	0.9996
vol01:154:7:20	vol01:154:7:21	rekey	猝	0.9995
vol01:154:7:2	vol01:154:7:3	rekey	可	0.9994
vol01:154:7:4	vol01:154:7:5	rekey	按	0.9994
vol01:154:7:5	vol01:154:7:6	rekey	也	0.9998
vol01:154:7:6	vol01:154:7:7	rekey	遷	0.9996
vol01:154:7:7	vol01:154:7:8	rekey	流	0.9996
vol01:154:7:8	vol01:154:7:9	rekey	洎	0.9995
vol01:154:8:9	vol01:154:8:10	rekey	核	0.9995
vol01:154:8:10	vol01:154:8:11	rekey	並	0.9995
vol01:154:8:11	vol01:154:8:12	rekey	斥	0.9995
vol01:154:8:12	vol01:154:8:13	rekey	而	0.9996
vol01:154:8:13	vol01:154:8:14	rekey	存	0.9997
vol01:154:8:14	vol01:154:8:15	rekey	目	0.9998
vol01:154:8:15	vol01:154:8:16	rekey	兼	0.9996
vol01:154:8:16	vol01:154:8:17	rekey	辨	0.9996
vol01:154:8:17	vol01:154:8:18	rekey	證	0.9996
vol01:154:8:18	vol01:154:8:19	rekey	其	0.9994
vol01:154:8:20	vol01:154:8:21	rekey	其	0.9994
vol01:154:8:2	vol01:154:8:3	rekey	難	0.9995
vol01:154:8:3	vol01:154:8:4	rekey	究	0.9996
vol01:154:8:4	vol01:154:8:5	rekey	詰	0.9994
vol01:154:8:5	vol01:154:8:6	rekey	今	0.9997
vol01:154:8:6	vol01:154:8:7	rekey	一	1.0
vol01:154:8:7	vol01:154:8:8	rekey	一	1.0
vol01:154:8:8	vol01:154:8:9	rekey	詳	0.9995
vol01:154:9:10	vol01:154:9:11	rekey	久	0.9997
vol01:154:9:11	vol01:154:9:12	rekey	或	0.9997
vol01:154:9:12	vol01:154:9:13	rekey	掇	0.9996
vol01:154:9:13	vol01:154:9:14	rekey	拾	0.9995
vol01:154:9:14	vol01:154:9:15	rekey	殘	0.9996
vol01:154:9:15	vol01:154:9:16	rekey	剩	0.9995
vol01:154:9:16	vol01:154:9:17	rekey	眞	0.9995
vol01:154:9:18	vol01:154:9:19	rekey	相	0.9996
vol01:154:9:2	vol01:154:9:3	rekey	有	0.9996
vol01:154:9:3	vol01:154:9:4	rekey	本	0.9996
vol01:154:9:4	vol01:154:9:5	rekey	屬	0.9995
vol01:154:9:5	vol01:154:9:6	rekey	僞	0.9994
vol01:154:9:6	vol01:154:9:7	rekey	書	0.9995
vol01:154:9:7	vol01:154:9:8	rekey	流	0.9996
vol01:154:9:8	vol01:154:9:9	rekey	傳	0.9996
vol01:155:1:9	vol01:155:1:10	rekey	實	0.9997
vol01:155:1:10	vol01:155:1:11	rekey	未	0.9995
vol01:155:1:11	vol01:155:1:12	rekey	可	0.9997
vol01:155:1:13	vol01:155:1:14	rekey	爲	0.9995
vol01:155:1:14	vol01:155:1:15	rekey	捐	0.9996
vol01:155:1:16	vol01:155:1:17	rekey	則	0.9998
vol01:155:1:17	vol01:155:1:18	rekey	姑	0.9995
vol01:155:1:18	vol01:155:1:19	rekey	錄	0.9996
vol01:155:1:19	vol01:155:1:20	rekey	存	0.9997
vol01:155:1:20	vol01:155:1:21	rekey	而	0.9997
vol01:155:1:2	vol01:155:1:3	rekey	代	0.9996
vol01:155:1:4	vol01:155:1:5	rekey	人	0.9998
vol01:155:1:6	vol01:155:1:7	rekey	引	0.9997
vol01:155:1:7	vol01:155:1:8	rekey	爲	0.9996
vol01:155:1:8	vol01:155:1:9	rekey	故	0.9997
vol01:155:2:9	vol01:155:2:10	rekey	原	0.9995
vol01:155:2:10	vol01:155:2:11	rekey	帙	0.9995
vol01:155:2:11	vol01:155:2:12	rekey	者	0.9997
vol01:155:2:12	vol01:155:2:13	rekey	則	0.9997
vol01:155:2:13	vol01:155:2:14	rekey	題	0.9996
vol01:155:2:14	vol01:155:2:15	rekey	曰	0.9998
vol01:155:2:15	vol01:155:2:16	rekey	某	0.9995
vol01:155:2:16	vol01:155:2:17	rekey	代	0.9996
vol01:155:2:17	vol01:155:2:18	rekey	某	0.9997
vol01:155:2:18	vol01:155:2:19	rekey	人	0.9996
vol01:155:2:19	vol01:155:2:20	rekey	撰	0.9994
vol01:155:2:20	vol01:155:2:21	rekey	灼	0.9998
vol01:155:2:2	vol01:155:2:3	rekey	辨	0.9995
vol01:155:2:3	vol01:155:2:4	rekey	别	0.9995
vol01:155:2:4	vol01:155:2:5	rekey	之	0.9997
vol01:155:2:5	vol01:155:2:6	rekey	大	0.9997
vol01:155:2:6	vol01:155:2:7	rekey	抵	0.9995
vol01:155:2:7	vol01:155:2:8	rekey	灼	0.9995
vol01:155:2:8	vol01:155:2:9	rekey	爲	0.9997
vol01:155:3:9	vol01:155:3:10	rekey	舊	0.9996
vol01:155:3:10	vol01:155:3:11	rekey	本	0.9996
vol01:155:3:11	vol01:155:3:12	rekey	題	0.9995
vol01:155:3:12	vol01:155:3:13	rekey	某	0.9997
vol01:155:3:13	vol01:155:3:14	rekey	代	0.9996
vol01:155:3:14	vol01:155:3:15	rekey	某	0.9996
vol01:155:3:15	vol01:155:3:16	rekey	人	0.9997
vol01:155:3:16	vol01:155:3:17	rekey	撰	0.9993
vol01:155:3:17	vol01:155:3:18	rekey	其	0.9997
vol01:155:3:18	vol01:155:3:19	rekey	踵	0.9998
vol01:155:3:19	vol01:155:3:20	rekey	誤	0.9998
vol01:155:3:20	vol01:155:3:21	rekey	傳	0.9995
vol01:155:3:2	vol01:155:3:3	rekey	爲	0.9996
vol01:155:3:4	vol01:155:3:5	rekey	造	0.999
vol01:155:3:5	vol01:155:3:6	rekey	者	0.9997
vol01:155:3:6	vol01:155:3:7	rekey	則	0.9997
vol01:155:3:7	vol01:155:3:8	rekey	題	0.9996
vol01:155:3:8	vol01:155:3:9	rekey	曰	0.9999
vol01:155:4:9	vol01:155:4:10	rekey	傳	0.9998
vol01:155:4:10	vol01:155:4:11	rekey	舊	0.9994
vol01:155:4:11	vol01:155:4:12	rekey	本	0.9997
vol01:155:4:12	vol01:155:4:13	rekey	稱	0.9994
vol01:155:4:13	vol01:155:4:14	rekey	呂	0.9998
vol01:155:4:14	vol01:155:4:15	rekey	祖	0.9994
vol01:155:4:15	vol01:155:4:16	rekey	謙	0.9994
vol01:155:4:16	vol01:155:4:17	rekey	之	0.9996
vol01:155:4:17	vol01:155:4:18	rekey	類	0.9995
vol01:155:4:18	vol01:155:4:19	rekey	其	0.9994
vol01:155:4:19	vol01:155:4:20	rekey	例	0.9996
vol01:155:4:20	vol01:155:4:21	rekey	亦	0.9996
vol01:155:4:2	vol01:155:4:3	rekey	訛	0.9994
vol01:155:4:3	vol01:155:4:4	rekey	如	0.9996
vol01:155:4:4	vol01:155:4:5	rekey	呂	0.9998
vol01:155:4:5	vol01:155:4:6	rekey	本	0.9996
vol01:155:4:6	vol01:155:4:7	rekey	中	0.9997
vol01:155:4:7	vol01:155:4:8	rekey	春	0.9996
vol01:155:4:8	vol01:155:4:9	rekey	秋	0.9994
vol01:155:5:9	vol01:155:5:10	rekey	代	0.9997
vol01:155:5:10	vol01:155:5:11	rekey	著	0.9995
vol01:155:5:11	vol01:155:5:12	rekey	錄	0.9996
vol01:155:5:12	vol01:155:5:13	rekey	而	0.9997
vol01:155:5:13	vol01:155:5:14	rekey	實	0.9994
vol01:155:5:14	vol01:155:5:15	rekey	一	1.0
vol01:155:5:15	vol01:155:5:16	rekey	無	0.9996
vol01:155:5:16	vol01:155:5:17	rekey	可	0.9996
vol01:155:5:17	vol01:155:5:18	rekey	取	0.9997
vol01:155:5:18	vol01:155:5:19	rekey	如	0.9997
vol01:155:5:19	vol01:155:5:20	rekey	燕	0.9997
vol01:155:5:20	vol01:155:5:21	rekey	丹	0.9996
vol01:155:5:2	vol01:155:5:3	rekey	同	0.9997
vol01:155:5:3	vol01:155:5:4	rekey	至	0.9994
vol01:155:5:4	vol01:155:5:5	rekey	於	0.9995
vol01:155:5:5	vol01:155:5:6	rekey	其	0.9996
vol01:155:5:6	vol01:155:5:7	rekey	書	0.9996
vol01:155:5:7	vol01:155:5:8	rekey	雖	0.9995
vol01:155:6:9	vol01:155:6:10	rekey	錄	0.9995
vol01:155:6:10	vol01:155:6:11	rekey	之	0.9997
vol01:155:6:11	vol01:155:6:12	rekey	類	0.9994
vol01:155:6:12	vol01:155:6:13	rekey	經	0.9996
vol01:155:6:2	vol01:155:6:3	rekey	子	0.9997
vol01:155:6:3	vol01:155:6:4	rekey	陶	0.9995
vol01:155:6:4	vol01:155:6:5	rekey	潛	0.9994
vol01:155:6:5	vol01:155:6:6	rekey	聖	0.9996
vol01:155:6:6	vol01:155:6:7	rekey	賢	0.9997
vol01:155:6:7	vol01:155:6:8	rekey	羣	0.9994
vol01:155:6:8	vol01:155:6:9	rekey	輔	0.9994
vol01:155:7:0	vol01:155:7:1	rekey	聖	0.9994
vol01:155:7:9	vol01:155:7:10	rekey	斥	0.9995
vol01:155:7:10	vol01:155:7:11	rekey	而	0.9998
vol01:155:7:11	vol01:155:7:12	rekey	存	0.9995
vol01:155:7:12	vol01:155:7:13	rekey	目	0.9997
vol01:155:7:13	vol01:155:7:14	rekey	不	0.9997
vol01:155:7:14	vol01:155:7:15	rekey	使	0.9996
vol01:155:7:15	vol01:155:7:16	rekey	濫	0.9994
vol01:155:7:16	vol01:155:7:17	rekey	登	0.9995
vol01:155:7:1	vol01:155:7:2	rekey	鑒	0.9994
vol01:155:7:2	vol01:155:7:3	rekey	洞	0.9996
vol01:155:7:4	vol01:155:7:5	rekey	其	0.9994
vol01:155:7:5	vol01:155:7:6	rekey	妄	0.9997
vol01:155:7:6	vol01:155:7:7	rekey	者	0.9995
vol01:155:7:7	vol01:155:7:8	rekey	則	0.9996
vol01:155:7:8	vol01:155:7:9	rekey	亦	0.9995
vol01:155:8:9	vol01:155:8:10	rekey	來	0.9997
vol01:155:8:12	vol01:155:8:13	rekey	著	0.9996
vol01:155:8:13	vol01:155:8:14	rekey	錄	0.9996
vol01:155:8:14	vol01:155:8:15	rekey	然	0.9996
vol01:155:8:15	vol01:155:8:16	rekey	方	0.9994
vol01:155:8:16	vol01:155:8:17	rekey	技	0.9994
vol01:155:8:17	vol01:155:8:18	rekey	家	0.9994
vol01:155:8:18	vol01:155:8:19	rekey	遞	0.9995
vol01:155:8:19	vol01:155:8:20	rekey	相	0.9997
vol01:155:8:20	vol01:155:8:21	rekey	增	0.9997
vol01:155:8:3	vol01:155:8:4	rekey	九	0.9996
vol01:155:8:4	vol01:155:8:5	rekey	流	0.9995
vol01:155:8:5	vol01:155:8:6	rekey	自	0.9998
vol01:155:8:6	vol01:155:8:7	rekey	七	0.9998
vol01:155:8:7	vol01:155:8:8	rekey	畧	0.9996
vol01:155:8:8	vol01:155:8:9	rekey	以	0.9998
vol01:155:9:9	vol01:155:9:10	rekey	僞	0.9997
vol01:155:9:10	vol01:155:9:11	rekey	妄	0.9997
vol01:155:9:11	vol01:155:9:12	rekey	荒	0.9995
vol01:155:9:12	vol01:155:9:13	rekey	唐	0.9998
vol01:155:9:13	vol01:155:9:14	rekey	不	0.9998
vol01:155:9:14	vol01:155:9:15	rekey	可	0.9998
vol01:155:9:15	vol01:155:9:16	rekey	究	0.9997
vol01:155:9:16	vol01:155:9:17	rekey	詰	0.9996
vol01:155:9:17	vol01:155:9:18	rekey	抑	0.9997
vol01:155:9:18	vol01:155:9:19	rekey	或	0.9996
vol01:155:9:19	vol01:155:9:20	rekey	卑	0.9997
vol01:155:9:20	vol01:155:9:21	rekey	瑣	0.9995
vol01:155:9:2	vol01:155:9:3	rekey	益	0.9995
vol01:155:9:3	vol01:155:9:4	rekey	篇	0.9997
vol01:155:9:4	vol01:155:9:5	rekey	帙	0.9996
vol01:155:9:6	vol01:155:9:7	rekey	繁	0.9997
vol01:155:9:7	vol01:155:9:8	rekey	往	0.9997
vol01:155:9:8	vol01:155:9:9	rekey	往	0.9996
vol01:156:1:9	vol01:156:1:10	rekey	但	0.9998
vol01:156:1:10	vol01:156:1:11	rekey	就	0.9997
vol01:156:1:11	vol01:156:1:12	rekey	四	0.9998
vol01:156:1:12	vol01:156:1:13	rekey	庫	0.9996
vol01:156:1:13	vol01:156:1:14	rekey	所	0.9997
vol01:156:1:14	vol01:156:1:15	rekey	儲	0.9997
vol01:156:1:15	vol01:156:1:16	rekey	擇	0.9998
vol01:156:1:16	vol01:156:1:17	rekey	其	0.9995
vol01:156:1:18	vol01:156:1:19	rekey	古	0.9997
vol01:156:1:19	vol01:156:1:20	rekey	而	0.9997
vol01:156:1:20	vol01:156:1:21	rekey	近	0.9994
vol01:156:1:2	vol01:156:1:3	rekey	微	0.9993
vol01:156:1:4	vol01:156:1:5	rekey	不	0.9996
vol01:156:1:5	vol01:156:1:6	rekey	足	0.9995
vol01:156:1:6	vol01:156:1:7	rekey	編	0.9997
vol01:156:1:7	vol01:156:1:8	rekey	摩	0.9994
vol01:156:1:8	vol01:156:1:9	rekey	今	0.9996
vol01:156:2:9	vol01:156:2:10	rekey	見	0.9995
vol01:156:2:10	vol01:156:2:11	rekey	彼	0.9996
vol01:156:2:11	vol01:156:2:12	rekey	法	0.9996
vol01:156:2:12	vol01:156:2:13	rekey	之	0.9996
vol01:156:2:13	vol01:156:2:14	rekey	梗	0.9969
vol01:156:2:14	vol01:156:2:15	rekey	槩	0.9996
vol01:156:2:15	vol01:156:2:16	rekey	其	0.9996
vol01:156:2:16	vol01:156:2:17	rekey	所	0.9996
vol01:156:2:17	vol01:156:2:18	rekey	未	0.9997
vol01:156:2:18	vol01:156:2:19	rekey	備	0.9997
vol01:156:2:19	vol01:156:2:20	rekey	不	0.9998
vol01:156:2:20	vol01:156:2:21	rekey	復	0.9968
vol01:156:2:2	vol01:156:2:3	rekey	理	0.9995
vol01:156:2:3	vol01:156:2:4	rekey	者	0.9997
vol01:156:2:4	vol01:156:2:5	rekey	各	0.9998
vol01:156:2:5	vol01:156:2:6	rekey	存	0.9995
vol01:156:2:6	vol01:156:2:7	rekey	數	0.9995
vol01:156:2:7	vol01:156:2:8	rekey	種	0.9996
vol01:156:2:8	vol01:156:2:9	rekey	以	0.9996
vol01:156:3:2	vol01:156:3:3	rekey	搜	0.9996
vol01:156:3:3	vol01:156:3:4	rekey	求	0.9994
vol01:156:4:0	vol01:156:4:1	rekey	聖	0.9995
vol01:156:4:9	vol01:156:4:10	rekey	學	0.9998
vol01:156:4:10	vol01:156:4:11	rekey	明	0.9997
vol01:156:4:11	vol01:156:4:12	rekey	王	0.9998
vol01:156:4:12	vol01:156:4:13	rekey	道	0.9996
vol01:156:4:13	vol01:156:4:14	rekey	者	0.9997
vol01:156:4:14	vol01:156:4:15	rekey	爲	0.9997
vol01:156:4:15	vol01:156:4:16	rekey	主	0.9998
vol01:156:4:16	vol01:156:4:17	rekey	不	0.9997
vol01:156:4:17	vol01:156:4:18	rekey	以	0.9997
vol01:156:4:18	vol01:156:4:19	rekey	百	0.9996
vol01:156:4:1	vol01:156:4:2	rekey	朝	0.9995
vol01:156:4:19	vol01:156:4:20	rekey	氏	0.9997
vol01:156:4:20	vol01:156:4:21	rekey	雜	0.9996
vol01:156:4:2	vol01:156:4:3	rekey	編	0.9996
vol01:156:4:3	vol01:156:4:4	rekey	錄	0.9996
vol01:156:4:4	vol01:156:4:5	rekey	遺	0.9996
vol01:156:4:5	vol01:156:4:6	rekey	文	0.9997
vol01:156:4:6	vol01:156:4:7	rekey	以	0.9998
vol01:156:4:7	vol01:156:4:8	rekey	闡	0.9996
vol01:156:4:8	vol01:156:4:9	rekey	聖	0.9995
vol01:156:5:2	vol01:156:5:3	rekey	學	0.9997
vol01:156:5:3	vol01:156:5:4	rekey	爲	0.9996
vol01:156:5:4	vol01:156:5:5	rekey	重	0.9997
vol01:156:5:5	vol01:156:5:6	rekey	也	0.9999
vol01:156:6:9	vol01:156:6:10	rekey	異	0.9996
vol01:156:6:10	vol01:156:6:11	rekey	同	0.9997
vol01:156:6:11	vol01:156:6:12	rekey	别	0.9997
vol01:156:6:12	vol01:156:6:13	rekey	白	0.9997
vol01:156:6:13	vol01:156:6:14	rekey	得	0.9996
vol01:156:6:14	vol01:156:6:15	rekey	失	0.9997
vol01:156:6:15	vol01:156:6:16	rekey	故	0.9996
vol01:156:6:16	vol01:156:6:17	rekey	辨	0.9997
vol01:156:6:17	vol01:156:6:18	rekey	駁	0.9994
vol01:156:6:18	vol01:156:6:19	rekey	之	0.9997
vol01:156:6:19	vol01:156:6:20	rekey	文	0.9997
vol01:156:6:20	vol01:156:6:21	rekey	爲	0.9997
vol01:156:6:3	vol01:156:6:4	rekey	是	0.9996
vol01:156:6:4	vol01:156:6:5	rekey	書	0.9997
vol01:156:6:5	vol01:156:6:6	rekey	主	0.9998
vol01:156:6:6	vol01:156:6:7	rekey	於	0.9997
vol01:156:6:7	vol01:156:6:8	rekey	考	0.9995
vol01:156:6:8	vol01:156:6:9	rekey	訂	0.9995
vol01:156:7:9	vol01:156:7:10	rekey	互	0.9997
vol01:156:7:10	vol01:156:7:11	rekey	殊	0.9999
vol01:156:7:11	vol01:156:7:12	rekey	者	0.9996
vol01:156:7:12	vol01:156:7:13	rekey	權	0.9998
vol01:156:7:13	vol01:156:7:14	rekey	其	0.9994
vol01:156:7:14	vol01:156:7:15	rekey	去	0.9999
vol01:156:7:15	vol01:156:7:16	rekey	取	0.9998
vol01:156:7:16	vol01:156:7:17	rekey	幽	0.9997
vol01:156:7:17	vol01:156:7:18	rekey	光	0.9997
vol01:156:7:18	vol01:156:7:19	rekey	未	0.9998
vol01:156:7:19	vol01:156:7:20	rekey	耀	0.9995
vol01:156:7:20	vol01:156:7:21	rekey	者	0.9997
vol01:156:7:2	vol01:156:7:3	rekey	多	0.9996
vol01:156:7:3	vol01:156:7:4	rekey	然	0.9993
vol01:156:7:4	vol01:156:7:5	rekey	大	0.9997
vol01:156:7:5	vol01:156:7:6	rekey	抵	0.9996
vol01:156:7:6	vol01:156:7:7	rekey	於	0.9997
vol01:156:7:7	vol01:156:7:8	rekey	衆	0.9994
vol01:156:7:8	vol01:156:7:9	rekey	說	0.9997
vol01:156:8:9	vol01:156:8:10	rekey	班	0.9997
vol01:156:8:10	vol01:156:8:11	rekey	之	0.9999
vol01:156:8:11	vol01:156:8:12	rekey	史	0.9997
vol01:156:8:12	vol01:156:8:13	rekey	李	0.9997
vol01:156:8:13	vol01:156:8:14	rekey	杜	0.9998
vol01:156:8:14	vol01:156:8:15	rekey	之	0.9996
vol01:156:8:15	vol01:156:8:16	rekey	詩	0.9994
vol01:156:8:16	vol01:156:8:17	rekey	韓	0.9996
vol01:156:8:17	vol01:156:8:18	rekey	柳	0.9994
vol01:156:8:18	vol01:156:8:19	rekey	歐	0.9996
vol01:156:8:19	vol01:156:8:20	rekey	蘇	0.9994
vol01:156:8:20	vol01:156:8:21	rekey	之	0.9999
vol01:156:8:2	vol01:156:8:3	rekey	加	0.9995
vol01:156:8:3	vol01:156:8:4	rekey	以	0.9996
vol01:156:8:4	vol01:156:8:5	rekey	表	0.9998
vol01:156:8:5	vol01:156:8:6	rekey	章	0.9998
vol01:156:8:6	vol01:156:8:7	rekey	至	0.9996
vol01:156:8:7	vol01:156:8:8	rekey	於	0.9998
vol01:156:8:8	vol01:156:8:9	rekey	馬	0.9996
vol01:156:9:9	vol01:156:9:10	rekey	道	0.9997
vol01:156:9:10	vol01:156:9:11	rekey	學	0.9998
vol01:156:9:11	vol01:156:9:12	rekey	定	0.9998
vol01:156:9:12	vol01:156:9:13	rekey	論	0.9995
vol01:156:9:13	vol01:156:9:14	rekey	久	0.9997
vol01:156:9:14	vol01:156:9:15	rekey	孚	0.9996
vol01:156:9:15	vol01:156:9:16	rekey	無	0.9995
vol01:156:9:16	vol01:156:9:17	rekey	庸	0.9997
vol01:156:9:17	vol01:156:9:18	rekey	更	0.9997
vol01:156:9:18	vol01:156:9:19	rekey	贅	0.9995
vol01:156:9:19	vol01:156:9:20	rekey	一	1.0
vol01:156:9:20	vol01:156:9:21	rekey	語	0.999
vol01:156:9:2	vol01:156:9:3	rekey	文	0.9997
vol01:156:9:3	vol01:156:9:4	rekey	章	0.9995
vol01:156:9:4	vol01:156:9:5	rekey	濂	0.9994
vol01:156:9:5	vol01:156:9:6	rekey	洛	0.9996
vol01:156:9:6	vol01:156:9:7	rekey	關	0.9996
vol01:156:9:7	vol01:156:9:8	rekey	閩	0.9995
vol01:156:9:8	vol01:156:9:9	rekey	之	0.9996
vol01:157:1:9	vol01:157:1:10	rekey	傳	0.9995
vol01:157:1:10	vol01:157:1:11	rekey	寫	0.9998
vol01:157:1:11	vol01:157:1:12	rekey	之	0.9997
vol01:157:1:12	vol01:157:1:13	rekey	異	0.9995
vol01:157:1:13	vol01:157:1:14	rekey	同	0.9996
vol01:157:1:14	vol01:157:1:15	rekey	編	0.9997
vol01:157:1:15	vol01:157:1:16	rekey	次	0.9997
vol01:157:1:16	vol01:157:1:17	rekey	增	0.9993
vol01:157:1:17	vol01:157:1:18	rekey	刪	0.9997
vol01:157:1:18	vol01:157:1:19	rekey	之	0.9999
vol01:157:1:19	vol01:157:1:20	rekey	始	0.9991
vol01:157:1:2	vol01:157:1:3	rekey	者	0.9991
vol01:157:1:3	vol01:157:1:4	rekey	則	0.9996
vol01:157:1:4	vol01:157:1:5	rekey	但	0.9996
vol01:157:1:5	vol01:157:1:6	rekey	論	0.9994
vol01:157:1:6	vol01:157:1:7	rekey	其	0.9994
vol01:157:1:7	vol01:157:1:8	rekey	刊	0.9996
vol01:157:1:8	vol01:157:1:9	rekey	刻	0.9996
vol01:157:2:10	vol01:157:2:11	rekey	葢	0.9998
vol01:157:2:11	vol01:157:2:12	rekey	不	0.9998
vol01:157:2:12	vol01:157:2:13	rekey	可	0.9995
vol01:157:2:13	vol01:157:2:14	rekey	不	0.9998
vol01:157:2:14	vol01:157:2:15	rekey	辨	0.9998
vol01:157:2:15	vol01:157:2:16	rekey	者	0.9998
vol01:157:2:16	vol01:157:2:17	rekey	不	0.9999
vol01:157:2:17	vol01:157:2:18	rekey	敢	0.9997
vol01:157:2:18	vol01:157:2:19	rekey	因	0.9997
vol01:157:2:19	vol01:157:2:20	rekey	襲	0.9992
vol01:157:2:2	vol01:157:2:3	rekey	著	0.9995
vol01:157:2:3	vol01:157:2:4	rekey	是	0.9997
vol01:157:2:4	vol01:157:2:5	rekey	本	0.9997
vol01:157:2:5	vol01:157:2:6	rekey	之	0.9997
vol01:157:2:6	vol01:157:2:7	rekey	善	0.9996
vol01:157:2:7	vol01:157:2:8	rekey	否	0.9995
vol01:157:2:8	vol01:157:2:9	rekey	而	0.9997
vol01:157:3:9	vol01:157:3:10	rekey	不	0.9998
vol01:157:3:10	vol01:157:3:11	rekey	敢	0.9997
vol01:157:3:11	vol01:157:3:12	rekey	橫	0.9994
vol01:157:3:12	vol01:157:3:13	rekey	生	0.9996
vol01:157:3:13	vol01:157:3:14	rekey	别	0.9997
vol01:157:3:14	vol01:157:3:15	rekey	解	0.9996
vol01:157:3:15	vol01:157:3:16	rekey	凡	0.9997
vol01:157:3:16	vol01:157:3:17	rekey	以	0.9997
vol01:157:3:17	vol01:157:3:18	rekey	求	0.9997
vol01:157:3:18	vol01:157:3:19	rekey	歸	0.9997
vol01:157:3:19	vol01:157:3:20	rekey	至	0.9998
vol01:157:3:20	vol01:157:3:21	rekey	當	0.9997
vol01:157:3:2	vol01:157:3:3	rekey	文	0.9995
vol01:157:3:3	vol01:157:3:4	rekey	無	0.9994
vol01:157:3:4	vol01:157:3:5	rekey	可	0.9995
vol01:157:3:5	vol01:157:3:6	rekey	復	0.9995
vol01:157:3:6	vol01:157:3:7	rekey	議	0.9993
vol01:157:3:7	vol01:157:3:8	rekey	者	0.9996
vol01:157:3:8	vol01:157:3:9	rekey	亦	0.9995
vol01:157:4:2	vol01:157:4:3	rekey	以	0.9997
vol01:157:4:3	vol01:157:4:4	rekey	昭	0.9997
vol01:157:4:4	vol01:157:4:5	rekey	去	0.9998
vol01:157:4:5	vol01:157:4:6	rekey	取	0.9995
vol01:157:4:6	vol01:157:4:7	rekey	之	0.9997
vol01:157:4:7	vol01:157:4:8	rekey	至	0.9997
vol01:157:4:8	vol01:157:4:9	rekey	公	0.9998
vol01:15:1:9	vol01:15:1:10	rekey	亦	0.9995
vol01:15:1:10	vol01:15:1:11	rekey	極	0.9996
vol01:15:1:11	vol01:15:1:12	rekey	勤	0.9995
vol01:15:1:12	vol01:15:1:13	rekey	勉	0.9994
vol01:15:1:13	vol01:15:1:14	rekey	甚	0.999
vol01:15:1:14	vol01:15:1:15	rekey	屬	0.9993
vol01:15:1:15	vol01:15:1:16	rekey	可	0.9991
vol01:15:1:16	vol01:15:1:17	rekey	嘉	0.9993
vol01:15:1:17	vol01:15:1:18	rekey	紀	0.9992
vol01:15:1:18	vol01:15:1:19	rekey	昀	0.9994
vol01:15:1:2	vol01:15:1:3	rekey	人	0.9996
vol01:15:1:3	vol01:15:1:4	rekey	學	0.9993
vol01:15:1:4	vol01:15:1:5	rekey	問	0.9995
vol01:15:1:5	vol01:15:1:6	rekey	本	0.9995
vol01:15:1:6	vol01:15:1:7	rekey	優	0.999
vol01:15:1:7	vol01:15:1:8	rekey	校	0.9994
vol01:15:1:8	vol01:15:1:9	rekey	書	0.9994
vol01:15:2:9	vol01:15:2:10	rekey	中	0.9996
vol01:15:2:11	vol01:15:2:12	rekey	著	0.9993
vol01:15:2:12	vol01:15:2:13	rekey	授	0.9994
vol01:15:2:13	vol01:15:2:14	rekey	爲	0.9996
vol01:15:2:14	vol01:15:2:15	rekey	翰	0.9994
vol01:15:2:15	vol01:15:2:16	rekey	林	0.9993
vol01:15:2:16	vol01:15:2:17	rekey	院	0.9991
vol01:15:2:17	vol01:15:2:18	rekey	侍	0.9995
vol01:15:2:18	vol01:15:2:19	rekey	讀	0.9994
vol01:15:2:1	vol01:15:2:2	rekey	學	0.9995
vol01:15:2:2	vol01:15:2:3	rekey	士	0.9995
vol01:15:2:3	vol01:15:2:4	rekey	陸	0.9993
vol01:15:2:4	vol01:15:2:5	rekey	錫	0.9994
vol01:15:2:5	vol01:15:2:6	rekey	熊	0.9994
vol01:15:2:6	vol01:15:2:7	rekey	現	0.9996
vol01:15:2:7	vol01:15:2:8	rekey	任	0.9994
vol01:15:2:8	vol01:15:2:9	rekey	郎	0.9995
vol01:15:3:1	vol01:15:3:2	rekey	卽	0.9994
vol01:15:3:2	vol01:15:3:3	rekey	補	0.9995
vol01:15:3:3	vol01:15:3:4	rekey	以	0.9996
vol01:15:3:4	vol01:15:3:5	rekey	示	0.9993
vol01:15:3:5	vol01:15:3:6	rekey	奬	0.9994
vol01:15:3:6	vol01:15:3:7	rekey	勵	0.9993
vol01:15:3:7	vol01:15:3:8	rekey	欽	0.9992
vol01:15:3:8	vol01:15:3:9	rekey	此	0.9993
vol01:15:4:9	vol01:15:4:10	rekey	月	0.9996
vol01:15:4:10	vol01:15:4:11	rekey	十	0.9995
vol01:15:4:11	vol01:15:4:12	rekey	四	0.9995
vol01:15:4:12	vol01:15:4:13	rekey	日	0.9998
vol01:15:4:13	vol01:15:4:14	rekey	奉	0.9995
vol01:15:4:2	vol01:15:4:3	rekey	乾	0.9994
vol01:15:4:3	vol01:15:4:4	rekey	隆	0.9991
vol01:15:4:4	vol01:15:4:5	rekey	三	0.9995
vol01:15:4:5	vol01:15:4:6	rekey	十	0.9997
vol01:15:4:6	vol01:15:4:7	rekey	九	0.9994
vol01:15:4:7	vol01:15:4:8	rekey	年	0.9993
vol01:15:4:8	vol01:15:4:9	rekey	五	0.9995
vol01:15:5:9	vol01:15:5:10	rekey	之	0.9996
vol01:15:5:10	vol01:15:5:11	rekey	會	0.9993
vol01:15:5:11	vol01:15:5:12	rekey	所	0.9996
vol01:15:5:12	vol01:15:5:13	rekey	有	0.9993
vol01:15:5:13	vol01:15:5:14	rekey	古	0.9994
vol01:15:5:14	vol01:15:5:15	rekey	今	0.9996
vol01:15:5:15	vol01:15:5:16	rekey	載	0.9997
vol01:15:5:16	vol01:15:5:17	rekey	籍	0.9995
vol01:15:5:17	vol01:15:5:18	rekey	宜	0.9993
vol01:15:5:18	vol01:15:5:19	rekey	及	0.9997
vol01:15:5:1	vol01:15:5:2	rekey	諭	0.9993
vol01:15:5:20	vol01:15:5:21	rekey	蒐	0.9996
vol01:15:5:2	vol01:15:5:3	rekey	國	0.9994
vol01:15:5:3	vol01:15:5:4	rekey	家	0.9996
vol01:15:5:4	vol01:15:5:5	rekey	當	0.9993
vol01:15:5:5	vol01:15:5:6	rekey	文	0.9994
vol01:15:5:6	vol01:15:5:7	rekey	治	0.9995
vol01:15:5:7	vol01:15:5:8	rekey	休	0.9995
vol01:15:5:8	vol01:15:5:9	rekey	明	0.9995
vol01:15:6:10	vol01:15:6:11	rekey	藝	0.9995
vol01:15:6:11	vol01:15:6:12	rekey	林	0.9992
vol01:15:6:12	vol01:15:6:13	rekey	因	0.9994
vol01:15:6:13	vol01:15:6:14	rekey	降	0.9996
vol01:15:6:14	vol01:15:6:15	rekey	㫖	0.9994
vol01:15:6:15	vol01:15:6:16	rekey	命	0.9996
vol01:15:6:16	vol01:15:6:17	rekey	各	0.9996
vol01:15:6:17	vol01:15:6:18	rekey	督	0.9994
vol01:15:6:18	vol01:15:6:19	rekey	撫	0.9995
vol01:15:6:1	vol01:15:6:2	rekey	羅	0.9995
vol01:15:6:2	vol01:15:6:3	rekey	大	0.9996
vol01:15:6:3	vol01:15:6:4	rekey	備	0.9994
vol01:15:6:4	vol01:15:6:5	rekey	以	0.9995
vol01:15:6:5	vol01:15:6:6	rekey	光	0.9995
vol01:15:6:6	vol01:15:6:7	rekey	冊	0.9996
vol01:15:6:7	vol01:15:6:8	rekey	府	0.9994
vol01:15:6:8	vol01:15:6:9	rekey	而	0.9996
vol01:15:7:9	vol01:15:7:10	rekey	各	0.9993
vol01:15:7:10	vol01:15:7:11	rekey	省	0.9995
vol01:15:7:11	vol01:15:7:12	rekey	陸	0.9993
vol01:15:7:12	vol01:15:7:13	rekey	續	0.9994
vol01:15:7:13	vol01:15:7:14	rekey	奏	0.9995
vol01:15:7:14	vol01:15:7:15	rekey	送	0.9995
vol01:15:7:15	vol01:15:7:16	rekey	而	0.9997
vol01:15:7:16	vol01:15:7:17	rekey	江	0.9992
vol01:15:7:17	vol01:15:7:18	rekey	浙	0.9994
vol01:15:7:18	vol01:15:7:19	rekey	兩	0.9992
vol01:15:7:1	vol01:15:7:2	rekey	採	0.9995
vol01:15:7:2	vol01:15:7:3	rekey	訪	0.9996
vol01:15:7:3	vol01:15:7:4	rekey	彚	0.9994
vol01:15:7:4	vol01:15:7:5	rekey	上	0.9998
vol01:15:7:5	vol01:15:7:6	rekey	於	0.9994
vol01:15:7:6	vol01:15:7:7	rekey	朝	0.9994
vol01:15:7:7	vol01:15:7:8	rekey	旋	0.9991
vol01:15:7:8	vol01:15:7:9	rekey	據	0.9993
vol01:15:8:9	vol01:15:8:10	rekey	廷	0.9991
vol01:15:8:10	vol01:15:8:11	rekey	臣	0.9993
vol01:15:8:11	vol01:15:8:12	rekey	中	0.9997
vol01:15:8:12	vol01:15:8:13	rekey	亦	0.9995
vol01:15:8:13	vol01:15:8:14	rekey	有	0.9995
vol01:15:8:14	vol01:15:8:15	rekey	紛	0.9996
vol01:15:8:15	vol01:15:8:16	rekey	紛	0.9993
vol01:15:8:16	vol01:15:8:17	rekey	奏	0.9994
vol01:15:8:17	vol01:15:8:18	rekey	進	0.9994
vol01:15:8:18	vol01:15:8:19	rekey	者	0.9994
vol01:15:8:1	vol01:15:8:2	rekey	書	0.9991
vol01:15:8:2	vol01:15:8:3	rekey	家	0.9994
vol01:15:8:3	vol01:15:8:4	rekey	呈	0.9993
vol01:15:8:4	vol01:15:8:5	rekey	獻	0.9993
vol01:15:8:5	vol01:15:8:6	rekey	種	0.9995
vol01:15:8:6	vol01:15:8:7	rekey	數	0.9992
vol01:15:8:7	vol01:15:8:8	rekey	尤	0.9993
vol01:15:8:8	vol01:15:8:9	rekey	多	0.9996
vol01:15:9:9	vol01:15:9:10	rekey	應	0.9996
vol01:15:9:10	vol01:15:9:11	rekey	錄	0.9995
vol01:15:9:11	vol01:15:9:12	rekey	以	0.9997
vol01:15:9:12	vol01:15:9:13	rekey	廣	0.9995
vol01:15:9:13	vol01:15:9:14	rekey	流	0.999
vol01:15:9:14	vol01:15:9:15	rekey	傳	0.9996
vol01:15:9:15	vol01:15:9:16	rekey	其	0.9992
vol01:15:9:16	vol01:15:9:17	rekey	進	0.9995
vol01:15:9:17	vol01:15:9:18	rekey	書	0.9995
vol01:15:9:18	vol01:15:9:19	rekey	百	0.9994
vol01:15:9:1	vol01:15:9:2	rekey	詞	0.9954
vol01:15:9:2	vol01:15:9:3	rekey	臣	0.9993
vol01:15:9:3	vol01:15:9:4	rekey	分	0.9996
vol01:15:9:4	vol01:15:9:5	rekey	别	0.9994
vol01:15:9:5	vol01:15:9:6	rekey	校	0.9994
vol01:15:9:6	vol01:15:9:7	rekey	勘	0.9995
vol01:15:9:7	vol01:15:9:8	rekey	應	0.9994
vol01:15:9:8	vol01:15:9:9	rekey	刊	0.9993
vol01:16:1:9	vol01:16:1:10	rekey	醇	0.9993
vol01:16:1:10	vol01:16:1:11	rekey	之	0.9993
vol01:16:1:11	vol01:16:1:12	rekey	本	0.9994
vol01:16:1:12	vol01:16:1:13	rekey	進	0.9995
vol01:16:1:13	vol01:16:1:14	rekey	呈	0.9995
vol01:16:1:14	vol01:16:1:15	rekey	乙	0.9996
vol01:16:1:15	vol01:16:1:16	rekey	覽	0.9993
vol01:16:1:16	vol01:16:1:17	rekey	朕	0.9993
vol01:16:1:17	vol01:16:1:18	rekey	幾	0.9993
vol01:16:1:18	vol01:16:1:19	rekey	餘	0.9994
vol01:16:1:1	vol01:16:1:2	rekey	上	0.9998
vol01:16:1:2	vol01:16:1:3	rekey	者	0.9993
vol01:16:1:3	vol01:16:1:4	rekey	並	0.9992
vol01:16:1:4	vol01:16:1:5	rekey	命	0.9996
vol01:16:1:5	vol01:16:1:6	rekey	擇	0.9994
vol01:16:1:6	vol01:16:1:7	rekey	其	0.9994
vol01:16:2:9	vol01:16:2:10	rekey	將	0.9994
vol01:16:2:10	vol01:16:2:11	rekey	進	0.9994
vol01:16:2:11	vol01:16:2:12	rekey	到	0.9993
vol01:16:2:12	vol01:16:2:13	rekey	各	0.9995
vol01:16:2:13	vol01:16:2:14	rekey	書	0.9993
vol01:16:2:14	vol01:16:2:15	rekey	於	0.9994
vol01:16:2:15	vol01:16:2:16	rekey	篇	0.9994
vol01:16:2:16	vol01:16:2:17	rekey	首	0.9993
vol01:16:2:17	vol01:16:2:18	rekey	用	0.9994
vol01:16:2:1	vol01:16:2:2	rekey	評	0.9992
vol01:16:2:2	vol01:16:2:3	rekey	詠	0.9994
vol01:16:2:3	vol01:16:2:4	rekey	題	0.9992
vol01:16:2:4	vol01:16:2:5	rekey	識	0.9992
vol01:16:2:5	vol01:16:2:6	rekey	簡	0.9994
vol01:16:2:6	vol01:16:2:7	rekey	端	0.9992
vol01:16:2:7	vol01:16:2:8	rekey	復	0.9992
vol01:16:2:8	vol01:16:2:9	rekey	命	0.9994
vol01:16:3:9	vol01:16:3:10	rekey	月	0.9996
vol01:16:3:10	vol01:16:3:11	rekey	姓	0.9995
vol01:16:3:11	vol01:16:3:12	rekey	名	0.9995
vol01:16:3:12	vol01:16:3:13	rekey	於	0.9995
vol01:16:3:13	vol01:16:3:14	rekey	書	0.9996
vol01:16:3:14	vol01:16:3:15	rekey	面	0.9995
vol01:16:3:15	vol01:16:3:16	rekey	頁	0.9996
vol01:16:3:16	vol01:16:3:17	rekey	俟	0.9995
vol01:16:3:17	vol01:16:3:18	rekey	將	0.9993
vol01:16:3:18	vol01:16:3:19	rekey	來	0.9995
vol01:16:3:2	vol01:16:3:3	rekey	並	0.9996
vol01:16:3:3	vol01:16:3:4	rekey	加	0.9994
vol01:16:3:4	vol01:16:3:5	rekey	鈐	0.9993
vol01:16:3:5	vol01:16:3:6	rekey	記	0.9995
vol01:16:3:6	vol01:16:3:7	rekey	載	0.9995
vol01:16:3:7	vol01:16:3:8	rekey	明	0.9997
vol01:16:3:8	vol01:16:3:9	rekey	年	0.9993
vol01:16:4:9	vol01:16:4:10	rekey	行	0.9994
vol01:16:4:10	vol01:16:4:11	rekey	收	0.9994
vol01:16:4:11	vol01:16:4:12	rekey	藏	0.9995
vol01:16:4:12	vol01:16:4:13	rekey	其	0.9992
vol01:16:4:13	vol01:16:4:14	rekey	已	0.9996
vol01:16:4:14	vol01:16:4:15	rekey	經	0.9993
vol01:16:4:15	vol01:16:4:16	rekey	題	0.9994
vol01:16:4:16	vol01:16:4:17	rekey	詠	0.9993
vol01:16:4:17	vol01:16:4:18	rekey	諸	0.9994
vol01:16:4:1	vol01:16:4:2	rekey	後	0.9994
vol01:16:4:2	vol01:16:4:3	rekey	仍	0.9994
vol01:16:4:3	vol01:16:4:4	rekey	給	0.9995
vol01:16:4:4	vol01:16:4:5	rekey	還	0.9994
vol01:16:4:5	vol01:16:4:6	rekey	各	0.9996
vol01:16:4:6	vol01:16:4:7	rekey	本	0.9993
vol01:16:4:7	vol01:16:4:8	rekey	家	0.9995
vol01:16:4:8	vol01:16:4:9	rekey	自	0.9996
vol01:16:5:9	vol01:16:5:10	rekey	書	0.9994
vol01:16:5:10	vol01:16:5:11	rekey	發	0.9995
vol01:16:5:11	vol01:16:5:12	rekey	還	0.9996
vol01:16:5:12	vol01:16:5:13	rekey	俾	0.9996
vol01:16:5:13	vol01:16:5:14	rekey	收	0.9995
vol01:16:5:14	vol01:16:5:15	rekey	藏	0.9995
vol01:16:5:16	vol01:16:5:17	rekey	人	0.9996
vol01:16:5:17	vol01:16:5:18	rekey	益	0.9993
vol01:16:5:18	vol01:16:5:19	rekey	增	0.9995
vol01:16:5:19	vol01:16:5:20	rekey	榮	0.9993
vol01:16:5:2	vol01:16:5:3	rekey	館	0.9994
vol01:16:5:3	vol01:16:5:4	rekey	先	0.9996
vol01:16:5:4	vol01:16:5:5	rekey	行	0.9995
vol01:16:5:5	vol01:16:5:6	rekey	錄	0.9991
vol01:16:5:6	vol01:16:5:7	rekey	副	0.9997
vol01:16:5:7	vol01:16:5:8	rekey	將	0.9997
vol01:16:5:8	vol01:16:5:9	rekey	原	0.9995
vol01:16:6:9	vol01:16:6:10	rekey	其	0.9995
vol01:16:6:10	vol01:16:6:11	rekey	最	0.9993
vol01:16:6:11	vol01:16:6:12	rekey	多	0.9995
vol01:16:6:12	vol01:16:6:13	rekey	者	0.9993
vol01:16:6:13	vol01:16:6:14	rekey	如	0.9994
vol01:16:6:14	vol01:16:6:15	rekey	浙	0.9994
vol01:16:6:15	vol01:16:6:16	rekey	江	0.9996
vol01:16:6:16	vol01:16:6:17	rekey	鮑	0.9994
vol01:16:6:17	vol01:16:6:18	rekey	士	0.9995
vol01:16:6:18	vol01:16:6:19	rekey	恭	0.9994
vol01:16:6:1	vol01:16:6:2	rekey	今	0.9994
vol01:16:6:19	vol01:16:6:20	rekey	范	0.9994
vol01:16:6:2	vol01:16:6:3	rekey	閱	0.9995
vol01:16:6:3	vol01:16:6:4	rekey	進	0.9996
vol01:16:6:4	vol01:16:6:5	rekey	到	0.9994
vol01:16:6:5	vol01:16:6:6	rekey	各	0.9993
vol01:16:6:6	vol01:16:6:7	rekey	家	0.9995
vol01:16:6:7	vol01:16:6:8	rekey	書	0.9993
vol01:16:6:8	vol01:16:6:9	rekey	目	0.9995
vol01:16:7:9	vol01:16:7:10	rekey	裕	0.9995
vol01:16:7:10	vol01:16:7:11	rekey	四	0.9995
vol01:16:7:11	vol01:16:7:12	rekey	家	0.9993
vol01:16:7:12	vol01:16:7:13	rekey	爲	0.9992
vol01:16:7:13	vol01:16:7:14	rekey	數	0.999
vol01:16:7:14	vol01:16:7:15	rekey	至	0.999
vol01:16:7:15	vol01:16:7:16	rekey	五	0.9994
vol01:16:7:16	vol01:16:7:17	rekey	六	0.9994
vol01:16:7:17	vol01:16:7:18	rekey	七	0.9997
vol01:16:7:18	vol01:16:7:19	rekey	百	0.9992
vol01:16:7:1	vol01:16:7:2	rekey	柱	0.9995
vol01:16:7:2	vol01:16:7:3	rekey	汪	0.9996
vol01:16:7:4	vol01:16:7:5	rekey	淑	0.9993
vol01:16:7:5	vol01:16:7:6	rekey	兩	0.9993
vol01:16:7:6	vol01:16:7:7	rekey	淮	0.9994
vol01:16:7:7	vol01:16:7:8	rekey	之	0.9995
vol01:16:7:8	vol01:16:7:9	rekey	馬	0.9994
vol01:16:8:9	vol01:16:8:10	rekey	守	0.9997
vol01:16:8:10	vol01:16:8:11	rekey	其	0.9995
vol01:16:8:11	vol01:16:8:12	rekey	業	0.9993
vol01:16:8:12	vol01:16:8:13	rekey	甚	0.9994
vol01:16:8:14	vol01:16:8:15	rekey	嘉	0.9993
vol01:16:8:15	vol01:16:8:16	rekey	尚	0.9995
vol01:16:8:16	vol01:16:8:17	rekey	因	0.9994
vol01:16:8:17	vol01:16:8:18	rekey	思	0.9996
vol01:16:8:18	vol01:16:8:19	rekey	内	0.9997
vol01:16:8:1	vol01:16:8:2	rekey	其	0.999
vol01:16:8:2	vol01:16:8:3	rekey	累	0.9995
vol01:16:8:3	vol01:16:8:4	rekey	世	0.9995
vol01:16:8:4	vol01:16:8:5	rekey	弆	0.9995
vol01:16:8:5	vol01:16:8:6	rekey	藏	0.9991
vol01:16:8:6	vol01:16:8:7	rekey	子	0.9997
vol01:16:8:7	vol01:16:8:8	rekey	孫	0.9996
vol01:16:9:9	vol01:16:9:10	rekey	書	0.9996
vol01:16:9:10	vol01:16:9:11	rekey	城	0.9996
vol01:16:9:11	vol01:16:9:12	rekey	鉅	0.9994
vol01:16:9:12	vol01:16:9:13	rekey	觀	0.9996
vol01:16:9:13	vol01:16:9:14	rekey	人	0.9996
vol01:16:9:14	vol01:16:9:15	rekey	間	0.9993
vol01:16:9:15	vol01:16:9:16	rekey	罕	0.9996
vol01:16:9:16	vol01:16:9:17	rekey	覯	0.9993
vol01:16:9:17	vol01:16:9:18	rekey	此	0.9997
vol01:16:9:18	vol01:16:9:19	rekey	等	0.9994
vol01:16:9:19	vol01:16:9:20	rekey	世	0.9995
vol01:16:9:2	vol01:16:9:3	rekey	古	0.9998
vol01:16:9:3	vol01:16:9:4	rekey	今	0.9996
vol01:16:9:4	vol01:16:9:5	rekey	圖	0.9993
vol01:16:9:5	vol01:16:9:6	rekey	書	0.9992
vol01:16:9:6	vol01:16:9:7	rekey	集	0.9994
vol01:16:9:7	vol01:16:9:8	rekey	成	0.9996
vol01:16:9:8	vol01:16:9:9	rekey	爲	0.9992
vol01:17:1:9	vol01:17:1:10	rekey	勿	0.9995
vol01:17:1:10	vol01:17:1:11	rekey	失	0.9996
vol01:17:1:11	vol01:17:1:12	rekey	以	0.9996
vol01:17:1:12	vol01:17:1:13	rekey	示	0.9995
vol01:17:1:13	vol01:17:1:14	rekey	留	0.9994
vol01:17:1:14	vol01:17:1:15	rekey	貽	0.9977
vol01:17:1:15	vol01:17:1:16	rekey	鮑	0.9994
vol01:17:1:16	vol01:17:1:17	rekey	士	0.9995
vol01:17:1:17	vol01:17:1:18	rekey	恭	0.9995
vol01:17:1:18	vol01:17:1:19	rekey	范	0.9995
vol01:17:1:1	vol01:17:1:2	rekey	陳	0.9993
vol01:17:1:19	vol01:17:1:20	rekey	懋	0.9994
vol01:17:1:20	vol01:17:1:21	rekey	柱	0.9992
vol01:17:1:2	vol01:17:1:3	rekey	編	0.9993
vol01:17:1:3	vol01:17:1:4	rekey	之	0.9998
vol01:17:1:4	vol01:17:1:5	rekey	家	0.9995
vol01:17:1:5	vol01:17:1:6	rekey	宜	0.9995
vol01:17:1:6	vol01:17:1:7	rekey	俾	0.9995
vol01:17:1:7	vol01:17:1:8	rekey	專	0.9995
vol01:17:1:8	vol01:17:1:9	rekey	藏	0.9994
vol01:17:2:9	vol01:17:2:10	rekey	賞	0.9993
vol01:17:2:10	vol01:17:2:11	rekey	古	0.9996
vol01:17:2:11	vol01:17:2:12	rekey	今	0.9996
vol01:17:2:12	vol01:17:2:13	rekey	圖	0.9994
vol01:17:2:13	vol01:17:2:14	rekey	書	0.999
vol01:17:2:14	vol01:17:2:15	rekey	集	0.9993
vol01:17:2:15	vol01:17:2:16	rekey	成	0.9996
vol01:17:2:16	vol01:17:2:17	rekey	各	0.9995
vol01:17:2:17	vol01:17:2:18	rekey	一	0.9999
vol01:17:2:18	vol01:17:2:19	rekey	部	0.9995
vol01:17:2:1	vol01:17:2:2	rekey	汪	0.9996
vol01:17:2:19	vol01:17:2:20	rekey	以	0.9997
vol01:17:2:20	vol01:17:2:21	rekey	爲	0.9993
vol01:17:2:3	vol01:17:2:4	rekey	淑	0.9995
vol01:17:2:4	vol01:17:2:5	rekey	馬	0.9994
vol01:17:2:6	vol01:17:2:7	rekey	四	0.9997
vol01:17:2:7	vol01:17:2:8	rekey	家	0.9995
vol01:17:2:8	vol01:17:2:9	rekey	著	0.9995
vol01:17:3:9	vol01:17:3:10	rekey	一	0.9998
vol01:17:3:10	vol01:17:3:11	rekey	百	0.9995
vol01:17:3:11	vol01:17:3:12	rekey	種	0.9992
vol01:17:3:12	vol01:17:3:13	rekey	以	0.9996
vol01:17:3:13	vol01:17:3:14	rekey	上	0.9996
vol01:17:3:14	vol01:17:3:15	rekey	之	0.9995
vol01:17:3:15	vol01:17:3:16	rekey	江	0.9994
vol01:17:3:16	vol01:17:3:17	rekey	蘇	0.9995
vol01:17:3:17	vol01:17:3:18	rekey	周	0.9996
vol01:17:3:18	vol01:17:3:19	rekey	厚	0.9996
vol01:17:3:1	vol01:17:3:2	rekey	好	0.9995
vol01:17:3:2	vol01:17:3:3	rekey	古	0.9996
vol01:17:3:3	vol01:17:3:4	rekey	之	0.9997
vol01:17:3:4	vol01:17:3:5	rekey	勸	0.9993
vol01:17:3:5	vol01:17:3:6	rekey	又	0.9996
vol01:17:3:6	vol01:17:3:7	rekey	如	0.9997
vol01:17:3:7	vol01:17:3:8	rekey	進	0.9994
vol01:17:3:8	vol01:17:3:9	rekey	呈	0.9993
vol01:17:4:9	vol01:17:4:10	rekey	仰	0.9996
vol01:17:4:10	vol01:17:4:11	rekey	曾	0.9994
vol01:17:4:11	vol01:17:4:12	rekey	汪	0.9994
vol01:17:4:12	vol01:17:4:13	rekey	汝	0.9993
vol01:17:4:14	vol01:17:4:15	rekey	以	0.9997
vol01:17:4:15	vol01:17:4:16	rekey	及	0.9997
vol01:17:4:16	vol01:17:4:17	rekey	朝	0.9992
vol01:17:4:17	vol01:17:4:18	rekey	紳	0.9993
vol01:17:4:18	vol01:17:4:19	rekey	中	0.9996
vol01:17:4:1	vol01:17:4:2	rekey	曾	0.9993
vol01:17:4:19	vol01:17:4:20	rekey	黃	0.9994
vol01:17:4:20	vol01:17:4:21	rekey	登	0.9996
vol01:17:4:2	vol01:17:4:3	rekey	瑩	0.9993
vol01:17:4:3	vol01:17:4:4	rekey	浙	0.9992
vol01:17:4:4	vol01:17:4:5	rekey	江	0.9996
vol01:17:4:5	vol01:17:4:6	rekey	吳	0.9995
vol01:17:4:6	vol01:17:4:7	rekey	玉	0.9995
vol01:17:4:8	vol01:17:4:9	rekey	孫	0.9994
vol01:17:5:9	vol01:17:5:10	rekey	藻	0.9996
vol01:17:5:10	vol01:17:5:11	rekey	等	0.9997
vol01:17:5:11	vol01:17:5:12	rekey	亦	0.9994
vol01:17:5:12	vol01:17:5:13	rekey	俱	0.9994
vol01:17:5:13	vol01:17:5:14	rekey	藏	0.9994
vol01:17:5:14	vol01:17:5:15	rekey	書	0.9993
vol01:17:5:15	vol01:17:5:16	rekey	舊	0.9994
vol01:17:5:16	vol01:17:5:17	rekey	家	0.9996
vol01:17:5:17	vol01:17:5:18	rekey	並	0.9996
vol01:17:5:18	vol01:17:5:19	rekey	著	0.9994
vol01:17:5:1	vol01:17:5:2	rekey	賢	0.9992
vol01:17:5:19	vol01:17:5:20	rekey	每	0.9994
vol01:17:5:20	vol01:17:5:21	rekey	人	0.9996
vol01:17:5:2	vol01:17:5:3	rekey	紀	0.9996
vol01:17:5:3	vol01:17:5:4	rekey	昀	0.9994
vol01:17:5:5	vol01:17:5:6	rekey	守	0.9996
vol01:17:5:6	vol01:17:5:7	rekey	謙	0.9996
vol01:17:5:7	vol01:17:5:8	rekey	汪	0.9995
vol01:17:5:8	vol01:17:5:9	rekey	如	0.9995
vol01:17:6:9	vol01:17:6:10	rekey	韻	0.9994
vol01:17:6:10	vol01:17:6:11	rekey	府	0.9996
vol01:17:6:11	vol01:17:6:12	rekey	各	0.9993
vol01:17:6:12	vol01:17:6:13	rekey	一	0.9997
vol01:17:6:13	vol01:17:6:14	rekey	部	0.9995
vol01:17:6:15	vol01:17:6:16	rekey	亦	0.9995
vol01:17:6:16	vol01:17:6:17	rekey	珍	0.9993
vol01:17:6:17	vol01:17:6:18	rekey	爲	0.9997
vol01:17:6:18	vol01:17:6:19	rekey	世	0.9994
vol01:17:6:1	vol01:17:6:2	rekey	賞	0.9993
vol01:17:6:19	vol01:17:6:20	rekey	寶	0.9994
vol01:17:6:20	vol01:17:6:21	rekey	以	0.9997
vol01:17:6:2	vol01:17:6:3	rekey	給	0.9995
vol01:17:6:3	vol01:17:6:4	rekey	内	0.9995
vol01:17:6:4	vol01:17:6:5	rekey	府	0.9993
vol01:17:6:5	vol01:17:6:6	rekey	初	0.9994
vol01:17:6:6	vol01:17:6:7	rekey	印	0.9995
vol01:17:6:7	vol01:17:6:8	rekey	佩	0.9995
vol01:17:6:8	vol01:17:6:9	rekey	文	0.9994
vol01:17:7:9	vol01:17:7:10	rekey	書	0.9997
vol01:17:7:10	vol01:17:7:11	rekey	其	0.9995
vol01:17:7:11	vol01:17:7:12	rekey	外	0.9995
vol01:17:7:12	vol01:17:7:13	rekey	省	0.9994
vol01:17:7:13	vol01:17:7:14	rekey	各	0.9996
vol01:17:7:14	vol01:17:7:15	rekey	家	0.9995
vol01:17:7:15	vol01:17:7:16	rekey	著	0.9996
vol01:17:7:16	vol01:17:7:17	rekey	該	0.9996
vol01:17:7:17	vol01:17:7:18	rekey	督	0.9995
vol01:17:7:18	vol01:17:7:19	rekey	撫	0.9996
vol01:17:7:1	vol01:17:7:2	rekey	示	0.9994
vol01:17:7:19	vol01:17:7:20	rekey	鹽	0.9993
vol01:17:7:20	vol01:17:7:21	rekey	政	0.9995
vol01:17:7:2	vol01:17:7:3	rekey	嘉	0.9993
vol01:17:7:3	vol01:17:7:4	rekey	奬	0.9994
vol01:17:7:4	vol01:17:7:5	rekey	以	0.9997
vol01:17:7:5	vol01:17:7:6	rekey	上	0.9997
vol01:17:7:6	vol01:17:7:7	rekey	應	0.9994
vol01:17:7:7	vol01:17:7:8	rekey	賞	0.9994
vol01:17:7:8	vol01:17:7:9	rekey	之	0.9997
vol01:17:8:9	vol01:17:8:10	rekey	分	0.9995
vol01:17:8:10	vol01:17:8:11	rekey	給	0.9993
vol01:17:8:11	vol01:17:8:12	rekey	其	0.9994
vol01:17:8:12	vol01:17:8:13	rekey	在	0.9997
vol01:17:8:13	vol01:17:8:14	rekey	京	0.9996
vol01:17:8:14	vol01:17:8:15	rekey	各	0.9994
vol01:17:8:15	vol01:17:8:16	rekey	員	0.9997
vol01:17:8:16	vol01:17:8:17	rekey	卽	0.9994
vol01:17:8:17	vol01:17:8:18	rekey	令	0.9996
vol01:17:8:18	vol01:17:8:19	rekey	其	0.9994
vol01:17:8:1	vol01:17:8:2	rekey	派	0.9994
vol01:17:8:19	vol01:17:8:20	rekey	親	0.9993
vol01:17:8:20	vol01:17:8:21	rekey	赴	0.9993
vol01:17:8:2	vol01:17:8:3	rekey	員	0.9993
vol01:17:8:3	vol01:17:8:4	rekey	赴	0.9995
vol01:17:8:4	vol01:17:8:5	rekey	武	0.9995
vol01:17:8:5	vol01:17:8:6	rekey	英	0.9994
vol01:17:8:6	vol01:17:8:7	rekey	殿	0.9994
vol01:17:8:7	vol01:17:8:8	rekey	領	0.9995
vol01:17:8:8	vol01:17:8:9	rekey	回	0.9993
vol01:17:9:9	vol01:17:9:10	rekey	通	0.9994
vol01:17:9:10	vol01:17:9:11	rekey	諭	0.9995
vol01:17:9:11	vol01:17:9:12	rekey	知	0.9992
vol01:17:9:12	vol01:17:9:13	rekey	之	0.9996
vol01:17:9:13	vol01:17:9:14	rekey	欽	0.9994
vol01:17:9:14	vol01:17:9:15	rekey	此	0.9998
vol01:17:9:1	vol01:17:9:2	rekey	武	0.9993
vol01:17:9:2	vol01:17:9:3	rekey	英	0.9993
vol01:17:9:3	vol01:17:9:4	rekey	殿	0.9995
vol01:17:9:4	vol01:17:9:5	rekey	祇	0.9994
vol01:17:9:5	vol01:17:9:6	rekey	領	0.9993
vol01:17:9:6	vol01:17:9:7	rekey	仍	0.9996
vol01:17:9:7	vol01:17:9:8	rekey	將	0.9992
vol01:17:9:8	vol01:17:9:9	rekey	此	0.9995
vol01:18:1:9	vol01:18:1:10	rekey	月	0.9994
vol01:18:1:13	vol01:18:1:14	rekey	日	0.9997
vol01:18:1:8	vol01:18:1:9	rekey	七	0.9965
vol01:18:2:9	vol01:18:2:10	rekey	總	0.9992
vol01:18:2:10	vol01:18:2:11	rekey	目	0.9997
vol01:18:2:11	vol01:18:2:12	rekey	於	0.9996
vol01:18:2:12	vol01:18:2:13	rekey	經	0.9996
vol01:18:2:13	vol01:18:2:14	rekey	史	0.9996
vol01:18:2:14	vol01:18:2:15	rekey	子	0.9997
vol01:18:2:15	vol01:18:2:16	rekey	集	0.9992
vol01:18:2:16	vol01:18:2:17	rekey	内	0.9996
vol01:18:2:17	vol01:18:2:18	rekey	分	0.9998
vol01:18:2:18	vol01:18:2:19	rekey	晰	0.9995
vol01:18:2:19	vol01:18:2:20	rekey	應	0.9996
vol01:18:2:20	vol01:18:2:21	rekey	刻	0.9995
vol01:18:2:2	vol01:18:2:3	rekey	四	0.9996
vol01:18:2:3	vol01:18:2:4	rekey	庫	0.9996
vol01:18:2:4	vol01:18:2:5	rekey	全	0.9994
vol01:18:2:5	vol01:18:2:6	rekey	書	0.9995
vol01:18:2:6	vol01:18:2:7	rekey	處	0.9992
vol01:18:2:7	vol01:18:2:8	rekey	進	0.9993
vol01:18:2:8	vol01:18:2:9	rekey	呈	0.9996
vol01:18:3:9	vol01:18:3:10	rekey	項	0.9992
vol01:18:3:10	vol01:18:3:11	rekey	各	0.9997
vol01:18:3:11	vol01:18:3:12	rekey	條	0.9991
vol01:18:3:12	vol01:18:3:13	rekey	下	0.9996
vol01:18:3:13	vol01:18:3:14	rekey	俱	0.9995
vol01:18:3:14	vol01:18:3:15	rekey	經	0.9994
vol01:18:3:15	vol01:18:3:16	rekey	撰	0.9994
vol01:18:3:16	vol01:18:3:17	rekey	有	0.9996
vol01:18:3:17	vol01:18:3:18	rekey	提	0.9993
vol01:18:3:18	vol01:18:3:19	rekey	要	0.9995
vol01:18:3:1	vol01:18:3:2	rekey	應	0.9991
vol01:18:3:19	vol01:18:3:20	rekey	將	0.9997
vol01:18:3:20	vol01:18:3:21	rekey	一	0.9999
vol01:18:3:2	vol01:18:3:3	rekey	抄	0.9996
vol01:18:3:3	vol01:18:3:4	rekey	及	0.9994
vol01:18:3:4	vol01:18:3:5	rekey	應	0.9992
vol01:18:3:5	vol01:18:3:6	rekey	存	0.9994
vol01:18:3:6	vol01:18:3:7	rekey	書	0.9996
vol01:18:3:7	vol01:18:3:8	rekey	名	0.9996
vol01:18:3:8	vol01:18:3:9	rekey	三	0.9994
vol01:18:4:9	vol01:18:4:10	rekey	詳	0.9993
vol01:18:4:10	vol01:18:4:11	rekey	著	0.9993
vol01:18:4:11	vol01:18:4:12	rekey	書	0.9997
vol01:18:4:12	vol01:18:4:13	rekey	人	0.9997
vol01:18:4:13	vol01:18:4:14	rekey	世	0.9996
vol01:18:4:14	vol01:18:4:15	rekey	次	0.9996
vol01:18:4:15	vol01:18:4:16	rekey	爵	0.9995
vol01:18:4:16	vol01:18:4:17	rekey	里	0.9993
vol01:18:4:17	vol01:18:4:18	rekey	可	0.9996
vol01:18:4:18	vol01:18:4:19	rekey	以	0.9997
vol01:18:4:19	vol01:18:4:20	rekey	一	0.9998
vol01:18:4:2	vol01:18:4:3	rekey	原	0.9993
vol01:18:4:3	vol01:18:4:4	rekey	委	0.9995
vol01:18:4:4	vol01:18:4:5	rekey	撮	0.9994
vol01:18:4:5	vol01:18:4:6	rekey	舉	0.9996
vol01:18:4:6	vol01:18:4:7	rekey	大	0.9996
vol01:18:4:7	vol01:18:4:8	rekey	凡	0.9997
vol01:18:4:8	vol01:18:4:9	rekey	并	0.9995
vol01:18:5:11	vol01:18:5:12	rekey	既	0.9993
vol01:18:5:17	vol01:18:5:18	rekey	自	0.9996
vol01:18:5:2	vol01:18:5:3	rekey	然	0.9994
vol01:18:5:3	vol01:18:5:4	rekey	較	0.9993
vol01:18:5:4	vol01:18:5:5	rekey	之	0.9994
vol01:18:5:6	vol01:18:5:7	rekey	文	0.9995
vol01:18:5:7	vol01:18:5:8	rekey	總	0.999
vol01:18:6:9	vol01:18:6:10	rekey	訪	0.9995
vol01:18:6:10	vol01:18:6:11	rekey	書	0.9995
vol01:18:6:11	vol01:18:6:12	rekey	籍	0.9992
vol01:18:6:12	vol01:18:6:13	rekey	有	0.9993
vol01:18:6:13	vol01:18:6:14	rekey	多	0.9993
vol01:18:6:14	vol01:18:6:15	rekey	至	0.9994
vol01:18:6:15	vol01:18:6:16	rekey	百	0.9996
vol01:18:6:16	vol01:18:6:17	rekey	種	0.9995
vol01:18:6:17	vol01:18:6:18	rekey	以	0.9997
vol01:18:6:18	vol01:18:6:19	rekey	上	0.9995
vol01:18:6:19	vol01:18:6:20	rekey	至	0.999
vol01:18:6:20	vol01:18:6:21	rekey	六	0.9995
vol01:18:6:2	vol01:18:6:3	rekey	理	0.9994
vol01:18:6:4	vol01:18:6:5	rekey	此	0.9995
vol01:18:6:5	vol01:18:6:6	rekey	次	0.9995
vol01:18:6:6	vol01:18:6:7	rekey	各	0.9994
vol01:18:6:7	vol01:18:6:8	rekey	省	0.9994
vol01:18:6:8	vol01:18:6:9	rekey	搜	0.9992
vol01:18:7:9	vol01:18:7:10	rekey	懋	0.9993
vol01:18:7:10	vol01:18:7:11	rekey	柱	0.9994
vol01:18:7:11	vol01:18:7:12	rekey	等	0.9987
vol01:18:7:12	vol01:18:7:13	rekey	家	0.9996
vol01:18:7:13	vol01:18:7:14	rekey	其	0.9994
vol01:18:7:14	vol01:18:7:15	rekey	裒	0.9993
vol01:18:7:15	vol01:18:7:16	rekey	集	0.9995
vol01:18:7:16	vol01:18:7:17	rekey	收	0.9997
vol01:18:7:17	vol01:18:7:18	rekey	藏	0.9991
vol01:18:7:18	vol01:18:7:19	rekey	深	0.9992
vol01:18:7:19	vol01:18:7:20	rekey	可	0.9993
vol01:18:7:20	vol01:18:7:21	rekey	嘉	0.9994
vol01:18:7:2	vol01:18:7:3	rekey	百	0.9995
vol01:18:7:3	vol01:18:7:4	rekey	種	0.9992
vol01:18:7:4	vol01:18:7:5	rekey	㫖	0.9995
vol01:18:7:5	vol01:18:7:6	rekey	如	0.9994
vol01:18:7:6	vol01:18:7:7	rekey	浙	0.9995
vol01:18:7:7	vol01:18:7:8	rekey	江	0.9995
vol01:18:7:8	vol01:18:7:9	rekey	范	0.9995
vol01:18:8:9	vol01:18:8:10	rekey	賞	0.9992
vol01:18:8:10	vol01:18:8:11	rekey	古	0.9996
vol01:18:8:11	vol01:18:8:12	rekey	今	0.9997
vol01:18:8:12	vol01:18:8:13	rekey	圖	0.9994
vol01:18:8:13	vol01:18:8:14	rekey	書	0.9993
vol01:18:8:14	vol01:18:8:15	rekey	集	0.9992
vol01:18:8:15	vol01:18:8:16	rekey	成	0.9994
vol01:18:8:16	vol01:18:8:17	rekey	及	0.9992
vol01:18:8:17	vol01:18:8:18	rekey	初	0.9992
vol01:18:8:18	vol01:18:8:19	rekey	印	0.9997
vol01:18:8:19	vol01:18:8:20	rekey	佩	0.9995
vol01:18:8:20	vol01:18:8:21	rekey	文	0.9995
vol01:18:8:2	vol01:18:8:3	rekey	前	0.9996
vol01:18:8:4	vol01:18:8:5	rekey	降	0.9994
vol01:18:8:5	vol01:18:8:6	rekey	㫖	0.9994
vol01:18:8:6	vol01:18:8:7	rekey	分	0.9996
vol01:18:8:7	vol01:18:8:8	rekey	别	0.9994
vol01:18:8:8	vol01:18:8:9	rekey	頒	0.9992
vol01:18:9:9	vol01:18:9:10	rekey	者	0.9993
vol01:18:9:10	vol01:18:9:11	rekey	製	0.9992
vol01:18:9:11	vol01:18:9:12	rekey	詩	0.9993
vol01:18:9:12	vol01:18:9:13	rekey	親	0.9992
vol01:18:9:13	vol01:18:9:14	rekey	題	0.9993
vol01:18:9:14	vol01:18:9:15	rekey	卷	0.9992
vol01:18:9:15	vol01:18:9:16	rekey	端	0.9996
vol01:18:9:16	vol01:18:9:17	rekey	俾	0.9994
vol01:18:9:17	vol01:18:9:18	rekey	其	0.9995
vol01:18:9:18	vol01:18:9:19	rekey	子	0.9996
vol01:18:9:1	vol01:18:9:2	rekey	韻	0.9977
vol01:18:9:19	vol01:18:9:20	rekey	孫	0.9994
vol01:18:9:2	vol01:18:9:3	rekey	府	0.9989
vol01:18:9:3	vol01:18:9:4	rekey	并	0.9995
vol01:18:9:4	vol01:18:9:5	rekey	擇	0.9994
vol01:18:9:5	vol01:18:9:6	rekey	其	0.9994
vol01:18:9:6	vol01:18:9:7	rekey	書	0.9993
vol01:18:9:7	vol01:18:9:8	rekey	尤	0.9994
vol01:18:9:8	vol01:18:9:9	rekey	雅	0.9992
vol01:19:1:9	vol01:19:1:10	rekey	勸	0.9997
vol01:19:1:10	vol01:19:1:11	rekey	今	0.9995
vol01:19:1:11	vol01:19:1:12	rekey	進	0.9995
vol01:19:1:12	vol01:19:1:13	rekey	到	0.9994
vol01:19:1:13	vol01:19:1:14	rekey	之	0.9998
vol01:19:1:14	vol01:19:1:15	rekey	書	0.9998
vol01:19:1:15	vol01:19:1:16	rekey	於	0.9995
vol01:19:1:16	vol01:19:1:17	rekey	纂	0.9994
vol01:19:1:17	vol01:19:1:18	rekey	輯	0.9966
vol01:19:1:18	vol01:19:1:19	rekey	後	0.9996
vol01:19:1:1	vol01:19:1:2	rekey	守	0.9995
vol01:19:1:19	vol01:19:1:20	rekey	仍	0.9994
vol01:19:1:20	vol01:19:1:21	rekey	須	0.9997
vol01:19:1:2	vol01:19:1:3	rekey	以	0.9997
vol01:19:1:3	vol01:19:1:4	rekey	爲	0.9995
vol01:19:1:4	vol01:19:1:5	rekey	稽	0.9993
vol01:19:1:5	vol01:19:1:6	rekey	古	0.9996
vol01:19:1:6	vol01:19:1:7	rekey	藏	0.9993
vol01:19:1:7	vol01:19:1:8	rekey	書	0.999
vol01:19:1:8	vol01:19:1:9	rekey	者	0.9996
vol01:19:2:9	vol01:19:2:10	rekey	目	0.9998
vol01:19:2:10	vol01:19:2:11	rekey	若	0.9996
vol01:19:2:11	vol01:19:2:12	rekey	不	0.9995
vol01:19:2:12	vol01:19:2:13	rekey	載	0.9993
vol01:19:2:13	vol01:19:2:14	rekey	明	0.9995
vol01:19:2:14	vol01:19:2:15	rekey	係	0.9996
vol01:19:2:15	vol01:19:2:16	rekey	何	0.9997
vol01:19:2:16	vol01:19:2:17	rekey	人	0.9996
vol01:19:2:17	vol01:19:2:18	rekey	所	0.9995
vol01:19:2:18	vol01:19:2:19	rekey	藏	0.9993
vol01:19:2:1	vol01:19:2:2	rekey	發	0.9996
vol01:19:2:19	vol01:19:2:20	rekey	則	0.9995
vol01:19:2:20	vol01:19:2:21	rekey	閱	0.999
vol01:19:2:2	vol01:19:2:3	rekey	還	0.9995
vol01:19:2:3	vol01:19:2:4	rekey	本	0.9995
vol01:19:2:4	vol01:19:2:5	rekey	家	0.9996
vol01:19:2:5	vol01:19:2:6	rekey	而	0.9996
vol01:19:2:7	vol01:19:2:8	rekey	撰	0.9994
vol01:19:2:8	vol01:19:2:9	rekey	總	0.9991
vol01:19:3:9	vol01:19:3:10	rekey	來	0.9994
vol01:19:3:10	vol01:19:3:11	rekey	亦	0.9993
vol01:19:3:11	vol01:19:3:12	rekey	無	0.9991
vol01:19:3:12	vol01:19:3:13	rekey	以	0.9996
vol01:19:3:13	vol01:19:3:14	rekey	彰	0.9993
vol01:19:3:14	vol01:19:3:15	rekey	家	0.9996
vol01:19:3:15	vol01:19:3:16	rekey	藏	0.9993
vol01:19:3:16	vol01:19:3:17	rekey	珍	0.9993
vol01:19:3:17	vol01:19:3:18	rekey	弆	0.9994
vol01:19:3:18	vol01:19:3:19	rekey	資	0.9993
vol01:19:3:1	vol01:19:3:2	rekey	者	0.9997
vol01:19:3:19	vol01:19:3:20	rekey	益	0.9995
vol01:19:3:2	vol01:19:3:3	rekey	不	0.9998
vol01:19:3:3	vol01:19:3:4	rekey	能	0.9996
vol01:19:3:4	vol01:19:3:5	rekey	知	0.9996
vol01:19:3:5	vol01:19:3:6	rekey	其	0.9994
vol01:19:3:6	vol01:19:3:7	rekey	書	0.9992
vol01:19:3:7	vol01:19:3:8	rekey	所	0.9996
vol01:19:3:8	vol01:19:3:9	rekey	自	0.9995
vol01:19:4:9	vol01:19:4:10	rekey	之	0.9996
vol01:19:4:10	vol01:19:4:11	rekey	書	0.9992
vol01:19:4:11	vol01:19:4:12	rekey	其	0.9995
vol01:19:4:12	vol01:19:4:13	rekey	一	0.9996
vol01:19:4:13	vol01:19:4:14	rekey	人	0.9997
vol01:19:4:14	vol01:19:4:15	rekey	而	0.9994
vol01:19:4:15	vol01:19:4:16	rekey	收	0.9996
vol01:19:4:16	vol01:19:4:17	rekey	藏	0.9991
vol01:19:4:17	vol01:19:4:18	rekey	百	0.9995
vol01:19:4:18	vol01:19:4:19	rekey	種	0.9992
vol01:19:4:19	vol01:19:4:20	rekey	以	0.9998
vol01:19:4:20	vol01:19:4:21	rekey	上	0.9999
vol01:19:4:2	vol01:19:4:3	rekey	著	0.9994
vol01:19:4:3	vol01:19:4:4	rekey	通	0.9993
vol01:19:4:4	vol01:19:4:5	rekey	查	0.999
vol01:19:4:5	vol01:19:4:6	rekey	各	0.9995
vol01:19:4:6	vol01:19:4:7	rekey	省	0.9994
vol01:19:4:7	vol01:19:4:8	rekey	進	0.9995
vol01:19:4:8	vol01:19:4:9	rekey	到	0.9992
vol01:19:5:9	vol01:19:5:10	rekey	卽	0.9996
vol01:19:5:10	vol01:19:5:11	rekey	應	0.9994
vol01:19:5:11	vol01:19:5:12	rekey	將	0.9993
vol01:19:5:12	vol01:19:5:13	rekey	其	0.9992
vol01:19:5:13	vol01:19:5:14	rekey	姓	0.9995
vol01:19:5:14	vol01:19:5:15	rekey	名	0.9996
vol01:19:5:15	vol01:19:5:16	rekey	附	0.9995
vol01:19:5:16	vol01:19:5:17	rekey	載	0.9994
vol01:19:5:17	vol01:19:5:18	rekey	於	0.9993
vol01:19:5:18	vol01:19:5:19	rekey	各	0.9994
vol01:19:5:1	vol01:19:5:2	rekey	者	0.9996
vol01:19:5:19	vol01:19:5:20	rekey	書	0.9996
vol01:19:5:20	vol01:19:5:21	rekey	提	0.9996
vol01:19:5:2	vol01:19:5:3	rekey	可	0.9996
vol01:19:5:3	vol01:19:5:4	rekey	稱	0.9994
vol01:19:5:4	vol01:19:5:5	rekey	爲	0.9995
vol01:19:5:5	vol01:19:5:6	rekey	藏	0.9995
vol01:19:5:6	vol01:19:5:7	rekey	書	0.9996
vol01:19:5:7	vol01:19:5:8	rekey	之	0.9997
vol01:19:5:8	vol01:19:5:9	rekey	家	0.9994
vol01:19:6:9	vol01:19:6:10	rekey	者	0.9997
vol01:19:6:10	vol01:19:6:11	rekey	亦	0.9994
vol01:19:6:11	vol01:19:6:12	rekey	應	0.9993
vol01:19:6:12	vol01:19:6:13	rekey	將	0.9995
vol01:19:6:13	vol01:19:6:14	rekey	由	0.9997
vol01:19:6:14	vol01:19:6:15	rekey	某	0.9995
vol01:19:6:15	vol01:19:6:16	rekey	省	0.9994
vol01:19:6:16	vol01:19:6:17	rekey	督	0.999
vol01:19:6:17	vol01:19:6:18	rekey	撫	0.9996
vol01:19:6:18	vol01:19:6:19	rekey	某	0.9995
vol01:19:6:1	vol01:19:6:2	rekey	要	0.9997
vol01:19:6:19	vol01:19:6:20	rekey	人	0.9999
vol01:19:6:20	vol01:19:6:21	rekey	採	0.9995
vol01:19:6:2	vol01:19:6:3	rekey	末	0.9996
vol01:19:6:3	vol01:19:6:4	rekey	其	0.9995
vol01:19:6:4	vol01:19:6:5	rekey	在	0.9995
vol01:19:6:5	vol01:19:6:6	rekey	百	0.9994
vol01:19:6:6	vol01:19:6:7	rekey	種	0.9995
vol01:19:6:7	vol01:19:6:8	rekey	以	0.9996
vol01:19:6:8	vol01:19:6:9	rekey	下	0.9995
vol01:19:7:9	vol01:19:7:10	rekey	官	0.9997
vol01:19:7:10	vol01:19:7:11	rekey	板	0.9993
vol01:19:7:11	vol01:19:7:12	rekey	刊	0.9996
vol01:19:7:12	vol01:19:7:13	rekey	刻	0.9995
vol01:19:7:13	vol01:19:7:14	rekey	及	0.9995
vol01:19:7:14	vol01:19:7:15	rekey	各	0.9995
vol01:19:7:15	vol01:19:7:16	rekey	處	0.9994
vol01:19:7:16	vol01:19:7:17	rekey	陳	0.9995
vol01:19:7:17	vol01:19:7:18	rekey	設	0.9995
vol01:19:7:18	vol01:19:7:19	rekey	庫	0.9996
vol01:19:7:1	vol01:19:7:2	rekey	訪	0.9998
vol01:19:7:19	vol01:19:7:20	rekey	貯	0.9995
vol01:19:7:20	vol01:19:7:21	rekey	者	0.9994
vol01:19:7:2	vol01:19:7:3	rekey	所	0.9995
vol01:19:7:3	vol01:19:7:4	rekey	得	0.9993
vol01:19:7:4	vol01:19:7:5	rekey	附	0.9994
vol01:19:7:5	vol01:19:7:6	rekey	載	0.9994
vol01:19:7:6	vol01:19:7:7	rekey	於	0.9994
vol01:19:7:7	vol01:19:7:8	rekey	後	0.9995
vol01:19:7:8	vol01:19:7:9	rekey	其	0.9992
vol01:19:8:9	vol01:19:8:10	rekey	眉	0.9999
vol01:19:8:10	vol01:19:8:11	rekey	目	0.9998
vol01:19:8:11	vol01:19:8:12	rekey	分	0.9996
vol01:19:8:12	vol01:19:8:13	rekey	明	0.9996
vol01:19:8:13	vol01:19:8:14	rekey	更	0.9998
vol01:19:8:14	vol01:19:8:15	rekey	爲	0.9995
vol01:19:8:15	vol01:19:8:16	rekey	詳	0.9994
vol01:19:8:16	vol01:19:8:17	rekey	細	0.9995
vol01:19:8:17	vol01:19:8:18	rekey	至	0.9994
vol01:19:8:18	vol01:19:8:19	rekey	現	0.9995
vol01:19:8:1	vol01:19:8:2	rekey	俱	0.9991
vol01:19:8:19	vol01:19:8:20	rekey	辦	0.9994
vol01:19:8:20	vol01:19:8:21	rekey	四	0.9995
vol01:19:8:2	vol01:19:8:3	rekey	載	0.9995
vol01:19:8:3	vol01:19:8:4	rekey	内	0.9994
vol01:19:8:4	vol01:19:8:5	rekey	府	0.9994
vol01:19:8:5	vol01:19:8:6	rekey	所	0.9996
vol01:19:8:6	vol01:19:8:7	rekey	藏	0.9993
vol01:19:8:7	vol01:19:8:8	rekey	使	0.9997
vol01:19:8:8	vol01:19:8:9	rekey	其	0.9997
vol01:19:9:9	vol01:19:9:10	rekey	至	0.9995
vol01:19:9:10	vol01:19:9:11	rekey	萬	0.9996
vol01:19:9:11	vol01:19:9:12	rekey	餘	0.9992
vol01:19:9:12	vol01:19:9:13	rekey	種	0.999
vol01:19:9:13	vol01:19:9:14	rekey	卷	0.9994
vol01:19:9:14	vol01:19:9:15	rekey	帙	0.9993
vol01:19:9:15	vol01:19:9:16	rekey	甚	0.9991
vol01:19:9:16	vol01:19:9:17	rekey	繁	0.9993
vol01:19:9:17	vol01:19:9:18	rekey	將	0.9993
vol01:19:9:18	vol01:19:9:19	rekey	來	0.9995
vol01:19:9:1	vol01:19:9:2	rekey	庫	0.9993
vol01:19:9:19	vol01:19:9:20	rekey	抄	0.9995
vol01:19:9:20	vol01:19:9:21	rekey	刻	0.9995
vol01:19:9:3	vol01:19:9:4	rekey	書	0.999
vol01:19:9:4	vol01:19:9:5	rekey	總	0.9965
vol01:19:9:5	vol01:19:9:6	rekey	目	0.9997
vol01:19:9:6	vol01:19:9:7	rekey	提	0.9992
vol01:19:9:7	vol01:19:9:8	rekey	要	0.9993
vol01:19:9:8	vol01:19:9:9	rekey	多	0.9992
vol01:20:1:9	vol01:20:1:10	rekey	易	0.9995
vol01:20:1:10	vol01:20:1:11	rekey	自	0.9998
vol01:20:1:11	vol01:20:1:12	rekey	應	0.9994
vol01:20:1:12	vol01:20:1:13	rekey	於	0.9992
vol01:20:1:13	vol01:20:1:14	rekey	提	0.9994
vol01:20:1:14	vol01:20:1:15	rekey	要	0.9994
vol01:20:1:15	vol01:20:1:16	rekey	之	0.9996
vol01:20:1:16	vol01:20:1:17	rekey	外	0.9994
vol01:20:1:17	vol01:20:1:18	rekey	另	0.9994
vol01:20:1:18	vol01:20:1:19	rekey	刊	0.9995
vol01:20:1:1	vol01:20:1:2	rekey	成	0.9993
vol01:20:1:3	vol01:20:1:4	rekey	繙	0.9993
vol01:20:1:4	vol01:20:1:5	rekey	閱	0.9996
vol01:20:1:6	vol01:20:1:7	rekey	頗	0.9993
vol01:20:1:7	vol01:20:1:8	rekey	爲	0.9994
vol01:20:1:8	vol01:20:1:9	rekey	不	0.9997
vol01:20:2:9	vol01:20:2:10	rekey	若	0.9994
vol01:20:2:11	vol01:20:2:12	rekey	卷	0.9995
vol01:20:2:12	vol01:20:2:13	rekey	註	0.9996
vol01:20:2:13	vol01:20:2:14	rekey	某	0.9996
vol01:20:2:14	vol01:20:2:15	rekey	朝	0.9994
vol01:20:2:15	vol01:20:2:16	rekey	某	0.9994
vol01:20:2:16	vol01:20:2:17	rekey	人	0.9997
vol01:20:2:17	vol01:20:2:18	rekey	撰	0.9995
vol01:20:2:18	vol01:20:2:19	rekey	則	0.9994
vol01:20:2:1	vol01:20:2:2	rekey	書	0.9996
vol01:20:2:2	vol01:20:2:3	rekey	目	0.9999
vol01:20:2:3	vol01:20:2:4	rekey	一	0.9998
vol01:20:2:4	vol01:20:2:5	rekey	編	0.9995
vol01:20:2:5	vol01:20:2:6	rekey	祇	0.9994
vol01:20:2:6	vol01:20:2:7	rekey	載	0.9994
vol01:20:2:7	vol01:20:2:8	rekey	某	0.9995
vol01:20:2:8	vol01:20:2:9	rekey	書	0.9996
vol01:20:3:9	vol01:20:3:10	rekey	學	0.9995
vol01:20:3:10	vol01:20:3:11	rekey	者	0.9995
vol01:20:3:11	vol01:20:3:12	rekey	由	0.9997
vol01:20:3:12	vol01:20:3:13	rekey	書	0.9994
vol01:20:3:13	vol01:20:3:14	rekey	目	0.9998
vol01:20:3:14	vol01:20:3:15	rekey	而	0.9994
vol01:20:3:15	vol01:20:3:16	rekey	尋	0.9993
vol01:20:3:16	vol01:20:3:17	rekey	提	0.9998
vol01:20:3:17	vol01:20:3:18	rekey	要	0.9995
vol01:20:3:18	vol01:20:3:19	rekey	由	0.9997
vol01:20:3:2	vol01:20:3:3	rekey	繁	0.9993
vol01:20:3:3	vol01:20:3:4	rekey	而	0.9997
vol01:20:3:4	vol01:20:3:5	rekey	檢	0.999
vol01:20:3:5	vol01:20:3:6	rekey	查	0.999
vol01:20:3:6	vol01:20:3:7	rekey	較	0.9994
vol01:20:3:7	vol01:20:3:8	rekey	易	0.9995
vol01:20:3:8	vol01:20:3:9	rekey	俾	0.9992
vol01:20:4:9	vol01:20:4:10	rekey	之	0.9995
vol01:20:4:10	vol01:20:4:11	rekey	士	0.9996
vol01:20:4:11	vol01:20:4:12	rekey	考	0.9995
vol01:20:4:12	vol01:20:4:13	rekey	鏡	0.9992
vol01:20:4:13	vol01:20:4:14	rekey	源	0.9996
vol01:20:4:14	vol01:20:4:15	rekey	流	0.9992
vol01:20:4:15	vol01:20:4:16	rekey	用	0.9995
vol01:20:4:16	vol01:20:4:17	rekey	昭	0.9999
vol01:20:4:17	vol01:20:4:18	rekey	我	0.9994
vol01:20:4:18	vol01:20:4:19	rekey	朝	0.9995
vol01:20:4:1	vol01:20:4:2	rekey	而	0.9996
vol01:20:4:2	vol01:20:4:3	rekey	得	0.9996
vol01:20:4:3	vol01:20:4:4	rekey	全	0.9995
vol01:20:4:4	vol01:20:4:5	rekey	書	0.9994
vol01:20:4:5	vol01:20:4:6	rekey	嘉	0.9995
vol01:20:4:6	vol01:20:4:7	rekey	與	0.9995
vol01:20:4:7	vol01:20:4:8	rekey	海	0.9995
vol01:20:4:8	vol01:20:4:9	rekey	内	0.9996
vol01:20:5:9	vol01:20:5:10	rekey	總	0.9993
vol01:20:5:10	vol01:20:5:11	rekey	裁	0.9995
vol01:20:5:11	vol01:20:5:12	rekey	等	0.9993
vol01:20:5:12	vol01:20:5:13	rekey	遵	0.9994
vol01:20:5:13	vol01:20:5:14	rekey	照	0.9995
vol01:20:5:14	vol01:20:5:15	rekey	悉	0.9993
vol01:20:5:15	vol01:20:5:16	rekey	心	0.9997
vol01:20:5:16	vol01:20:5:17	rekey	妥	0.9995
vol01:20:5:17	vol01:20:5:18	rekey	辦	0.9994
vol01:20:5:18	vol01:20:5:19	rekey	並	0.9992
vol01:20:5:1	vol01:20:5:2	rekey	之	0.9994
vol01:20:5:2	vol01:20:5:3	rekey	盛	0.9993
vol01:20:5:3	vol01:20:5:4	rekey	著	0.9992
vol01:20:5:4	vol01:20:5:5	rekey	四	0.9994
vol01:20:5:5	vol01:20:5:6	rekey	庫	0.9995
vol01:20:5:6	vol01:20:5:7	rekey	全	0.9952
vol01:20:5:7	vol01:20:5:8	rekey	書	0.9995
vol01:20:5:8	vol01:20:5:9	rekey	處	0.9996
vol01:20:6:1	vol01:20:6:2	rekey	諭	0.9971
vol01:20:6:2	vol01:20:6:3	rekey	知	0.9994
vol01:20:6:3	vol01:20:6:4	rekey	之	0.9996
vol01:20:6:4	vol01:20:6:5	rekey	欽	0.9995
vol01:20:6:5	vol01:20:6:6	rekey	此	0.9995
vol01:20:7:9	vol01:20:7:10	rekey	月	0.9995
vol01:20:7:10	vol01:20:7:11	rekey	十	0.9998
vol01:20:7:11	vol01:20:7:12	rekey	七	0.9994
vol01:20:7:12	vol01:20:7:13	rekey	日	0.9997
vol01:20:7:13	vol01:20:7:14	rekey	奉	0.9994
vol01:20:7:2	vol01:20:7:3	rekey	乾	0.9993
vol01:20:7:3	vol01:20:7:4	rekey	隆	0.9993
vol01:20:7:4	vol01:20:7:5	rekey	四	0.9995
vol01:20:7:5	vol01:20:7:6	rekey	十	0.9997
vol01:20:7:6	vol01:20:7:7	rekey	年	0.9995
vol01:20:7:7	vol01:20:7:8	rekey	十	0.9998
vol01:20:7:8	vol01:20:7:9	rekey	一	0.9996
vol01:20:8:0	vol01:20:8:1	rekey	上	0.9998
vol01:20:8:9	vol01:20:8:10	rekey	裁	0.9994
vol01:20:8:10	vol01:20:8:11	rekey	將	0.9992
vol01:20:8:11	vol01:20:8:12	rekey	所	0.9995
vol01:20:8:12	vol01:20:8:13	rekey	輯	0.9993
vol01:20:8:13	vol01:20:8:14	rekey	永	0.9995
vol01:20:8:14	vol01:20:8:15	rekey	樂	0.9995
vol01:20:8:15	vol01:20:8:16	rekey	大	0.9994
vol01:20:8:16	vol01:20:8:17	rekey	典	0.9996
vol01:20:8:17	vol01:20:8:18	rekey	散	0.9993
vol01:20:8:1	vol01:20:8:2	rekey	諭	0.9993
vol01:20:8:2	vol01:20:8:3	rekey	據	0.9994
vol01:20:8:4	vol01:20:8:5	rekey	庫	0.9994
vol01:20:8:5	vol01:20:8:6	rekey	全	0.9995
vol01:20:8:6	vol01:20:8:7	rekey	書	0.9992
vol01:20:8:7	vol01:20:8:8	rekey	館	0.9993
vol01:20:8:8	vol01:20:8:9	rekey	總	0.9993
vol01:20:9:9	vol01:20:9:10	rekey	宋	0.9995
vol01:20:9:10	vol01:20:9:11	rekey	劉	0.9995
vol01:20:9:11	vol01:20:9:12	rekey	跂	0.9993
vol01:20:9:12	vol01:20:9:13	rekey	學	0.9994
vol01:20:9:13	vol01:20:9:14	rekey	易	0.9994
vol01:20:9:14	vol01:20:9:15	rekey	集	0.9993
vol01:20:9:15	vol01:20:9:16	rekey	十	0.9998
vol01:20:9:16	vol01:20:9:17	rekey	二	0.9997
vol01:20:9:17	vol01:20:9:18	rekey	卷	0.9995
vol01:20:9:18	vol01:20:9:19	rekey	擬	0.9991
vol01:20:9:19	vol01:20:9:20	rekey	請	0.9993
vol01:20:9:2	vol01:20:9:3	rekey	呈	0.9963
vol01:20:9:3	vol01:20:9:4	rekey	朕	0.9992
vol01:20:9:4	vol01:20:9:5	rekey	詳	0.9995
vol01:20:9:5	vol01:20:9:6	rekey	加	0.9994
vol01:20:9:6	vol01:20:9:7	rekey	披	0.9992
vol01:20:9:7	vol01:20:9:8	rekey	閱	0.9994
vol01:20:9:8	vol01:20:9:9	rekey	内	0.9994
vol01:21:1:9	vol01:21:1:10	rekey	乃	0.9996
vol01:21:1:10	vol01:21:1:11	rekey	道	0.9995
vol01:21:1:11	vol01:21:1:12	rekey	流	0.9993
vol01:21:1:12	vol01:21:1:13	rekey	祈	0.9992
vol01:21:1:13	vol01:21:1:14	rekey	禱	0.9996
vol01:21:1:14	vol01:21:1:15	rekey	之	0.9997
vol01:21:1:15	vol01:21:1:16	rekey	章	0.9996
vol01:21:1:16	vol01:21:1:17	rekey	非	0.9995
vol01:21:1:17	vol01:21:1:18	rekey	斯	0.9996
vol01:21:1:18	vol01:21:1:19	rekey	文	0.9995
vol01:21:1:1	vol01:21:1:2	rekey	刻	0.9996
vol01:21:1:19	vol01:21:1:20	rekey	正	0.9985
vol01:21:1:20	vol01:21:1:21	rekey	軌	0.9994
vol01:21:1:2	vol01:21:1:3	rekey	其	0.9994
vol01:21:1:3	vol01:21:1:4	rekey	中	0.9996
vol01:21:1:4	vol01:21:1:5	rekey	有	0.9996
vol01:21:1:5	vol01:21:1:6	rekey	青	0.9995
vol01:21:1:6	vol01:21:1:7	rekey	詞	0.9996
vol01:21:1:7	vol01:21:1:8	rekey	一	0.9997
vol01:21:1:8	vol01:21:1:9	rekey	體	0.9995
vol01:21:2:9	vol01:21:2:10	rekey	有	0.9998
vol01:21:2:10	vol01:21:2:11	rekey	道	0.9994
vol01:21:2:12	vol01:21:2:13	rekey	青	0.9996
vol01:21:2:13	vol01:21:2:14	rekey	詞	0.9997
vol01:21:2:14	vol01:21:2:15	rekey	教	0.9995
vol01:21:2:15	vol01:21:2:16	rekey	坊	0.9996
vol01:21:2:16	vol01:21:2:17	rekey	致	0.9997
vol01:21:2:17	vol01:21:2:18	rekey	語	0.9997
vol01:21:2:18	vol01:21:2:19	rekey	之	0.9996
vol01:21:2:19	vol01:21:2:20	rekey	類	0.9994
vol01:21:2:20	vol01:21:2:21	rekey	命	0.9994
vol01:21:2:2	vol01:21:2:3	rekey	因	0.9994
vol01:21:2:3	vol01:21:2:4	rekey	題	0.9995
vol01:21:2:4	vol01:21:2:5	rekey	胡	0.9997
vol01:21:2:5	vol01:21:2:6	rekey	宿	0.9995
vol01:21:2:6	vol01:21:2:7	rekey	集	0.9996
vol01:21:2:7	vol01:21:2:8	rekey	見	0.9994
vol01:21:2:8	vol01:21:2:9	rekey	其	0.9997
vol01:21:3:9	vol01:21:3:10	rekey	存	0.9995
vol01:21:3:10	vol01:21:3:11	rekey	其	0.9996
vol01:21:3:11	vol01:21:3:12	rekey	舊	0.9995
vol01:21:3:12	vol01:21:3:13	rekey	今	0.9997
vol01:21:3:13	vol01:21:3:14	rekey	劉	0.9996
vol01:21:3:14	vol01:21:3:15	rekey	跂	0.9996
vol01:21:3:15	vol01:21:3:16	rekey	所	0.9996
vol01:21:3:16	vol01:21:3:17	rekey	作	0.9996
vol01:21:3:17	vol01:21:3:18	rekey	則	0.9997
vol01:21:3:18	vol01:21:3:19	rekey	因	0.9996
vol01:21:3:1	vol01:21:3:2	rekey	刪	0.9996
vol01:21:3:2	vol01:21:3:3	rekey	去	0.9995
vol01:21:3:3	vol01:21:3:4	rekey	刊	0.9995
vol01:21:3:4	vol01:21:3:5	rekey	行	0.9995
vol01:21:3:5	vol01:21:3:6	rekey	而	0.9995
vol01:21:3:6	vol01:21:3:7	rekey	抄	0.9994
vol01:21:3:7	vol01:21:3:8	rekey	本	0.9995
vol01:21:3:8	vol01:21:3:9	rekey	仍	0.9996
vol01:21:4:9	vol01:21:4:10	rekey	詞	0.9993
vol01:21:4:10	vol01:21:4:11	rekey	致	0.9996
vol01:21:4:11	vol01:21:4:12	rekey	告	0.9995
vol01:21:4:12	vol01:21:4:13	rekey	尤	0.9995
vol01:21:4:13	vol01:21:4:14	rekey	爲	0.9995
vol01:21:4:14	vol01:21:4:15	rekey	不	0.9995
vol01:21:4:15	vol01:21:4:16	rekey	經	0.9996
vol01:21:4:16	vol01:21:4:17	rekey	雖	0.9997
vol01:21:4:17	vol01:21:4:18	rekey	抄	0.9996
vol01:21:4:18	vol01:21:4:19	rekey	本	0.9996
vol01:21:4:1	vol01:21:4:2	rekey	服	0.9995
vol01:21:4:19	vol01:21:4:20	rekey	不	0.9996
vol01:21:4:20	vol01:21:4:21	rekey	妨	0.9997
vol01:21:4:2	vol01:21:4:3	rekey	藥	0.9994
vol01:21:4:3	vol01:21:4:4	rekey	交	0.9996
vol01:21:4:4	vol01:21:4:5	rekey	年	0.9995
vol01:21:4:5	vol01:21:4:6	rekey	瑣	0.9993
vol01:21:4:6	vol01:21:4:7	rekey	事	0.9996
vol01:21:4:7	vol01:21:4:8	rekey	用	0.9996
vol01:21:4:8	vol01:21:4:9	rekey	青	0.9995
vol01:21:5:9	vol01:21:5:10	rekey	葢	0.9996
vol01:21:5:10	vol01:21:5:11	rekey	青	0.9995
vol01:21:5:11	vol01:21:5:12	rekey	詞	0.9995
vol01:21:5:12	vol01:21:5:13	rekey	跡	0.9993
vol01:21:5:13	vol01:21:5:14	rekey	涉	0.9995
vol01:21:5:14	vol01:21:5:15	rekey	異	0.9996
vol01:21:5:15	vol01:21:5:16	rekey	端	0.9997
vol01:21:5:16	vol01:21:5:17	rekey	不	0.9997
vol01:21:5:17	vol01:21:5:18	rekey	特	0.9997
vol01:21:5:18	vol01:21:5:19	rekey	周	0.9997
vol01:21:5:19	vol01:21:5:20	rekey	程	0.9995
vol01:21:5:20	vol01:21:5:21	rekey	張	0.9994
vol01:21:5:2	vol01:21:5:3	rekey	存	0.9993
vol01:21:5:3	vol01:21:5:4	rekey	刊	0.9994
vol01:21:5:4	vol01:21:5:5	rekey	刻	0.9995
vol01:21:5:5	vol01:21:5:6	rekey	必	0.9993
vol01:21:5:6	vol01:21:5:7	rekey	不	0.9995
vol01:21:5:7	vol01:21:5:8	rekey	可	0.9995
vol01:21:5:8	vol01:21:5:9	rekey	也	0.9996
vol01:21:6:9	vol01:21:6:10	rekey	卽	0.9996
vol01:21:6:10	vol01:21:6:11	rekey	韓	0.9995
vol01:21:6:11	vol01:21:6:12	rekey	柳	0.9994
vol01:21:6:12	vol01:21:6:13	rekey	歐	0.9996
vol01:21:6:13	vol01:21:6:14	rekey	蘇	0.9996
vol01:21:6:14	vol01:21:6:15	rekey	諸	0.9994
vol01:21:6:15	vol01:21:6:16	rekey	大	0.9993
vol01:21:6:16	vol01:21:6:17	rekey	家	0.9996
vol01:21:6:17	vol01:21:6:18	rekey	亦	0.9993
vol01:21:6:18	vol01:21:6:19	rekey	正	0.9996
vol01:21:6:19	vol01:21:6:20	rekey	集	0.9993
vol01:21:6:20	vol01:21:6:21	rekey	所	0.9996
vol01:21:6:2	vol01:21:6:3	rekey	諸	0.9994
vol01:21:6:3	vol01:21:6:4	rekey	儒	0.9992
vol01:21:6:4	vol01:21:6:5	rekey	所	0.9995
vol01:21:6:5	vol01:21:6:6	rekey	必	0.9994
vol01:21:6:6	vol01:21:6:7	rekey	不	0.9995
vol01:21:6:7	vol01:21:6:8	rekey	肯	0.9996
vol01:21:6:8	vol01:21:6:9	rekey	爲	0.9996
vol01:21:7:9	vol01:21:7:10	rekey	文	0.9997
vol01:21:7:10	vol01:21:7:11	rekey	柳	0.9996
vol01:21:7:11	vol01:21:7:12	rekey	宗	0.9996
vol01:21:7:12	vol01:21:7:13	rekey	元	0.9995
vol01:21:7:13	vol01:21:7:14	rekey	之	0.9997
vol01:21:7:14	vol01:21:7:15	rekey	乞	0.9994
vol01:21:7:15	vol01:21:7:16	rekey	巧	0.9996
vol01:21:7:16	vol01:21:7:17	rekey	文	0.9994
vol01:21:7:17	vol01:21:7:18	rekey	此	0.9997
vol01:21:7:18	vol01:21:7:19	rekey	乃	0.9997
vol01:21:7:1	vol01:21:7:2	rekey	未	0.9995
vol01:21:7:19	vol01:21:7:20	rekey	擬	0.9995
vol01:21:7:20	vol01:21:7:21	rekey	托	0.9996
vol01:21:7:2	vol01:21:7:3	rekey	見	0.9994
vol01:21:7:3	vol01:21:7:4	rekey	若	0.9996
vol01:21:7:4	vol01:21:7:5	rekey	韓	0.9995
vol01:21:7:6	vol01:21:7:7	rekey	之	0.9997
vol01:21:7:7	vol01:21:7:8	rekey	送	0.9995
vol01:21:8:9	vol01:21:8:10	rekey	借	0.9995
vol01:21:8:10	vol01:21:8:11	rekey	以	0.9998
vol01:21:8:11	vol01:21:8:12	rekey	喻	0.9993
vol01:21:8:12	vol01:21:8:13	rekey	言	0.9992
vol01:21:8:13	vol01:21:8:14	rekey	並	0.9995
vol01:21:8:14	vol01:21:8:15	rekey	非	0.9986
vol01:21:8:15	vol01:21:8:16	rekey	實	0.9989
vol01:21:8:16	vol01:21:8:17	rekey	有	0.9995
vol01:21:8:17	vol01:21:8:18	rekey	其	0.9995
vol01:21:8:18	vol01:21:8:19	rekey	事	0.9996
vol01:21:8:1	vol01:21:8:2	rekey	神	0.9995
vol01:21:8:19	vol01:21:8:20	rekey	偶	0.9995
vol01:21:8:2	vol01:21:8:3	rekey	靈	0.9993
vol01:21:8:3	vol01:21:8:4	rekey	游	0.9993
vol01:21:8:4	vol01:21:8:5	rekey	戲	0.9993
vol01:21:8:5	vol01:21:8:6	rekey	翰	0.9994
vol01:21:8:6	vol01:21:8:7	rekey	墨	0.9993
vol01:21:8:7	vol01:21:8:8	rekey	不	0.9996
vol01:21:8:8	vol01:21:8:9	rekey	過	0.9993
vol01:21:9:9	vol01:21:9:10	rekey	時	0.9993
vol01:21:9:10	vol01:21:9:11	rekey	文	0.9994
vol01:21:9:11	vol01:21:9:12	rekey	爲	0.9993
vol01:21:9:12	vol01:21:9:13	rekey	舉	0.9994
vol01:21:9:13	vol01:21:9:14	rekey	業	0.9995
vol01:21:9:14	vol01:21:9:15	rekey	所	0.9995
vol01:21:9:15	vol01:21:9:16	rekey	習	0.9995
vol01:21:9:16	vol01:21:9:17	rekey	自	0.9997
vol01:21:9:17	vol01:21:9:18	rekey	前	0.9995
vol01:21:9:18	vol01:21:9:19	rekey	明	0.9995
vol01:21:9:1	vol01:21:9:2	rekey	爲	0.9994
vol01:21:9:19	vol01:21:9:20	rekey	以	0.9996
vol01:21:9:20	vol01:21:9:21	rekey	來	0.9997
vol01:21:9:2	vol01:21:9:3	rekey	之	0.9998
vol01:21:9:4	vol01:21:9:5	rekey	屬	0.9994
vol01:21:9:5	vol01:21:9:6	rekey	無	0.9994
vol01:21:9:6	vol01:21:9:7	rekey	害	0.9997
vol01:21:9:7	vol01:21:9:8	rekey	又	0.9995
vol01:21:9:8	vol01:21:9:9	rekey	如	0.9995
vol01:22:1:9	vol01:22:1:10	rekey	亦	0.9996
vol01:22:1:12	vol01:22:1:13	rekey	聽	0.9996
vol01:22:1:13	vol01:22:1:14	rekey	其	0.9995
vol01:22:1:14	vol01:22:1:15	rekey	另	0.9996
vol01:22:1:15	vol01:22:1:16	rekey	集	0.9993
vol01:22:1:16	vol01:22:1:17	rekey	專	0.9993
vol01:22:1:17	vol01:22:1:18	rekey	行	0.9994
vol01:22:1:19	vol01:22:1:20	rekey	並	0.9992
vol01:22:1:20	vol01:22:1:21	rekey	登	0.9992
vol01:22:1:6	vol01:22:1:7	rekey	甚	0.9994
vol01:22:1:7	vol01:22:1:8	rekey	多	0.9996
vol01:22:1:8	vol01:22:1:9	rekey	然	0.9993
vol01:22:2:9	vol01:22:2:10	rekey	典	0.9995
vol01:22:2:10	vol01:22:2:11	rekey	則	0.9996
vol01:22:2:11	vol01:22:2:12	rekey	者	0.9995
vol01:22:2:12	vol01:22:2:13	rekey	乎	0.9996
vol01:22:2:13	vol01:22:2:14	rekey	再	0.9995
vol01:22:2:14	vol01:22:2:15	rekey	所	0.9995
vol01:22:2:15	vol01:22:2:16	rekey	進	0.9994
vol01:22:2:16	vol01:22:2:17	rekey	書	0.9997
vol01:22:2:17	vol01:22:2:18	rekey	内	0.9994
vol01:22:2:18	vol01:22:2:19	rekey	有	0.9997
vol01:22:2:1	vol01:22:2:2	rekey	文	0.9996
vol01:22:2:19	vol01:22:2:20	rekey	擬	0.9994
vol01:22:2:20	vol01:22:2:21	rekey	請	0.9994
vol01:22:2:2	vol01:22:2:3	rekey	集	0.9995
vol01:22:2:3	vol01:22:2:4	rekey	况	0.9994
vol01:22:2:4	vol01:22:2:5	rekey	青	0.9994
vol01:22:2:5	vol01:22:2:6	rekey	詞	0.9996
vol01:22:2:6	vol01:22:2:7	rekey	之	0.9997
vol01:22:2:7	vol01:22:2:8	rekey	尤	0.9995
vol01:22:2:8	vol01:22:2:9	rekey	乖	0.9995
vol01:22:3:9	vol01:22:3:10	rekey	内	0.9996
vol01:22:3:10	vol01:22:3:11	rekey	如	0.9996
vol01:22:3:11	vol01:22:3:12	rekey	論	0.9994
vol01:22:3:12	vol01:22:3:13	rekey	和	0.9996
vol01:22:3:13	vol01:22:3:14	rekey	戰	0.9995
vol01:22:3:14	vol01:22:3:15	rekey	守	0.9994
vol01:22:3:15	vol01:22:3:16	rekey	疏	0.9996
vol01:22:3:16	vol01:22:3:17	rekey	及	0.9994
vol01:22:3:17	vol01:22:3:18	rekey	上	0.9993
vol01:22:3:18	vol01:22:3:19	rekey	宋	0.9997
vol01:22:3:1	vol01:22:3:2	rekey	抄	0.9997
vol01:22:3:19	vol01:22:3:20	rekey	孝	0.9995
vol01:22:3:20	vol01:22:3:21	rekey	宗	0.9997
vol01:22:3:2	vol01:22:3:3	rekey	錄	0.9993
vol01:22:3:3	vol01:22:3:4	rekey	之	0.9996
vol01:22:3:4	vol01:22:3:5	rekey	王	0.9996
vol01:22:3:5	vol01:22:3:6	rekey	質	0.9993
vol01:22:3:6	vol01:22:3:7	rekey	雪	0.9993
vol01:22:3:7	vol01:22:3:8	rekey	山	0.9997
vol01:22:3:8	vol01:22:3:9	rekey	集	0.9997
vol01:22:4:9	vol01:22:4:10	rekey	當	0.9996
vol01:22:4:10	vol01:22:4:11	rekey	事	0.9993
vol01:22:4:11	vol01:22:4:12	rekey	理	0.9995
vol01:22:4:12	vol01:22:4:13	rekey	竟	0.9995
vol01:22:4:13	vol01:22:4:14	rekey	宜	0.9996
vol01:22:4:14	vol01:22:4:15	rekey	付	0.9996
vol01:22:4:15	vol01:22:4:16	rekey	之	0.9997
vol01:22:4:16	vol01:22:4:17	rekey	剞	0.9994
vol01:22:4:17	vol01:22:4:18	rekey	劂	0.9993
vol01:22:4:18	vol01:22:4:19	rekey	但	0.9996
vol01:22:4:1	vol01:22:4:2	rekey	書	0.9995
vol01:22:4:19	vol01:22:4:20	rekey	其	0.9995
vol01:22:4:20	vol01:22:4:21	rekey	中	0.9998
vol01:22:4:2	vol01:22:4:3	rekey	諸	0.9995
vol01:22:4:3	vol01:22:4:4	rekey	篇	0.9996
vol01:22:4:4	vol01:22:4:5	rekey	詞	0.9995
vol01:22:4:6	vol01:22:4:7	rekey	剴	0.9995
vol01:22:4:7	vol01:22:4:8	rekey	切	0.9997
vol01:22:4:8	vol01:22:4:9	rekey	頗	0.9995
vol01:22:5:10	vol01:22:5:11	rekey	律	0.9996
vol01:22:5:11	vol01:22:5:12	rekey	從	0.9996
vol01:22:5:12	vol01:22:5:13	rekey	刪	0.9993
vol01:22:5:13	vol01:22:5:14	rekey	所	0.9995
vol01:22:5:14	vol01:22:5:15	rekey	有	0.9997
vol01:22:5:15	vol01:22:5:16	rekey	此	0.9996
vol01:22:5:16	vol01:22:5:17	rekey	二	0.9994
vol01:22:5:1	vol01:22:5:2	rekey	亦	0.9995
vol01:22:5:19	vol01:22:5:20	rekey	交	0.9996
vol01:22:5:2	vol01:22:5:3	rekey	有	0.9995
vol01:22:5:3	vol01:22:5:4	rekey	青	0.9995
vol01:22:5:4	vol01:22:5:5	rekey	詞	0.9997
vol01:22:5:5	vol01:22:5:6	rekey	一	0.9999
vol01:22:5:6	vol01:22:5:7	rekey	種	0.9994
vol01:22:5:7	vol01:22:5:8	rekey	並	0.9994
vol01:22:5:8	vol01:22:5:9	rekey	當	0.9996
vol01:22:6:11	vol01:22:6:12	rekey	存	0.9994
vol01:22:6:12	vol01:22:6:13	rekey	用	0.9997
vol01:22:6:13	vol01:22:6:14	rekey	昭	0.9995
vol01:22:6:14	vol01:22:6:15	rekey	評	0.9996
vol01:22:6:15	vol01:22:6:16	rekey	騭	0.9994
vol01:22:6:16	vol01:22:6:17	rekey	之	0.9998
vol01:22:6:17	vol01:22:6:18	rekey	允	0.9996
vol01:22:6:18	vol01:22:6:19	rekey	至	0.9996
vol01:22:6:1	vol01:22:6:2	rekey	總	0.9993
vol01:22:6:19	vol01:22:6:20	rekey	現	0.9996
vol01:22:6:20	vol01:22:6:21	rekey	在	0.9993
vol01:22:6:2	vol01:22:6:3	rekey	裁	0.9994
vol01:22:6:3	vol01:22:6:4	rekey	等	0.9997
vol01:22:6:5	vol01:22:6:6	rekey	加	0.9994
vol01:22:6:6	vol01:22:6:7	rekey	釐	0.9993
vol01:22:6:7	vol01:22:6:8	rekey	正	0.9993
vol01:22:7:9	vol01:22:7:10	rekey	計	0.9994
vol01:22:7:10	vol01:22:7:11	rekey	盈	0.9996
vol01:22:7:11	vol01:22:7:12	rekey	數	0.9996
vol01:22:7:12	vol01:22:7:13	rekey	萬	0.9997
vol01:22:7:13	vol01:22:7:14	rekey	所	0.9994
vol01:22:7:14	vol01:22:7:15	rekey	採	0.9994
vol01:22:7:15	vol01:22:7:16	rekey	詩	0.9991
vol01:22:7:17	vol01:22:7:18	rekey	既	0.9994
vol01:22:7:1	vol01:22:7:2	rekey	纂	0.9994
vol01:22:7:19	vol01:22:7:20	rekey	自	0.9997
vol01:22:7:20	vol01:22:7:21	rekey	不	0.9996
vol01:22:7:2	vol01:22:7:3	rekey	輯	0.9995
vol01:22:7:3	vol01:22:7:4	rekey	四	0.9996
vol01:22:7:4	vol01:22:7:5	rekey	庫	0.9997
vol01:22:7:5	vol01:22:7:6	rekey	全	0.9995
vol01:22:7:6	vol01:22:7:7	rekey	書	0.9995
vol01:22:7:7	vol01:22:7:8	rekey	部	0.9994
vol01:22:7:8	vol01:22:7:9	rekey	帙	0.9994
vol01:22:8:9	vol01:22:8:10	rekey	大	0.9994
vol01:22:8:10	vol01:22:8:11	rekey	端	0.9992
vol01:22:8:11	vol01:22:8:12	rekey	可	0.9995
vol01:22:8:12	vol01:22:8:13	rekey	取	0.9996
vol01:22:8:13	vol01:22:8:14	rekey	原	0.9994
vol01:22:8:14	vol01:22:8:15	rekey	不	0.9996
vol01:22:8:16	vol01:22:8:17	rekey	棄	0.9993
vol01:22:8:17	vol01:22:8:18	rekey	瑕	0.9996
vol01:22:8:1	vol01:22:8:2	rekey	能	0.9993
vol01:22:8:19	vol01:22:8:20	rekey	瑜	0.9995
vol01:22:8:20	vol01:22:8:21	rekey	如	0.9996
vol01:22:8:2	vol01:22:8:3	rekey	必	0.9996
vol01:22:8:3	vol01:22:8:4	rekey	其	0.9995
vol01:22:8:4	vol01:22:8:5	rekey	通	0.9996
vol01:22:8:5	vol01:22:8:6	rekey	體	0.9994
vol01:22:8:6	vol01:22:8:7	rekey	完	0.9997
vol01:22:8:7	vol01:22:8:8	rekey	善	0.9993
vol01:22:8:8	vol01:22:8:9	rekey	或	0.9993
vol01:22:9:9	vol01:22:9:10	rekey	記	0.9996
vol01:22:9:10	vol01:22:9:11	rekey	語	0.9994
vol01:22:9:11	vol01:22:9:12	rekey	多	0.9996
vol01:22:9:14	vol01:22:9:15	rekey	謬	0.9992
vol01:22:9:15	vol01:22:9:16	rekey	於	0.9994
vol01:22:9:16	vol01:22:9:17	rekey	是	0.9996
vol01:22:9:17	vol01:22:9:18	rekey	非	0.9992
vol01:22:9:18	vol01:22:9:19	rekey	大	0.9995
vol01:22:9:19	vol01:22:9:20	rekey	義	0.9995
vol01:22:9:20	vol01:22:9:21	rekey	在	0.9994
vol01:22:9:2	vol01:22:9:3	rekey	穆	0.9993
vol01:22:9:3	vol01:22:9:4	rekey	修	0.9979
vol01:22:9:5	vol01:22:9:6	rekey	有	0.9997
vol01:22:9:6	vol01:22:9:7	rekey	曹	0.9994
vol01:22:9:7	vol01:22:9:8	rekey	操	0.9993
vol01:22:9:8	vol01:22:9:9	rekey	帳	0.9996
vol01:23:1:9	vol01:23:1:10	rekey	存	0.9998
vol01:23:1:10	vol01:23:1:11	rekey	亦	0.9996
vol01:23:1:11	vol01:23:1:12	rekey	不	0.9993
vol01:23:1:12	vol01:23:1:13	rekey	必	0.9997
vol01:23:1:13	vol01:23:1:14	rekey	因	0.9995
vol01:23:1:14	vol01:23:1:15	rekey	此	0.9994
vol01:23:1:15	vol01:23:1:16	rekey	以	0.9997
vol01:23:1:16	vol01:23:1:17	rekey	廢	0.9995
vol01:23:1:17	vol01:23:1:18	rekey	彼	0.9996
vol01:23:1:18	vol01:23:1:19	rekey	惟	0.9993
vol01:23:1:1	vol01:23:1:2	rekey	所	0.9995
vol01:23:1:2	vol01:23:1:3	rekey	必	0.9996
vol01:23:1:3	vol01:23:1:4	rekey	刪	0.9997
vol01:23:1:4	vol01:23:1:5	rekey	而	0.9997
vol01:23:1:5	vol01:23:1:6	rekey	全	0.9991
vol01:23:1:6	vol01:23:1:7	rekey	集	0.9995
vol01:23:1:7	vol01:23:1:8	rekey	或	0.9997
vol01:23:1:8	vol01:23:1:9	rekey	錄	0.9994
vol01:23:2:9	vol01:23:2:10	rekey	去	0.9997
vol01:23:2:10	vol01:23:2:11	rekey	取	0.9995
vol01:23:2:11	vol01:23:2:12	rekey	之	0.9995
vol01:23:2:12	vol01:23:2:13	rekey	義	0.9996
vol01:23:2:13	vol01:23:2:14	rekey	曉	0.9992
vol01:23:2:14	vol01:23:2:15	rekey	然	0.9996
vol01:23:2:15	vol01:23:2:16	rekey	諸	0.9995
vol01:23:2:16	vol01:23:2:17	rekey	凡	0.9998
vol01:23:2:17	vol01:23:2:18	rekey	相	0.9997
vol01:23:2:18	vol01:23:2:19	rekey	類	0.9993
vol01:23:2:1	vol01:23:2:2	rekey	提	0.9995
vol01:23:2:4	vol01:23:2:5	rekey	闡	0.9998
vol01:23:2:5	vol01:23:2:6	rekey	明	0.9997
vol01:23:2:6	vol01:23:2:7	rekey	其	0.9995
vol01:23:2:7	vol01:23:2:8	rekey	故	0.9996
vol01:23:2:8	vol01:23:2:9	rekey	使	0.9993
vol01:23:3:9	vol01:23:3:10	rekey	等	0.9999
vol01:23:3:10	vol01:23:3:11	rekey	務	0.9995
vol01:23:3:11	vol01:23:3:12	rekey	須	0.9995
vol01:23:3:12	vol01:23:3:13	rekey	詳	0.9992
vol01:23:3:13	vol01:23:3:14	rekey	慎	0.9996
vol01:23:3:14	vol01:23:3:15	rekey	决	0.9995
vol01:23:3:15	vol01:23:3:16	rekey	擇	0.9995
vol01:23:3:16	vol01:23:3:17	rekey	使	0.9995
vol01:23:3:17	vol01:23:3:18	rekey	羣	0.9997
vol01:23:3:18	vol01:23:3:19	rekey	言	0.9995
vol01:23:3:2	vol01:23:3:3	rekey	照	0.9997
vol01:23:3:3	vol01:23:3:4	rekey	此	0.9996
vol01:23:3:4	vol01:23:3:5	rekey	辦	0.9996
vol01:23:3:5	vol01:23:3:6	rekey	理	0.9994
vol01:23:3:6	vol01:23:3:7	rekey	該	0.9994
vol01:23:3:7	vol01:23:3:8	rekey	總	0.9995
vol01:23:3:8	vol01:23:3:9	rekey	裁	0.9996
vol01:23:4:9	vol01:23:4:10	rekey	之	0.9998
vol01:23:4:10	vol01:23:4:11	rekey	意	0.9998
vol01:23:4:11	vol01:23:4:12	rekey	欽	0.9992
vol01:23:4:12	vol01:23:4:13	rekey	此	0.9997
vol01:23:4:1	vol01:23:4:2	rekey	雅	0.9993
vol01:23:4:2	vol01:23:4:3	rekey	正	0.9993
vol01:23:4:3	vol01:23:4:4	rekey	副	0.9995
vol01:23:4:4	vol01:23:4:5	rekey	朕	0.9996
vol01:23:4:5	vol01:23:4:6	rekey	鑑	0.9994
vol01:23:4:6	vol01:23:4:7	rekey	古	0.9996
vol01:23:4:7	vol01:23:4:8	rekey	斥	0.9997
vol01:23:4:8	vol01:23:4:9	rekey	邪	0.9997
vol01:23:5:9	vol01:23:5:10	rekey	月	0.9996
vol01:23:5:10	vol01:23:5:11	rekey	初	0.9997
vol01:23:5:11	vol01:23:5:12	rekey	一	1.0
vol01:23:5:12	vol01:23:5:13	rekey	日	0.9998
vol01:23:5:13	vol01:23:5:14	rekey	奉	0.9997
vol01:23:5:2	vol01:23:5:3	rekey	乾	0.9997
vol01:23:5:3	vol01:23:5:4	rekey	隆	0.9994
vol01:23:5:4	vol01:23:5:5	rekey	四	0.9997
vol01:23:5:5	vol01:23:5:6	rekey	十	0.9998
vol01:23:5:6	vol01:23:5:7	rekey	一	1.0
vol01:23:5:7	vol01:23:5:8	rekey	年	0.9997
vol01:23:5:8	vol01:23:5:9	rekey	六	0.9996
vol01:23:6:9	vol01:23:6:10	rekey	集	0.9996
vol01:23:6:10	vol01:23:6:11	rekey	永	0.9998
vol01:23:6:11	vol01:23:6:12	rekey	樂	0.9996
vol01:23:6:12	vol01:23:6:13	rekey	大	0.9995
vol01:23:6:13	vol01:23:6:14	rekey	典	0.9996
vol01:23:6:14	vol01:23:6:15	rekey	散	0.9996
vol01:23:6:15	vol01:23:6:16	rekey	篇	0.9994
vol01:23:6:16	vol01:23:6:17	rekey	内	0.9996
vol01:23:6:17	vol01:23:6:18	rekey	有	0.9995
vol01:23:6:18	vol01:23:6:19	rekey	麟	0.9994
vol01:23:6:1	vol01:23:6:2	rekey	諭	0.9995
vol01:23:6:2	vol01:23:6:3	rekey	昨	0.9997
vol01:23:6:3	vol01:23:6:4	rekey	四	0.9998
vol01:23:6:4	vol01:23:6:5	rekey	庫	0.9996
vol01:23:6:5	vol01:23:6:6	rekey	館	0.9996
vol01:23:6:6	vol01:23:6:7	rekey	進	0.9997
vol01:23:6:7	vol01:23:6:8	rekey	呈	0.9996
vol01:23:6:8	vol01:23:6:9	rekey	裒	0.9996
vol01:23:7:9	vol01:23:7:10	rekey	俱	0.9996
vol01:23:7:10	vol01:23:7:11	rekey	撰	0.9994
vol01:23:7:11	vol01:23:7:12	rekey	具	0.9994
vol01:23:7:12	vol01:23:7:13	rekey	詳	0.9996
vol01:23:7:13	vol01:23:7:14	rekey	當	0.9997
vol01:23:7:14	vol01:23:7:15	rekey	時	0.9995
vol01:23:7:15	vol01:23:7:16	rekey	館	0.9996
vol01:23:7:16	vol01:23:7:17	rekey	閣	0.9995
vol01:23:7:17	vol01:23:7:18	rekey	之	0.9997
vol01:23:7:18	vol01:23:7:19	rekey	制	0.9996
vol01:23:7:1	vol01:23:7:2	rekey	事	0.9994
vol01:23:7:2	vol01:23:7:3	rekey	一	0.9999
vol01:23:7:3	vol01:23:7:4	rekey	編	0.9994
vol01:23:7:4	vol01:23:7:5	rekey	爲	0.9995
vol01:23:7:5	vol01:23:7:6	rekey	宋	0.9996
vol01:23:7:6	vol01:23:7:7	rekey	待	0.9995
vol01:23:7:7	vol01:23:7:8	rekey	制	0.9997
vol01:23:7:8	vol01:23:7:9	rekey	程	0.9996
vol01:23:8:9	vol01:23:8:10	rekey	以	0.9998
vol01:23:8:10	vol01:23:8:11	rekey	執	0.9996
vol01:23:8:11	vol01:23:8:12	rekey	政	0.9998
vol01:23:8:12	vol01:23:8:13	rekey	領	0.9995
vol01:23:8:13	vol01:23:8:14	rekey	閣	0.9998
vol01:23:8:14	vol01:23:8:15	rekey	事	0.9995
vol01:23:8:15	vol01:23:8:16	rekey	又	0.9998
vol01:23:8:18	vol01:23:8:19	rekey	秘	0.9993
vol01:23:8:1	vol01:23:8:2	rekey	典	0.9994
vol01:23:8:2	vol01:23:8:3	rekey	掌	0.9994
vol01:23:8:3	vol01:23:8:4	rekey	三	0.9995
vol01:23:8:4	vol01:23:8:5	rekey	館	0.9997
vol01:23:8:5	vol01:23:8:6	rekey	秘	0.9994
vol01:23:8:6	vol01:23:8:7	rekey	閣	0.9997
vol01:23:8:7	vol01:23:8:8	rekey	書	0.9996
vol01:23:8:8	vol01:23:8:9	rekey	籍	0.9994
vol01:23:9:9	vol01:23:9:10	rekey	備	0.9997
vol01:23:9:10	vol01:23:9:11	rekey	方	0.9997
vol01:23:9:11	vol01:23:9:12	rekey	今	0.9997
vol01:23:9:12	vol01:23:9:13	rekey	蒐	0.9996
vol01:23:9:13	vol01:23:9:14	rekey	羅	0.9996
vol01:23:9:14	vol01:23:9:15	rekey	遺	0.9997
vol01:23:9:15	vol01:23:9:16	rekey	籍	0.9995
vol01:23:9:17	vol01:23:9:18	rekey	爲	0.9997
vol01:23:9:18	vol01:23:9:19	rekey	四	0.9996
vol01:23:9:1	vol01:23:9:2	rekey	閣	0.9997
vol01:23:9:2	vol01:23:9:3	rekey	校	0.9994
vol01:23:9:3	vol01:23:9:4	rekey	理	0.9996
vol01:23:9:4	vol01:23:9:5	rekey	等	0.9994
vol01:23:9:5	vol01:23:9:6	rekey	官	0.9996
vol01:23:9:6	vol01:23:9:7	rekey	頗	0.9995
vol01:23:9:7	vol01:23:9:8	rekey	稱	0.9996
vol01:23:9:8	vol01:23:9:9	rekey	賅	0.9994
vol01:24:1:9	vol01:24:1:10	rekey	披	0.9999
vol01:24:1:10	vol01:24:1:11	rekey	閱	0.9996
vol01:24:1:11	vol01:24:1:12	rekey	釐	0.9994
vol01:24:1:12	vol01:24:1:13	rekey	正	0.9996
vol01:24:1:13	vol01:24:1:14	rekey	特	0.9996
vol01:24:1:14	vol01:24:1:15	rekey	於	0.9998
vol01:24:1:15	vol01:24:1:16	rekey	文	0.9997
vol01:24:1:16	vol01:24:1:17	rekey	華	0.9996
vol01:24:1:17	vol01:24:1:18	rekey	殿	0.9993
vol01:24:1:18	vol01:24:1:19	rekey	後	0.9993
vol01:24:1:1	vol01:24:1:2	rekey	書	0.9995
vol01:24:1:19	vol01:24:1:20	rekey	文	0.9996
vol01:24:1:20	vol01:24:1:21	rekey	淵	0.9997
vol01:24:1:2	vol01:24:1:3	rekey	每	0.9995
vol01:24:1:3	vol01:24:1:4	rekey	輯	0.9994
vol01:24:1:4	vol01:24:1:5	rekey	錄	0.9994
vol01:24:1:5	vol01:24:1:6	rekey	奏	0.9994
vol01:24:1:6	vol01:24:1:7	rekey	進	0.9996
vol01:24:1:7	vol01:24:1:8	rekey	朕	0.9993
vol01:24:1:8	vol01:24:1:9	rekey	親	0.9994
vol01:24:2:9	vol01:24:2:10	rekey	昭	0.9996
vol01:24:2:10	vol01:24:2:11	rekey	文	0.9998
vol01:24:2:11	vol01:24:2:12	rekey	治	0.9998
vol01:24:2:12	vol01:24:2:13	rekey	淵	0.9994
vol01:24:2:13	vol01:24:2:14	rekey	海	0.9995
vol01:24:2:14	vol01:24:2:15	rekey	縹	0.9996
vol01:24:2:15	vol01:24:2:16	rekey	緗	0.9996
vol01:24:2:16	vol01:24:2:17	rekey	蔚	0.9994
vol01:24:2:17	vol01:24:2:18	rekey	然	0.9996
vol01:24:2:18	vol01:24:2:19	rekey	稱	0.9996
vol01:24:2:1	vol01:24:2:2	rekey	閣	0.9996
vol01:24:2:19	vol01:24:2:20	rekey	盛	0.9996
vol01:24:2:20	vol01:24:2:21	rekey	苐	0.9996
vol01:24:2:2	vol01:24:2:3	rekey	弆	0.9995
vol01:24:2:3	vol01:24:2:4	rekey	之	0.9997
vol01:24:2:4	vol01:24:2:5	rekey	以	0.9997
vol01:24:2:5	vol01:24:2:6	rekey	充	0.9997
vol01:24:2:6	vol01:24:2:7	rekey	策	0.9997
vol01:24:2:7	vol01:24:2:8	rekey	府	0.9995
vol01:24:2:8	vol01:24:2:9	rekey	而	0.9995
vol01:24:3:9	vol01:24:3:10	rekey	學	0.9995
vol01:24:3:10	vol01:24:3:11	rekey	士	0.9997
vol01:24:3:11	vol01:24:3:12	rekey	兼	0.9997
vol01:24:3:12	vol01:24:3:13	rekey	銜	0.9994
vol01:24:3:13	vol01:24:3:14	rekey	而	0.9995
vol01:24:3:14	vol01:24:3:15	rekey	非	0.9997
vol01:24:3:15	vol01:24:3:16	rekey	職	0.9996
vol01:24:3:16	vol01:24:3:17	rekey	掌	0.9994
vol01:24:3:17	vol01:24:3:18	rekey	在	0.9996
vol01:24:3:18	vol01:24:3:19	rekey	昔	0.9994
vol01:24:3:1	vol01:24:3:2	rekey	文	0.9997
vol01:24:3:19	vol01:24:3:20	rekey	並	0.9996
vol01:24:3:20	vol01:24:3:21	rekey	無	0.9981
vol01:24:3:2	vol01:24:3:3	rekey	淵	0.9997
vol01:24:3:3	vol01:24:3:4	rekey	閣	0.9994
vol01:24:3:4	vol01:24:3:5	rekey	國	0.9996
vol01:24:3:5	vol01:24:3:6	rekey	朝	0.9995
vol01:24:3:6	vol01:24:3:7	rekey	雖	0.9997
vol01:24:3:7	vol01:24:3:8	rekey	爲	0.9992
vol01:24:3:8	vol01:24:3:9	rekey	大	0.9995
vol01:24:4:9	vol01:24:4:10	rekey	琅	0.9998
vol01:24:4:10	vol01:24:4:11	rekey	函	0.9995
vol01:24:4:11	vol01:24:4:12	rekey	環	0.9996
vol01:24:4:12	vol01:24:4:13	rekey	列	0.9995
vol01:24:4:13	vol01:24:4:14	rekey	不	0.9997
vol01:24:4:14	vol01:24:4:15	rekey	可	0.9998
vol01:24:4:15	vol01:24:4:16	rekey	不	0.9997
vol01:24:4:16	vol01:24:4:17	rekey	設	0.9996
vol01:24:4:17	vol01:24:4:18	rekey	官	0.9996
vol01:24:4:18	vol01:24:4:19	rekey	兼	0.9996
vol01:24:4:1	vol01:24:4:2	rekey	其	0.9997
vol01:24:4:19	vol01:24:4:20	rekey	掌	0.9996
vol01:24:4:20	vol01:24:4:21	rekey	以	0.9995
vol01:24:4:2	vol01:24:4:3	rekey	地	0.9995
vol01:24:4:3	vol01:24:4:4	rekey	兹	0.9995
vol01:24:4:4	vol01:24:4:5	rekey	既	0.9995
vol01:24:4:5	vol01:24:4:6	rekey	崇	0.9994
vol01:24:4:6	vol01:24:4:7	rekey	構	0.9995
vol01:24:4:7	vol01:24:4:8	rekey	鼎	0.9996
vol01:24:4:8	vol01:24:4:9	rekey	新	0.9995
vol01:24:5:9	vol01:24:5:10	rekey	制	0.9999
vol01:24:5:10	vol01:24:5:11	rekey	設	0.9999
vol01:24:5:11	vol01:24:5:12	rekey	文	0.9999
vol01:24:5:12	vol01:24:5:13	rekey	淵	0.9993
vol01:24:5:13	vol01:24:5:14	rekey	閣	0.9996
vol01:24:5:14	vol01:24:5:15	rekey	領	0.9998
vol01:24:5:15	vol01:24:5:16	rekey	閣	0.9996
vol01:24:5:16	vol01:24:5:17	rekey	事	0.9997
vol01:24:5:17	vol01:24:5:18	rekey	總	0.9994
vol01:24:5:18	vol01:24:5:19	rekey	其	0.9994
vol01:24:5:1	vol01:24:5:2	rekey	副	0.9995
vol01:24:5:19	vol01:24:5:20	rekey	成	0.9996
vol01:24:5:20	vol01:24:5:21	rekey	其	0.9994
vol01:24:5:2	vol01:24:5:3	rekey	其	0.9997
vol01:24:5:3	vol01:24:5:4	rekey	實	0.9994
vol01:24:5:4	vol01:24:5:5	rekey	自	0.9999
vol01:24:5:5	vol01:24:5:6	rekey	宜	0.9997
vol01:24:5:6	vol01:24:5:7	rekey	酌	0.9998
vol01:24:5:7	vol01:24:5:8	rekey	衷	0.9997
vol01:24:5:8	vol01:24:5:9	rekey	宋	0.9996
vol01:24:6:9	vol01:24:6:10	rekey	掌	0.9996
vol01:24:6:10	vol01:24:6:11	rekey	又	0.9998
vol01:24:6:11	vol01:24:6:12	rekey	其	0.9994
vol01:24:6:13	vol01:24:6:14	rekey	爲	0.9995
vol01:24:6:14	vol01:24:6:15	rekey	校	0.9995
vol01:24:6:15	vol01:24:6:16	rekey	理	0.9996
vol01:24:6:16	vol01:24:6:17	rekey	分	0.9994
vol01:24:6:17	vol01:24:6:18	rekey	司	0.9996
vol01:24:6:18	vol01:24:6:19	rekey	註	0.9993
vol01:24:6:19	vol01:24:6:20	rekey	冊	0.9997
vol01:24:6:2	vol01:24:6:3	rekey	爲	0.9996
vol01:24:6:3	vol01:24:6:4	rekey	直	0.9997
vol01:24:6:4	vol01:24:6:5	rekey	閣	0.9995
vol01:24:6:5	vol01:24:6:6	rekey	事	0.9996
vol01:24:6:6	vol01:24:6:7	rekey	同	0.9994
vol01:24:6:7	vol01:24:6:8	rekey	司	0.9994
vol01:24:6:8	vol01:24:6:9	rekey	典	0.9995
vol01:24:7:9	vol01:24:7:10	rekey	時	0.9993
vol01:24:7:10	vol01:24:7:11	rekey	檢	0.9996
vol01:24:7:11	vol01:24:7:12	rekey	曝	0.9994
vol01:24:7:12	vol01:24:7:13	rekey	雖	0.9993
vol01:24:7:13	vol01:24:7:14	rekey	責	0.9994
vol01:24:7:14	vol01:24:7:15	rekey	之	0.9998
vol01:24:7:16	vol01:24:7:17	rekey	府	0.9996
vol01:24:7:17	vol01:24:7:18	rekey	官	0.9997
vol01:24:7:18	vol01:24:7:19	rekey	屬	0.9997
vol01:24:7:19	vol01:24:7:20	rekey	而	0.9996
vol01:24:7:2	vol01:24:7:3	rekey	所	0.9994
vol01:24:7:3	vol01:24:7:4	rekey	有	0.9993
vol01:24:7:4	vol01:24:7:5	rekey	閣	0.9995
vol01:24:7:5	vol01:24:7:6	rekey	中	0.9996
vol01:24:7:6	vol01:24:7:7	rekey	書	0.9994
vol01:24:7:7	vol01:24:7:8	rekey	籍	0.9996
vol01:24:7:8	vol01:24:7:9	rekey	按	0.9994
vol01:24:8:9	vol01:24:8:10	rekey	下	0.9999
vol01:24:8:10	vol01:24:8:11	rekey	各	0.9998
vol01:24:8:11	vol01:24:8:12	rekey	任	0.9996
vol01:24:8:12	vol01:24:8:13	rekey	之	0.9998
vol01:24:8:13	vol01:24:8:14	rekey	於	0.9994
vol01:24:8:15	vol01:24:8:16	rekey	閣	0.9994
vol01:24:8:16	vol01:24:8:17	rekey	翰	0.9993
vol01:24:8:17	vol01:24:8:18	rekey	詹	0.9994
vol01:24:8:18	vol01:24:8:19	rekey	衙	0.9996
vol01:24:8:1	vol01:24:8:2	rekey	切	0.9997
vol01:24:8:19	vol01:24:8:20	rekey	門	0.9999
vol01:24:8:2	vol01:24:8:3	rekey	職	0.9996
vol01:24:8:3	vol01:24:8:4	rekey	掌	0.9996
vol01:24:8:4	vol01:24:8:5	rekey	則	0.9997
vol01:24:8:5	vol01:24:8:6	rekey	領	0.9995
vol01:24:8:6	vol01:24:8:7	rekey	閣	0.9997
vol01:24:8:7	vol01:24:8:8	rekey	事	0.9997
vol01:24:8:8	vol01:24:8:9	rekey	以	0.9997
vol01:24:9:9	vol01:24:9:10	rekey	員	0.9997
vol01:24:9:10	vol01:24:9:11	rekey	及	0.9997
vol01:24:9:11	vol01:24:9:12	rekey	以	0.9998
vol01:24:9:12	vol01:24:9:13	rekey	何	0.9996
vol01:24:9:13	vol01:24:9:14	rekey	官	0.9998
vol01:24:9:14	vol01:24:9:15	rekey	兼	0.9996
vol01:24:9:15	vol01:24:9:16	rekey	充	0.9997
vol01:24:9:16	vol01:24:9:17	rekey	著	0.9993
vol01:24:9:17	vol01:24:9:18	rekey	大	0.9996
vol01:24:9:18	vol01:24:9:19	rekey	學	0.9997
vol01:24:9:1	vol01:24:9:2	rekey	兼	0.9997
vol01:24:9:19	vol01:24:9:20	rekey	士	0.9998
vol01:24:9:20	vol01:24:9:21	rekey	會	0.9958
vol01:24:9:2	vol01:24:9:3	rekey	用	0.9994
vol01:24:9:3	vol01:24:9:4	rekey	其	0.9995
vol01:24:9:4	vol01:24:9:5	rekey	每	0.9996
vol01:24:9:5	vol01:24:9:6	rekey	銜	0.9996
vol01:24:9:6	vol01:24:9:7	rekey	應	0.9994
vol01:24:9:7	vol01:24:9:8	rekey	設	0.9992
vol01:24:9:8	vol01:24:9:9	rekey	幾	0.9994
vol01:25:1:9	vol01:25:1:10	rekey	列	0.9994
vol01:25:1:10	vol01:25:1:11	rekey	名	0.9994
vol01:25:1:11	vol01:25:1:12	rekey	具	0.9995
vol01:25:1:12	vol01:25:1:13	rekey	奏	0.9995
vol01:25:1:13	vol01:25:1:14	rekey	候	0.9995
vol01:25:1:14	vol01:25:1:15	rekey	朕	0.9994
vol01:25:1:15	vol01:25:1:16	rekey	簡	0.9995
vol01:25:1:16	vol01:25:1:17	rekey	定	0.9997
vol01:25:1:17	vol01:25:1:18	rekey	令	0.9997
vol01:25:1:18	vol01:25:1:19	rekey	各	0.9995
vol01:25:1:1	vol01:25:1:2	rekey	同	0.9995
vol01:25:1:20	vol01:25:1:21	rekey	職	0.9992
vol01:25:1:2	vol01:25:1:3	rekey	吏	0.9998
vol01:25:1:3	vol01:25:1:4	rekey	部	0.9995
vol01:25:1:4	vol01:25:1:5	rekey	翰	0.9994
vol01:25:1:5	vol01:25:1:6	rekey	林	0.9993
vol01:25:1:6	vol01:25:1:7	rekey	院	0.9992
vol01:25:1:7	vol01:25:1:8	rekey	定	0.9996
vol01:25:1:8	vol01:25:1:9	rekey	議	0.9994
vol01:25:2:9	vol01:25:2:10	rekey	用	0.9994
vol01:25:2:10	vol01:25:2:11	rekey	垂	0.9994
vol01:25:2:11	vol01:25:2:12	rekey	久	0.9994
vol01:25:2:12	vol01:25:2:13	rekey	遠	0.9994
vol01:25:2:13	vol01:25:2:14	rekey	至	0.9993
vol01:25:2:14	vol01:25:2:15	rekey	於	0.9993
vol01:25:2:15	vol01:25:2:16	rekey	四	0.9993
vol01:25:2:16	vol01:25:2:17	rekey	庫	0.9996
vol01:25:2:17	vol01:25:2:18	rekey	所	0.9995
vol01:25:2:18	vol01:25:2:19	rekey	集	0.9994
vol01:25:2:1	vol01:25:2:2	rekey	繫	0.9991
vol01:25:2:20	vol01:25:2:21	rekey	人	0.9997
vol01:25:2:2	vol01:25:2:3	rekey	銜	0.9992
vol01:25:2:3	vol01:25:2:4	rekey	將	0.9994
vol01:25:2:4	vol01:25:2:5	rekey	來	0.9992
vol01:25:2:5	vol01:25:2:6	rekey	卽	0.9995
vol01:25:2:6	vol01:25:2:7	rekey	爲	0.9991
vol01:25:2:7	vol01:25:2:8	rekey	定	0.9995
vol01:25:2:8	vol01:25:2:9	rekey	額	0.9992
vol01:25:3:9	vol01:25:3:10	rekey	採	0.9994
vol01:25:3:10	vol01:25:3:11	rekey	訪	0.9994
vol01:25:3:11	vol01:25:3:12	rekey	非	0.9992
vol01:25:3:12	vol01:25:3:13	rekey	徒	0.9993
vol01:25:3:13	vol01:25:3:14	rekey	廣	0.9996
vol01:25:3:14	vol01:25:3:15	rekey	金	0.9995
vol01:25:3:15	vol01:25:3:16	rekey	匱	0.9994
vol01:25:3:16	vol01:25:3:17	rekey	石	0.9997
vol01:25:3:17	vol01:25:3:18	rekey	室	0.9994
vol01:25:3:18	vol01:25:3:19	rekey	之	0.9997
vol01:25:3:1	vol01:25:3:2	rekey	間	0.9996
vol01:25:3:20	vol01:25:3:21	rekey	將	0.9996
vol01:25:3:2	vol01:25:3:3	rekey	未	0.9997
vol01:25:3:3	vol01:25:3:4	rekey	見	0.9996
vol01:25:3:4	vol01:25:3:5	rekey	之	0.9997
vol01:25:3:5	vol01:25:3:6	rekey	書	0.9993
vol01:25:3:6	vol01:25:3:7	rekey	朕	0.9994
vol01:25:3:7	vol01:25:3:8	rekey	勤	0.9992
vol01:25:3:8	vol01:25:3:9	rekey	加	0.9994
vol01:25:4:9	vol01:25:4:10	rekey	學	0.9991
vol01:25:4:10	vol01:25:4:11	rekey	公	0.9996
vol01:25:4:11	vol01:25:4:12	rekey	天	0.9993
vol01:25:4:12	vol01:25:4:13	rekey	下	0.9993
vol01:25:4:13	vol01:25:4:14	rekey	之	0.9995
vol01:25:4:14	vol01:25:4:15	rekey	好	0.9996
vol01:25:4:15	vol01:25:4:16	rekey	也	0.9995
vol01:25:4:16	vol01:25:4:17	rekey	惟	0.9993
vol01:25:4:17	vol01:25:4:18	rekey	是	0.9992
vol01:25:4:18	vol01:25:4:19	rekey	鐫	0.9994
vol01:25:4:1	vol01:25:4:2	rekey	以	0.9998
vol01:25:4:20	vol01:25:4:21	rekey	流	0.9994
vol01:25:4:2	vol01:25:4:3	rekey	嘉	0.9995
vol01:25:4:3	vol01:25:4:4	rekey	惠	0.9993
vol01:25:4:4	vol01:25:4:5	rekey	藝	0.9996
vol01:25:4:5	vol01:25:4:6	rekey	林	0.9992
vol01:25:4:7	vol01:25:4:8	rekey	牖	0.9993
vol01:25:4:8	vol01:25:4:9	rekey	後	0.9992
vol01:25:5:9	vol01:25:5:10	rekey	儲	0.9992
vol01:25:5:10	vol01:25:5:11	rekey	藏	0.9993
vol01:25:5:11	vol01:25:5:12	rekey	者	0.9996
vol01:25:5:12	vol01:25:5:13	rekey	外	0.9994
vol01:25:5:13	vol01:25:5:14	rekey	間	0.9996
vol01:25:5:14	vol01:25:5:15	rekey	仍	0.9997
vol01:25:5:15	vol01:25:5:16	rekey	無	0.9994
vol01:25:5:16	vol01:25:5:17	rekey	由	0.9995
vol01:25:5:17	vol01:25:5:18	rekey	窺	0.9995
vol01:25:5:18	vol01:25:5:19	rekey	覩	0.9995
vol01:25:5:1	vol01:25:5:2	rekey	傳	0.9984
vol01:25:5:20	vol01:25:5:21	rekey	朕	0.9992
vol01:25:5:2	vol01:25:5:3	rekey	僅	0.9996
vol01:25:5:3	vol01:25:5:4	rekey	什	0.9994
vol01:25:5:4	vol01:25:5:5	rekey	之	0.9998
vol01:25:5:5	vol01:25:5:6	rekey	一	1.0
vol01:25:5:6	vol01:25:5:7	rekey	而	0.9996
vol01:25:5:7	vol01:25:5:8	rekey	抄	0.9997
vol01:25:5:8	vol01:25:5:9	rekey	錄	0.9994
vol01:25:6:9	vol01:25:6:10	rekey	許	0.9993
vol01:25:6:10	vol01:25:6:11	rekey	讀	0.9994
vol01:25:6:11	vol01:25:6:12	rekey	中	0.9998
vol01:25:6:12	vol01:25:6:13	rekey	秘	0.9995
vol01:25:6:13	vol01:25:6:14	rekey	書	0.9997
vol01:25:6:15	vol01:25:6:16	rekey	大	0.9997
vol01:25:6:16	vol01:25:6:17	rekey	臣	0.9995
vol01:25:6:17	vol01:25:6:18	rekey	官	0.9995
vol01:25:6:18	vol01:25:6:19	rekey	員	0.9996
vol01:25:6:1	vol01:25:6:2	rekey	右	0.9998
vol01:25:6:20	vol01:25:6:21	rekey	有	0.9996
vol01:25:6:2	vol01:25:6:3	rekey	文	0.9997
vol01:25:6:3	vol01:25:6:4	rekey	本	0.9995
vol01:25:6:4	vol01:25:6:5	rekey	意	0.9991
vol01:25:6:5	vol01:25:6:6	rekey	乎	0.9994
vol01:25:6:6	vol01:25:6:7	rekey	翰	0.9993
vol01:25:6:7	vol01:25:6:8	rekey	林	0.9992
vol01:25:6:8	vol01:25:6:9	rekey	原	0.9993
vol01:25:7:9	vol01:25:7:10	rekey	之	0.9996
vol01:25:7:10	vol01:25:7:11	rekey	所	0.9995
vol01:25:7:11	vol01:25:7:12	rekey	司	0.9994
vol01:25:7:12	vol01:25:7:13	rekey	赴	0.9994
vol01:25:7:13	vol01:25:7:14	rekey	閣	0.9994
vol01:25:7:14	vol01:25:7:15	rekey	觀	0.9993
vol01:25:7:15	vol01:25:7:16	rekey	覽	0.9992
vol01:25:7:16	vol01:25:7:17	rekey	第	0.9995
vol01:25:7:17	vol01:25:7:18	rekey	不	0.9995
vol01:25:7:18	vol01:25:7:19	rekey	得	0.9995
vol01:25:7:1	vol01:25:7:2	rekey	嗜	0.9992
vol01:25:7:20	vol01:25:7:21	rekey	取	0.9996
vol01:25:7:2	vol01:25:7:3	rekey	古	0.9996
vol01:25:7:3	vol01:25:7:4	rekey	勤	0.9994
vol01:25:7:4	vol01:25:7:5	rekey	學	0.9995
vol01:25:7:5	vol01:25:7:6	rekey	者	0.9992
vol01:25:7:6	vol01:25:7:7	rekey	並	0.9994
vol01:25:7:7	vol01:25:7:8	rekey	許	0.9994
vol01:25:7:8	vol01:25:7:9	rekey	告	0.9993
vol01:25:8:9	vol01:25:8:10	rekey	何	0.9997
vol01:25:8:10	vol01:25:8:11	rekey	酌	0.9994
vol01:25:8:11	vol01:25:8:12	rekey	定	0.9996
vol01:25:8:12	vol01:25:8:13	rekey	章	0.9992
vol01:25:8:13	vol01:25:8:14	rekey	程	0.9992
vol01:25:8:14	vol01:25:8:15	rekey	並	0.9991
vol01:25:8:15	vol01:25:8:16	rekey	著	0.9994
vol01:25:8:16	vol01:25:8:17	rekey	具	0.9995
vol01:25:8:17	vol01:25:8:18	rekey	奏	0.9995
vol01:25:8:18	vol01:25:8:19	rekey	以	0.9996
vol01:25:8:1	vol01:25:8:2	rekey	出	0.9997
vol01:25:8:19	vol01:25:8:20	rekey	聞	0.9993
vol01:25:8:20	vol01:25:8:21	rekey	欽	0.9994
vol01:25:8:2	vol01:25:8:3	rekey	外	0.9994
vol01:25:8:3	vol01:25:8:4	rekey	致	0.9994
vol01:25:8:4	vol01:25:8:5	rekey	有	0.9994
vol01:25:8:5	vol01:25:8:6	rekey	損	0.9994
vol01:25:8:6	vol01:25:8:7	rekey	失	0.9995
vol01:25:8:7	vol01:25:8:8	rekey	其	0.9993
vol01:25:8:8	vol01:25:8:9	rekey	如	0.9994
vol01:25:9:1	vol01:25:9:2	rekey	此	0.9995
vol01:26:1:9	vol01:26:1:10	rekey	月	0.9996
vol01:26:1:10	vol01:26:1:11	rekey	二	0.9995
vol01:26:1:11	vol01:26:1:12	rekey	十	0.9997
vol01:26:1:12	vol01:26:1:13	rekey	六	0.9998
vol01:26:1:14	vol01:26:1:15	rekey	奉	0.9992
vol01:26:1:2	vol01:26:1:3	rekey	乾	0.998
vol01:26:1:3	vol01:26:1:4	rekey	隆	0.9992
vol01:26:1:4	vol01:26:1:5	rekey	四	0.9994
vol01:26:1:5	vol01:26:1:6	rekey	十	0.9998
vol01:26:1:6	vol01:26:1:7	rekey	一	0.9999
vol01:26:1:7	vol01:26:1:8	rekey	年	0.9996
vol01:26:1:8	vol01:26:1:9	rekey	七	0.9997
vol01:26:2:0	vol01:26:2:1	rekey	上	0.9998
vol01:26:2:9	vol01:26:2:10	rekey	炎	0.9994
vol01:26:2:10	vol01:26:2:11	rekey	漢	0.9996
vol01:26:2:11	vol01:26:2:12	rekey	志	0.9997
vol01:26:2:12	vol01:26:2:13	rekey	節	0.9992
vol01:26:2:14	vol01:26:2:15	rekey	然	0.9995
vol01:26:2:15	vol01:26:2:16	rekey	乃	0.9995
vol01:26:2:16	vol01:26:2:17	rekey	史	0.9995
vol01:26:2:17	vol01:26:2:18	rekey	書	0.9995
vol01:26:2:18	vol01:26:2:19	rekey	所	0.9996
vol01:26:2:20	vol01:26:2:21	rekey	並	0.9994
vol01:26:2:3	vol01:26:2:4	rekey	帝	0.9996
vol01:26:2:4	vol01:26:2:5	rekey	在	0.9996
vol01:26:2:5	vol01:26:2:6	rekey	當	0.9995
vol01:26:2:6	vol01:26:2:7	rekey	時	0.9995
vol01:26:2:7	vol01:26:2:8	rekey	力	0.9996
vol01:26:2:8	vol01:26:2:9	rekey	扶	0.9994
vol01:26:3:9	vol01:26:3:10	rekey	有	0.9993
vol01:26:3:10	vol01:26:3:11	rekey	嫌	0.9994
vol01:26:3:11	vol01:26:3:12	rekey	所	0.9995
vol01:26:3:12	vol01:26:3:13	rekey	撰	0.9992
vol01:26:3:13	vol01:26:3:14	rekey	三	0.9998
vol01:26:3:14	vol01:26:3:15	rekey	國	0.9992
vol01:26:3:15	vol01:26:3:16	rekey	志	0.9997
vol01:26:3:16	vol01:26:3:17	rekey	多	0.9993
vol01:26:3:17	vol01:26:3:18	rekey	存	0.9998
vol01:26:3:18	vol01:26:3:19	rekey	私	0.9996
vol01:26:3:19	vol01:26:3:20	rekey	見	0.9997
vol01:26:3:2	vol01:26:3:3	rekey	嘉	0.9996
vol01:26:3:3	vol01:26:3:4	rekey	名	0.9999
vol01:26:3:4	vol01:26:3:5	rekey	陳	0.9999
vol01:26:3:5	vol01:26:3:6	rekey	壽	0.9996
vol01:26:3:6	vol01:26:3:7	rekey	於	0.9996
vol01:26:3:7	vol01:26:3:8	rekey	蜀	0.9994
vol01:26:3:8	vol01:26:3:9	rekey	漢	0.9994
vol01:26:4:9	vol01:26:4:10	rekey	公	0.9996
vol01:26:4:10	vol01:26:4:11	rekey	從	0.9995
vol01:26:4:11	vol01:26:4:12	rekey	前	0.9996
vol01:26:4:2	vol01:26:4:3	rekey	爲	0.9994
vol01:26:4:3	vol01:26:4:4	rekey	之	0.9997
vol01:26:4:4	vol01:26:4:5	rekey	論	0.9995
vol01:26:4:5	vol01:26:4:6	rekey	定	0.9995
vol01:26:4:6	vol01:26:4:7	rekey	豈	0.9994
vol01:26:4:7	vol01:26:4:8	rekey	得	0.9995
vol01:26:4:8	vol01:26:4:9	rekey	謂	0.9992
vol01:26:5:0	vol01:26:5:1	rekey	祖	0.9994
vol01:26:5:1	vol01:26:5:2	rekey	章	0.9995
vol01:26:5:2	vol01:26:5:3	rekey	皇	0.9992
vol01:26:5:3	vol01:26:5:4	rekey	帝	0.9996
vol01:26:5:5	vol01:26:5:6	rekey	降	0.9995
vol01:26:6:0	vol01:26:6:1	rekey	㫖	0.9993
vol01:26:6:9	vol01:26:6:10	rekey	以	0.9996
vol01:26:6:10	vol01:26:6:11	rekey	褒	0.9994
vol01:26:6:11	vol01:26:6:12	rekey	揚	0.9994
vol01:26:6:12	vol01:26:6:13	rekey	盛	0.9962
vol01:26:6:13	vol01:26:6:14	rekey	烈	0.9995
vol01:26:6:14	vol01:26:6:15	rekey	朕	0.9994
vol01:26:6:15	vol01:26:6:16	rekey	復	0.9994
vol01:26:6:16	vol01:26:6:17	rekey	於	0.9995
vol01:26:6:17	vol01:26:6:18	rekey	乾	0.9996
vol01:26:6:18	vol01:26:6:19	rekey	隆	0.9994
vol01:26:6:1	vol01:26:6:2	rekey	封	0.9995
vol01:26:6:19	vol01:26:6:20	rekey	三	0.9996
vol01:26:6:2	vol01:26:6:3	rekey	爲	0.9995
vol01:26:6:3	vol01:26:6:4	rekey	忠	0.9996
vol01:26:6:4	vol01:26:6:5	rekey	義	0.9995
vol01:26:6:5	vol01:26:6:6	rekey	神	0.9993
vol01:26:6:6	vol01:26:6:7	rekey	武	0.9994
vol01:26:6:7	vol01:26:6:8	rekey	大	0.9997
vol01:26:6:8	vol01:26:6:9	rekey	帝	0.9994
vol01:26:7:9	vol01:26:7:10	rekey	字	0.9996
vol01:26:7:10	vol01:26:7:11	rekey	用	0.9996
vol01:26:7:11	vol01:26:7:12	rekey	示	0.9996
vol01:26:7:12	vol01:26:7:13	rekey	尊	0.9995
vol01:26:7:13	vol01:26:7:14	rekey	崇	0.9994
vol01:26:7:14	vol01:26:7:15	rekey	夫	0.9994
vol01:26:7:15	vol01:26:7:16	rekey	以	0.9996
vol01:26:7:16	vol01:26:7:17	rekey	神	0.9993
vol01:26:7:17	vol01:26:7:18	rekey	之	0.9998
vol01:26:7:18	vol01:26:7:19	rekey	義	0.9994
vol01:26:7:1	vol01:26:7:2	rekey	二	0.9992
vol01:26:7:19	vol01:26:7:20	rekey	烈	0.9996
vol01:26:7:20	vol01:26:7:21	rekey	忠	0.9994
vol01:26:7:2	vol01:26:7:3	rekey	年	0.9996
vol01:26:7:3	vol01:26:7:4	rekey	降	0.9996
vol01:26:7:4	vol01:26:7:5	rekey	㫖	0.9994
vol01:26:7:5	vol01:26:7:6	rekey	加	0.9995
vol01:26:7:6	vol01:26:7:7	rekey	靈	0.9994
vol01:26:7:7	vol01:26:7:8	rekey	佑	0.9997
vol01:26:7:8	vol01:26:7:9	rekey	二	0.9997
vol01:26:8:9	vol01:26:8:10	rekey	正	0.9994
vol01:26:8:10	vol01:26:8:11	rekey	史	0.9997
vol01:26:8:11	vol01:26:8:12	rekey	猶	0.9994
vol01:26:8:12	vol01:26:8:13	rekey	存	0.9994
vol01:26:8:13	vol01:26:8:14	rekey	舊	0.9995
vol01:26:8:15	vol01:26:8:16	rekey	隱	0.9994
vol01:26:8:16	vol01:26:8:17	rekey	寓	0.9995
vol01:26:8:17	vol01:26:8:18	rekey	譏	0.9994
vol01:26:8:18	vol01:26:8:19	rekey	評	0.9994
vol01:26:8:1	vol01:26:8:2	rekey	誠	0.9994
vol01:26:8:19	vol01:26:8:20	rekey	非	0.9994
vol01:26:8:20	vol01:26:8:21	rekey	所	0.9994
vol01:26:8:2	vol01:26:8:3	rekey	海	0.9994
vol01:26:8:4	vol01:26:8:5	rekey	咸	0.9995
vol01:26:8:5	vol01:26:8:6	rekey	知	0.9994
vol01:26:8:6	vol01:26:8:7	rekey	敬	0.9996
vol01:26:8:7	vol01:26:8:8	rekey	祀	0.9997
vol01:26:8:8	vol01:26:8:9	rekey	而	0.9996
vol01:26:9:9	vol01:26:9:10	rekey	抄	0.9995
vol01:26:9:10	vol01:26:9:11	rekey	錄	0.9994
vol01:26:9:11	vol01:26:9:12	rekey	四	0.9995
vol01:26:9:12	vol01:26:9:13	rekey	庫	0.9995
vol01:26:9:13	vol01:26:9:14	rekey	全	0.9996
vol01:26:9:14	vol01:26:9:15	rekey	書	0.9996
vol01:26:9:15	vol01:26:9:16	rekey	不	0.9996
vol01:26:9:16	vol01:26:9:17	rekey	可	0.9997
vol01:26:9:17	vol01:26:9:18	rekey	相	0.9994
vol01:26:9:18	vol01:26:9:19	rekey	沿	0.9995
vol01:26:9:1	vol01:26:9:2	rekey	以	0.9996
vol01:26:9:19	vol01:26:9:20	rekey	陋	0.9995
vol01:26:9:20	vol01:26:9:21	rekey	習	0.9996
vol01:26:9:2	vol01:26:9:3	rekey	傳	0.9993
vol01:26:9:3	vol01:26:9:4	rekey	信	0.9993
vol01:26:9:4	vol01:26:9:5	rekey	萬	0.9996
vol01:26:9:5	vol01:26:9:6	rekey	世	0.9996
vol01:26:9:6	vol01:26:9:7	rekey	也	0.9996
vol01:26:9:7	vol01:26:9:8	rekey	今	0.9997
vol01:26:9:8	vol01:26:9:9	rekey	當	0.9993
vol01:27:1:9	vol01:27:1:10	rekey	應	0.9994
vol01:27:1:10	vol01:27:1:11	rekey	改	0.9993
vol01:27:1:11	vol01:27:1:12	rekey	爲	0.9995
vol01:27:1:12	vol01:27:1:13	rekey	忠	0.9996
vol01:27:1:13	vol01:27:1:14	rekey	義	0.9992
vol01:27:1:14	vol01:27:1:15	rekey	第	0.9992
vol01:27:1:15	vol01:27:1:16	rekey	本	0.9994
vol01:27:1:16	vol01:27:1:17	rekey	傳	0.999
vol01:27:1:17	vol01:27:1:18	rekey	相	0.9993
vol01:27:1:18	vol01:27:1:19	rekey	沿	0.9994
vol01:27:1:20	vol01:27:1:21	rekey	久	0.9996
vol01:27:1:2	vol01:27:1:3	rekey	有	0.9995
vol01:27:1:3	vol01:27:1:4	rekey	志	0.9997
vol01:27:1:4	vol01:27:1:5	rekey	内	0.9996
vol01:27:1:5	vol01:27:1:6	rekey	關	0.9993
vol01:27:1:6	vol01:27:1:7	rekey	帝	0.998
vol01:27:1:7	vol01:27:1:8	rekey	之	0.9996
vol01:27:2:9	vol01:27:2:10	rekey	更	0.9994
vol01:27:2:10	vol01:27:2:11	rekey	易	0.9994
vol01:27:2:11	vol01:27:2:12	rekey	著	0.9992
vol01:27:2:12	vol01:27:2:13	rekey	交	0.9992
vol01:27:2:13	vol01:27:2:14	rekey	武	0.9995
vol01:27:2:14	vol01:27:2:15	rekey	英	0.9994
vol01:27:2:15	vol01:27:2:16	rekey	殿	0.9993
vol01:27:2:16	vol01:27:2:17	rekey	將	0.9994
vol01:27:2:17	vol01:27:2:18	rekey	此	0.9995
vol01:27:2:18	vol01:27:2:19	rekey	㫖	0.9995
vol01:27:2:1	vol01:27:2:2	rekey	民	0.9995
vol01:27:2:19	vol01:27:2:20	rekey	刊	0.9995
vol01:27:2:20	vol01:27:2:21	rekey	載	0.9993
vol01:27:2:2	vol01:27:2:3	rekey	間	0.9994
vol01:27:2:3	vol01:27:2:4	rekey	所	0.9992
vol01:27:2:4	vol01:27:2:5	rekey	行	0.9994
vol01:27:2:5	vol01:27:2:6	rekey	必	0.9995
vol01:27:2:6	vol01:27:2:7	rekey	廣	0.9994
vol01:27:2:7	vol01:27:2:8	rekey	難	0.9994
vol01:27:2:8	vol01:27:2:9	rekey	於	0.9993
vol01:27:3:9	vol01:27:3:10	rekey	板	0.9993
vol01:27:3:10	vol01:27:3:11	rekey	及	0.9996
vol01:27:3:11	vol01:27:3:12	rekey	内	0.9996
vol01:27:3:12	vol01:27:3:13	rekey	府	0.9995
vol01:27:3:13	vol01:27:3:14	rekey	陳	0.9994
vol01:27:3:14	vol01:27:3:15	rekey	設	0.9995
vol01:27:3:15	vol01:27:3:16	rekey	書	0.9998
vol01:27:3:16	vol01:27:3:17	rekey	籍	0.9994
vol01:27:3:17	vol01:27:3:18	rekey	並	0.9992
vol01:27:3:18	vol01:27:3:19	rekey	著	0.9993
vol01:27:3:1	vol01:27:3:2	rekey	傳	0.9993
vol01:27:3:19	vol01:27:3:20	rekey	改	0.9994
vol01:27:3:20	vol01:27:3:21	rekey	刊	0.9996
vol01:27:3:2	vol01:27:3:3	rekey	末	0.9996
vol01:27:3:3	vol01:27:3:4	rekey	用	0.9995
vol01:27:3:4	vol01:27:3:5	rekey	垂	0.9993
vol01:27:3:5	vol01:27:3:6	rekey	久	0.9994
vol01:27:3:6	vol01:27:3:7	rekey	遠	0.9996
vol01:27:3:7	vol01:27:3:8	rekey	其	0.9995
vol01:27:3:8	vol01:27:3:9	rekey	官	0.9997
vol01:27:4:1	vol01:27:4:2	rekey	此	0.9994
vol01:27:4:2	vol01:27:4:3	rekey	旨	0.9995
vol01:27:4:3	vol01:27:4:4	rekey	一	1.0
vol01:27:4:4	vol01:27:4:5	rekey	體	0.9989
vol01:27:4:5	vol01:27:4:6	rekey	增	0.9992
vol01:27:4:6	vol01:27:4:7	rekey	入	0.9996
vol01:27:4:7	vol01:27:4:8	rekey	欽	0.9993
vol01:27:4:8	vol01:27:4:9	rekey	此	0.9993
vol01:27:5:9	vol01:27:5:10	rekey	月	0.9998
vol01:27:5:10	vol01:27:5:11	rekey	三	0.9993
vol01:27:5:11	vol01:27:5:12	rekey	十	0.9994
vol01:27:5:12	vol01:27:5:13	rekey	日	0.9999
vol01:27:5:13	vol01:27:5:14	rekey	奉	0.9998
vol01:27:5:2	vol01:27:5:3	rekey	乾	0.9994
vol01:27:5:3	vol01:27:5:4	rekey	隆	0.9993
vol01:27:5:4	vol01:27:5:5	rekey	四	0.9996
vol01:27:5:5	vol01:27:5:6	rekey	十	0.9997
vol01:27:5:6	vol01:27:5:7	rekey	一	0.9998
vol01:27:5:7	vol01:27:5:8	rekey	年	0.9991
vol01:27:5:8	vol01:27:5:9	rekey	九	0.9993
vol01:27:6:0	vol01:27:6:1	rekey	上	1.0
vol01:27:6:9	vol01:27:6:10	rekey	處	0.9994
vol01:27:6:10	vol01:27:6:11	rekey	呈	0.9995
vol01:27:6:11	vol01:27:6:12	rekey	進	0.9994
vol01:27:6:12	vol01:27:6:13	rekey	抄	0.9992
vol01:27:6:13	vol01:27:6:14	rekey	錄	0.9992
vol01:27:6:14	vol01:27:6:15	rekey	各	0.9993
vol01:27:6:15	vol01:27:6:16	rekey	種	0.9994
vol01:27:6:16	vol01:27:6:17	rekey	書	0.9992
vol01:27:6:17	vol01:27:6:18	rekey	籍	0.9991
vol01:27:6:18	vol01:27:6:19	rekey	朕	0.9992
vol01:27:6:1	vol01:27:6:2	rekey	諭	0.9992
vol01:27:6:19	vol01:27:6:20	rekey	於	0.9995
vol01:27:6:20	vol01:27:6:21	rekey	幾	0.9994
vol01:27:6:2	vol01:27:6:3	rekey	昨	0.9994
vol01:27:6:3	vol01:27:6:4	rekey	四	0.9994
vol01:27:6:4	vol01:27:6:5	rekey	庫	0.9996
vol01:27:6:5	vol01:27:6:6	rekey	全	0.9995
vol01:27:6:6	vol01:27:6:7	rekey	書	0.9995
vol01:27:6:7	vol01:27:6:8	rekey	薈	0.9995
vol01:27:6:8	vol01:27:6:9	rekey	要	0.9992
vol01:27:7:9	vol01:27:7:10	rekey	之	0.9996
vol01:27:7:10	vol01:27:7:11	rekey	處	0.9994
vol01:27:7:11	vol01:27:7:12	rekey	頗	0.9993
vol01:27:7:12	vol01:27:7:13	rekey	爲	0.9993
vol01:27:7:13	vol01:27:7:14	rekey	詳	0.9992
vol01:27:7:14	vol01:27:7:15	rekey	細	0.9995
vol01:27:7:15	vol01:27:7:16	rekey	所	0.9995
vol01:27:7:16	vol01:27:7:17	rekey	有	0.9995
vol01:27:7:17	vol01:27:7:18	rekey	各	0.9996
vol01:27:7:18	vol01:27:7:19	rekey	簽	0.9994
vol01:27:7:1	vol01:27:7:2	rekey	餘	0.9989
vol01:27:7:19	vol01:27:7:20	rekey	向	0.9994
vol01:27:7:2	vol01:27:7:3	rekey	披	0.9991
vol01:27:7:3	vol01:27:7:4	rekey	閱	0.9995
vol01:27:7:4	vol01:27:7:5	rekey	見	0.9992
vol01:27:7:5	vol01:27:7:6	rekey	粘	0.9994
vol01:27:7:6	vol01:27:7:7	rekey	簽	0.9991
vol01:27:7:7	vol01:27:7:8	rekey	考	0.9994
vol01:27:7:8	vol01:27:7:9	rekey	訂	0.9993
vol01:27:8:9	vol01:27:8:10	rekey	末	0.9995
vol01:27:8:11	vol01:27:8:12	rekey	官	0.9995
vol01:27:8:12	vol01:27:8:13	rekey	板	0.9993
vol01:27:8:13	vol01:27:8:14	rekey	諸	0.9994
vol01:27:8:14	vol01:27:8:15	rekey	書	0.9991
vol01:27:8:15	vol01:27:8:16	rekey	亦	0.9995
vol01:27:8:16	vol01:27:8:17	rekey	可	0.9995
vol01:27:8:17	vol01:27:8:18	rekey	附	0.9996
vol01:27:8:18	vol01:27:8:19	rekey	刻	0.9996
vol01:27:8:1	vol01:27:8:2	rekey	令	0.9993
vol01:27:8:20	vol01:27:8:21	rekey	尾	0.9994
vol01:27:8:2	vol01:27:8:3	rekey	其	0.9992
vol01:27:8:4	vol01:27:8:5	rekey	錄	0.9993
vol01:27:8:5	vol01:27:8:6	rekey	於	0.9995
vol01:27:8:6	vol01:27:8:7	rekey	每	0.9993
vol01:27:8:7	vol01:27:8:8	rekey	卷	0.9991
vol01:27:8:8	vol01:27:8:9	rekey	之	0.9996
vol01:27:9:9	vol01:27:9:10	rekey	鐫	0.9995
vol01:27:9:10	vol01:27:9:11	rekey	行	0.9994
vol01:27:9:11	vol01:27:9:12	rekey	之	0.9996
vol01:27:9:12	vol01:27:9:13	rekey	本	0.9996
vol01:27:9:13	vol01:27:9:14	rekey	難	0.9994
vol01:27:9:14	vol01:27:9:15	rekey	以	0.9997
vol01:27:9:15	vol01:27:9:16	rekey	槩	0.9995
vol01:27:9:16	vol01:27:9:17	rekey	行	0.9995
vol01:27:9:17	vol01:27:9:18	rekey	刊	0.9996
vol01:27:9:18	vol01:27:9:19	rekey	入	0.9996
vol01:27:9:1	vol01:27:9:2	rekey	惟	0.9996
vol01:27:9:19	vol01:27:9:20	rekey	其	0.9993
vol01:27:9:20	vol01:27:9:21	rekey	原	0.9989
vol01:27:9:2	vol01:27:9:3	rekey	民	0.9993
vol01:27:9:3	vol01:27:9:4	rekey	間	0.9992
vol01:27:9:4	vol01:27:9:5	rekey	藏	0.9995
vol01:27:9:5	vol01:27:9:6	rekey	板	0.9998
vol01:27:9:6	vol01:27:9:7	rekey	及	0.9997
vol01:27:9:7	vol01:27:9:8	rekey	坊	0.9993
vol01:27:9:8	vol01:27:9:9	rekey	肆	0.9992
vol01:28:1:9	vol01:28:1:10	rekey	外	0.9993
vol01:28:1:10	vol01:28:1:11	rekey	間	0.9995
vol01:28:1:11	vol01:28:1:12	rekey	仍	0.9994
vol01:28:1:12	vol01:28:1:13	rekey	無	0.9976
vol01:28:1:13	vol01:28:1:14	rekey	由	0.9998
vol01:28:1:14	vol01:28:1:15	rekey	得	0.999
vol01:28:1:15	vol01:28:1:16	rekey	知	0.999
vol01:28:1:16	vol01:28:1:17	rekey	尚	0.9977
vol01:28:1:17	vol01:28:1:18	rekey	未	0.9968
vol01:28:1:3	vol01:28:1:4	rekey	舛	0.9993
vol01:28:1:4	vol01:28:1:5	rekey	業	0.999
vol01:28:1:5	vol01:28:1:6	rekey	經	0.9978
vol01:28:1:7	vol01:28:1:8	rekey	正	0.9994
vol01:28:1:8	vol01:28:1:9	rekey	者	0.9991
vol01:28:2:9	vol01:28:2:10	rekey	令	0.9996
vol01:28:2:10	vol01:28:2:11	rekey	將	0.9995
vol01:28:2:11	vol01:28:2:12	rekey	四	0.9997
vol01:28:2:12	vol01:28:2:13	rekey	庫	0.9994
vol01:28:2:13	vol01:28:2:14	rekey	全	0.9995
vol01:28:2:14	vol01:28:2:15	rekey	書	0.9992
vol01:28:2:15	vol01:28:2:16	rekey	總	0.9993
vol01:28:2:16	vol01:28:2:17	rekey	目	0.9998
vol01:28:2:17	vol01:28:2:18	rekey	及	0.9994
vol01:28:2:18	vol01:28:2:19	rekey	各	0.9995
vol01:28:2:1	vol01:28:2:2	rekey	好	0.9994
vol01:28:2:19	vol01:28:2:20	rekey	書	0.9993
vol01:28:2:2	vol01:28:2:3	rekey	天	0.9994
vol01:28:2:3	vol01:28:2:4	rekey	下	0.9993
vol01:28:2:4	vol01:28:2:5	rekey	也	0.9993
vol01:28:2:5	vol01:28:2:6	rekey	前	0.9993
vol01:28:2:6	vol01:28:2:7	rekey	經	0.9991
vol01:28:2:7	vol01:28:2:8	rekey	降	0.9995
vol01:28:2:8	vol01:28:2:9	rekey	㫖	0.9992
vol01:28:3:9	vol01:28:3:10	rekey	書	0.9991
vol01:28:3:10	vol01:28:3:11	rekey	校	0.9992
vol01:28:3:11	vol01:28:3:12	rekey	訂	0.9994
vol01:28:3:12	vol01:28:3:13	rekey	各	0.9994
vol01:28:3:13	vol01:28:3:14	rekey	簽	0.9992
vol01:28:3:14	vol01:28:3:15	rekey	並	0.9992
vol01:28:3:15	vol01:28:3:16	rekey	著	0.9994
vol01:28:3:16	vol01:28:3:17	rekey	該	0.9992
vol01:28:3:17	vol01:28:3:18	rekey	總	0.999
vol01:28:3:18	vol01:28:3:19	rekey	裁	0.9994
vol01:28:3:1	vol01:28:3:2	rekey	要	0.9993
vol01:28:3:19	vol01:28:3:20	rekey	等	0.9993
vol01:28:3:2	vol01:28:3:3	rekey	編	0.9963
vol01:28:3:3	vol01:28:3:4	rekey	刊	0.9995
vol01:28:3:4	vol01:28:3:5	rekey	頒	0.9991
vol01:28:3:5	vol01:28:3:6	rekey	行	0.9994
vol01:28:3:6	vol01:28:3:7	rekey	所	0.9994
vol01:28:3:7	vol01:28:3:8	rekey	有	0.9993
vol01:28:3:8	vol01:28:3:9	rekey	諸	0.999
vol01:28:4:9	vol01:28:4:10	rekey	一	0.9996
vol01:28:4:10	vol01:28:4:11	rekey	體	0.9992
vol01:28:4:11	vol01:28:4:12	rekey	付	0.9994
vol01:28:4:12	vol01:28:4:13	rekey	聚	0.9995
vol01:28:4:13	vol01:28:4:14	rekey	珍	0.999
vol01:28:4:14	vol01:28:4:15	rekey	板	0.9993
vol01:28:4:15	vol01:28:4:16	rekey	排	0.9993
vol01:28:4:16	vol01:28:4:17	rekey	刊	0.9995
vol01:28:4:17	vol01:28:4:18	rekey	流	0.9995
vol01:28:4:18	vol01:28:4:19	rekey	傳	0.9992
vol01:28:4:1	vol01:28:4:2	rekey	爲	0.9992
vol01:28:4:19	vol01:28:4:20	rekey	既	0.9993
vol01:28:4:20	vol01:28:4:21	rekey	不	0.9997
vol01:28:4:2	vol01:28:4:3	rekey	編	0.9992
vol01:28:4:3	vol01:28:4:4	rekey	次	0.9994
vol01:28:4:4	vol01:28:4:5	rekey	與	0.9993
vol01:28:4:5	vol01:28:4:6	rekey	總	0.9992
vol01:28:4:6	vol01:28:4:7	rekey	目	0.9997
vol01:28:4:7	vol01:28:4:8	rekey	提	0.9993
vol01:28:4:8	vol01:28:4:9	rekey	要	0.9992
vol01:28:5:9	vol01:28:5:10	rekey	海	0.9993
vol01:28:5:10	vol01:28:5:11	rekey	内	0.9995
vol01:28:5:11	vol01:28:5:12	rekey	承	0.9993
vol01:28:5:12	vol01:28:5:13	rekey	學	0.9995
vol01:28:5:13	vol01:28:5:14	rekey	者	0.9993
vol01:28:5:14	vol01:28:5:15	rekey	得	0.9992
vol01:28:5:15	vol01:28:5:16	rekey	以	0.9997
vol01:28:5:16	vol01:28:5:17	rekey	由	0.9996
vol01:28:5:17	vol01:28:5:18	rekey	此	0.9993
vol01:28:5:18	vol01:28:5:19	rekey	研	0.9993
vol01:28:5:1	vol01:28:5:2	rekey	虛	0.9992
vol01:28:5:19	vol01:28:5:20	rekey	尋	0.9991
vol01:28:5:20	vol01:28:5:21	rekey	凡	0.9994
vol01:28:5:2	vol01:28:5:3	rekey	諸	0.9992
vol01:28:5:3	vol01:28:5:4	rekey	臣	0.9994
vol01:28:5:4	vol01:28:5:5	rekey	校	0.999
vol01:28:5:5	vol01:28:5:6	rekey	勘	0.9993
vol01:28:5:6	vol01:28:5:7	rekey	之	0.9996
vol01:28:5:7	vol01:28:5:8	rekey	勤	0.9993
vol01:28:5:8	vol01:28:5:9	rekey	而	0.9995
vol01:28:6:9	vol01:28:6:10	rekey	以	0.9996
vol01:28:6:10	vol01:28:6:11	rekey	示	0.9994
vol01:28:6:11	vol01:28:6:12	rekey	嘉	0.999
vol01:28:6:12	vol01:28:6:13	rekey	惠	0.9991
vol01:28:6:13	vol01:28:6:14	rekey	士	0.9997
vol01:28:6:14	vol01:28:6:15	rekey	林	0.9993
vol01:28:6:15	vol01:28:6:16	rekey	至	0.9994
vol01:28:6:16	vol01:28:6:17	rekey	意	0.9994
vol01:28:6:17	vol01:28:6:18	rekey	欽	0.9993
vol01:28:6:18	vol01:28:6:19	rekey	此	0.9995
vol01:28:6:1	vol01:28:6:2	rekey	所	0.9992
vol01:28:6:2	vol01:28:6:3	rekey	藏	0.9995
vol01:28:6:3	vol01:28:6:4	rekey	書	0.999
vol01:28:6:4	vol01:28:6:5	rekey	皆	0.9994
vol01:28:6:5	vol01:28:6:6	rekey	成	0.9994
vol01:28:6:6	vol01:28:6:7	rekey	善	0.9991
vol01:28:6:7	vol01:28:6:8	rekey	本	0.9992
vol01:28:6:8	vol01:28:6:9	rekey	亦	0.9992
vol01:28:7:9	vol01:28:7:10	rekey	一	0.9999
vol01:28:7:10	vol01:28:7:11	rekey	月	0.9994
vol01:28:7:11	vol01:28:7:12	rekey	十	0.9997
vol01:28:7:12	vol01:28:7:13	rekey	七	0.9995
vol01:28:7:13	vol01:28:7:14	rekey	日	0.9998
vol01:28:7:14	vol01:28:7:15	rekey	奉	0.9993
vol01:28:7:2	vol01:28:7:3	rekey	乾	0.9992
vol01:28:7:3	vol01:28:7:4	rekey	隆	0.9993
vol01:28:7:4	vol01:28:7:5	rekey	四	0.9995
vol01:28:7:6	vol01:28:7:7	rekey	一	0.9998
vol01:28:7:7	vol01:28:7:8	rekey	年	0.9993
vol01:28:7:8	vol01:28:7:9	rekey	十	0.9997
vol01:28:8:0	vol01:28:8:1	rekey	上	0.9998
vol01:28:8:9	vol01:28:8:10	rekey	書	0.9993
vol01:28:8:10	vol01:28:8:11	rekey	諭	0.9992
vol01:28:8:11	vol01:28:8:12	rekey	各	0.9994
vol01:28:8:12	vol01:28:8:13	rekey	省	0.9994
vol01:28:8:13	vol01:28:8:14	rekey	督	0.9993
vol01:28:8:14	vol01:28:8:15	rekey	撫	0.9993
vol01:28:8:15	vol01:28:8:16	rekey	遍	0.9993
vol01:28:8:16	vol01:28:8:17	rekey	爲	0.9994
vol01:28:8:17	vol01:28:8:18	rekey	採	0.9991
vol01:28:8:18	vol01:28:8:19	rekey	訪	0.9991
vol01:28:8:1	vol01:28:8:2	rekey	諭	0.9992
vol01:28:8:19	vol01:28:8:20	rekey	嗣	0.9992
vol01:28:8:20	vol01:28:8:21	rekey	據	0.9985
vol01:28:8:2	vol01:28:8:3	rekey	前	0.9992
vol01:28:8:3	vol01:28:8:4	rekey	因	0.9995
vol01:28:8:4	vol01:28:8:5	rekey	彚	0.9992
vol01:28:8:5	vol01:28:8:6	rekey	輯	0.9993
vol01:28:8:6	vol01:28:8:7	rekey	四	0.9996
vol01:28:8:7	vol01:28:8:8	rekey	庫	0.9993
vol01:28:8:8	vol01:28:8:9	rekey	全	0.9992
vol01:28:9:9	vol01:28:9:10	rekey	令	0.9994
vol01:28:9:10	vol01:28:9:11	rekey	總	0.9993
vol01:28:9:11	vol01:28:9:12	rekey	裁	0.9992
vol01:28:9:12	vol01:28:9:13	rekey	等	0.9991
vol01:28:9:13	vol01:28:9:14	rekey	悉	0.9994
vol01:28:9:14	vol01:28:9:15	rekey	心	0.9993
vol01:28:9:15	vol01:28:9:16	rekey	校	0.9991
vol01:28:9:16	vol01:28:9:17	rekey	勘	0.999
vol01:28:9:17	vol01:28:9:18	rekey	分	0.9993
vol01:28:9:18	vol01:28:9:19	rekey	别	0.9991
vol01:28:9:2	vol01:28:9:3	rekey	續	0.9991
vol01:28:9:3	vol01:28:9:4	rekey	送	0.9994
vol01:28:9:4	vol01:28:9:5	rekey	到	0.9993
vol01:28:9:5	vol01:28:9:6	rekey	各	0.9993
vol01:28:9:6	vol01:28:9:7	rekey	種	0.9991
vol01:28:9:7	vol01:28:9:8	rekey	遺	0.9994
vol01:28:9:8	vol01:28:9:9	rekey	書	0.9991
vol01:29:1:9	vol01:29:1:10	rekey	廣	0.9997
vol01:29:1:10	vol01:29:1:11	rekey	流	0.9995
vol01:29:1:11	vol01:29:1:12	rekey	傳	0.9995
vol01:29:1:12	vol01:29:1:13	rekey	第	0.9995
vol01:29:1:13	vol01:29:1:14	rekey	其	0.9994
vol01:29:1:14	vol01:29:1:15	rekey	中	0.9996
vol01:29:1:15	vol01:29:1:16	rekey	有	0.9998
vol01:29:1:16	vol01:29:1:17	rekey	明	0.9997
vol01:29:1:17	vol01:29:1:18	rekey	季	0.9994
vol01:29:1:18	vol01:29:1:19	rekey	諸	0.9995
vol01:29:1:1	vol01:29:1:2	rekey	應	0.9996
vol01:29:1:19	vol01:29:1:20	rekey	人	0.9993
vol01:29:1:2	vol01:29:1:3	rekey	鈔	0.9995
vol01:29:1:3	vol01:29:1:4	rekey	及	0.9995
vol01:29:1:4	vol01:29:1:5	rekey	存	0.9995
vol01:29:1:5	vol01:29:1:6	rekey	目	0.9997
vol01:29:1:6	vol01:29:1:7	rekey	三	0.9997
vol01:29:1:7	vol01:29:1:8	rekey	項	0.9996
vol01:29:1:8	vol01:29:1:9	rekey	以	0.9997
vol01:29:2:9	vol01:29:2:10	rekey	自	0.9999
vol01:29:2:10	vol01:29:2:11	rekey	當	0.9998
vol01:29:2:11	vol01:29:2:12	rekey	在	0.9997
vol01:29:2:12	vol01:29:2:13	rekey	銷	0.9994
vol01:29:2:13	vol01:29:2:14	rekey	燬	0.9994
vol01:29:2:14	vol01:29:2:15	rekey	之	0.9996
vol01:29:2:15	vol01:29:2:16	rekey	列	0.9994
vol01:29:2:16	vol01:29:2:17	rekey	節	0.9993
vol01:29:2:17	vol01:29:2:18	rekey	經	0.9993
vol01:29:2:18	vol01:29:2:19	rekey	各	0.9996
vol01:29:2:1	vol01:29:2:2	rekey	集	0.9996
vol01:29:2:19	vol01:29:2:20	rekey	督	0.9993
vol01:29:2:20	vol01:29:2:21	rekey	撫	0.9996
vol01:29:2:2	vol01:29:2:3	rekey	詞	0.9994
vol01:29:2:3	vol01:29:2:4	rekey	意	0.9995
vol01:29:2:4	vol01:29:2:5	rekey	牴	0.9995
vol01:29:2:5	vol01:29:2:6	rekey	觸	0.9994
vol01:29:2:6	vol01:29:2:7	rekey	本	0.9995
vol01:29:2:7	vol01:29:2:8	rekey	朝	0.9996
vol01:29:2:8	vol01:29:2:9	rekey	者	0.9991
vol01:29:3:9	vol01:29:3:10	rekey	檢	0.9991
vol01:29:3:10	vol01:29:3:11	rekey	閱	0.9994
vol01:29:3:11	vol01:29:3:12	rekey	朕	0.9994
vol01:29:3:12	vol01:29:3:13	rekey	復	0.9997
vol01:29:3:13	vol01:29:3:14	rekey	於	0.9997
vol01:29:3:14	vol01:29:3:15	rekey	進	0.9995
vol01:29:3:15	vol01:29:3:16	rekey	到	0.9996
vol01:29:3:16	vol01:29:3:17	rekey	時	0.9995
vol01:29:3:17	vol01:29:3:18	rekey	親	0.9998
vol01:29:3:18	vol01:29:3:19	rekey	加	0.9995
vol01:29:3:1	vol01:29:3:2	rekey	呈	0.9995
vol01:29:3:19	vol01:29:3:20	rekey	披	0.9994
vol01:29:3:20	vol01:29:3:21	rekey	覽	0.9995
vol01:29:3:2	vol01:29:3:3	rekey	進	0.9996
vol01:29:3:3	vol01:29:3:4	rekey	並	0.9998
vol01:29:3:4	vol01:29:3:5	rekey	飭	0.9995
vol01:29:3:5	vol01:29:3:6	rekey	館	0.9996
vol01:29:3:6	vol01:29:3:7	rekey	臣	0.9998
vol01:29:3:7	vol01:29:3:8	rekey	詳	0.9994
vol01:29:3:8	vol01:29:3:9	rekey	細	0.9993
vol01:29:4:9	vol01:29:4:10	rekey	甄	0.9996
vol01:29:4:10	vol01:29:4:11	rekey	核	0.9992
vol01:29:4:11	vol01:29:4:12	rekey	者	0.9996
vol01:29:4:12	vol01:29:4:13	rekey	如	0.9994
vol01:29:4:13	vol01:29:4:14	rekey	錢	0.9995
vol01:29:4:14	vol01:29:4:15	rekey	謙	0.9998
vol01:29:4:15	vol01:29:4:16	rekey	益	0.9996
vol01:29:4:16	vol01:29:4:17	rekey	在	0.9997
vol01:29:4:17	vol01:29:4:18	rekey	明	0.9998
vol01:29:4:1	vol01:29:4:2	rekey	覺	0.9995
vol01:29:4:19	vol01:29:4:20	rekey	居	0.9996
vol01:29:4:2	vol01:29:4:3	rekey	有	0.9996
vol01:29:4:3	vol01:29:4:4	rekey	不	0.9994
vol01:29:4:4	vol01:29:4:5	rekey	可	0.9998
vol01:29:4:5	vol01:29:4:6	rekey	不	0.9996
vol01:29:4:6	vol01:29:4:7	rekey	爲	0.9994
vol01:29:4:7	vol01:29:4:8	rekey	區	0.9994
vol01:29:4:8	vol01:29:4:9	rekey	别	0.9996
vol01:29:5:9	vol01:29:5:10	rekey	金	0.9995
vol01:29:5:10	vol01:29:5:11	rekey	堡	0.9992
vol01:29:5:11	vol01:29:5:12	rekey	屈	0.9996
vol01:29:5:12	vol01:29:5:13	rekey	大	0.9996
vol01:29:5:13	vol01:29:5:14	rekey	均	0.9998
vol01:29:5:14	vol01:29:5:15	rekey	則	0.9997
vol01:29:5:15	vol01:29:5:16	rekey	又	0.9996
vol01:29:5:16	vol01:29:5:17	rekey	遁	0.9996
vol01:29:5:17	vol01:29:5:18	rekey	跡	0.9994
vol01:29:5:18	vol01:29:5:19	rekey	緇	0.9996
vol01:29:5:1	vol01:29:5:2	rekey	位	0.9996
vol01:29:5:19	vol01:29:5:20	rekey	流	0.9995
vol01:29:5:20	vol01:29:5:21	rekey	均	0.9997
vol01:29:5:2	vol01:29:5:3	rekey	又	0.9997
vol01:29:5:3	vol01:29:5:4	rekey	復	0.9997
vol01:29:5:4	vol01:29:5:5	rekey	身	0.9995
vol01:29:5:5	vol01:29:5:6	rekey	事	0.9993
vol01:29:5:6	vol01:29:5:7	rekey	本	0.9996
vol01:29:5:7	vol01:29:5:8	rekey	朝	0.9995
vol01:29:5:8	vol01:29:5:9	rekey	而	0.9995
vol01:29:6:9	vol01:29:6:10	rekey	活	0.9996
vol01:29:6:10	vol01:29:6:11	rekey	乃	0.9998
vol01:29:6:11	vol01:29:6:12	rekey	托	0.9995
vol01:29:6:12	vol01:29:6:13	rekey	名	0.9996
vol01:29:6:13	vol01:29:6:14	rekey	勝	0.9995
vol01:29:6:14	vol01:29:6:15	rekey	國	0.9995
vol01:29:6:15	vol01:29:6:16	rekey	妄	0.9996
vol01:29:6:16	vol01:29:6:17	rekey	肆	0.9995
vol01:29:6:17	vol01:29:6:18	rekey	狂	0.9996
vol01:29:6:18	vol01:29:6:19	rekey	狺	0.9994
vol01:29:6:1	vol01:29:6:2	rekey	以	0.9998
vol01:29:6:19	vol01:29:6:20	rekey	其	0.9994
vol01:29:6:20	vol01:29:6:21	rekey	人	0.9997
vol01:29:6:2	vol01:29:6:3	rekey	不	0.9997
vol01:29:6:3	vol01:29:6:4	rekey	能	0.9994
vol01:29:6:4	vol01:29:6:5	rekey	死	0.9995
vol01:29:6:5	vol01:29:6:6	rekey	節	0.9994
vol01:29:6:6	vol01:29:6:7	rekey	靦	0.9992
vol01:29:6:7	vol01:29:6:8	rekey	顔	0.9996
vol01:29:6:8	vol01:29:6:9	rekey	苟	0.9997
vol01:29:7:9	vol01:29:7:10	rekey	復	0.9995
vol01:29:7:10	vol01:29:7:11	rekey	存	0.9998
vol01:29:7:11	vol01:29:7:12	rekey	自	0.9995
vol01:29:7:12	vol01:29:7:13	rekey	應	0.9993
vol01:29:7:13	vol01:29:7:14	rekey	逐	0.9995
vol01:29:7:14	vol01:29:7:15	rekey	細	0.9995
vol01:29:7:16	vol01:29:7:17	rekey	明	0.9996
vol01:29:7:17	vol01:29:7:18	rekey	槩	0.9995
vol01:29:7:18	vol01:29:7:19	rekey	行	0.9995
vol01:29:7:1	vol01:29:7:2	rekey	實	0.9995
vol01:29:7:19	vol01:29:7:20	rekey	燬	0.9994
vol01:29:7:20	vol01:29:7:21	rekey	棄	0.9994
vol01:29:7:2	vol01:29:7:3	rekey	不	0.9996
vol01:29:7:3	vol01:29:7:4	rekey	足	0.9993
vol01:29:7:4	vol01:29:7:5	rekey	齒	0.9993
vol01:29:7:5	vol01:29:7:6	rekey	其	0.9995
vol01:29:7:6	vol01:29:7:7	rekey	書	0.9996
vol01:29:7:7	vol01:29:7:8	rekey	豈	0.9994
vol01:29:7:8	vol01:29:7:9	rekey	可	0.9992
vol01:29:8:9	vol01:29:8:10	rekey	若	0.9995
vol01:29:8:10	vol01:29:8:11	rekey	劉	0.9998
vol01:29:8:11	vol01:29:8:12	rekey	宗	0.9995
vol01:29:8:12	vol01:29:8:13	rekey	周	0.9996
vol01:29:8:13	vol01:29:8:14	rekey	黃	0.9996
vol01:29:8:14	vol01:29:8:15	rekey	道	0.9996
vol01:29:8:15	vol01:29:8:16	rekey	周	0.9996
vol01:29:8:16	vol01:29:8:17	rekey	立	0.9996
vol01:29:8:17	vol01:29:8:18	rekey	朝	0.9997
vol01:29:8:18	vol01:29:8:19	rekey	守	0.9998
vol01:29:8:1	vol01:29:8:2	rekey	以	0.9998
vol01:29:8:19	vol01:29:8:20	rekey	正	0.9995
vol01:29:8:20	vol01:29:8:21	rekey	風	0.9996
vol01:29:8:2	vol01:29:8:3	rekey	勵	0.9994
vol01:29:8:3	vol01:29:8:4	rekey	臣	0.9995
vol01:29:8:4	vol01:29:8:5	rekey	節	0.9996
vol01:29:8:5	vol01:29:8:6	rekey	而	0.9996
vol01:29:8:6	vol01:29:8:7	rekey	正	0.9996
vol01:29:8:7	vol01:29:8:8	rekey	人	0.9995
vol01:29:8:8	vol01:29:8:9	rekey	心	0.9997
vol01:29:9:9	vol01:29:9:10	rekey	極	0.9995
vol01:29:9:10	vol01:29:9:11	rekey	言	0.9992
vol01:29:9:11	vol01:29:9:12	rekey	忠	0.9996
vol01:29:9:12	vol01:29:9:13	rekey	藎	0.9994
vol01:29:9:13	vol01:29:9:14	rekey	溢	0.9994
vol01:29:9:14	vol01:29:9:15	rekey	於	0.9995
vol01:29:9:15	vol01:29:9:16	rekey	簡	0.9996
vol01:29:9:16	vol01:29:9:17	rekey	牘	0.9997
vol01:29:9:17	vol01:29:9:18	rekey	卒	0.9995
vol01:29:9:18	vol01:29:9:19	rekey	之	0.9996
vol01:29:9:1	vol01:29:9:2	rekey	節	0.9996
vol01:29:9:19	vol01:29:9:20	rekey	以	0.9998
vol01:29:9:20	vol01:29:9:21	rekey	身	0.9993
vol01:29:9:2	vol01:29:9:3	rekey	凛	0.9997
vol01:29:9:3	vol01:29:9:4	rekey	然	0.9994
vol01:29:9:4	vol01:29:9:5	rekey	其	0.9993
vol01:29:9:5	vol01:29:9:6	rekey	奏	0.9996
vol01:29:9:6	vol01:29:9:7	rekey	議	0.9996
vol01:29:9:7	vol01:29:9:8	rekey	慷	0.9995
vol01:29:9:8	vol01:29:9:9	rekey	慨	0.9993
vol01:30:1:9	vol01:30:1:10	rekey	又	0.9993
vol01:30:1:10	vol01:30:1:11	rekey	如	0.9994
vol01:30:1:11	vol01:30:1:12	rekey	熊	0.9994
vol01:30:1:12	vol01:30:1:13	rekey	廷	0.9992
vol01:30:1:13	vol01:30:1:14	rekey	弼	0.9993
vol01:30:1:14	vol01:30:1:15	rekey	受	0.9992
vol01:30:1:15	vol01:30:1:16	rekey	任	0.9997
vol01:30:1:16	vol01:30:1:17	rekey	疆	0.9982
vol01:30:1:17	vol01:30:1:18	rekey	場	0.9996
vol01:30:1:18	vol01:30:1:19	rekey	材	0.9996
vol01:30:1:1	vol01:30:1:2	rekey	殉	0.9994
vol01:30:1:19	vol01:30:1:20	rekey	優	0.9994
vol01:30:1:2	vol01:30:1:3	rekey	國	0.9996
vol01:30:1:3	vol01:30:1:4	rekey	不	0.9996
vol01:30:1:4	vol01:30:1:5	rekey	愧	0.9995
vol01:30:1:5	vol01:30:1:6	rekey	一	1.0
vol01:30:1:6	vol01:30:1:7	rekey	代	0.9996
vol01:30:1:7	vol01:30:1:8	rekey	完	0.9994
vol01:30:1:8	vol01:30:1:9	rekey	人	0.9996
vol01:30:2:9	vol01:30:2:10	rekey	切	0.9997
vol01:30:2:10	vol01:30:2:11	rekey	乃	0.9997
vol01:30:2:11	vol01:30:2:12	rekey	爲	0.9997
vol01:30:2:12	vol01:30:2:13	rekey	朝	0.9995
vol01:30:2:13	vol01:30:2:14	rekey	議	0.999
vol01:30:2:14	vol01:30:2:15	rekey	所	0.9995
vol01:30:2:15	vol01:30:2:16	rekey	撓	0.9994
vol01:30:2:16	vol01:30:2:17	rekey	致	0.9997
vol01:30:2:17	vol01:30:2:18	rekey	使	0.9993
vol01:30:2:18	vol01:30:2:19	rekey	身	0.9993
vol01:30:2:1	vol01:30:2:2	rekey	濟	0.9992
vol01:30:2:19	vol01:30:2:20	rekey	陷	0.9997
vol01:30:2:20	vol01:30:2:21	rekey	大	0.9997
vol01:30:2:2	vol01:30:2:3	rekey	所	0.9994
vol01:30:2:3	vol01:30:2:4	rekey	上	0.9998
vol01:30:2:4	vol01:30:2:5	rekey	封	0.9995
vol01:30:2:5	vol01:30:2:6	rekey	事	0.9996
vol01:30:2:6	vol01:30:2:7	rekey	語	0.9994
vol01:30:2:7	vol01:30:2:8	rekey	多	0.9994
vol01:30:2:8	vol01:30:2:9	rekey	剴	0.9995
vol01:30:3:9	vol01:30:3:10	rekey	一	0.9998
vol01:30:3:10	vol01:30:3:11	rekey	腔	0.9994
vol01:30:3:11	vol01:30:3:12	rekey	之	0.9994
vol01:30:3:12	vol01:30:3:13	rekey	血	0.9996
vol01:30:3:13	vol01:30:3:14	rekey	於	0.9994
vol01:30:3:14	vol01:30:3:15	rekey	朝	0.9996
vol01:30:3:15	vol01:30:3:16	rekey	廷	0.9996
vol01:30:3:16	vol01:30:3:17	rekey	付	0.9997
vol01:30:3:17	vol01:30:3:18	rekey	七	0.9998
vol01:30:3:18	vol01:30:3:19	rekey	尺	0.9996
vol01:30:3:1	vol01:30:3:2	rekey	辟	0.9994
vol01:30:3:19	vol01:30:3:20	rekey	之	0.9997
vol01:30:3:20	vol01:30:3:21	rekey	軀	0.9994
vol01:30:3:2	vol01:30:3:3	rekey	嘗	0.9993
vol01:30:3:3	vol01:30:3:4	rekey	閱	0.9994
vol01:30:3:4	vol01:30:3:5	rekey	其	0.9996
vol01:30:3:5	vol01:30:3:6	rekey	疏	0.9993
vol01:30:3:6	vol01:30:3:7	rekey	内	0.9998
vol01:30:3:7	vol01:30:3:8	rekey	有	0.9994
vol01:30:3:8	vol01:30:3:9	rekey	灑	0.9993
vol01:30:4:9	vol01:30:4:10	rekey	識	0.9992
vol01:30:4:10	vol01:30:4:11	rekey	云	0.9995
vol01:30:4:11	vol01:30:4:12	rekey	至	0.9994
vol01:30:4:12	vol01:30:4:13	rekey	此	0.9994
vol01:30:4:13	vol01:30:4:14	rekey	爲	0.9995
vol01:30:4:14	vol01:30:4:15	rekey	之	0.9996
vol01:30:4:15	vol01:30:4:16	rekey	動	0.9994
vol01:30:4:16	vol01:30:4:17	rekey	心	0.9996
vol01:30:4:17	vol01:30:4:18	rekey	欲	0.9995
vol01:30:4:18	vol01:30:4:19	rekey	淚	0.9995
vol01:30:4:1	vol01:30:4:2	rekey	於	0.9997
vol01:30:4:19	vol01:30:4:20	rekey	而	0.9997
vol01:30:4:20	vol01:30:4:21	rekey	彼	0.9991
vol01:30:4:2	vol01:30:4:3	rekey	邊	0.9995
vol01:30:4:3	vol01:30:4:4	rekey	塞	0.9995
vol01:30:4:4	vol01:30:4:5	rekey	二	0.9998
vol01:30:4:5	vol01:30:4:6	rekey	語	0.9995
vol01:30:4:6	vol01:30:4:7	rekey	親	0.9994
vol01:30:4:7	vol01:30:4:8	rekey	爲	0.9994
vol01:30:4:8	vol01:30:4:9	rekey	批	0.9995
vol01:30:5:9	vol01:30:5:10	rekey	亡	0.9996
vol01:30:5:10	vol01:30:5:11	rekey	得	0.9993
vol01:30:5:11	vol01:30:5:12	rekey	乎	0.9996
vol01:30:5:12	vol01:30:5:13	rekey	可	0.9997
vol01:30:5:13	vol01:30:5:14	rekey	見	0.9995
vol01:30:5:14	vol01:30:5:15	rekey	朕	0.9999
vol01:30:5:15	vol01:30:5:16	rekey	大	0.9998
vol01:30:5:16	vol01:30:5:17	rekey	公	0.9997
vol01:30:5:17	vol01:30:5:18	rekey	至	0.9997
vol01:30:5:18	vol01:30:5:19	rekey	正	0.9995
vol01:30:5:1	vol01:30:5:2	rekey	之	0.9997
vol01:30:5:19	vol01:30:5:20	rekey	之	0.9998
vol01:30:5:20	vol01:30:5:21	rekey	心	0.9998
vol01:30:5:2	vol01:30:5:3	rekey	君	0.9995
vol01:30:5:3	vol01:30:5:4	rekey	若	0.9993
vol01:30:5:4	vol01:30:5:5	rekey	不	0.9998
vol01:30:5:5	vol01:30:5:6	rekey	聞	0.9995
vol01:30:5:6	vol01:30:5:7	rekey	明	0.9997
vol01:30:5:7	vol01:30:5:8	rekey	欲	0.9997
vol01:30:5:8	vol01:30:5:9	rekey	不	0.9997
vol01:30:6:9	vol01:30:6:10	rekey	奏	0.9993
vol01:30:6:10	vol01:30:6:11	rekey	稿	0.9992
vol01:30:6:11	vol01:30:6:12	rekey	彈	0.9994
vol01:30:6:12	vol01:30:6:13	rekey	劾	0.9997
vol01:30:6:13	vol01:30:6:14	rekey	權	0.9995
vol01:30:6:14	vol01:30:6:15	rekey	奸	0.9995
vol01:30:6:15	vol01:30:6:16	rekey	指	0.9998
vol01:30:6:16	vol01:30:6:17	rekey	陳	0.9994
vol01:30:6:17	vol01:30:6:18	rekey	利	0.9997
vol01:30:6:18	vol01:30:6:19	rekey	弊	0.9994
vol01:30:6:1	vol01:30:6:2	rekey	矣	0.9996
vol01:30:6:19	vol01:30:6:20	rekey	亦	0.9997
vol01:30:6:20	vol01:30:6:21	rekey	爲	0.9996
vol01:30:6:2	vol01:30:6:3	rekey	又	0.9997
vol01:30:6:3	vol01:30:6:4	rekey	如	0.9995
vol01:30:6:4	vol01:30:6:5	rekey	王	0.9996
vol01:30:6:5	vol01:30:6:6	rekey	允	0.9997
vol01:30:6:6	vol01:30:6:7	rekey	成	0.9996
vol01:30:6:7	vol01:30:6:8	rekey	南	0.9997
vol01:30:6:8	vol01:30:6:9	rekey	臺	0.9995
vol01:30:7:9	vol01:30:7:10	rekey	高	0.9998
vol01:30:7:10	vol01:30:7:11	rekey	爲	0.9995
vol01:30:7:11	vol01:30:7:12	rekey	當	1.0
vol01:30:7:12	vol01:30:7:13	rekey	時	0.9997
vol01:30:7:13	vol01:30:7:14	rekey	正	0.9997
vol01:30:7:14	vol01:30:7:15	rekey	人	0.9997
vol01:30:7:15	vol01:30:7:16	rekey	頗	0.9996
vol01:30:7:16	vol01:30:7:17	rekey	負	0.9994
vol01:30:7:17	vol01:30:7:18	rekey	重	0.9996
vol01:30:7:18	vol01:30:7:19	rekey	望	0.9996
vol01:30:7:1	vol01:30:7:2	rekey	無	0.9995
vol01:30:7:19	vol01:30:7:20	rekey	及	0.9995
vol01:30:7:20	vol01:30:7:21	rekey	再	0.9995
vol01:30:7:2	vol01:30:7:3	rekey	慚	0.9999
vol01:30:7:3	vol01:30:7:4	rekey	骨	0.9996
vol01:30:7:4	vol01:30:7:5	rekey	鯁	0.9997
vol01:30:7:5	vol01:30:7:6	rekey	又	0.9997
vol01:30:7:6	vol01:30:7:7	rekey	如	0.9996
vol01:30:7:7	vol01:30:7:8	rekey	葉	0.9999
vol01:30:7:8	vol01:30:7:9	rekey	向	0.9994
vol01:30:8:9	vol01:30:8:10	rekey	調	0.9994
vol01:30:8:10	vol01:30:8:11	rekey	停	0.9994
vol01:30:8:11	vol01:30:8:12	rekey	委	0.9994
vol01:30:8:12	vol01:30:8:13	rekey	曲	0.9996
vol01:30:8:13	vol01:30:8:14	rekey	雖	0.9996
vol01:30:8:14	vol01:30:8:15	rekey	不	0.9997
vol01:30:8:15	vol01:30:8:16	rekey	能	0.9992
vol01:30:8:16	vol01:30:8:17	rekey	免	0.9996
vol01:30:8:17	vol01:30:8:18	rekey	責	0.999
vol01:30:8:18	vol01:30:8:19	rekey	賢	0.9991
vol01:30:8:1	vol01:30:8:2	rekey	入	0.9997
vol01:30:8:19	vol01:30:8:20	rekey	之	0.9997
vol01:30:8:20	vol01:30:8:21	rekey	備	0.9996
vol01:30:8:2	vol01:30:8:3	rekey	内	0.9996
vol01:30:8:3	vol01:30:8:4	rekey	閣	0.9994
vol01:30:8:4	vol01:30:8:5	rekey	值	0.9994
vol01:30:8:5	vol01:30:8:6	rekey	逆	0.9994
vol01:30:8:6	vol01:30:8:7	rekey	閹	0.9997
vol01:30:8:7	vol01:30:8:8	rekey	弄	0.9995
vol01:30:8:8	vol01:30:8:9	rekey	權	0.9993
vol01:30:9:9	vol01:30:9:10	rekey	補	0.9995
vol01:30:9:10	vol01:30:9:11	rekey	閣	0.9995
vol01:30:9:11	vol01:30:9:12	rekey	臣	0.9996
vol01:30:9:12	vol01:30:9:13	rekey	疏	0.9995
vol01:30:9:13	vol01:30:9:14	rekey	至	0.9994
vol01:30:9:14	vol01:30:9:15	rekey	七	0.9996
vol01:30:9:15	vol01:30:9:16	rekey	十	0.9998
vol01:30:9:16	vol01:30:9:17	rekey	上	0.9997
vol01:30:9:17	vol01:30:9:18	rekey	幾	0.9992
vol01:30:9:18	vol01:30:9:19	rekey	於	0.9995
vol01:30:9:1	vol01:30:9:2	rekey	然	0.9994
vol01:30:9:19	vol01:30:9:20	rekey	痛	0.9996
vol01:30:9:20	vol01:30:9:21	rekey	哭	0.9995
vol01:30:9:2	vol01:30:9:3	rekey	視	0.9996
vol01:30:9:3	vol01:30:9:4	rekey	其	0.9994
vol01:30:9:4	vol01:30:9:5	rekey	綸	0.9994
vol01:30:9:5	vol01:30:9:6	rekey	扉	0.9993
vol01:30:9:6	vol01:30:9:7	rekey	奏	0.9992
vol01:30:9:7	vol01:30:9:8	rekey	草	0.9995
vol01:30:9:8	vol01:30:9:9	rekey	請	0.9996
vol01:31:1:9	vol01:31:1:10	rekey	其	0.9993
vol01:31:1:10	vol01:31:1:11	rekey	朝	0.9992
vol01:31:1:11	vol01:31:1:12	rekey	綱	0.999
vol01:31:1:12	vol01:31:1:13	rekey	叢	0.9992
vol01:31:1:13	vol01:31:1:14	rekey	脞	0.9992
vol01:31:1:14	vol01:31:1:15	rekey	可	0.9993
vol01:31:1:15	vol01:31:1:16	rekey	不	0.9997
vol01:31:1:16	vol01:31:1:17	rekey	問	0.9993
vol01:31:1:17	vol01:31:1:18	rekey	而	0.9994
vol01:31:1:18	vol01:31:1:19	rekey	知	0.9993
vol01:31:1:1	vol01:31:1:2	rekey	流	0.9993
vol01:31:1:19	vol01:31:1:20	rekey	也	0.9992
vol01:31:1:20	vol01:31:1:21	rekey	以	0.9996
vol01:31:1:2	vol01:31:1:3	rekey	涕	0.9992
vol01:31:1:3	vol01:31:1:4	rekey	一	0.9998
vol01:31:1:4	vol01:31:1:5	rekey	槩	0.9994
vol01:31:1:5	vol01:31:1:6	rekey	付	0.9994
vol01:31:1:6	vol01:31:1:7	rekey	之	0.9996
vol01:31:1:7	vol01:31:1:8	rekey	不	0.9994
vol01:31:1:8	vol01:31:1:9	rekey	答	0.9993
vol01:31:2:9	vol01:31:2:10	rekey	能	0.9994
vol01:31:2:10	vol01:31:2:11	rekey	採	0.9994
vol01:31:2:11	vol01:31:2:12	rekey	而	0.9996
vol01:31:2:12	vol01:31:2:13	rekey	用	0.9996
vol01:31:2:13	vol01:31:2:14	rekey	之	0.9997
vol01:31:2:14	vol01:31:2:15	rekey	敗	0.9994
vol01:31:2:15	vol01:31:2:16	rekey	亡	0.9996
vol01:31:2:16	vol01:31:2:17	rekey	未	0.9996
vol01:31:2:17	vol01:31:2:18	rekey	必	0.9995
vol01:31:2:18	vol01:31:2:19	rekey	若	0.9994
vol01:31:2:1	vol01:31:2:2	rekey	上	0.9997
vol01:31:2:19	vol01:31:2:20	rekey	彼	0.9992
vol01:31:2:20	vol01:31:2:21	rekey	其	0.999
vol01:31:2:2	vol01:31:2:3	rekey	諸	0.9993
vol01:31:2:3	vol01:31:2:4	rekey	人	0.9996
vol01:31:2:4	vol01:31:2:5	rekey	所	0.9995
vol01:31:2:5	vol01:31:2:6	rekey	言	0.9992
vol01:31:2:6	vol01:31:2:7	rekey	若	0.9994
vol01:31:2:7	vol01:31:2:8	rekey	當	0.9995
vol01:31:2:8	vol01:31:2:9	rekey	時	0.9991
vol01:31:3:9	vol01:31:3:10	rekey	亂	0.9993
vol01:31:3:10	vol01:31:3:11	rekey	所	0.9996
vol01:31:3:11	vol01:31:3:12	rekey	關	0.9994
vol01:31:3:12	vol01:31:3:13	rekey	足	0.9996
vol01:31:3:13	vol01:31:3:14	rekey	資	0.9995
vol01:31:3:14	vol01:31:3:15	rekey	考	0.9994
vol01:31:3:15	vol01:31:3:16	rekey	鏡	0.9994
vol01:31:3:16	vol01:31:3:17	rekey	惟	0.9992
vol01:31:3:17	vol01:31:3:18	rekey	當	0.9996
vol01:31:3:18	vol01:31:3:19	rekey	改	0.9995
vol01:31:3:1	vol01:31:3:2	rekey	速	0.9993
vol01:31:3:19	vol01:31:3:20	rekey	易	0.9995
vol01:31:3:2	vol01:31:3:3	rekey	是	0.9994
vol01:31:3:3	vol01:31:3:4	rekey	其	0.9993
vol01:31:3:4	vol01:31:3:5	rekey	書	0.9993
vol01:31:3:5	vol01:31:3:6	rekey	爲	0.9994
vol01:31:3:6	vol01:31:3:7	rekey	明	0.9994
vol01:31:3:7	vol01:31:3:8	rekey	季	0.9994
vol01:31:3:8	vol01:31:3:9	rekey	喪	0.9995
vol01:31:4:9	vol01:31:4:10	rekey	彼	0.9993
vol01:31:4:10	vol01:31:4:11	rekey	時	0.9994
vol01:31:4:11	vol01:31:4:12	rekey	直	0.9996
vol01:31:4:12	vol01:31:4:13	rekey	臣	0.9997
vol01:31:4:13	vol01:31:4:14	rekey	如	0.9996
vol01:31:4:14	vol01:31:4:15	rekey	楊	0.9995
vol01:31:4:15	vol01:31:4:16	rekey	漣	0.9994
vol01:31:4:16	vol01:31:4:17	rekey	左	0.9994
vol01:31:4:17	vol01:31:4:18	rekey	光	0.9995
vol01:31:4:18	vol01:31:4:19	rekey	斗	0.9993
vol01:31:4:1	vol01:31:4:2	rekey	碍	0.9993
vol01:31:4:19	vol01:31:4:20	rekey	李	0.9995
vol01:31:4:20	vol01:31:4:21	rekey	應	0.9992
vol01:31:4:2	vol01:31:4:3	rekey	字	0.9995
vol01:31:4:3	vol01:31:4:4	rekey	句	0.9996
vol01:31:4:4	vol01:31:4:5	rekey	無	0.9991
vol01:31:4:5	vol01:31:4:6	rekey	庸	0.9996
vol01:31:4:6	vol01:31:4:7	rekey	銷	0.9992
vol01:31:4:7	vol01:31:4:8	rekey	燬	0.9994
vol01:31:4:8	vol01:31:4:9	rekey	又	0.9995
vol01:31:5:9	vol01:31:5:10	rekey	南	0.9996
vol01:31:5:10	vol01:31:5:11	rekey	星	0.9994
vol01:31:5:11	vol01:31:5:12	rekey	倪	0.9996
vol01:31:5:12	vol01:31:5:13	rekey	元	0.9993
vol01:31:5:13	vol01:31:5:14	rekey	璐	0.9995
vol01:31:5:14	vol01:31:5:15	rekey	等	0.9995
vol01:31:5:15	vol01:31:5:16	rekey	所	0.9996
vol01:31:5:16	vol01:31:5:17	rekey	有	0.9996
vol01:31:5:17	vol01:31:5:18	rekey	書	0.9995
vol01:31:5:18	vol01:31:5:19	rekey	籍	0.9993
vol01:31:5:1	vol01:31:5:2	rekey	昇	0.9994
vol01:31:5:19	vol01:31:5:20	rekey	並	0.9995
vol01:31:5:20	vol01:31:5:21	rekey	當	0.9993
vol01:31:5:2	vol01:31:5:3	rekey	周	0.9996
vol01:31:5:3	vol01:31:5:4	rekey	宗	0.9994
vol01:31:5:4	vol01:31:5:5	rekey	建	0.9993
vol01:31:5:5	vol01:31:5:6	rekey	繆	0.999
vol01:31:5:6	vol01:31:5:7	rekey	昌	0.9994
vol01:31:5:7	vol01:31:5:8	rekey	期	0.9995
vol01:31:5:8	vol01:31:5:9	rekey	趙	0.9993
vol01:31:6:9	vol01:31:6:10	rekey	語	0.9994
vol01:31:6:10	vol01:31:6:11	rekey	傷	0.9993
vol01:31:6:11	vol01:31:6:12	rekey	觸	0.9995
vol01:31:6:12	vol01:31:6:13	rekey	本	0.9995
vol01:31:6:13	vol01:31:6:14	rekey	朝	0.9994
vol01:31:6:14	vol01:31:6:15	rekey	本	0.9995
vol01:31:6:15	vol01:31:6:16	rekey	屬	0.9992
vol01:31:6:16	vol01:31:6:17	rekey	各	0.9996
vol01:31:6:17	vol01:31:6:18	rekey	爲	0.9993
vol01:31:6:18	vol01:31:6:19	rekey	其	0.9994
vol01:31:6:1	vol01:31:6:2	rekey	以	0.9998
vol01:31:6:19	vol01:31:6:20	rekey	主	0.9996
vol01:31:6:20	vol01:31:6:21	rekey	亦	0.9995
vol01:31:6:2	vol01:31:6:3	rekey	此	0.9993
vol01:31:6:3	vol01:31:6:4	rekey	類	0.9992
vol01:31:6:4	vol01:31:6:5	rekey	推	0.9993
vol01:31:6:6	vol01:31:6:7	rekey	有	0.9996
vol01:31:6:7	vol01:31:6:8	rekey	一	0.9997
vol01:31:6:8	vol01:31:6:9	rekey	二	0.9996
vol01:31:7:9	vol01:31:7:10	rekey	不	0.9998
vol01:31:7:10	vol01:31:7:11	rekey	忍	0.9995
vol01:31:7:11	vol01:31:7:12	rekey	並	0.9993
vol01:31:7:12	vol01:31:7:13	rekey	從	0.9996
vol01:31:7:13	vol01:31:7:14	rekey	焚	0.9991
vol01:31:7:14	vol01:31:7:15	rekey	棄	0.9995
vol01:31:7:15	vol01:31:7:16	rekey	致	0.9995
vol01:31:7:16	vol01:31:7:17	rekey	令	0.9996
vol01:31:7:17	vol01:31:7:18	rekey	湮	0.9994
vol01:31:7:18	vol01:31:7:19	rekey	没	0.9994
vol01:31:7:1	vol01:31:7:2	rekey	止	0.9994
vol01:31:7:19	vol01:31:7:20	rekey	不	0.9996
vol01:31:7:20	vol01:31:7:21	rekey	彰	0.9964
vol01:31:7:2	vol01:31:7:3	rekey	須	0.9993
vol01:31:7:3	vol01:31:7:4	rekey	酌	0.9995
vol01:31:7:4	vol01:31:7:5	rekey	改	0.9993
vol01:31:7:5	vol01:31:7:6	rekey	一	1.0
vol01:31:7:6	vol01:31:7:7	rekey	二	0.9994
vol01:31:7:7	vol01:31:7:8	rekey	語	0.9994
vol01:31:7:8	vol01:31:7:9	rekey	實	0.9995
vol01:31:8:9	vol01:31:8:10	rekey	典	0.9996
vol01:31:8:10	vol01:31:8:11	rekey	彚	0.9991
vol01:31:8:11	vol01:31:8:12	rekey	一	1.0
vol01:31:8:12	vol01:31:8:13	rekey	書	0.9994
vol01:31:8:13	vol01:31:8:14	rekey	不	0.9997
vol01:31:8:14	vol01:31:8:15	rekey	過	0.9995
vol01:31:8:15	vol01:31:8:16	rekey	當	0.9996
vol01:31:8:16	vol01:31:8:17	rekey	時	0.9994
vol01:31:8:17	vol01:31:8:18	rekey	經	0.9991
vol01:31:8:18	vol01:31:8:19	rekey	生	0.9994
vol01:31:8:19	vol01:31:8:20	rekey	家	0.9995
vol01:31:8:20	vol01:31:8:21	rekey	策	0.9994
vol01:31:8:2	vol01:31:8:3	rekey	黃	0.9995
vol01:31:8:3	vol01:31:8:4	rekey	道	0.9997
vol01:31:8:4	vol01:31:8:5	rekey	周	0.9996
vol01:31:8:5	vol01:31:8:6	rekey	另	0.9996
vol01:31:8:6	vol01:31:8:7	rekey	有	0.9993
vol01:31:8:7	vol01:31:8:8	rekey	博	0.9997
vol01:31:8:8	vol01:31:8:9	rekey	物	0.9994
vol01:31:9:9	vol01:31:9:10	rekey	朝	0.9992
vol01:31:9:10	vol01:31:9:11	rekey	事	0.9997
vol01:31:9:11	vol01:31:9:12	rekey	蹟	0.9993
vol01:31:9:12	vol01:31:9:13	rekey	一	1.0
vol01:31:9:13	vol01:31:9:14	rekey	篇	0.9992
vol01:31:9:14	vol01:31:9:15	rekey	於	0.9994
vol01:31:9:15	vol01:31:9:16	rekey	李	0.9994
vol01:31:9:16	vol01:31:9:17	rekey	成	0.9995
vol01:31:9:17	vol01:31:9:18	rekey	梁	0.9996
vol01:31:9:18	vol01:31:9:19	rekey	後	0.9994
vol01:31:9:19	vol01:31:9:20	rekey	設	0.9993
vol01:31:9:20	vol01:31:9:21	rekey	謀	0.9993
vol01:31:9:2	vol01:31:9:3	rekey	之	0.9997
vol01:31:9:3	vol01:31:9:4	rekey	類	0.9996
vol01:31:9:4	vol01:31:9:5	rekey	然	0.9992
vol01:31:9:5	vol01:31:9:6	rekey	其	0.9994
vol01:31:9:6	vol01:31:9:7	rekey	中	0.9995
vol01:31:9:7	vol01:31:9:8	rekey	紀	0.9995
vol01:31:9:8	vol01:31:9:9	rekey	本	0.9996
vol01:32:1:10	vol01:32:1:10	rekey_in_place	徵	0.9993
vol01:32:1:11	vol01:32:1:11	rekey_in_place	我	0.9997
vol01:32:1:12	vol01:32:1:12	rekey_in_place	朝	0.9996
vol01:32:1:2	vol01:32:1:2	rekey_in_place	惎	0.9994
vol01:32:1:3	vol01:32:1:3	rekey_in_place	害	0.9994
vol01:32:1:5	vol01:32:1:5	rekey_in_place	載	0.9995
vol01:32:1:6	vol01:32:1:6	rekey_in_place	本	0.9996
vol01:32:1:7	vol01:32:1:7	rekey_in_place	末	0.9998
vol01:32:1:8	vol01:32:1:8	rekey_in_place	尤	0.9995
vol01:32:1:9	vol01:32:1:9	rekey_in_place	足	0.9995
vol01:32:2:1	vol01:32:2:1	rekey_in_place	宗	0.9998
vol01:32:2:10	vol01:32:2:10	rekey_in_place	有	0.9998
vol01:32:2:11	vol01:32:2:11	rekey_in_place	造	0.9999
vol01:32:2:12	vol01:32:2:12	rekey_in_place	於	0.9995
vol01:32:2:13	vol01:32:2:13	rekey_in_place	明	0.9993
vol01:32:2:14	vol01:32:2:14	rekey_in_place	人	0.9997
vol01:32:2:15	vol01:32:2:15	rekey_in_place	而	0.9997
vol01:32:2:16	vol01:32:2:16	rekey_in_place	彼	0.9996
vol01:32:2:17	vol01:32:2:17	rekey_in_place	轉	0.9996
vol01:32:2:18	vol01:32:2:18	rekey_in_place	逞	0.9994
vol01:32:2:19	vol01:32:2:19	rekey_in_place	狡	0.9997
vol01:32:2:2	vol01:32:2:2	rekey_in_place	行	0.9996
vol01:32:2:20	vol01:32:2:20	rekey_in_place	謀	0.9996
vol01:32:2:3	vol01:32:2:3	rekey_in_place	事	0.9996
vol01:32:2:4	vol01:32:2:4	rekey_in_place	正	0.9996
vol01:32:2:5	vol01:32:2:5	rekey_in_place	大	0.9997
vol01:32:2:6	vol01:32:2:6	rekey_in_place	光	0.9997
vol01:32:2:7	vol01:32:2:7	rekey_in_place	明	0.9998
vol01:32:2:8	vol01:32:2:8	rekey_in_place	實	0.9997
vol01:32:2:9	vol01:32:2:9	rekey_in_place	大	0.9998
vol01:32:3:3	vol01:32:3:3	rekey_in_place	以	0.9998
vol01:32:3:4	vol01:32:3:4	rekey_in_place	怨	0.9996
vol01:32:3:5	vol01:32:3:5	rekey_in_place	報	0.9996
vol01:32:3:6	vol01:32:3:6	rekey_in_place	德	0.9996
vol01:32:3:7	vol01:32:3:7	rekey_in_place	伏	0.9993
vol01:32:3:8	vol01:32:3:8	rekey_in_place	讀	0.9994
vol01:32:4:1	vol01:32:4:1	rekey_in_place	錄	0.9995
vol01:32:4:2	vol01:32:4:2	rekey_in_place	我	0.9994
vol01:32:5:0	vol01:32:5:-1	rekey	太	0.9997
vol01:32:5:1	vol01:32:5:1	rekey_in_place	祖	0.9998
vol01:32:5:2	vol01:32:5:2	rekey_in_place	高	0.9998
vol01:32:5:3	vol01:32:5:3	rekey_in_place	皇	0.9993
vol01:32:5:4	vol01:32:5:4	rekey_in_place	帝	0.9998
vol01:32:5:5	vol01:32:5:5	rekey_in_place	以	0.9999
vol01:32:5:6	vol01:32:5:6	rekey_in_place	七	0.9998
vol01:32:5:7	vol01:32:5:7	rekey_in_place	大	0.9996
vol01:32:5:8	vol01:32:5:8	rekey_in_place	恨	0.9997
vol01:32:5:9	vol01:32:5:9	rekey_in_place	告	0.9994
vol01:32:6:0	vol01:32:6:-1	rekey	天	0.9951
vol01:32:6:1	vol01:32:6:1	rekey_in_place	師	0.9995
vol01:32:6:10	vol01:32:6:10	rekey_in_place	建	0.9997
vol01:32:6:11	vol01:32:6:11	rekey_in_place	鴻	0.9997
vol01:32:6:12	vol01:32:6:12	rekey_in_place	基	0.9995
vol01:32:6:13	vol01:32:6:13	rekey_in_place	實	0.9993
vol01:32:6:14	vol01:32:6:14	rekey_in_place	自	0.9998
vol01:32:6:15	vol01:32:6:15	rekey_in_place	古	0.9995
vol01:32:6:16	vol01:32:6:16	rekey_in_place	創	0.9997
vol01:32:6:17	vol01:32:6:17	rekey_in_place	業	0.9994
vol01:32:6:18	vol01:32:6:18	rekey_in_place	者	0.9996
vol01:32:6:19	vol01:32:6:19	rekey_in_place	所	0.9995
vol01:32:6:2	vol01:32:6:2	rekey_in_place	直	0.9997
vol01:32:6:20	vol01:32:6:20	rekey_in_place	莫	0.9996
vol01:32:6:21	vol01:32:6:21	rekey_in_place	及	0.9996
vol01:32:6:3	vol01:32:6:3	rekey_in_place	爲	0.9993
vol01:32:6:4	vol01:32:6:4	rekey_in_place	壯	0.9994
vol01:32:6:5	vol01:32:6:5	rekey_in_place	神	0.9995
vol01:32:6:6	vol01:32:6:6	rekey_in_place	戈	0.9996
vol01:32:6:7	vol01:32:6:7	rekey_in_place	所	0.9995
vol01:32:6:8	vol01:32:6:8	rekey_in_place	指	0.9995
vol01:32:6:9	vol01:32:6:9	rekey_in_place	肇	0.9996
vol01:32:7:11	vol01:32:7:11	rekey_in_place	亂	0.9996
vol01:32:7:12	vol01:32:7:12	rekey_in_place	黑	0.9995
vol01:32:7:13	vol01:32:7:13	rekey_in_place	白	0.9998
vol01:32:7:14	vol01:32:7:14	rekey_in_place	曲	0.9996
vol01:32:7:15	vol01:32:7:15	rekey_in_place	爲	0.9994
vol01:32:7:16	vol01:32:7:16	rekey_in_place	隱	0.9996
vol01:32:7:17	vol01:32:7:17	rekey_in_place	諱	0.9996
vol01:32:7:18	vol01:32:7:18	rekey_in_place	存	0.9995
vol01:32:7:19	vol01:32:7:19	rekey_in_place	其	0.9995
vol01:32:7:2	vol01:32:7:2	rekey_in_place	雖	0.9992
vol01:32:7:20	vol01:32:7:20	rekey_in_place	言	0.9995
vol01:32:7:21	vol01:32:7:21	rekey_in_place	并	0.9991
vol01:32:7:3	vol01:32:7:3	rekey_in_place	彼	0.9996
vol01:32:7:4	vol01:32:7:4	rekey_in_place	之	0.9996
vol01:32:7:5	vol01:32:7:5	rekey_in_place	臣	0.9996
vol01:32:7:6	vol01:32:7:6	rekey_in_place	子	0.9996
vol01:32:7:7	vol01:32:7:7	rekey_in_place	亦	0.9996
vol01:32:7:8	vol01:32:7:8	rekey_in_place	不	0.9997
vol01:32:7:9	vol01:32:7:9	rekey_in_place	能	0.9995
vol01:32:8:10	vol01:32:8:10	rekey_in_place	備	0.9997
vol01:32:8:11	vol01:32:8:11	rekey_in_place	因	0.9998
vol01:32:8:12	vol01:32:8:12	rekey_in_place	命	0.9992
vol01:32:8:13	vol01:32:8:13	rekey_in_place	館	0.9995
vol01:32:8:14	vol01:32:8:14	rekey_in_place	臣	0.9998
vol01:32:8:15	vol01:32:8:15	rekey_in_place	酌	0.9997
vol01:32:8:16	vol01:32:8:16	rekey_in_place	加	0.9996
vol01:32:8:17	vol01:32:8:17	rekey_in_place	節	0.9995
vol01:32:8:18	vol01:32:8:18	rekey_in_place	改	0.9995
vol01:32:8:19	vol01:32:8:19	rekey_in_place	附	0.9995
vol01:32:8:20	vol01:32:8:20	rekey_in_place	載	0.9995
vol01:32:8:3	vol01:32:8:3	rekey_in_place	補	0.9996
vol01:32:8:4	vol01:32:8:4	rekey_in_place	當	0.9994
vol01:32:8:5	vol01:32:8:5	rekey_in_place	年	0.9995
vol01:32:8:6	vol01:32:8:6	rekey_in_place	紀	0.9996
vol01:32:8:7	vol01:32:8:7	rekey_in_place	載	0.9996
vol01:32:8:8	vol01:32:8:8	rekey_in_place	所	0.9996
vol01:32:8:9	vol01:32:8:9	rekey_in_place	未	0.9996
vol01:32:9:1	vol01:32:9:1	rekey_in_place	國	0.9996
vol01:32:9:10	vol01:32:9:10	rekey_in_place	復	0.9994
vol01:32:9:11	vol01:32:9:11	rekey_in_place	閱	0.9993
vol01:32:9:12	vol01:32:9:12	rekey_in_place	江	0.9995
vol01:32:9:13	vol01:32:9:13	rekey_in_place	蘇	0.9995
vol01:32:9:14	vol01:32:9:14	rekey_in_place	所	0.9996
vol01:32:9:15	vol01:32:9:15	rekey_in_place	進	0.9996
vol01:32:9:16	vol01:32:9:16	rekey_in_place	應	0.9996
vol01:32:9:17	vol01:32:9:17	rekey_in_place	燬	0.9996
vol01:32:9:18	vol01:32:9:18	rekey_in_place	書	0.9997
vol01:32:9:19	vol01:32:9:19	rekey_in_place	籍	0.9994
vol01:32:9:2	vol01:32:9:2	rekey_in_place	方	0.9995
vol01:32:9:20	vol01:32:9:20	rekey_in_place	内	0.9997
vol01:32:9:21	vol01:32:9:21	rekey_in_place	有	0.9995
vol01:32:9:3	vol01:32:9:3	rekey_in_place	畧	0.9993
vol01:32:9:4	vol01:32:9:4	rekey_in_place	後	0.9997
vol01:32:9:5	vol01:32:9:5	rekey_in_place	以	0.9997
vol01:32:9:6	vol01:32:9:6	rekey_in_place	昭	0.9995
vol01:32:9:7	vol01:32:9:7	rekey_in_place	徵	0.9996
vol01:32:9:8	vol01:32:9:8	rekey_in_place	信	0.9997
vol01:32:9:9	vol01:32:9:9	rekey_in_place	近	0.9996
vol01:33:1:10	vol01:33:1:10	rekey_in_place	間	0.9997
vol01:33:1:11	vol01:33:1:11	rekey_in_place	諸	0.9995
vol01:33:1:12	vol01:33:1:12	rekey_in_place	臣	0.9996
vol01:33:1:13	vol01:33:1:13	rekey_in_place	奏	0.9995
vol01:33:1:14	vol01:33:1:14	rekey_in_place	疏	0.9995
vol01:33:1:15	vol01:33:1:15	rekey_in_place	一	1.0
vol01:33:1:16	vol01:33:1:16	rekey_in_place	卷	0.9996
vol01:33:1:17	vol01:33:1:17	rekey_in_place	其	0.9994
vol01:33:1:18	vol01:33:1:18	rekey_in_place	中	0.9997
vol01:33:1:19	vol01:33:1:19	rekey_in_place	多	0.9994
vol01:33:1:20	vol01:33:1:20	rekey_in_place	指	0.9995
vol01:33:1:3	vol01:33:1:3	rekey_in_place	東	0.9998
vol01:33:1:4	vol01:33:1:4	rekey_in_place	觀	0.9994
vol01:33:1:5	vol01:33:1:5	rekey_in_place	編	0.9996
vol01:33:2:10	vol01:33:2:10	rekey_in_place	而	0.9997
vol01:33:2:11	vol01:33:2:11	rekey_in_place	不	0.9997
vol01:33:2:12	vol01:33:2:12	rekey_in_place	可	0.9996
vol01:33:2:13	vol01:33:2:13	rekey_in_place	救	0.9994
vol01:33:2:14	vol01:33:2:14	rekey_in_place	亦	0.9993
vol01:33:2:15	vol01:33:2:15	rekey_in_place	足	0.9997
vol01:33:2:16	vol01:33:2:16	rekey_in_place	取	0.9994
vol01:33:2:17	vol01:33:2:17	rekey_in_place	爲	0.9995
vol01:33:2:18	vol01:33:2:18	rekey_in_place	殷	0.9994
vol01:33:2:19	vol01:33:2:19	rekey_in_place	鑒	0.9995
vol01:33:2:2	vol01:33:2:2	rekey_in_place	明	0.9997
vol01:33:2:20	vol01:33:2:20	rekey_in_place	雖	0.9997
vol01:33:2:21	vol01:33:2:21	rekey_in_place	諸	0.9961
vol01:33:2:3	vol01:33:2:3	rekey_in_place	季	0.9998
vol01:33:2:4	vol01:33:2:4	rekey_in_place	秕	0.9993
vol01:33:2:5	vol01:33:2:5	rekey_in_place	政	0.9997
vol01:33:2:6	vol01:33:2:6	rekey_in_place	漸	0.9995
vol01:33:2:7	vol01:33:2:7	rekey_in_place	至	0.9995
vol01:33:2:8	vol01:33:2:8	rekey_in_place	瓦	0.9995
vol01:33:2:9	vol01:33:2:9	rekey_in_place	解	0.9995
vol01:33:3:10	vol01:33:3:10	rekey_in_place	彼	0.9996
vol01:33:3:11	vol01:33:3:11	rekey_in_place	皆	0.9996
vol01:33:3:12	vol01:33:3:12	rekey_in_place	忠	0.9996
vol01:33:3:13	vol01:33:3:13	rekey_in_place	於	0.9995
vol01:33:3:14	vol01:33:3:14	rekey_in_place	所	0.9996
vol01:33:3:15	vol01:33:3:15	rekey_in_place	事	0.9997
vol01:33:3:16	vol01:33:3:16	rekey_in_place	實	0.9994
vol01:33:3:17	vol01:33:3:17	rekey_in_place	不	0.9997
vol01:33:3:18	vol01:33:3:18	rekey_in_place	足	0.9994
vol01:33:3:19	vol01:33:3:19	rekey_in_place	罪	0.9995
vol01:33:3:20	vol01:33:3:20	rekey_in_place	惟	0.9996
vol01:33:3:3	vol01:33:3:3	rekey_in_place	中	0.9997
vol01:33:3:4	vol01:33:3:4	rekey_in_place	多	0.9995
vol01:33:3:5	vol01:33:3:5	rekey_in_place	有	0.9995
vol01:33:3:6	vol01:33:3:6	rekey_in_place	乖	0.9997
vol01:33:3:7	vol01:33:3:7	rekey_in_place	觸	0.9996
vol01:33:3:8	vol01:33:3:8	rekey_in_place	字	0.9998
vol01:33:3:9	vol01:33:3:9	rekey_in_place	句	0.9996
vol01:33:4:10	vol01:33:4:10	rekey_in_place	使	0.9995
vol01:33:4:11	vol01:33:4:11	rekey_in_place	天	0.9997
vol01:33:4:12	vol01:33:4:12	rekey_in_place	下	0.9998
vol01:33:4:13	vol01:33:4:13	rekey_in_place	後	0.9993
vol01:33:4:14	vol01:33:4:14	rekey_in_place	世	0.9995
vol01:33:4:15	vol01:33:4:15	rekey_in_place	曉	0.9995
vol01:33:4:16	vol01:33:4:16	rekey_in_place	然	0.9995
vol01:33:4:17	vol01:33:4:17	rekey_in_place	於	0.9995
vol01:33:4:18	vol01:33:4:18	rekey_in_place	明	0.9996
vol01:33:4:19	vol01:33:4:19	rekey_in_place	之	0.9998
vol01:33:4:20	vol01:33:4:20	rekey_in_place	所	0.9997
vol01:33:4:3	vol01:33:4:3	rekey_in_place	改	0.9998
vol01:33:4:4	vol01:33:4:4	rekey_in_place	數	0.9997
vol01:33:4:5	vol01:33:4:5	rekey_in_place	字	0.9997
vol01:33:4:6	vol01:33:4:6	rekey_in_place	存	0.9996
vol01:33:4:7	vol01:33:4:7	rekey_in_place	其	0.9996
vol01:33:4:8	vol01:33:4:8	rekey_in_place	原	0.9995
vol01:33:4:9	vol01:33:4:9	rekey_in_place	書	0.9997
vol01:33:5:10	vol01:33:5:10	rekey_in_place	俾	0.9996
vol01:33:5:11	vol01:33:5:11	rekey_in_place	我	0.9996
vol01:33:5:12	vol01:33:5:12	rekey_in_place	子	0.9998
vol01:33:5:13	vol01:33:5:13	rekey_in_place	孫	0.9993
vol01:33:5:14	vol01:33:5:14	rekey_in_place	永	0.9996
vol01:33:5:15	vol01:33:5:15	rekey_in_place	念	0.9996
vol01:33:5:2	vol01:33:5:2	rekey_in_place	亡	0.9997
vol01:33:5:4	vol01:33:5:4	rekey_in_place	本	0.9997
vol01:33:5:5	vol01:33:5:5	rekey_in_place	朝	0.9997
vol01:33:5:6	vol01:33:5:6	rekey_in_place	之	0.9997
vol01:33:5:7	vol01:33:5:7	rekey_in_place	所	0.9997
vol01:33:5:8	vol01:33:5:8	rekey_in_place	以	0.9998
vol01:33:6:0	vol01:33:6:-1	rekey	祖	0.9997
vol01:33:6:1	vol01:33:6:1	rekey_in_place	宗	0.9997
vol01:33:6:10	vol01:33:6:10	rekey_in_place	兢	0.9996
vol01:33:6:11	vol01:33:6:11	rekey_in_place	業	0.9995
vol01:33:6:12	vol01:33:6:12	rekey_in_place	業	0.9997
vol01:33:6:13	vol01:33:6:13	rekey_in_place	以	0.9996
vol01:33:6:14	vol01:33:6:14	rekey_in_place	祈	0.9997
vol01:33:6:2	vol01:33:6:2	rekey_in_place	締	0.9997
vol01:33:6:3	vol01:33:6:3	rekey_in_place	造	0.9998
vol01:33:6:4	vol01:33:6:4	rekey_in_place	之	0.9997
vol01:33:6:5	vol01:33:6:5	rekey_in_place	艱	0.9995
vol01:33:6:6	vol01:33:6:6	rekey_in_place	難	0.9996
vol01:33:6:7	vol01:33:6:7	rekey_in_place	益	0.9994
vol01:33:6:8	vol01:33:6:8	rekey_in_place	思	0.9996
vol01:33:6:9	vol01:33:6:9	rekey_in_place	兢	0.9996
vol01:33:7:2	vol01:33:7:2	rekey_in_place	永	0.9995
vol01:33:8:0	vol01:33:8:-1	rekey	命	0.9974
vol01:33:8:1	vol01:33:8:1	rekey_in_place	其	0.9993
vol01:33:8:10	vol01:33:8:10	rekey_in_place	何	0.9995
vol01:33:8:11	vol01:33:8:11	rekey_in_place	必	0.9997
vol01:33:8:12	vol01:33:8:12	rekey_in_place	急	0.9997
vol01:33:8:13	vol01:33:8:13	rekey_in_place	燬	0.9994
vol01:33:8:14	vol01:33:8:14	rekey_in_place	其	0.9994
vol01:33:8:15	vol01:33:8:15	rekey_in_place	書	0.9993
vol01:33:8:16	vol01:33:8:16	rekey_in_place	乎	0.9994
vol01:33:8:17	vol01:33:8:17	rekey_in_place	又	0.9997
vol01:33:8:18	vol01:33:8:18	rekey_in_place	若	0.9995
vol01:33:8:19	vol01:33:8:19	rekey_in_place	彚	0.9994
vol01:33:8:2	vol01:33:8:2	rekey_in_place	所	0.9995
vol01:33:8:20	vol01:33:8:20	rekey_in_place	選	0.9995
vol01:33:8:21	vol01:33:8:21	rekey_in_place	各	0.9975
vol01:33:8:3	vol01:33:8:3	rekey_in_place	裨	0.9995
vol01:33:8:4	vol01:33:8:4	rekey_in_place	益	0.9994
vol01:33:8:5	vol01:33:8:5	rekey_in_place	豈	0.9994
vol01:33:8:6	vol01:33:8:6	rekey_in_place	不	0.9998
vol01:33:8:7	vol01:33:8:7	rekey_in_place	更	0.9993
vol01:33:8:8	vol01:33:8:8	rekey_in_place	大	0.9997
vol01:33:8:9	vol01:33:8:9	rekey_in_place	又	0.9997
vol01:33:9:10	vol01:33:9:10	rekey_in_place	屈	0.9994
vol01:33:9:11	vol01:33:9:11	rekey_in_place	大	0.9995
vol01:33:9:12	vol01:33:9:12	rekey_in_place	均	0.9997
vol01:33:9:13	vol01:33:9:13	rekey_in_place	所	0.9997
vol01:33:9:14	vol01:33:9:14	rekey_in_place	作	0.9995
vol01:33:9:15	vol01:33:9:15	rekey_in_place	自	0.9996
vol01:33:9:16	vol01:33:9:16	rekey_in_place	當	0.9995
vol01:33:9:17	vol01:33:9:17	rekey_in_place	削	0.9996
vol01:33:9:18	vol01:33:9:18	rekey_in_place	去	0.9995
vol01:33:9:19	vol01:33:9:19	rekey_in_place	其	0.9995
vol01:33:9:2	vol01:33:9:2	rekey_in_place	家	0.9998
vol01:33:9:20	vol01:33:9:20	rekey_in_place	餘	0.9997
vol01:33:9:3	vol01:33:9:3	rekey_in_place	詩	0.9995
vol01:33:9:4	vol01:33:9:4	rekey_in_place	文	0.9997
vol01:33:9:6	vol01:33:9:6	rekey_in_place	有	0.9997
vol01:33:9:7	vol01:33:9:7	rekey_in_place	錢	0.9993
vol01:33:9:8	vol01:33:9:8	rekey_in_place	謙	0.9996
vol01:33:9:9	vol01:33:9:9	rekey_in_place	益	0.9995
vol01:34:1:9	vol01:34:1:10	rekey	匪	0.9996
vol01:34:1:10	vol01:34:1:11	rekey	人	0.9996
vol01:34:1:11	vol01:34:1:12	rekey	致	0.9993
vol01:34:1:12	vol01:34:1:13	rekey	累	0.9996
vol01:34:1:13	vol01:34:1:14	rekey	及	0.9994
vol01:34:1:14	vol01:34:1:15	rekey	衆	0.9995
vol01:34:1:15	vol01:34:1:16	rekey	或	0.9994
vol01:34:1:16	vol01:34:1:17	rekey	明	0.9995
vol01:34:1:2	vol01:34:1:3	rekey	留	0.9995
vol01:34:1:3	vol01:34:1:4	rekey	存	0.9992
vol01:34:1:4	vol01:34:1:5	rekey	不	0.9996
vol01:34:1:5	vol01:34:1:6	rekey	必	0.9995
vol01:34:1:6	vol01:34:1:7	rekey	因	0.9997
vol01:34:1:7	vol01:34:1:8	rekey	一	1.0
vol01:34:1:8	vol01:34:1:9	rekey	二	0.9997
vol01:34:2:9	vol01:34:2:10	rekey	所	0.9996
vol01:34:2:10	vol01:34:2:11	rekey	有	0.9994
vol01:34:2:11	vol01:34:2:12	rekey	觸	0.9992
vol01:34:2:12	vol01:34:2:13	rekey	碍	0.9995
vol01:34:2:13	vol01:34:2:14	rekey	字	0.9994
vol01:34:2:14	vol01:34:2:15	rekey	樣	0.9995
vol01:34:2:15	vol01:34:2:16	rekey	固	0.9995
vol01:34:2:16	vol01:34:2:17	rekey	不	0.9996
vol01:34:2:17	vol01:34:2:18	rekey	可	0.9993
vol01:34:2:18	vol01:34:2:19	rekey	存	0.9994
vol01:34:2:1	vol01:34:2:2	rekey	書	0.9991
vol01:34:2:2	vol01:34:2:3	rekey	其	0.9994
vol01:34:2:3	vol01:34:2:4	rekey	邊	0.9996
vol01:34:2:4	vol01:34:2:5	rekey	塞	0.9992
vol01:34:2:5	vol01:34:2:6	rekey	兵	0.9993
vol01:34:2:6	vol01:34:2:7	rekey	防	0.9995
vol01:34:2:7	vol01:34:2:8	rekey	等	0.9994
vol01:34:2:8	vol01:34:2:9	rekey	門	0.9996
vol01:34:3:9	vol01:34:3:10	rekey	數	0.9994
vol01:34:3:10	vol01:34:3:11	rekey	篇	0.9992
vol01:34:3:11	vol01:34:3:12	rekey	或	0.9994
vol01:34:3:12	vol01:34:3:13	rekey	改	0.9994
vol01:34:3:13	vol01:34:3:14	rekey	定	0.9994
vol01:34:3:14	vol01:34:3:15	rekey	字	0.9995
vol01:34:3:15	vol01:34:3:16	rekey	句	0.9996
vol01:34:3:16	vol01:34:3:17	rekey	亦	0.9993
vol01:34:3:17	vol01:34:3:18	rekey	不	0.9997
vol01:34:3:18	vol01:34:3:19	rekey	必	0.9995
vol01:34:3:1	vol01:34:3:2	rekey	須	0.9994
vol01:34:3:2	vol01:34:3:3	rekey	削	0.9997
vol01:34:3:3	vol01:34:3:4	rekey	去	0.9996
vol01:34:3:4	vol01:34:3:5	rekey	數	0.9994
vol01:34:3:5	vol01:34:3:6	rekey	卷	0.9995
vol01:34:3:6	vol01:34:3:7	rekey	或	0.9995
vol01:34:3:7	vol01:34:3:8	rekey	削	0.9996
vol01:34:3:8	vol01:34:3:9	rekey	去	0.9996
vol01:34:4:9	vol01:34:4:10	rekey	如	0.9995
vol01:34:4:10	vol01:34:4:11	rekey	南	0.9994
vol01:34:4:11	vol01:34:4:12	rekey	宋	0.9994
vol01:34:4:12	vol01:34:4:13	rekey	人	0.9998
vol01:34:4:13	vol01:34:4:14	rekey	書	0.9992
vol01:34:4:14	vol01:34:4:15	rekey	之	0.9997
vol01:34:4:15	vol01:34:4:16	rekey	斥	0.9994
vol01:34:4:16	vol01:34:4:17	rekey	金	0.9994
vol01:34:4:17	vol01:34:4:18	rekey	明	0.9995
vol01:34:4:18	vol01:34:4:19	rekey	初	0.9997
vol01:34:4:1	vol01:34:4:2	rekey	二	0.9998
vol01:34:4:2	vol01:34:4:3	rekey	卷	0.9995
vol01:34:4:3	vol01:34:4:4	rekey	帙	0.9994
vol01:34:4:4	vol01:34:4:5	rekey	遂	0.9995
vol01:34:4:5	vol01:34:4:6	rekey	廢	0.9994
vol01:34:4:6	vol01:34:4:7	rekey	全	0.9995
vol01:34:4:7	vol01:34:4:8	rekey	部	0.9995
vol01:34:4:8	vol01:34:4:9	rekey	他	0.9997
vol01:34:5:9	vol01:34:5:10	rekey	者	0.9993
vol01:34:5:10	vol01:34:5:11	rekey	自	0.9995
vol01:34:5:11	vol01:34:5:12	rekey	當	0.9994
vol01:34:5:12	vol01:34:5:13	rekey	從	0.9993
vol01:34:5:13	vol01:34:5:14	rekey	改	0.9995
vol01:34:5:14	vol01:34:5:15	rekey	其	0.9994
vol01:34:5:15	vol01:34:5:16	rekey	書	0.9992
vol01:34:5:16	vol01:34:5:17	rekey	均	0.9995
vol01:34:5:17	vol01:34:5:18	rekey	不	0.9997
vol01:34:5:18	vol01:34:5:19	rekey	必	0.9996
vol01:34:5:1	vol01:34:5:2	rekey	之	0.9997
vol01:34:5:2	vol01:34:5:3	rekey	斥	0.9995
vol01:34:5:3	vol01:34:5:4	rekey	元	0.9996
vol01:34:5:4	vol01:34:5:5	rekey	其	0.9995
vol01:34:5:5	vol01:34:5:6	rekey	悖	0.9993
vol01:34:5:6	vol01:34:5:7	rekey	於	0.9995
vol01:34:5:7	vol01:34:5:8	rekey	義	0.9994
vol01:34:5:8	vol01:34:5:9	rekey	理	0.9994
vol01:34:6:9	vol01:34:6:10	rekey	舊	0.9994
vol01:34:6:10	vol01:34:6:11	rekey	流	0.9995
vol01:34:6:11	vol01:34:6:12	rekey	行	0.9995
vol01:34:6:12	vol01:34:6:13	rekey	而	0.9995
vol01:34:6:13	vol01:34:6:14	rekey	應	0.9992
vol01:34:6:14	vol01:34:6:15	rekey	禁	0.9993
vol01:34:6:15	vol01:34:6:16	rekey	之	0.9995
vol01:34:6:16	vol01:34:6:17	rekey	書	0.9992
vol01:34:6:17	vol01:34:6:18	rekey	自	0.9997
vol01:34:6:18	vol01:34:6:19	rekey	不	0.9995
vol01:34:6:1	vol01:34:6:2	rekey	無	0.9995
vol01:34:6:2	vol01:34:6:3	rekey	碍	0.9995
vol01:34:6:3	vol01:34:6:4	rekey	之	0.9996
vol01:34:6:4	vol01:34:6:5	rekey	書	0.9994
vol01:34:6:5	vol01:34:6:6	rekey	原	0.9995
vol01:34:6:6	vol01:34:6:7	rekey	聽	0.9993
vol01:34:6:7	vol01:34:6:8	rekey	其	0.9995
vol01:34:6:8	vol01:34:6:9	rekey	照	0.9995
vol01:34:7:9	vol01:34:7:10	rekey	四	0.9996
vol01:34:7:10	vol01:34:7:11	rekey	庫	0.9994
vol01:34:7:11	vol01:34:7:12	rekey	全	0.9994
vol01:34:7:12	vol01:34:7:13	rekey	書	0.9991
vol01:34:7:13	vol01:34:7:14	rekey	總	0.9993
vol01:34:7:14	vol01:34:7:15	rekey	裁	0.9993
vol01:34:7:15	vol01:34:7:16	rekey	等	0.9992
vol01:34:7:16	vol01:34:7:17	rekey	妥	0.9994
vol01:34:7:17	vol01:34:7:18	rekey	協	0.9995
vol01:34:7:1	vol01:34:7:2	rekey	前	0.9996
vol01:34:7:19	vol01:34:7:20	rekey	辦	0.9994
vol01:34:7:2	vol01:34:7:3	rekey	藏	0.9994
vol01:34:7:3	vol01:34:7:4	rekey	匿	0.9995
vol01:34:7:4	vol01:34:7:5	rekey	方	0.9996
vol01:34:7:5	vol01:34:7:6	rekey	爲	0.9995
vol01:34:7:6	vol01:34:7:7	rekey	盡	0.9993
vol01:34:7:7	vol01:34:7:8	rekey	善	0.9994
vol01:34:7:8	vol01:34:7:9	rekey	著	0.9995
vol01:34:8:9	vol01:34:8:10	rekey	將	0.9995
vol01:34:8:10	vol01:34:8:11	rekey	此	0.9996
vol01:34:8:11	vol01:34:8:12	rekey	通	0.9996
vol01:34:8:12	vol01:34:8:13	rekey	諭	0.9993
vol01:34:8:13	vol01:34:8:14	rekey	中	0.9996
vol01:34:8:14	vol01:34:8:15	rekey	外	0.9997
vol01:34:8:15	vol01:34:8:16	rekey	知	0.9995
vol01:34:8:16	vol01:34:8:17	rekey	之	0.9996
vol01:34:8:17	vol01:34:8:18	rekey	欽	0.9996
vol01:34:8:18	vol01:34:8:19	rekey	此	0.9997
vol01:34:8:1	vol01:34:8:2	rekey	簽	0.9995
vol01:34:8:2	vol01:34:8:3	rekey	呈	0.9995
vol01:34:8:3	vol01:34:8:4	rekey	覽	0.9994
vol01:34:8:4	vol01:34:8:5	rekey	候	0.9994
vol01:34:8:5	vol01:34:8:6	rekey	朕	0.9995
vol01:34:8:6	vol01:34:8:7	rekey	定	0.9996
vol01:34:8:7	vol01:34:8:8	rekey	奪	0.9994
vol01:34:8:8	vol01:34:8:9	rekey	並	0.9997
vol01:34:9:9	vol01:34:9:10	rekey	月	0.9996
vol01:34:9:10	vol01:34:9:11	rekey	初	0.9995
vol01:34:9:11	vol01:34:9:12	rekey	七	0.9997
vol01:34:9:12	vol01:34:9:13	rekey	日	0.9998
vol01:34:9:13	vol01:34:9:14	rekey	奉	0.999
vol01:34:9:2	vol01:34:9:3	rekey	乾	0.9995
vol01:34:9:3	vol01:34:9:4	rekey	隆	0.9995
vol01:34:9:4	vol01:34:9:5	rekey	四	0.9997
vol01:34:9:5	vol01:34:9:6	rekey	十	0.9997
vol01:34:9:6	vol01:34:9:7	rekey	二	0.9997
vol01:34:9:7	vol01:34:9:8	rekey	年	0.9995
vol01:34:9:8	vol01:34:9:9	rekey	十	0.9997
vol01:35:1:9	vol01:35:1:10	rekey	李	0.9998
vol01:35:1:10	vol01:35:1:11	rekey	廌	0.9997
vol01:35:1:11	vol01:35:1:12	rekey	濟	0.9993
vol01:35:1:12	vol01:35:1:13	rekey	南	0.9998
vol01:35:1:13	vol01:35:1:14	rekey	集	0.9995
vol01:35:1:14	vol01:35:1:15	rekey	其	0.9994
vol01:35:1:15	vol01:35:1:16	rekey	詠	0.9997
vol01:35:1:16	vol01:35:1:17	rekey	鳳	0.9996
vol01:35:1:17	vol01:35:1:18	rekey	凰	0.9993
vol01:35:1:18	vol01:35:1:19	rekey	臺	0.9994
vol01:35:1:1	vol01:35:1:2	rekey	諭	0.9985
vol01:35:1:2	vol01:35:1:3	rekey	四	0.9995
vol01:35:1:3	vol01:35:1:4	rekey	庫	0.9994
vol01:35:1:5	vol01:35:1:6	rekey	書	0.9995
vol01:35:1:6	vol01:35:1:7	rekey	館	0.9995
vol01:35:1:7	vol01:35:1:8	rekey	進	0.9996
vol01:35:1:8	vol01:35:1:9	rekey	呈	0.9996
vol01:35:2:9	vol01:35:2:10	rekey	誤	0.9995
vol01:35:2:10	vol01:35:2:11	rekey	至	0.9997
vol01:35:2:11	vol01:35:2:12	rekey	斯	0.9994
vol01:35:2:12	vol01:35:2:13	rekey	之	0.9998
vol01:35:2:13	vol01:35:2:14	rekey	語	0.9996
vol01:35:2:14	vol01:35:2:15	rekey	於	0.9996
vol01:35:2:15	vol01:35:2:16	rekey	理	0.9996
vol01:35:2:16	vol01:35:2:17	rekey	不	0.9997
vol01:35:2:17	vol01:35:2:18	rekey	順	0.9993
vol01:35:2:18	vol01:35:2:19	rekey	因	0.9994
vol01:35:2:1	vol01:35:2:2	rekey	有	0.9997
vol01:35:2:2	vol01:35:2:3	rekey	漢	0.9995
vol01:35:2:3	vol01:35:2:4	rekey	徹	0.9995
vol01:35:2:4	vol01:35:2:5	rekey	方	0.9994
vol01:35:2:5	vol01:35:2:6	rekey	秦	0.9996
vol01:35:2:7	vol01:35:2:8	rekey	何	0.9996
vol01:35:2:8	vol01:35:2:9	rekey	乃	0.9996
vol01:35:3:9	vol01:35:3:10	rekey	頡	0.9995
vol01:35:3:10	vol01:35:3:11	rekey	頏	0.9995
vol01:35:3:11	vol01:35:3:12	rekey	漢	0.9995
vol01:35:3:12	vol01:35:3:13	rekey	徹	0.9994
vol01:35:3:13	vol01:35:3:14	rekey	跨	0.9994
vol01:35:3:14	vol01:35:3:15	rekey	躡	0.9994
vol01:35:3:15	vol01:35:3:16	rekey	曹	0.9997
vol01:35:3:16	vol01:35:3:17	rekey	丕	0.9996
vol01:35:3:17	vol01:35:3:18	rekey	之	0.9998
vol01:35:3:18	vol01:35:3:19	rekey	句	0.9995
vol01:35:3:1	vol01:35:3:2	rekey	北	0.9996
vol01:35:3:2	vol01:35:3:3	rekey	史	0.9996
vol01:35:3:3	vol01:35:3:4	rekey	文	0.9996
vol01:35:3:4	vol01:35:3:5	rekey	苑	0.9997
vol01:35:3:5	vol01:35:3:6	rekey	傳	0.9995
vol01:35:3:6	vol01:35:3:7	rekey	敘	0.9991
vol01:35:3:7	vol01:35:3:8	rekey	亦	0.9997
vol01:35:3:8	vol01:35:3:9	rekey	有	0.9997
vol01:35:4:9	vol01:35:4:10	rekey	秦	0.9994
vol01:35:4:10	vol01:35:4:11	rekey	始	0.9994
vol01:35:4:11	vol01:35:4:12	rekey	皇	0.9997
vol01:35:4:12	vol01:35:4:13	rekey	焚	0.9995
vol01:35:4:13	vol01:35:4:14	rekey	書	0.9995
vol01:35:4:14	vol01:35:4:15	rekey	坑	0.9993
vol01:35:4:15	vol01:35:4:16	rekey	儒	0.9994
vol01:35:4:16	vol01:35:4:17	rekey	其	0.9994
vol01:35:4:17	vol01:35:4:18	rekey	酷	0.9995
vol01:35:4:18	vol01:35:4:19	rekey	處	0.9996
vol01:35:4:1	vol01:35:4:2	rekey	因	0.9995
vol01:35:4:2	vol01:35:4:3	rekey	而	0.9996
vol01:35:4:3	vol01:35:4:4	rekey	錄	0.9995
vol01:35:4:4	vol01:35:4:5	rekey	入	0.9997
vol01:35:4:5	vol01:35:4:6	rekey	均	0.9995
vol01:35:4:6	vol01:35:4:7	rekey	屬	0.9994
vol01:35:4:7	vol01:35:4:8	rekey	未	0.9995
vol01:35:4:8	vol01:35:4:9	rekey	協	0.9994
vol01:35:5:9	vol01:35:5:10	rekey	之	0.9997
vol01:35:5:10	vol01:35:5:11	rekey	人	0.9997
vol01:35:5:11	vol01:35:5:12	rekey	深	0.9993
vol01:35:5:12	vol01:35:5:13	rekey	惡	0.9995
vol01:35:5:13	vol01:35:5:14	rekey	痛	0.9995
vol01:35:5:14	vol01:35:5:15	rekey	絕	0.9994
vol01:35:5:15	vol01:35:5:16	rekey	因	0.9997
vol01:35:5:16	vol01:35:5:17	rekey	而	0.9994
vol01:35:5:17	vol01:35:5:18	rekey	顯	0.9993
vol01:35:5:18	vol01:35:5:19	rekey	斥	0.9996
vol01:35:5:1	vol01:35:5:2	rekey	枚	0.9998
vol01:35:5:2	vol01:35:5:3	rekey	舉	0.9998
vol01:35:5:3	vol01:35:5:4	rekey	號	0.9995
vol01:35:5:4	vol01:35:5:5	rekey	爲	0.9996
vol01:35:5:5	vol01:35:5:6	rekey	無	0.9995
vol01:35:5:6	vol01:35:5:7	rekey	道	0.9996
vol01:35:5:7	vol01:35:5:8	rekey	秦	0.9995
vol01:35:5:8	vol01:35:5:9	rekey	後	0.9995
vol01:35:6:9	vol01:35:6:10	rekey	爲	0.9994
vol01:35:6:10	vol01:35:6:11	rekey	纂	0.9993
vol01:35:6:11	vol01:35:6:12	rekey	逆	0.9996
vol01:35:6:12	vol01:35:6:13	rekey	稱	0.9995
vol01:35:6:13	vol01:35:6:14	rekey	名	0.9996
vol01:35:6:14	vol01:35:6:15	rekey	亦	0.9993
vol01:35:6:15	vol01:35:6:16	rekey	宜	0.9996
vol01:35:6:16	vol01:35:6:17	rekey	至	0.9995
vol01:35:6:17	vol01:35:6:18	rekey	漢	0.9993
vol01:35:6:18	vol01:35:6:19	rekey	武	0.9996
vol01:35:6:1	vol01:35:6:2	rekey	尚	0.9995
vol01:35:6:2	vol01:35:6:3	rekey	無	0.9995
vol01:35:6:3	vol01:35:6:4	rekey	不	0.9995
vol01:35:6:4	vol01:35:6:5	rekey	可	0.9995
vol01:35:6:5	vol01:35:6:6	rekey	若	0.9994
vol01:35:6:6	vol01:35:6:7	rekey	曹	0.9991
vol01:35:6:7	vol01:35:6:8	rekey	丕	0.9995
vol01:35:6:8	vol01:35:6:9	rekey	躬	0.9994
vol01:35:7:9	vol01:35:7:10	rekey	之	0.9996
vol01:35:7:10	vol01:35:7:11	rekey	主	0.9995
vol01:35:7:11	vol01:35:7:12	rekey	且	0.9995
vol01:35:7:12	vol01:35:7:13	rekey	興	0.9994
vol01:35:7:13	vol01:35:7:14	rekey	賢	0.9995
vol01:35:7:14	vol01:35:7:15	rekey	用	0.9993
vol01:35:7:15	vol01:35:7:16	rekey	能	0.9995
vol01:35:7:16	vol01:35:7:17	rekey	獨	0.9994
vol01:35:7:17	vol01:35:7:18	rekey	持	0.9992
vol01:35:7:18	vol01:35:7:19	rekey	綱	0.9992
vol01:35:7:1	vol01:35:7:2	rekey	漢	0.9994
vol01:35:7:2	vol01:35:7:3	rekey	室	0.9995
vol01:35:7:3	vol01:35:7:4	rekey	尚	0.9995
vol01:35:7:4	vol01:35:7:5	rekey	爲	0.9996
vol01:35:7:5	vol01:35:7:6	rekey	振	0.9993
vol01:35:7:6	vol01:35:7:7	rekey	作	0.9995
vol01:35:7:7	vol01:35:7:8	rekey	有	0.9994
vol01:35:7:8	vol01:35:7:9	rekey	爲	0.9992
vol01:35:8:9	vol01:35:8:10	rekey	小	0.9998
vol01:35:8:10	vol01:35:8:11	rekey	疵	0.9997
vol01:35:8:11	vol01:35:8:12	rekey	豈	0.9993
vol01:35:8:12	vol01:35:8:13	rekey	得	0.9995
vol01:35:8:13	vol01:35:8:14	rekey	直	0.9994
vol01:35:8:14	vol01:35:8:15	rekey	書	0.9994
vol01:35:8:15	vol01:35:8:16	rekey	其	0.9993
vol01:35:8:16	vol01:35:8:17	rekey	名	0.9995
vol01:35:8:17	vol01:35:8:18	rekey	與	0.9994
vol01:35:8:18	vol01:35:8:19	rekey	秦	0.9995
vol01:35:8:1	vol01:35:8:2	rekey	黷	0.9993
vol01:35:8:2	vol01:35:8:3	rekey	武	0.9993
vol01:35:8:3	vol01:35:8:4	rekey	惑	0.9993
vol01:35:8:4	vol01:35:8:5	rekey	溺	0.9997
vol01:35:8:5	vol01:35:8:6	rekey	神	0.9995
vol01:35:8:6	vol01:35:8:7	rekey	仙	0.9996
vol01:35:8:7	vol01:35:8:8	rekey	乃	0.9996
vol01:35:8:8	vol01:35:8:9	rekey	其	0.9994
vol01:35:9:10	vol01:35:9:11	rekey	之	0.9997
vol01:35:9:11	vol01:35:9:12	rekey	君	0.9993
vol01:35:9:12	vol01:35:9:13	rekey	至	0.9994
vol01:35:9:15	vol01:35:9:16	rekey	而	0.9996
vol01:35:9:18	vol01:35:9:19	rekey	有	0.9992
vol01:35:9:4	vol01:35:9:5	rekey	乎	0.9994
vol01:35:9:5	vol01:35:9:6	rekey	且	0.9995
vol01:35:9:6	vol01:35:9:7	rekey	自	0.9994
vol01:36:1:10	vol01:36:1:11	rekey	昏	0.999
vol01:36:1:11	vol01:36:1:12	rekey	庸	0.9977
vol01:36:1:12	vol01:36:1:13	rekey	狂	0.9994
vol01:36:1:13	vol01:36:1:14	rekey	暴	0.998
vol01:36:1:14	vol01:36:1:15	rekey	遂	0.9992
vol01:36:1:15	vol01:36:1:16	rekey	至	0.9994
vol01:36:1:16	vol01:36:1:17	rekey	滅	0.9993
vol01:36:1:17	vol01:36:1:18	rekey	亡	0.999
vol01:36:1:18	vol01:36:1:19	rekey	亦	0.9992
vol01:36:1:1	vol01:36:1:2	rekey	獨	0.9992
vol01:36:1:19	vol01:36:1:20	rekey	未	0.9992
vol01:36:1:20	vol01:36:1:21	rekey	聞	0.9993
vol01:36:1:2	vol01:36:1:3	rekey	夫	0.9994
vol01:36:1:3	vol01:36:1:4	rekey	受	0.9989
vol01:36:1:4	vol01:36:1:5	rekey	者	0.9992
vol01:36:1:5	vol01:36:1:6	rekey	若	0.998
vol01:36:1:6	vol01:36:1:7	rekey	漢	0.999
vol01:36:1:7	vol01:36:1:8	rekey	之	0.9997
vol01:36:1:8	vol01:36:1:9	rekey	桓	0.9984
vol01:36:2:9	vol01:36:2:10	rekey	轉	0.9994
vol01:36:2:10	vol01:36:2:11	rekey	從	0.9996
vol01:36:2:11	vol01:36:2:12	rekey	貶	0.9994
vol01:36:2:12	vol01:36:2:13	rekey	抑	0.9995
vol01:36:2:13	vol01:36:2:14	rekey	乎	0.9996
vol01:36:2:14	vol01:36:2:15	rekey	又	0.9995
vol01:36:2:15	vol01:36:2:16	rekey	如	0.9995
vol01:36:2:16	vol01:36:2:17	rekey	南	0.9992
vol01:36:2:17	vol01:36:2:18	rekey	北	0.9993
vol01:36:2:18	vol01:36:2:19	rekey	朝	0.9995
vol01:36:2:1	vol01:36:2:2	rekey	稱	0.9996
vol01:36:2:19	vol01:36:2:20	rekey	彼	0.9996
vol01:36:2:20	vol01:36:2:21	rekey	此	0.9996
vol01:36:2:2	vol01:36:2:3	rekey	名	0.9994
vol01:36:2:3	vol01:36:2:4	rekey	指	0.9994
vol01:36:2:4	vol01:36:2:5	rekey	斥	0.9997
vol01:36:2:5	vol01:36:2:6	rekey	何	0.9995
vol01:36:2:6	vol01:36:2:7	rekey	於	0.9995
vol01:36:2:7	vol01:36:2:8	rekey	武	0.9995
vol01:36:2:8	vol01:36:2:9	rekey	帝	0.9999
vol01:36:3:9	vol01:36:3:10	rekey	稱	0.9994
vol01:36:3:10	vol01:36:3:11	rekey	北	0.9995
vol01:36:3:11	vol01:36:3:12	rekey	朝	0.9995
vol01:36:3:12	vol01:36:3:13	rekey	主	0.9994
vol01:36:3:13	vol01:36:3:14	rekey	之	0.9998
vol01:36:3:14	vol01:36:3:15	rekey	名	0.9995
vol01:36:3:15	vol01:36:3:16	rekey	北	0.9996
vol01:36:3:16	vol01:36:3:17	rekey	朝	0.9995
vol01:36:3:17	vol01:36:3:18	rekey	臣	0.9995
vol01:36:3:18	vol01:36:3:19	rekey	子	0.9995
vol01:36:3:19	vol01:36:3:20	rekey	稱	0.9993
vol01:36:3:20	vol01:36:3:21	rekey	南	0.9995
vol01:36:3:2	vol01:36:3:3	rekey	相	0.9995
vol01:36:3:3	vol01:36:3:4	rekey	詆	0.9993
vol01:36:3:4	vol01:36:3:5	rekey	毁	0.9996
vol01:36:3:5	vol01:36:3:6	rekey	南	0.9996
vol01:36:3:6	vol01:36:3:7	rekey	朝	0.9995
vol01:36:3:7	vol01:36:3:8	rekey	臣	0.9996
vol01:36:3:8	vol01:36:3:9	rekey	子	0.9997
vol01:36:4:9	vol01:36:4:10	rekey	元	0.9998
vol01:36:4:10	vol01:36:4:11	rekey	金	0.9995
vol01:36:4:11	vol01:36:4:12	rekey	元	0.9992
vol01:36:4:12	vol01:36:4:13	rekey	之	0.9996
vol01:36:4:13	vol01:36:4:14	rekey	於	0.9996
vol01:36:4:14	vol01:36:4:15	rekey	宋	0.9996
vol01:36:4:15	vol01:36:4:16	rekey	亦	0.9996
vol01:36:4:16	vol01:36:4:17	rekey	然	0.9994
vol01:36:4:17	vol01:36:4:18	rekey	此	0.9995
vol01:36:4:18	vol01:36:4:19	rekey	皆	0.9993
vol01:36:4:1	vol01:36:4:2	rekey	朝	0.9996
vol01:36:4:19	vol01:36:4:20	rekey	局	0.9997
vol01:36:4:20	vol01:36:4:21	rekey	於	0.9996
vol01:36:4:2	vol01:36:4:3	rekey	主	0.9996
vol01:36:4:3	vol01:36:4:4	rekey	之	0.9995
vol01:36:4:4	vol01:36:4:5	rekey	名	0.9996
vol01:36:4:5	vol01:36:4:6	rekey	宋	0.9997
vol01:36:4:6	vol01:36:4:7	rekey	之	0.9997
vol01:36:4:7	vol01:36:4:8	rekey	於	0.9994
vol01:36:4:8	vol01:36:4:9	rekey	金	0.9996
vol01:36:5:9	vol01:36:5:10	rekey	下	0.9996
vol01:36:5:10	vol01:36:5:11	rekey	之	0.9997
vol01:36:5:11	vol01:36:5:12	rekey	公	0.9995
vol01:36:5:12	vol01:36:5:13	rekey	尚	0.9998
vol01:36:5:13	vol01:36:5:14	rekey	無	0.9993
vol01:36:5:14	vol01:36:5:15	rekey	傷	0.9996
vol01:36:5:15	vol01:36:5:16	rekey	於	0.9994
vol01:36:5:16	vol01:36:5:17	rekey	正	0.9994
vol01:36:5:17	vol01:36:5:18	rekey	理	0.9997
vol01:36:5:18	vol01:36:5:19	rekey	若	0.9995
vol01:36:5:1	vol01:36:5:2	rekey	其	0.9995
vol01:36:5:19	vol01:36:5:20	rekey	李	0.9995
vol01:36:5:2	vol01:36:5:3	rekey	地	0.9995
vol01:36:5:3	vol01:36:5:4	rekey	之	0.9997
vol01:36:5:4	vol01:36:5:5	rekey	私	0.9994
vol01:36:5:5	vol01:36:5:6	rekey	心	0.9996
vol01:36:5:6	vol01:36:5:7	rekey	雖	0.9993
vol01:36:5:7	vol01:36:5:8	rekey	非	0.9994
vol01:36:5:8	vol01:36:5:9	rekey	天	0.9995
vol01:36:6:9	vol01:36:6:10	rekey	臣	0.9996
vol01:36:6:10	vol01:36:6:11	rekey	其	0.9995
vol01:36:6:11	vol01:36:6:12	rekey	於	0.9997
vol01:36:6:12	vol01:36:6:13	rekey	中	0.9997
vol01:36:6:13	vol01:36:6:14	rekey	國	0.9992
vol01:36:6:14	vol01:36:6:15	rekey	正	0.9996
vol01:36:6:15	vol01:36:6:16	rekey	統	0.9995
vol01:36:6:16	vol01:36:6:17	rekey	之	0.9996
vol01:36:6:17	vol01:36:6:18	rekey	漢	0.9996
vol01:36:6:18	vol01:36:6:19	rekey	武	0.9994
vol01:36:6:1	vol01:36:6:2	rekey	壽	0.9991
vol01:36:6:19	vol01:36:6:20	rekey	帝	0.9995
vol01:36:6:20	vol01:36:6:21	rekey	伊	0.9994
vol01:36:6:2	vol01:36:6:3	rekey	乃	0.9997
vol01:36:6:3	vol01:36:6:4	rekey	唐	0.9997
vol01:36:6:4	vol01:36:6:5	rekey	臣	0.9996
vol01:36:6:5	vol01:36:6:6	rekey	李	0.9996
vol01:36:6:6	vol01:36:6:7	rekey	廌	0.9995
vol01:36:6:7	vol01:36:6:8	rekey	乃	0.9995
vol01:36:6:8	vol01:36:6:9	rekey	宋	0.9997
vol01:36:7:9	vol01:36:7:10	rekey	豈	0.9994
vol01:36:7:10	vol01:36:7:11	rekey	應	0.9996
vol01:36:7:11	vol01:36:7:12	rekey	率	0.9995
vol01:36:7:12	vol01:36:7:13	rekey	逞	0.9992
vol01:36:7:13	vol01:36:7:14	rekey	筆	0.9995
vol01:36:7:14	vol01:36:7:15	rekey	端	0.9995
vol01:36:7:15	vol01:36:7:16	rekey	罔	0.9993
vol01:36:7:16	vol01:36:7:17	rekey	顧	0.9994
vol01:36:7:17	vol01:36:7:18	rekey	名	0.9997
vol01:36:7:18	vol01:36:7:19	rekey	義	0.9992
vol01:36:7:1	vol01:36:7:2	rekey	祖	0.9996
vol01:36:7:19	vol01:36:7:20	rekey	輕	0.9994
vol01:36:7:20	vol01:36:7:21	rekey	妄	0.9994
vol01:36:7:2	vol01:36:7:3	rekey	未	0.9996
vol01:36:7:3	vol01:36:7:4	rekey	嘗	0.9991
vol01:36:7:4	vol01:36:7:5	rekey	不	0.9996
vol01:36:7:5	vol01:36:7:6	rekey	曾	0.9998
vol01:36:7:6	vol01:36:7:7	rekey	爲	0.9994
vol01:36:7:7	vol01:36:7:8	rekey	其	0.9996
vol01:36:7:8	vol01:36:7:9	rekey	臣	0.9995
vol01:36:8:9	vol01:36:8:10	rekey	内	0.9995
vol01:36:8:10	vol01:36:8:11	rekey	如	0.9996
vol01:36:8:11	vol01:36:8:12	rekey	周	0.9995
vol01:36:8:12	vol01:36:8:13	rekey	程	0.9999
vol01:36:8:13	vol01:36:8:14	rekey	張	0.9995
vol01:36:8:14	vol01:36:8:15	rekey	朱	0.9994
vol01:36:8:15	vol01:36:8:16	rekey	皆	0.9994
vol01:36:8:16	vol01:36:8:17	rekey	稱	0.9994
vol01:36:8:17	vol01:36:8:18	rekey	爲	0.9995
vol01:36:8:18	vol01:36:8:19	rekey	子	0.9995
vol01:36:8:1	vol01:36:8:2	rekey	若	0.9987
vol01:36:8:19	vol01:36:8:20	rekey	而	0.9995
vol01:36:8:20	vol01:36:8:21	rekey	不	0.9997
vol01:36:8:2	vol01:36:8:3	rekey	此	0.9996
vol01:36:8:3	vol01:36:8:4	rekey	且	0.9993
vol01:36:8:4	vol01:36:8:5	rekey	朕	0.9994
vol01:36:8:5	vol01:36:8:6	rekey	御	0.9996
vol01:36:8:6	vol01:36:8:7	rekey	製	0.9995
vol01:36:8:7	vol01:36:8:8	rekey	詩	0.9994
vol01:36:8:8	vol01:36:8:9	rekey	文	0.9994
vol01:36:9:9	vol01:36:9:10	rekey	蘇	0.9995
vol01:36:9:10	vol01:36:9:11	rekey	東	0.9995
vol01:36:9:11	vol01:36:9:12	rekey	坡	0.9995
vol01:36:9:12	vol01:36:9:13	rekey	諸	0.9995
vol01:36:9:13	vol01:36:9:14	rekey	人	0.9998
vol01:36:9:14	vol01:36:9:15	rekey	或	0.9996
vol01:36:9:15	vol01:36:9:16	rekey	有	0.9995
vol01:36:9:16	vol01:36:9:17	rekey	用	0.9994
vol01:36:9:17	vol01:36:9:18	rekey	入	0.9997
vol01:36:9:18	vol01:36:9:19	rekey	詩	0.9996
vol01:36:9:1	vol01:36:9:2	rekey	斥	0.9993
vol01:36:9:19	vol01:36:9:20	rekey	文	0.9994
vol01:36:9:2	vol01:36:9:3	rekey	其	0.9991
vol01:36:9:3	vol01:36:9:4	rekey	名	0.9997
vol01:36:9:4	vol01:36:9:5	rekey	又	0.9997
vol01:36:9:5	vol01:36:9:6	rekey	如	0.9993
vol01:36:9:6	vol01:36:9:7	rekey	韓	0.9996
vol01:36:9:7	vol01:36:9:8	rekey	昌	0.9995
vol01:36:9:8	vol01:36:9:9	rekey	黎	0.9993
vol01:37:1:9	vol01:37:1:10	rekey	朕	0.9992
vol01:37:1:10	vol01:37:1:11	rekey	於	0.9997
vol01:37:1:11	vol01:37:1:12	rekey	異	0.9996
vol01:37:1:12	vol01:37:1:13	rekey	代	0.9995
vol01:37:1:13	vol01:37:1:14	rekey	之	0.9998
vol01:37:1:14	vol01:37:1:15	rekey	臣	0.9997
vol01:37:1:15	vol01:37:1:16	rekey	尚	0.9992
vol01:37:1:16	vol01:37:1:17	rekey	不	0.9995
vol01:37:1:17	vol01:37:1:18	rekey	欲	0.9994
vol01:37:1:18	vol01:37:1:19	rekey	直	0.9997
vol01:37:1:1	vol01:37:1:2	rekey	亦	0.9994
vol01:37:1:19	vol01:37:1:20	rekey	呼	0.9997
vol01:37:1:20	vol01:37:1:21	rekey	其	0.9957
vol01:37:1:2	vol01:37:1:3	rekey	止	0.9994
vol01:37:1:3	vol01:37:1:4	rekey	稱	0.9991
vol01:37:1:4	vol01:37:1:5	rekey	其	0.9994
vol01:37:1:5	vol01:37:1:6	rekey	號	0.9993
vol01:37:1:6	vol01:37:1:7	rekey	而	0.9994
vol01:37:1:7	vol01:37:1:8	rekey	不	0.9996
vol01:37:1:8	vol01:37:1:9	rekey	名	0.9994
vol01:37:2:9	vol01:37:2:10	rekey	轉	0.999
vol01:37:2:10	vol01:37:2:11	rekey	將	0.9994
vol01:37:2:11	vol01:37:2:12	rekey	千	0.9997
vol01:37:2:12	vol01:37:2:13	rekey	古	0.9997
vol01:37:2:13	vol01:37:2:14	rekey	以	0.9996
vol01:37:2:14	vol01:37:2:15	rekey	上	0.9999
vol01:37:2:15	vol01:37:2:16	rekey	之	0.9998
vol01:37:2:16	vol01:37:2:17	rekey	君	0.9994
vol01:37:2:17	vol01:37:2:18	rekey	稱	0.9992
vol01:37:2:18	vol01:37:2:19	rekey	名	0.9998
vol01:37:2:1	vol01:37:2:2	rekey	名	0.9997
vol01:37:2:19	vol01:37:2:20	rekey	不	0.9998
vol01:37:2:20	vol01:37:2:21	rekey	諱	0.999
vol01:37:2:2	vol01:37:2:3	rekey	乃	0.9995
vol01:37:2:3	vol01:37:2:4	rekey	千	0.9996
vol01:37:2:4	vol01:37:2:5	rekey	古	0.9998
vol01:37:2:5	vol01:37:2:6	rekey	以	0.9998
vol01:37:2:6	vol01:37:2:7	rekey	下	0.9994
vol01:37:2:7	vol01:37:2:8	rekey	之	0.9998
vol01:37:2:8	vol01:37:2:9	rekey	臣	0.9994
vol01:37:3:9	vol01:37:3:10	rekey	辦	0.9993
vol01:37:3:10	vol01:37:3:11	rekey	理	0.9995
vol01:37:3:11	vol01:37:3:12	rekey	四	0.9994
vol01:37:3:12	vol01:37:3:13	rekey	庫	0.9995
vol01:37:3:13	vol01:37:3:14	rekey	全	0.9993
vol01:37:3:14	vol01:37:3:15	rekey	書	0.9993
vol01:37:3:15	vol01:37:3:16	rekey	親	0.9993
vol01:37:3:16	vol01:37:3:17	rekey	加	0.9995
vol01:37:3:17	vol01:37:3:18	rekey	披	0.9992
vol01:37:3:18	vol01:37:3:19	rekey	覽	0.9993
vol01:37:3:1	vol01:37:3:2	rekey	有	0.9993
vol01:37:3:19	vol01:37:3:20	rekey	見	0.9993
vol01:37:3:20	vol01:37:3:21	rekey	有	0.9993
vol01:37:3:2	vol01:37:3:3	rekey	是	0.9992
vol01:37:3:3	vol01:37:3:4	rekey	理	0.9994
vol01:37:3:4	vol01:37:3:5	rekey	乎	0.9994
vol01:37:3:5	vol01:37:3:6	rekey	朕	0.9995
vol01:37:3:6	vol01:37:3:7	rekey	命	0.9994
vol01:37:3:7	vol01:37:3:8	rekey	諸	0.9994
vol01:37:3:8	vol01:37:3:9	rekey	臣	0.9994
vol01:37:4:9	vol01:37:4:10	rekey	舊	0.9993
vol01:37:4:10	vol01:37:4:11	rekey	諡	0.9996
vol01:37:4:11	vol01:37:4:12	rekey	之	0.9997
vol01:37:4:12	vol01:37:4:13	rekey	類	0.9994
vol01:37:4:14	vol01:37:4:15	rekey	降	0.9995
vol01:37:4:15	vol01:37:4:16	rekey	旨	0.9995
vol01:37:4:16	vol01:37:4:17	rekey	隨	0.9996
vol01:37:4:17	vol01:37:4:18	rekey	時	0.9995
vol01:37:4:18	vol01:37:4:19	rekey	釐	0.9996
vol01:37:4:1	vol01:37:4:2	rekey	不	0.9996
vol01:37:4:19	vol01:37:4:20	rekey	正	0.9995
vol01:37:4:20	vol01:37:4:21	rekey	惟	0.9994
vol01:37:4:2	vol01:37:4:3	rekey	協	0.9996
vol01:37:4:3	vol01:37:4:4	rekey	於	0.9996
vol01:37:4:4	vol01:37:4:5	rekey	理	0.9995
vol01:37:4:5	vol01:37:4:6	rekey	者	0.9994
vol01:37:4:6	vol01:37:4:7	rekey	如	0.9994
vol01:37:4:7	vol01:37:4:8	rekey	關	0.9992
vol01:37:4:8	vol01:37:4:9	rekey	帝	0.9996
vol01:37:5:9	vol01:37:5:10	rekey	爲	0.9996
vol01:37:5:10	vol01:37:5:11	rekey	萬	0.9995
vol01:37:5:11	vol01:37:5:12	rekey	世	0.9995
vol01:37:5:12	vol01:37:5:13	rekey	嚴	0.9994
vol01:37:5:13	vol01:37:5:14	rekey	褒	0.9994
vol01:37:5:14	vol01:37:5:15	rekey	貶	0.9996
vol01:37:5:15	vol01:37:5:16	rekey	卽	0.9994
vol01:37:5:16	vol01:37:5:17	rekey	以	0.9998
vol01:37:5:17	vol01:37:5:18	rekey	此	0.9996
vol01:37:5:18	vol01:37:5:19	rekey	衡	0.9994
vol01:37:5:1	vol01:37:5:2	rekey	準	0.9994
vol01:37:5:19	vol01:37:5:20	rekey	是	0.9995
vol01:37:5:20	vol01:37:5:21	rekey	非	0.9996
vol01:37:5:2	vol01:37:5:3	rekey	以	0.9999
vol01:37:5:3	vol01:37:5:4	rekey	大	0.9996
vol01:37:5:4	vol01:37:5:5	rekey	中	0.9999
vol01:37:5:5	vol01:37:5:6	rekey	至	0.9996
vol01:37:5:6	vol01:37:5:7	rekey	正	0.9997
vol01:37:5:7	vol01:37:5:8	rekey	之	0.9997
vol01:37:5:8	vol01:37:5:9	rekey	道	0.9996
vol01:37:6:9	vol01:37:6:10	rekey	豈	0.9995
vol01:37:6:10	vol01:37:6:11	rekey	可	0.9995
vol01:37:6:11	vol01:37:6:12	rekey	不	0.9995
vol01:37:6:12	vol01:37:6:13	rekey	爲	0.9994
vol01:37:6:13	vol01:37:6:14	rekey	改	0.9996
vol01:37:6:14	vol01:37:6:15	rekey	正	0.9995
vol01:37:6:15	vol01:37:6:16	rekey	以	0.9997
vol01:37:6:16	vol01:37:6:17	rekey	昭	0.9996
vol01:37:6:17	vol01:37:6:18	rekey	示	0.9994
vol01:37:6:18	vol01:37:6:19	rekey	方	0.9997
vol01:37:6:1	vol01:37:6:2	rekey	此	0.9994
vol01:37:6:19	vol01:37:6:20	rekey	來	0.9996
vol01:37:6:2	vol01:37:6:3	rekey	等	0.9993
vol01:37:6:3	vol01:37:6:4	rekey	背	0.9994
vol01:37:6:4	vol01:37:6:5	rekey	理	0.9998
vol01:37:6:5	vol01:37:6:6	rekey	稱	0.9995
vol01:37:6:6	vol01:37:6:7	rekey	名	0.9996
vol01:37:6:7	vol01:37:6:8	rekey	之	0.9996
vol01:37:6:8	vol01:37:6:9	rekey	謬	0.999
vol01:37:7:9	vol01:37:7:10	rekey	苑	0.9995
vol01:37:7:10	vol01:37:7:11	rekey	傳	0.9995
vol01:37:7:11	vol01:37:7:12	rekey	敘	0.9994
vol01:37:7:12	vol01:37:7:13	rekey	改	0.9995
vol01:37:7:13	vol01:37:7:14	rekey	爲	0.9993
vol01:37:7:14	vol01:37:7:15	rekey	漢	0.9993
vol01:37:7:15	vol01:37:7:16	rekey	武	0.9994
vol01:37:7:16	vol01:37:7:17	rekey	韻	0.9994
vol01:37:7:17	vol01:37:7:18	rekey	府	0.9995
vol01:37:7:18	vol01:37:7:19	rekey	内	0.9996
vol01:37:7:1	vol01:37:7:2	rekey	交	0.9995
vol01:37:7:19	vol01:37:7:20	rekey	刪	0.9995
vol01:37:7:20	vol01:37:7:21	rekey	去	0.9996
vol01:37:7:2	vol01:37:7:3	rekey	武	0.9994
vol01:37:7:3	vol01:37:7:4	rekey	英	0.9996
vol01:37:7:4	vol01:37:7:5	rekey	殿	0.9995
vol01:37:7:5	vol01:37:7:6	rekey	將	0.999
vol01:37:7:6	vol01:37:7:7	rekey	北	0.9996
vol01:37:7:7	vol01:37:7:8	rekey	史	0.9995
vol01:37:7:8	vol01:37:7:9	rekey	文	0.9995
vol01:37:8:9	vol01:37:8:10	rekey	陳	0.9996
vol01:37:8:10	vol01:37:8:11	rekey	設	0.9992
vol01:37:8:11	vol01:37:8:12	rekey	之	0.9995
vol01:37:8:12	vol01:37:8:13	rekey	書	0.9993
vol01:37:8:13	vol01:37:8:14	rekey	悉	0.9993
vol01:37:8:14	vol01:37:8:15	rekey	心	0.9996
vol01:37:8:15	vol01:37:8:16	rekey	改	0.9993
vol01:37:8:16	vol01:37:8:17	rekey	補	0.9994
vol01:37:8:17	vol01:37:8:18	rekey	其	0.9996
vol01:37:8:18	vol01:37:8:19	rekey	李	0.9995
vol01:37:8:1	vol01:37:8:2	rekey	此	0.9994
vol01:37:8:19	vol01:37:8:20	rekey	廌	0.9995
vol01:37:8:20	vol01:37:8:21	rekey	集	0.9992
vol01:37:8:2	vol01:37:8:3	rekey	條	0.9995
vol01:37:8:3	vol01:37:8:4	rekey	酌	0.9995
vol01:37:8:4	vol01:37:8:5	rekey	爲	0.9995
vol01:37:8:5	vol01:37:8:6	rekey	改	0.9996
vol01:37:8:6	vol01:37:8:7	rekey	刊	0.9996
vol01:37:8:7	vol01:37:8:8	rekey	所	0.9996
vol01:37:8:8	vol01:37:8:9	rekey	有	0.9994
vol01:37:9:9	vol01:37:9:10	rekey	庫	0.9995
vol01:37:9:10	vol01:37:9:11	rekey	全	0.9993
vol01:37:9:11	vol01:37:9:12	rekey	書	0.9995
vol01:37:9:12	vol01:37:9:13	rekey	館	0.9997
vol01:37:9:13	vol01:37:9:14	rekey	臣	0.9996
vol01:37:9:14	vol01:37:9:15	rekey	等	0.9994
vol01:37:9:15	vol01:37:9:16	rekey	於	0.9995
vol01:37:9:16	vol01:37:9:17	rekey	校	0.9995
vol01:37:9:17	vol01:37:9:18	rekey	勘	0.9992
vol01:37:9:18	vol01:37:9:19	rekey	書	0.9996
vol01:37:9:1	vol01:37:9:2	rekey	亦	0.9996
vol01:37:9:19	vol01:37:9:20	rekey	籍	0.9995
vol01:37:9:20	vol01:37:9:21	rekey	内	0.9993
vol01:37:9:2	vol01:37:9:3	rekey	一	0.9997
vol01:37:9:3	vol01:37:9:4	rekey	體	0.9994
vol01:37:9:4	vol01:37:9:5	rekey	更	0.9996
vol01:37:9:5	vol01:37:9:6	rekey	正	0.9993
vol01:37:9:6	vol01:37:9:7	rekey	並	0.9993
vol01:37:9:7	vol01:37:9:8	rekey	諭	0.9995
vol01:37:9:8	vol01:37:9:9	rekey	四	0.9995
vol01:38:1:9	vol01:38:1:10	rekey	擬	0.9994
vol01:38:1:10	vol01:38:1:11	rekey	改	0.9996
vol01:38:1:11	vol01:38:1:12	rekey	聲	0.9995
vol01:38:1:12	vol01:38:1:13	rekey	明	0.9994
vol01:38:1:13	vol01:38:1:14	rekey	進	0.9994
vol01:38:1:14	vol01:38:1:15	rekey	呈	0.9995
vol01:38:1:15	vol01:38:1:16	rekey	毋	0.9998
vol01:38:1:16	vol01:38:1:17	rekey	稍	0.9994
vol01:38:1:17	vol01:38:1:18	rekey	忽	0.9993
vol01:38:1:18	vol01:38:1:19	rekey	畧	0.9995
vol01:38:1:1	vol01:38:1:2	rekey	遇	0.9989
vol01:38:1:19	vol01:38:1:20	rekey	將	0.9996
vol01:38:1:2	vol01:38:1:3	rekey	有	0.9989
vol01:38:1:3	vol01:38:1:4	rekey	似	0.9996
vol01:38:1:4	vol01:38:1:5	rekey	此	0.9995
vol01:38:1:5	vol01:38:1:6	rekey	者	0.9996
vol01:38:1:6	vol01:38:1:7	rekey	俱	0.9994
vol01:38:1:7	vol01:38:1:8	rekey	加	0.9996
vol01:38:1:8	vol01:38:1:9	rekey	簽	0.9995
vol01:38:2:1	vol01:38:2:2	rekey	通	0.9995
vol01:38:2:2	vol01:38:2:3	rekey	諭	0.9995
vol01:38:2:3	vol01:38:2:4	rekey	知	0.9996
vol01:38:2:4	vol01:38:2:5	rekey	之	0.9996
vol01:38:2:5	vol01:38:2:6	rekey	欽	0.9995
vol01:38:2:6	vol01:38:2:7	rekey	此	0.9996
vol01:38:3:9	vol01:38:3:10	rekey	一	0.9999
vol01:38:3:10	vol01:38:3:11	rekey	月	0.9998
vol01:38:3:11	vol01:38:3:12	rekey	十	0.9999
vol01:38:3:12	vol01:38:3:13	rekey	四	0.9996
vol01:38:3:13	vol01:38:3:14	rekey	日	0.9998
vol01:38:3:14	vol01:38:3:15	rekey	奉	0.9995
vol01:38:3:2	vol01:38:3:3	rekey	乾	0.9996
vol01:38:3:3	vol01:38:3:4	rekey	隆	0.9991
vol01:38:3:4	vol01:38:3:5	rekey	四	0.9999
vol01:38:3:5	vol01:38:3:6	rekey	十	0.9998
vol01:38:3:6	vol01:38:3:7	rekey	二	0.9995
vol01:38:3:7	vol01:38:3:8	rekey	年	0.9994
vol01:38:3:8	vol01:38:3:9	rekey	十	0.9999
vol01:38:4:0	vol01:38:4:1	rekey	上	0.9998
vol01:38:4:9	vol01:38:4:10	rekey	書	0.9998
vol01:38:4:10	vol01:38:4:11	rekey	館	0.9993
vol01:38:4:11	vol01:38:4:12	rekey	所	0.9996
vol01:38:4:12	vol01:38:4:13	rekey	進	0.9993
vol01:38:4:13	vol01:38:4:14	rekey	宗	0.9995
vol01:38:4:14	vol01:38:4:15	rekey	澤	0.9994
vol01:38:4:15	vol01:38:4:16	rekey	集	0.9993
vol01:38:4:16	vol01:38:4:17	rekey	内	0.9998
vol01:38:4:17	vol01:38:4:18	rekey	將	0.9995
vol01:38:4:18	vol01:38:4:19	rekey	夷	0.9996
vol01:38:4:1	vol01:38:4:2	rekey	諭	0.9996
vol01:38:4:19	vol01:38:4:20	rekey	字	0.9995
vol01:38:4:2	vol01:38:4:3	rekey	前	0.9998
vol01:38:4:3	vol01:38:4:4	rekey	日	0.9998
vol01:38:4:4	vol01:38:4:5	rekey	披	0.9994
vol01:38:4:5	vol01:38:4:6	rekey	覽	0.9997
vol01:38:4:6	vol01:38:4:7	rekey	四	0.9999
vol01:38:4:7	vol01:38:4:8	rekey	庫	0.9994
vol01:38:4:8	vol01:38:4:9	rekey	全	0.9999
vol01:38:5:9	vol01:38:5:10	rekey	字	0.9996
vol01:38:5:10	vol01:38:5:11	rekey	昨	0.9997
vol01:38:5:11	vol01:38:5:12	rekey	閱	0.9997
vol01:38:5:12	vol01:38:5:13	rekey	楊	0.9995
vol01:38:5:13	vol01:38:5:14	rekey	繼	0.9992
vol01:38:5:14	vol01:38:5:15	rekey	盛	0.9995
vol01:38:5:15	vol01:38:5:16	rekey	集	0.9994
vol01:38:5:16	vol01:38:5:17	rekey	内	0.9995
vol01:38:5:17	vol01:38:5:18	rekey	改	0.9997
vol01:38:5:18	vol01:38:5:19	rekey	寫	0.9993
vol01:38:5:1	vol01:38:5:2	rekey	寫	0.9994
vol01:38:5:19	vol01:38:5:20	rekey	亦	0.9996
vol01:38:5:3	vol01:38:5:4	rekey	字	0.9998
vol01:38:5:4	vol01:38:5:5	rekey	狄	0.9996
vol01:38:5:5	vol01:38:5:6	rekey	字	0.9997
vol01:38:5:6	vol01:38:5:7	rekey	改	0.9996
vol01:38:5:7	vol01:38:5:8	rekey	寫	0.9995
vol01:38:5:8	vol01:38:5:9	rekey	敵	0.9995
vol01:38:6:9	vol01:38:6:10	rekey	改	0.9997
vol01:38:6:10	vol01:38:6:11	rekey	者	0.9995
vol01:38:6:11	vol01:38:6:12	rekey	殊	0.9995
vol01:38:6:12	vol01:38:6:13	rekey	不	0.9997
vol01:38:6:13	vol01:38:6:14	rekey	可	0.9993
vol01:38:6:14	vol01:38:6:15	rekey	解	0.9994
vol01:38:6:15	vol01:38:6:16	rekey	夷	0.9996
vol01:38:6:16	vol01:38:6:17	rekey	狄	0.9995
vol01:38:6:17	vol01:38:6:18	rekey	二	0.9994
vol01:38:6:18	vol01:38:6:19	rekey	字	0.9994
vol01:38:6:1	vol01:38:6:2	rekey	而	0.9994
vol01:38:6:19	vol01:38:6:20	rekey	屢	0.9996
vol01:38:6:2	vol01:38:6:3	rekey	此	0.9994
vol01:38:6:3	vol01:38:6:4	rekey	兩	0.9996
vol01:38:6:4	vol01:38:6:5	rekey	集	0.9994
vol01:38:6:5	vol01:38:6:6	rekey	中	0.9995
vol01:38:6:6	vol01:38:6:7	rekey	又	0.9997
vol01:38:6:7	vol01:38:6:8	rekey	有	0.9996
vol01:38:6:8	vol01:38:6:9	rekey	不	0.9997
vol01:38:7:9	vol01:38:7:10	rekey	轉	0.9992
vol01:38:7:10	vol01:38:7:11	rekey	爲	0.9993
vol01:38:7:11	vol01:38:7:12	rekey	非	0.9994
vol01:38:7:12	vol01:38:7:13	rekey	理	0.9995
vol01:38:7:13	vol01:38:7:14	rekey	如	0.9993
vol01:38:7:14	vol01:38:7:15	rekey	論	0.9993
vol01:38:7:15	vol01:38:7:16	rekey	語	0.9997
vol01:38:7:16	vol01:38:7:17	rekey	夷	0.9997
vol01:38:7:17	vol01:38:7:18	rekey	狄	0.9994
vol01:38:7:18	vol01:38:7:19	rekey	之	0.9995
vol01:38:7:1	vol01:38:7:2	rekey	於	0.9992
vol01:38:7:19	vol01:38:7:20	rekey	有	0.9994
vol01:38:7:2	vol01:38:7:3	rekey	經	0.9993
vol01:38:7:3	vol01:38:7:4	rekey	書	0.9996
vol01:38:7:4	vol01:38:7:5	rekey	若	0.9993
vol01:38:7:5	vol01:38:7:6	rekey	有	0.9996
vol01:38:7:6	vol01:38:7:7	rekey	心	0.9996
vol01:38:7:7	vol01:38:7:8	rekey	改	0.9995
vol01:38:7:8	vol01:38:7:9	rekey	避	0.9995
vol01:38:8:9	vol01:38:8:10	rekey	能	0.9995
vol01:38:8:10	vol01:38:8:11	rekey	改	0.9995
vol01:38:8:11	vol01:38:8:12	rekey	易	0.9994
vol01:38:8:12	vol01:38:8:13	rekey	亦	0.9993
vol01:38:8:13	vol01:38:8:14	rekey	何	0.9992
vol01:38:8:14	vol01:38:8:15	rekey	必	0.9996
vol01:38:8:15	vol01:38:8:16	rekey	改	0.9997
vol01:38:8:16	vol01:38:8:17	rekey	易	0.9995
vol01:38:8:17	vol01:38:8:18	rekey	且	0.9996
vol01:38:8:18	vol01:38:8:19	rekey	宗	0.9996
vol01:38:8:1	vol01:38:8:2	rekey	孟	0.9995
vol01:38:8:19	vol01:38:8:20	rekey	澤	0.9994
vol01:38:8:2	vol01:38:8:3	rekey	子	0.9996
vol01:38:8:3	vol01:38:8:4	rekey	東	0.9993
vol01:38:8:4	vol01:38:8:5	rekey	夷	0.9997
vol01:38:8:5	vol01:38:8:6	rekey	西	0.9995
vol01:38:8:6	vol01:38:8:7	rekey	夷	0.9997
vol01:38:8:7	vol01:38:8:8	rekey	又	0.9969
vol01:38:8:8	vol01:38:8:9	rekey	豈	0.9998
vol01:38:9:9	vol01:38:9:10	rekey	指	0.9994
vol01:38:9:10	vol01:38:9:11	rekey	是	0.9997
vol01:38:9:11	vol01:38:9:12	rekey	諳	0.9996
vol01:38:9:12	vol01:38:9:13	rekey	達	0.9995
vol01:38:9:13	vol01:38:9:14	rekey	更	0.9997
vol01:38:9:14	vol01:38:9:15	rekey	何	0.9996
vol01:38:9:15	vol01:38:9:16	rekey	所	0.9995
vol01:38:9:16	vol01:38:9:17	rekey	用	0.9997
vol01:38:9:17	vol01:38:9:18	rekey	其	0.9995
vol01:38:9:1	vol01:38:9:2	rekey	指	0.9995
vol01:38:9:2	vol01:38:9:3	rekey	係	0.9987
vol01:38:9:3	vol01:38:9:4	rekey	金	0.9994
vol01:38:9:4	vol01:38:9:5	rekey	人	0.9996
vol01:38:9:5	vol01:38:9:6	rekey	楊	0.9995
vol01:38:9:6	vol01:38:9:7	rekey	繼	0.9993
vol01:38:9:7	vol01:38:9:8	rekey	盛	0.9981
vol01:38:9:8	vol01:38:9:9	rekey	所	0.9993
vol01:39:1:10	vol01:39:1:11	rekey	改	0.9995
vol01:39:1:11	vol01:39:1:12	rekey	者	0.9995
vol01:39:1:12	vol01:39:1:13	rekey	皆	0.9994
vol01:39:1:13	vol01:39:1:14	rekey	係	0.9995
vol01:39:1:14	vol01:39:1:15	rekey	原	0.9993
vol01:39:1:15	vol01:39:1:16	rekey	本	0.9994
vol01:39:1:16	vol01:39:1:17	rekey	妄	0.9992
vol01:39:1:17	vol01:39:1:18	rekey	易	0.9995
vol01:39:1:18	vol01:39:1:19	rekey	而	0.9995
vol01:39:1:1	vol01:39:1:2	rekey	因	0.9994
vol01:39:1:19	vol01:39:1:20	rekey	不	0.9998
vol01:39:1:2	vol01:39:1:3	rekey	命	0.9996
vol01:39:1:3	vol01:39:1:4	rekey	取	0.9995
vol01:39:1:4	vol01:39:1:5	rekey	原	0.9995
vol01:39:1:5	vol01:39:1:6	rekey	本	0.9992
vol01:39:1:6	vol01:39:1:7	rekey	閱	0.9995
vol01:39:1:7	vol01:39:1:8	rekey	之	0.9994
vol01:39:1:8	vol01:39:1:9	rekey	則	0.9996
vol01:39:2:9	vol01:39:2:10	rekey	二	0.9996
vol01:39:2:10	vol01:39:2:11	rekey	書	0.9994
vol01:39:2:11	vol01:39:2:12	rekey	刻	0.9996
vol01:39:2:12	vol01:39:2:13	rekey	於	0.9995
vol01:39:2:13	vol01:39:2:14	rekey	康	0.9996
vol01:39:2:14	vol01:39:2:15	rekey	熙	0.9995
vol01:39:2:15	vol01:39:2:16	rekey	年	0.9994
vol01:39:2:16	vol01:39:2:17	rekey	間	0.9995
vol01:39:2:17	vol01:39:2:18	rekey	其	0.9995
vol01:39:2:18	vol01:39:2:19	rekey	謬	0.9994
vol01:39:2:1	vol01:39:2:2	rekey	者	0.9999
vol01:39:2:19	vol01:39:2:20	rekey	誤	0.9993
vol01:39:2:20	vol01:39:2:21	rekey	本	0.9995
vol01:39:2:2	vol01:39:2:3	rekey	原	0.9996
vol01:39:2:3	vol01:39:2:4	rekey	本	0.9994
vol01:39:2:4	vol01:39:2:5	rekey	皆	0.9996
vol01:39:2:5	vol01:39:2:6	rekey	空	0.9992
vol01:39:2:6	vol01:39:2:7	rekey	格	0.9993
vol01:39:2:7	vol01:39:2:8	rekey	加	0.9997
vol01:39:2:8	vol01:39:2:9	rekey	圈	0.9992
vol01:39:3:9	vol01:39:3:10	rekey	庫	0.9994
vol01:39:3:10	vol01:39:3:11	rekey	全	0.9996
vol01:39:3:11	vol01:39:3:12	rekey	書	0.999
vol01:39:3:12	vol01:39:3:13	rekey	應	0.9991
vol01:39:3:13	vol01:39:3:14	rekey	抄	0.9992
vol01:39:3:14	vol01:39:3:15	rekey	之	0.9995
vol01:39:3:15	vol01:39:3:16	rekey	本	0.9995
vol01:39:3:16	vol01:39:3:17	rekey	理	0.9993
vol01:39:3:17	vol01:39:3:18	rekey	應	0.9992
vol01:39:3:18	vol01:39:3:19	rekey	斟	0.9994
vol01:39:3:1	vol01:39:3:2	rekey	無	0.9993
vol01:39:3:19	vol01:39:3:20	rekey	酌	0.9994
vol01:39:3:20	vol01:39:3:21	rekey	妥	0.9994
vol01:39:3:2	vol01:39:3:3	rekey	庸	0.9994
vol01:39:3:3	vol01:39:3:4	rekey	追	0.9994
vol01:39:3:4	vol01:39:3:5	rekey	究	0.9996
vol01:39:3:5	vol01:39:3:6	rekey	今	0.9994
vol01:39:3:6	vol01:39:3:7	rekey	辦	0.9991
vol01:39:3:7	vol01:39:3:8	rekey	理	0.9994
vol01:39:3:8	vol01:39:3:9	rekey	四	0.9995
vol01:39:4:9	vol01:39:4:10	rekey	照	0.9994
vol01:39:4:10	vol01:39:4:11	rekey	本	0.9995
vol01:39:4:11	vol01:39:4:12	rekey	抄	0.9995
vol01:39:4:12	vol01:39:4:13	rekey	謄	0.9994
vol01:39:4:13	vol01:39:4:14	rekey	不	0.9996
vol01:39:4:14	vol01:39:4:15	rekey	足	0.9995
vol01:39:4:15	vol01:39:4:16	rekey	深	0.9994
vol01:39:4:16	vol01:39:4:17	rekey	責	0.9993
vol01:39:4:17	vol01:39:4:18	rekey	而	0.9996
vol01:39:4:18	vol01:39:4:19	rekey	空	0.9991
vol01:39:4:1	vol01:39:4:2	rekey	善	0.9993
vol01:39:4:19	vol01:39:4:20	rekey	格	0.9995
vol01:39:4:20	vol01:39:4:21	rekey	則	0.9994
vol01:39:4:2	vol01:39:4:3	rekey	在	0.9995
vol01:39:4:3	vol01:39:4:4	rekey	謄	0.9994
vol01:39:4:4	vol01:39:4:5	rekey	錄	0.9993
vol01:39:4:5	vol01:39:4:6	rekey	草	0.9995
vol01:39:4:6	vol01:39:4:7	rekey	野	0.9995
vol01:39:4:7	vol01:39:4:8	rekey	無	0.9991
vol01:39:4:8	vol01:39:4:9	rekey	知	0.9992
vol01:39:5:9	vol01:39:5:10	rekey	從	0.9995
vol01:39:5:10	vol01:39:5:11	rekey	原	0.9993
vol01:39:5:11	vol01:39:5:12	rekey	文	0.9996
vol01:39:5:12	vol01:39:5:13	rekey	何	0.9994
vol01:39:5:13	vol01:39:5:14	rekey	不	0.9995
vol01:39:5:14	vol01:39:5:15	rekey	將	0.9994
vol01:39:5:15	vol01:39:5:16	rekey	其	0.9993
vol01:39:5:16	vol01:39:5:17	rekey	原	0.9995
vol01:39:5:17	vol01:39:5:18	rekey	改	0.9996
vol01:39:5:18	vol01:39:5:19	rekey	者	0.9993
vol01:39:5:1	vol01:39:5:2	rekey	係	0.9996
vol01:39:5:19	vol01:39:5:20	rekey	悉	0.9995
vol01:39:5:20	vol01:39:5:21	rekey	爲	0.9993
vol01:39:5:2	vol01:39:5:3	rekey	分	0.9996
vol01:39:5:3	vol01:39:5:4	rekey	校	0.9991
vol01:39:5:4	vol01:39:5:5	rekey	所	0.9994
vol01:39:5:5	vol01:39:5:6	rekey	填	0.9994
vol01:39:5:6	vol01:39:5:7	rekey	既	0.9995
vol01:39:5:7	vol01:39:5:8	rekey	知	0.9994
vol01:39:5:8	vol01:39:5:9	rekey	填	0.9993
vol01:39:6:9	vol01:39:6:10	rekey	職	0.9994
vol01:39:6:10	vol01:39:6:11	rekey	官	0.9998
vol01:39:6:11	vol01:39:6:12	rekey	豈	0.9995
vol01:39:6:12	vol01:39:6:13	rekey	宜	0.9996
vol01:39:6:13	vol01:39:6:14	rekey	失	0.9996
vol01:39:6:14	vol01:39:6:15	rekey	檢	0.9991
vol01:39:6:15	vol01:39:6:16	rekey	若	0.9995
vol01:39:6:16	vol01:39:6:17	rekey	此	0.9995
vol01:39:6:17	vol01:39:6:18	rekey	至	0.9995
vol01:39:6:18	vol01:39:6:19	rekey	總	0.9994
vol01:39:6:1	vol01:39:6:2	rekey	更	0.9995
vol01:39:6:19	vol01:39:6:20	rekey	裁	0.9992
vol01:39:6:20	vol01:39:6:21	rekey	等	0.9992
vol01:39:6:2	vol01:39:6:3	rekey	正	0.9995
vol01:39:6:3	vol01:39:6:4	rekey	分	0.9995
vol01:39:6:4	vol01:39:6:5	rekey	校	0.9993
vol01:39:6:5	vol01:39:6:6	rekey	覆	0.9995
vol01:39:6:6	vol01:39:6:7	rekey	校	0.9995
vol01:39:6:7	vol01:39:6:8	rekey	俱	0.9995
vol01:39:6:8	vol01:39:6:9	rekey	係	0.9995
vol01:39:7:9	vol01:39:7:10	rekey	面	0.9997
vol01:39:7:10	vol01:39:7:11	rekey	尤	0.9997
vol01:39:7:11	vol01:39:7:12	rekey	應	0.9995
vol01:39:7:12	vol01:39:7:13	rekey	留	0.9996
vol01:39:7:13	vol01:39:7:14	rekey	心	0.9996
vol01:39:7:14	vol01:39:7:15	rekey	細	0.9991
vol01:39:7:15	vol01:39:7:16	rekey	勘	0.9993
vol01:39:7:16	vol01:39:7:17	rekey	何	0.9994
vol01:39:7:17	vol01:39:7:18	rekey	竟	0.9993
vol01:39:7:18	vol01:39:7:19	rekey	未	0.9996
vol01:39:7:1	vol01:39:7:2	rekey	身	0.9998
vol01:39:7:19	vol01:39:7:20	rekey	能	0.9995
vol01:39:7:2	vol01:39:7:3	rekey	爲	0.9994
vol01:39:7:3	vol01:39:7:4	rekey	大	0.9996
vol01:39:7:4	vol01:39:7:5	rekey	臣	0.9997
vol01:39:7:5	vol01:39:7:6	rekey	於	0.9997
vol01:39:7:6	vol01:39:7:7	rekey	此	0.9996
vol01:39:7:7	vol01:39:7:8	rekey	等	0.9994
vol01:39:7:8	vol01:39:7:9	rekey	字	0.9994
vol01:39:8:9	vol01:39:8:10	rekey	辭	0.9995
vol01:39:8:10	vol01:39:8:11	rekey	非	0.9995
vol01:39:8:11	vol01:39:8:12	rekey	他	0.9996
vol01:39:8:12	vol01:39:8:13	rekey	書	0.999
vol01:39:8:13	vol01:39:8:14	rekey	總	0.9994
vol01:39:8:14	vol01:39:8:15	rekey	核	0.9992
vol01:39:8:15	vol01:39:8:16	rekey	記	0.9994
vol01:39:8:16	vol01:39:8:17	rekey	過	0.9995
vol01:39:8:17	vol01:39:8:18	rekey	者	0.9995
vol01:39:8:18	vol01:39:8:19	rekey	可	0.9995
vol01:39:8:19	vol01:39:8:20	rekey	比	0.9996
vol01:39:8:20	vol01:39:8:21	rekey	所	0.9994
vol01:39:8:2	vol01:39:8:3	rekey	校	0.9996
vol01:39:8:3	vol01:39:8:4	rekey	正	0.9993
vol01:39:8:4	vol01:39:8:5	rekey	其	0.9994
vol01:39:8:5	vol01:39:8:6	rekey	咎	0.9995
vol01:39:8:6	vol01:39:8:7	rekey	更	0.9993
vol01:39:8:7	vol01:39:8:8	rekey	無	0.9995
vol01:39:8:8	vol01:39:8:9	rekey	所	0.9993
vol01:39:9:9	vol01:39:9:10	rekey	校	0.9995
vol01:39:9:10	vol01:39:9:11	rekey	及	0.9996
vol01:39:9:11	vol01:39:9:12	rekey	總	0.9994
vol01:39:9:12	vol01:39:9:13	rekey	裁	0.9994
vol01:39:9:13	vol01:39:9:14	rekey	官	0.9997
vol01:39:9:14	vol01:39:9:15	rekey	俱	0.9995
vol01:39:9:15	vol01:39:9:16	rekey	卽	0.9996
vol01:39:9:16	vol01:39:9:17	rekey	著	0.9995
vol01:39:9:17	vol01:39:9:18	rekey	交	0.9994
vol01:39:9:18	vol01:39:9:19	rekey	部	0.9993
vol01:39:9:1	vol01:39:9:2	rekey	有	0.9979
vol01:39:9:19	vol01:39:9:20	rekey	分	0.9994
vol01:39:9:20	vol01:39:9:21	rekey	别	0.9991
vol01:39:9:2	vol01:39:9:3	rekey	此	0.9992
vol01:39:9:3	vol01:39:9:4	rekey	二	0.9994
vol01:39:9:4	vol01:39:9:5	rekey	書	0.9995
vol01:39:9:5	vol01:39:9:6	rekey	之	0.9996
vol01:39:9:6	vol01:39:9:7	rekey	分	0.9995
vol01:39:9:7	vol01:39:9:8	rekey	校	0.9995
vol01:39:9:8	vol01:39:9:9	rekey	覆	0.9994
vol01:40:1:9	vol01:40:1:10	rekey	外	0.9995
vol01:40:1:10	vol01:40:1:11	rekey	他	0.9996
vol01:40:1:11	vol01:40:1:12	rekey	書	0.9992
vol01:40:1:12	vol01:40:1:13	rekey	有	0.9994
vol01:40:1:13	vol01:40:1:14	rekey	似	0.9994
vol01:40:1:14	vol01:40:1:15	rekey	此	0.9996
vol01:40:1:15	vol01:40:1:16	rekey	者	0.9995
vol01:40:1:16	vol01:40:1:17	rekey	並	0.9994
vol01:40:1:17	vol01:40:1:18	rekey	著	0.9993
vol01:40:1:18	vol01:40:1:19	rekey	一	0.9999
vol01:40:1:1	vol01:40:1:2	rekey	議	0.9993
vol01:40:1:19	vol01:40:1:20	rekey	體	0.9994
vol01:40:1:2	vol01:40:1:3	rekey	處	0.9995
vol01:40:1:3	vol01:40:1:4	rekey	除	0.9993
vol01:40:1:4	vol01:40:1:5	rekey	此	0.9997
vol01:40:1:5	vol01:40:1:6	rekey	二	0.9995
vol01:40:1:6	vol01:40:1:7	rekey	書	0.9993
vol01:40:1:7	vol01:40:1:8	rekey	改	0.9996
vol01:40:1:8	vol01:40:1:9	rekey	正	0.9993
vol01:40:2:9	vol01:40:2:10	rekey	嗣	0.9994
vol01:40:2:10	vol01:40:2:11	rekey	後	0.9993
vol01:40:2:11	vol01:40:2:12	rekey	務	0.9993
vol01:40:2:12	vol01:40:2:13	rekey	悉	0.9994
vol01:40:2:13	vol01:40:2:14	rekey	心	0.9996
vol01:40:2:14	vol01:40:2:15	rekey	詳	0.9993
vol01:40:2:15	vol01:40:2:16	rekey	校	0.9993
vol01:40:2:16	vol01:40:2:17	rekey	毋	0.9995
vol01:40:2:17	vol01:40:2:18	rekey	再	0.9994
vol01:40:2:18	vol01:40:2:19	rekey	輕	0.9994
vol01:40:2:1	vol01:40:2:2	rekey	明	0.9994
vol01:40:2:19	vol01:40:2:20	rekey	率	0.9994
vol01:40:2:20	vol01:40:2:21	rekey	干	0.9997
vol01:40:2:2	vol01:40:2:3	rekey	改	0.9996
vol01:40:2:3	vol01:40:2:4	rekey	正	0.9995
vol01:40:2:4	vol01:40:2:5	rekey	並	0.9992
vol01:40:2:5	vol01:40:2:6	rekey	諭	0.9992
vol01:40:2:6	vol01:40:2:7	rekey	該	0.9994
vol01:40:2:7	vol01:40:2:8	rekey	館	0.9991
vol01:40:2:8	vol01:40:2:9	rekey	臣	0.9995
vol01:40:3:1	vol01:40:3:2	rekey	咎	0.9995
vol01:40:3:2	vol01:40:3:3	rekey	欽	0.9994
vol01:40:3:3	vol01:40:3:4	rekey	此	0.9996
vol01:40:4:9	vol01:40:4:10	rekey	月	0.9994
vol01:40:4:10	vol01:40:4:11	rekey	二	0.9997
vol01:40:4:11	vol01:40:4:12	rekey	十	0.9997
vol01:40:4:12	vol01:40:4:13	rekey	六	0.9997
vol01:40:4:13	vol01:40:4:14	rekey	日	0.9998
vol01:40:4:14	vol01:40:4:15	rekey	奉	0.9996
vol01:40:4:2	vol01:40:4:3	rekey	乾	0.9994
vol01:40:4:3	vol01:40:4:4	rekey	隆	0.9995
vol01:40:4:4	vol01:40:4:5	rekey	四	0.9996
vol01:40:4:5	vol01:40:4:6	rekey	十	0.9998
vol01:40:4:6	vol01:40:4:7	rekey	四	0.9995
vol01:40:4:7	vol01:40:4:8	rekey	年	0.9996
vol01:40:4:8	vol01:40:4:9	rekey	二	0.9996
vol01:40:5:0	vol01:40:5:1	rekey	上	0.9999
vol01:40:5:10	vol01:40:5:11	rekey	進	0.9996
vol01:40:5:11	vol01:40:5:12	rekey	各	0.9996
vol01:40:5:12	vol01:40:5:13	rekey	省	0.9995
vol01:40:5:13	vol01:40:5:14	rekey	送	0.9994
vol01:40:5:14	vol01:40:5:15	rekey	到	0.9996
vol01:40:5:15	vol01:40:5:16	rekey	違	0.9992
vol01:40:5:16	vol01:40:5:17	rekey	碍	0.9994
vol01:40:5:17	vol01:40:5:18	rekey	應	0.9995
vol01:40:5:18	vol01:40:5:19	rekey	燬	0.9995
vol01:40:5:1	vol01:40:5:2	rekey	諭	0.9994
vol01:40:5:19	vol01:40:5:20	rekey	書	0.9994
vol01:40:5:20	vol01:40:5:21	rekey	籍	0.9978
vol01:40:5:2	vol01:40:5:3	rekey	四	0.9996
vol01:40:5:3	vol01:40:5:4	rekey	庫	0.9996
vol01:40:5:4	vol01:40:5:5	rekey	全	0.9992
vol01:40:5:5	vol01:40:5:6	rekey	書	0.9992
vol01:40:5:6	vol01:40:5:7	rekey	館	0.9994
vol01:40:5:7	vol01:40:5:8	rekey	節	0.9996
vol01:40:5:8	vol01:40:5:9	rekey	次	0.9995
vol01:40:6:9	vol01:40:6:10	rekey	必	0.9996
vol01:40:6:10	vol01:40:6:11	rekey	達	0.9994
vol01:40:6:11	vol01:40:6:12	rekey	南	0.9996
vol01:40:6:12	vol01:40:6:13	rekey	州	0.9995
vol01:40:6:13	vol01:40:6:14	rekey	草	0.9995
vol01:40:6:14	vol01:40:6:15	rekey	所	0.9994
vol01:40:6:15	vol01:40:6:16	rekey	載	0.9991
vol01:40:6:16	vol01:40:6:17	rekey	奸	0.9994
vol01:40:6:17	vol01:40:6:18	rekey	商	0.9994
vol01:40:6:18	vol01:40:6:19	rekey	奸	0.9994
vol01:40:6:1	vol01:40:6:2	rekey	朕	0.9996
vol01:40:6:19	vol01:40:6:20	rekey	璫	0.9992
vol01:40:6:20	vol01:40:6:21	rekey	結	0.9967
vol01:40:6:2	vol01:40:6:3	rekey	親	0.9994
vol01:40:6:3	vol01:40:6:4	rekey	加	0.9998
vol01:40:6:4	vol01:40:6:5	rekey	抽	0.9993
vol01:40:6:5	vol01:40:6:6	rekey	閱	0.9995
vol01:40:6:6	vol01:40:6:7	rekey	内	0.9994
vol01:40:6:7	vol01:40:6:8	rekey	如	0.9993
vol01:40:6:8	vol01:40:6:9	rekey	徐	0.9992
vol01:40:7:9	vol01:40:7:10	rekey	不	0.9994
vol01:40:7:10	vol01:40:7:11	rekey	撓	0.9994
vol01:40:7:11	vol01:40:7:12	rekey	極	0.9994
vol01:40:7:12	vol01:40:7:13	rekey	爲	0.9992
vol01:40:7:13	vol01:40:7:14	rekey	伉	0.9996
vol01:40:7:14	vol01:40:7:15	rekey	直	0.9993
vol01:40:7:15	vol01:40:7:16	rekey	又	0.9996
vol01:40:7:16	vol01:40:7:17	rekey	如	0.9996
vol01:40:7:17	vol01:40:7:18	rekey	蕭	0.9994
vol01:40:7:18	vol01:40:7:19	rekey	近	0.9994
vol01:40:7:1	vol01:40:7:2	rekey	賄	0.9997
vol01:40:7:19	vol01:40:7:20	rekey	高	0.9992
vol01:40:7:2	vol01:40:7:3	rekey	欺	0.9994
vol01:40:7:3	vol01:40:7:4	rekey	君	0.9994
vol01:40:7:4	vol01:40:7:5	rekey	諸	0.9993
vol01:40:7:5	vol01:40:7:6	rekey	疏	0.9995
vol01:40:7:6	vol01:40:7:7	rekey	俱	0.9991
vol01:40:7:7	vol01:40:7:8	rekey	持	0.9995
vol01:40:7:8	vol01:40:7:9	rekey	論	0.9994
vol01:40:8:9	vol01:40:8:10	rekey	相	0.9995
vol01:40:8:10	vol01:40:8:11	rekey	等	0.9993
vol01:40:8:11	vol01:40:8:12	rekey	以	0.9996
vol01:40:8:12	vol01:40:8:13	rekey	礦	0.9993
vol01:40:8:13	vol01:40:8:14	rekey	稅	0.9994
vol01:40:8:14	vol01:40:8:15	rekey	擾	0.9991
vol01:40:8:15	vol01:40:8:16	rekey	民	0.9993
vol01:40:8:16	vol01:40:8:17	rekey	宋	0.9996
vol01:40:8:17	vol01:40:8:18	rekey	一	0.9999
vol01:40:8:18	vol01:40:8:19	rekey	韓	0.9991
vol01:40:8:19	vol01:40:8:20	rekey	掖	0.9991
vol01:40:8:2	vol01:40:8:3	rekey	内	0.9996
vol01:40:8:3	vol01:40:8:4	rekey	載	0.9994
vol01:40:8:4	vol01:40:8:5	rekey	其	0.9994
vol01:40:8:5	vol01:40:8:6	rekey	劾	0.9996
vol01:40:8:6	vol01:40:8:7	rekey	大	0.9994
vol01:40:8:7	vol01:40:8:8	rekey	璫	0.9995
vol01:40:8:8	vol01:40:8:9	rekey	潘	0.9994
vol01:40:9:9	vol01:40:9:10	rekey	稅	0.9993
vol01:40:9:10	vol01:40:9:11	rekey	監	0.9994
vol01:40:9:11	vol01:40:9:12	rekey	李	0.9996
vol01:40:9:12	vol01:40:9:13	rekey	鳳	0.9993
vol01:40:9:13	vol01:40:9:14	rekey	梁	0.9996
vol01:40:9:14	vol01:40:9:15	rekey	永	0.9993
vol01:40:9:15	vol01:40:9:16	rekey	等	0.9994
vol01:40:9:17	vol01:40:9:18	rekey	國	0.9995
vol01:40:9:18	vol01:40:9:19	rekey	病	0.9994
vol01:40:9:19	vol01:40:9:20	rekey	民	0.9995
vol01:40:9:2	vol01:40:9:3	rekey	事	0.9997
vol01:40:9:3	vol01:40:9:4	rekey	亦	0.9997
vol01:40:9:4	vol01:40:9:5	rekey	有	0.9995
vol01:40:9:5	vol01:40:9:6	rekey	劾	0.9996
vol01:40:9:6	vol01:40:9:7	rekey	東	0.9995
vol01:40:9:7	vol01:40:9:8	rekey	厰	0.9994
vol01:40:9:8	vol01:40:9:9	rekey	及	0.9994
vol01:41:1:9	vol01:41:1:10	rekey	侯	0.9995
vol01:41:1:10	vol01:41:1:11	rekey	震	0.9994
vol01:41:1:11	vol01:41:1:12	rekey	暘	0.9991
vol01:41:1:12	vol01:41:1:13	rekey	天	0.9997
vol01:41:1:14	vol01:41:1:15	rekey	疏	0.9994
vol01:41:1:15	vol01:41:1:16	rekey	畧	0.9993
vol01:41:1:16	vol01:41:1:17	rekey	以	0.9997
vol01:41:1:17	vol01:41:1:18	rekey	客	0.9995
vol01:41:1:18	vol01:41:1:19	rekey	氏	0.9997
vol01:41:1:1	vol01:41:1:2	rekey	疏	0.999
vol01:41:1:19	vol01:41:1:20	rekey	再	0.9993
vol01:41:1:2	vol01:41:1:3	rekey	均	0.9972
vol01:41:1:3	vol01:41:1:4	rekey	屬	0.9994
vol01:41:1:4	vol01:41:1:5	rekey	詳	0.9995
vol01:41:1:5	vol01:41:1:6	rekey	明	0.9996
vol01:41:1:6	vol01:41:1:7	rekey	剴	0.9996
vol01:41:1:7	vol01:41:1:8	rekey	切	0.9995
vol01:41:1:8	vol01:41:1:9	rekey	又	0.9997
vol01:41:2:9	vol01:41:2:10	rekey	於	0.9995
vol01:41:2:10	vol01:41:2:11	rekey	沈	0.9993
vol01:41:2:11	vol01:41:2:12	rekey	㴶	0.9993
vol01:41:2:12	vol01:41:2:13	rekey	之	0.9996
vol01:41:2:13	vol01:41:2:14	rekey	交	0.9996
vol01:41:2:14	vol01:41:2:15	rekey	通	0.9995
vol01:41:2:15	vol01:41:2:16	rekey	内	0.9997
vol01:41:2:16	vol01:41:2:17	rekey	臣	0.9997
vol01:41:2:17	vol01:41:2:18	rekey	亦	0.9993
vol01:41:2:18	vol01:41:2:19	rekey	能	0.9995
vol01:41:2:1	vol01:41:2:2	rekey	禁	0.9996
vol01:41:2:19	vol01:41:2:20	rekey	侃	0.9995
vol01:41:2:20	vol01:41:2:21	rekey	侃	0.9995
vol01:41:2:2	vol01:41:2:3	rekey	中	0.9996
vol01:41:2:3	vol01:41:2:4	rekey	抗	0.9995
vol01:41:2:4	vol01:41:2:5	rekey	章	0.9995
vol01:41:2:5	vol01:41:2:6	rekey	極	0.9994
vol01:41:2:6	vol01:41:2:7	rekey	論	0.9995
vol01:41:2:7	vol01:41:2:8	rekey	并	0.9996
vol01:41:2:8	vol01:41:2:9	rekey	及	0.9994
vol01:41:3:9	vol01:41:3:10	rekey	一	1.0
vol01:41:3:10	vol01:41:3:11	rekey	之	0.9997
vol01:41:3:11	vol01:41:3:12	rekey	九	0.9997
vol01:41:3:12	vol01:41:3:13	rekey	八	0.9996
vol01:41:3:13	vol01:41:3:14	rekey	分	0.9994
vol01:41:3:14	vol01:41:3:15	rekey	疏	0.9997
vol01:41:3:15	vol01:41:3:16	rekey	極	0.9994
vol01:41:3:16	vol01:41:3:17	rekey	口	0.9998
vol01:41:3:17	vol01:41:3:18	rekey	詆	0.9994
vol01:41:3:18	vol01:41:3:19	rekey	斥	0.9995
vol01:41:3:1	vol01:41:3:2	rekey	不	0.9997
vol01:41:3:19	vol01:41:3:20	rekey	孫	0.9995
vol01:41:3:20	vol01:41:3:21	rekey	承	0.9996
vol01:41:3:2	vol01:41:3:3	rekey	阿	0.9995
vol01:41:3:3	vol01:41:3:4	rekey	雖	0.9994
vol01:41:3:4	vol01:41:3:5	rekey	其	0.9995
vol01:41:3:5	vol01:41:3:6	rekey	間	0.9995
vol01:41:3:6	vol01:41:3:7	rekey	若	0.9997
vol01:41:3:7	vol01:41:3:8	rekey	徐	0.9995
vol01:41:3:8	vol01:41:3:9	rekey	爾	0.9994
vol01:41:4:9	vol01:41:4:10	rekey	華	0.9995
vol01:41:4:10	vol01:41:4:11	rekey	等	0.9993
vol01:41:4:11	vol01:41:4:12	rekey	則	0.9995
vol01:41:4:12	vol01:41:4:13	rekey	曲	0.9993
vol01:41:4:13	vol01:41:4:14	rekey	加	0.9995
vol01:41:4:14	vol01:41:4:15	rekey	贊	0.9994
vol01:41:4:15	vol01:41:4:16	rekey	譽	0.9976
vol01:41:4:16	vol01:41:4:17	rekey	是	0.9991
vol01:41:4:18	vol01:41:4:19	rekey	倒	0.995
vol01:41:4:1	vol01:41:4:2	rekey	宗	0.9994
vol01:41:4:19	vol01:41:4:20	rekey	置	0.9996
vol01:41:4:20	vol01:41:4:21	rekey	以	0.9997
vol01:41:4:2	vol01:41:4:3	rekey	而	0.9997
vol01:41:4:3	vol01:41:4:4	rekey	於	0.9995
vol01:41:4:4	vol01:41:4:5	rekey	温	0.9993
vol01:41:4:5	vol01:41:4:6	rekey	體	0.9996
vol01:41:4:6	vol01:41:4:7	rekey	仁	0.9997
vol01:41:4:7	vol01:41:4:8	rekey	霍	0.9992
vol01:41:4:8	vol01:41:4:9	rekey	維	0.9992
vol01:41:5:9	vol01:41:5:10	rekey	摭	0.9994
vol01:41:5:10	vol01:41:5:11	rekey	拾	0.9996
vol01:41:5:11	vol01:41:5:12	rekey	陳	0.9995
vol01:41:5:12	vol01:41:5:13	rekey	言	0.9996
vol01:41:5:13	vol01:41:5:14	rekey	固	0.9999
vol01:41:5:14	vol01:41:5:15	rekey	無	0.9991
vol01:41:5:15	vol01:41:5:16	rekey	足	0.9996
vol01:41:5:16	vol01:41:5:17	rekey	取	0.9996
vol01:41:5:17	vol01:41:5:18	rekey	其	0.9996
vol01:41:5:18	vol01:41:5:19	rekey	餘	0.9995
vol01:41:5:1	vol01:41:5:2	rekey	圖	0.9997
vol01:41:5:19	vol01:41:5:20	rekey	讜	0.9996
vol01:41:5:20	vol01:41:5:21	rekey	論	0.9992
vol01:41:5:2	vol01:41:5:3	rekey	熒	0.9998
vol01:41:5:3	vol01:41:5:4	rekey	聽	0.9993
vol01:41:5:4	vol01:41:5:5	rekey	此	0.9995
vol01:41:5:5	vol01:41:5:6	rekey	外	0.9997
vol01:41:5:6	vol01:41:5:7	rekey	亦	0.9995
vol01:41:5:7	vol01:41:5:8	rekey	不	0.9996
vol01:41:5:8	vol01:41:5:9	rekey	過	0.9994
vol01:41:6:9	vol01:41:6:10	rekey	者	0.9995
vol01:41:6:10	vol01:41:6:11	rekey	實	0.9994
vol01:41:6:11	vol01:41:6:12	rekey	俱	0.9991
vol01:41:6:12	vol01:41:6:13	rekey	無	0.9993
vol01:41:6:13	vol01:41:6:14	rekey	慚	0.9994
vol01:41:6:14	vol01:41:6:15	rekey	骨	0.9992
vol01:41:6:15	vol01:41:6:16	rekey	鯁	0.9989
vol01:41:6:16	vol01:41:6:17	rekey	前	0.9993
vol01:41:6:17	vol01:41:6:18	rekey	因	0.9995
vol01:41:6:18	vol01:41:6:19	rekey	明	0.9996
vol01:41:6:1	vol01:41:6:2	rekey	危	0.9995
vol01:41:6:19	vol01:41:6:20	rekey	季	0.9993
vol01:41:6:2	vol01:41:6:3	rekey	言	0.9994
vol01:41:6:3	vol01:41:6:4	rekey	切	0.9997
vol01:41:6:4	vol01:41:6:5	rekey	中	0.9996
vol01:41:6:5	vol01:41:6:6	rekey	彼	0.9996
vol01:41:6:6	vol01:41:6:7	rekey	時	0.9991
vol01:41:6:7	vol01:41:6:8	rekey	弊	0.9994
vol01:41:6:8	vol01:41:6:9	rekey	病	0.9995
vol01:41:7:9	vol01:41:7:10	rekey	等	0.9996
vol01:41:7:11	vol01:41:7:12	rekey	身	0.9995
vol01:41:7:12	vol01:41:7:13	rekey	行	0.9994
vol01:41:7:14	vol01:41:7:15	rekey	秉	0.9991
vol01:41:7:15	vol01:41:7:16	rekey	正	0.9995
vol01:41:7:16	vol01:41:7:17	rekey	不	0.9997
vol01:41:7:18	vol01:41:7:19	rekey	其	0.9994
vol01:41:7:1	vol01:41:7:2	rekey	臣	0.9996
vol01:41:7:19	vol01:41:7:20	rekey	抗	0.9997
vol01:41:7:20	vol01:41:7:21	rekey	疏	0.9995
vol01:41:7:2	vol01:41:7:3	rekey	如	0.9995
vol01:41:7:3	vol01:41:7:4	rekey	劉	0.9993
vol01:41:7:4	vol01:41:7:5	rekey	宗	0.9995
vol01:41:7:5	vol01:41:7:6	rekey	周	0.9997
vol01:41:7:6	vol01:41:7:7	rekey	黃	0.9994
vol01:41:7:7	vol01:41:7:8	rekey	道	0.9994
vol01:41:7:8	vol01:41:7:9	rekey	周	0.9997
vol01:41:8:9	vol01:41:8:10	rekey	時	0.9996
vol01:41:8:10	vol01:41:8:11	rekey	艱	0.9997
vol01:41:8:11	vol01:41:8:12	rekey	忠	0.9996
vol01:41:8:12	vol01:41:8:13	rekey	藎	0.9993
vol01:41:8:13	vol01:41:8:14	rekey	之	0.9996
vol01:41:8:14	vol01:41:8:15	rekey	忱	0.9993
vol01:41:8:15	vol01:41:8:16	rekey	溢	0.9995
vol01:41:8:16	vol01:41:8:17	rekey	於	0.9992
vol01:41:8:17	vol01:41:8:18	rekey	簡	0.9995
vol01:41:8:18	vol01:41:8:19	rekey	牘	0.9993
vol01:41:8:1	vol01:41:8:2	rekey	直	0.9996
vol01:41:8:19	vol01:41:8:20	rekey	已	0.9999
vol01:41:8:20	vol01:41:8:21	rekey	降	0.9993
vol01:41:8:2	vol01:41:8:3	rekey	諫	0.9996
vol01:41:8:3	vol01:41:8:4	rekey	皆	0.9996
vol01:41:8:4	vol01:41:8:5	rekey	意	0.9994
vol01:41:8:5	vol01:41:8:6	rekey	切	0.9996
vol01:41:8:6	vol01:41:8:7	rekey	於	0.9995
vol01:41:8:7	vol01:41:8:8	rekey	匡	0.9995
vol01:41:8:8	vol01:41:8:9	rekey	正	0.9996
vol01:41:9:9	vol01:41:9:10	rekey	量	0.9992
vol01:41:9:10	vol01:41:9:11	rekey	改	0.9995
vol01:41:9:11	vol01:41:9:12	rekey	易	0.9994
vol01:41:9:12	vol01:41:9:13	rekey	毋	0.9991
vol01:41:9:13	vol01:41:9:14	rekey	庸	0.9992
vol01:41:9:14	vol01:41:9:15	rekey	銷	0.9995
vol01:41:9:15	vol01:41:9:16	rekey	燬	0.9993
vol01:41:9:16	vol01:41:9:17	rekey	因	0.9994
vol01:41:9:17	vol01:41:9:18	rekey	復	0.9995
vol01:41:9:18	vol01:41:9:19	rekey	思	0.9995
vol01:41:9:1	vol01:41:9:2	rekey	旨	0.9995
vol01:41:9:19	vol01:41:9:20	rekey	明	0.9995
vol01:41:9:20	vol01:41:9:21	rekey	自	0.9998
vol01:41:9:2	vol01:41:9:3	rekey	將	0.9993
vol01:41:9:3	vol01:41:9:4	rekey	其	0.9994
vol01:41:9:4	vol01:41:9:5	rekey	違	0.9994
vol01:41:9:5	vol01:41:9:6	rekey	碍	0.9994
vol01:41:9:6	vol01:41:9:7	rekey	字	0.9994
vol01:41:9:7	vol01:41:9:8	rekey	句	0.9996
vol01:41:9:8	vol01:41:9:9	rekey	酌	0.9993
vol01:42:1:9	vol01:42:1:10	rekey	諸	0.9996
vol01:42:1:10	vol01:42:1:11	rekey	臣	0.9994
vol01:42:1:12	vol01:42:1:13	rekey	擊	0.9993
vol01:42:1:15	vol01:42:1:16	rekey	之	0.9998
vol01:42:1:16	vol01:42:1:17	rekey	阽	0.9997
vol01:42:1:17	vol01:42:1:18	rekey	危	0.9996
vol01:42:1:18	vol01:42:1:19	rekey	往	0.9995
vol01:42:1:1	vol01:42:1:2	rekey	神	0.9993
vol01:42:1:2	vol01:42:1:3	rekey	宗	0.9995
vol01:42:1:3	vol01:42:1:4	rekey	以	0.9996
vol01:42:1:4	vol01:42:1:5	rekey	後	0.9996
vol01:42:1:5	vol01:42:1:6	rekey	朝	0.9995
vol01:42:1:6	vol01:42:1:7	rekey	多	0.9995
vol01:42:1:7	vol01:42:1:8	rekey	粃	0.9995
vol01:42:1:8	vol01:42:1:9	rekey	政	0.9995
vol01:42:2:18	vol01:42:2:19	rekey	收	0.9997
vol01:42:3:9	vol01:42:3:10	rekey	一	0.9999
vol01:42:3:10	vol01:42:3:11	rekey	時	0.9994
vol01:42:3:12	vol01:42:3:13	rekey	弛	0.9995
vol01:42:3:13	vol01:42:3:14	rekey	瞀	0.9994
vol01:42:3:14	vol01:42:3:15	rekey	亂	0.9995
vol01:42:3:15	vol01:42:3:16	rekey	之	0.9997
vol01:42:3:16	vol01:42:3:17	rekey	迹	0.9994
vol01:42:3:17	vol01:42:3:18	rekey	痛	0.9994
vol01:42:3:18	vol01:42:3:19	rekey	切	0.9996
vol01:42:3:1	vol01:42:3:2	rekey	之	0.9998
vol01:42:3:2	vol01:42:3:3	rekey	效	0.9992
vol01:42:3:3	vol01:42:3:4	rekey	而	0.9995
vol01:42:3:4	vol01:42:3:5	rekey	遺	0.9993
vol01:42:3:5	vol01:42:3:6	rekey	篇	0.9991
vol01:42:3:6	vol01:42:3:7	rekey	俱	0.9995
vol01:42:3:7	vol01:42:3:8	rekey	在	0.9994
vol01:42:3:8	vol01:42:3:9	rekey	凡	0.9996
vol01:42:4:9	vol01:42:4:10	rekey	若	0.9996
vol01:42:4:10	vol01:42:4:11	rekey	擇	0.9995
vol01:42:4:11	vol01:42:4:12	rekey	其	0.9994
vol01:42:4:12	vol01:42:4:13	rekey	較	0.9995
vol01:42:4:13	vol01:42:4:14	rekey	有	0.9994
vol01:42:4:14	vol01:42:4:15	rekey	關	0.9994
vol01:42:4:15	vol01:42:4:16	rekey	係	0.9995
vol01:42:4:16	vol01:42:4:17	rekey	者	0.9988
vol01:42:4:18	vol01:42:4:19	rekey	加	0.9995
vol01:42:4:1	vol01:42:4:2	rekey	足	0.9993
vol01:42:4:2	vol01:42:4:3	rekey	資	0.9995
vol01:42:4:3	vol01:42:4:4	rekey	考	0.9992
vol01:42:4:4	vol01:42:4:5	rekey	鏡	0.9995
vol01:42:4:5	vol01:42:4:6	rekey	朕	0.9992
vol01:42:4:6	vol01:42:4:7	rekey	以	0.9997
vol01:42:4:7	vol01:42:4:8	rekey	爲	0.9993
vol01:42:4:8	vol01:42:4:9	rekey	不	0.9996
vol01:42:5:10	vol01:42:5:11	rekey	書	0.9994
vol01:42:5:11	vol01:42:5:12	rekey	使	0.9993
vol01:42:5:12	vol01:42:5:13	rekey	天	0.9992
vol01:42:5:13	vol01:42:5:14	rekey	下	0.9995
vol01:42:5:14	vol01:42:5:15	rekey	萬	0.9993
vol01:42:5:15	vol01:42:5:16	rekey	世	0.9995
vol01:42:5:16	vol01:42:5:17	rekey	曉	0.9994
vol01:42:5:17	vol01:42:5:18	rekey	然	0.9994
vol01:42:5:1	vol01:42:5:2	rekey	名	0.9997
vol01:42:5:2	vol01:42:5:3	rekey	爲	0.9996
vol01:42:5:3	vol01:42:5:4	rekey	明	0.9992
vol01:42:5:4	vol01:42:5:5	rekey	季	0.9982
vol01:42:5:5	vol01:42:5:6	rekey	奏	0.9989
vol01:42:5:6	vol01:42:5:7	rekey	疏	0.9994
vol01:42:5:7	vol01:42:5:8	rekey	勒	0.9997
vol01:42:5:8	vol01:42:5:9	rekey	成	0.9995
vol01:42:6:9	vol01:42:6:10	rekey	來	0.9996
vol01:42:6:10	vol01:42:6:11	rekey	永	0.9997
vol01:42:6:11	vol01:42:6:12	rekey	爲	0.9995
vol01:42:6:12	vol01:42:6:13	rekey	殷	0.9992
vol01:42:6:13	vol01:42:6:14	rekey	鑒	0.9994
vol01:42:6:14	vol01:42:6:15	rekey	况	0.9997
vol01:42:6:15	vol01:42:6:16	rekey	諸	0.9994
vol01:42:6:16	vol01:42:6:17	rekey	臣	0.9994
vol01:42:6:17	vol01:42:6:18	rekey	彈	0.9992
vol01:42:6:18	vol01:42:6:19	rekey	劾	0.9995
vol01:42:6:1	vol01:42:6:2	rekey	所	0.9978
vol01:42:6:2	vol01:42:6:3	rekey	以	0.9996
vol01:42:6:3	vol01:42:6:4	rekey	亡	0.9993
vol01:42:6:4	vol01:42:6:5	rekey	亦	0.9997
vol01:42:6:5	vol01:42:6:6	rekey	可	0.9996
vol01:42:6:6	vol01:42:6:7	rekey	垂	0.9994
vol01:42:6:7	vol01:42:6:8	rekey	示	0.9994
vol01:42:6:8	vol01:42:6:9	rekey	方	0.9995
vol01:42:7:9	vol01:42:7:10	rekey	三	0.9994
vol01:42:7:13	vol01:42:7:14	rekey	皆	0.9994
vol01:42:7:16	vol01:42:7:17	rekey	愛	0.9994
vol01:42:7:17	vol01:42:7:18	rekey	君	0.9995
vol01:42:7:18	vol01:42:7:19	rekey	體	0.999
vol01:42:7:1	vol01:42:7:2	rekey	指	0.9995
vol01:42:7:2	vol01:42:7:3	rekey	摘	0.9992
vol01:42:7:3	vol01:42:7:4	rekey	利	0.9996
vol01:42:7:4	vol01:42:7:5	rekey	病	0.9995
vol01:42:7:5	vol01:42:7:6	rekey	至	0.9992
vol01:42:7:6	vol01:42:7:7	rekey	不	0.9995
vol01:42:7:7	vol01:42:7:8	rekey	憚	0.9994
vol01:42:7:8	vol01:42:7:9	rekey	再	0.9992
vol01:42:8:9	vol01:42:8:10	rekey	盡	0.9995
vol01:42:8:10	vol01:42:8:11	rekey	見	0.9996
vol01:42:8:11	vol01:42:8:12	rekey	於	0.9991
vol01:42:8:12	vol01:42:8:13	rekey	明	0.9993
vol01:42:8:13	vol01:42:8:14	rekey	史	0.9996
vol01:42:8:14	vol01:42:8:15	rekey	朕	0.9996
vol01:42:8:15	vol01:42:8:16	rekey	方	0.9994
vol01:42:8:16	vol01:42:8:17	rekey	欲	0.9994
vol01:42:8:17	vol01:42:8:18	rekey	闡	0.9993
vol01:42:8:18	vol01:42:8:19	rekey	幽	0.9993
vol01:42:8:1	vol01:42:8:2	rekey	誠	0.9996
vol01:42:8:2	vol01:42:8:3	rekey	而	0.9996
vol01:42:8:3	vol01:42:8:4	rekey	其	0.9994
vol01:42:8:4	vol01:42:8:5	rekey	姓	0.9993
vol01:42:8:5	vol01:42:8:6	rekey	名	0.9994
vol01:42:8:6	vol01:42:8:7	rekey	章	0.9994
vol01:42:8:7	vol01:42:8:8	rekey	疏	0.9994
vol01:42:8:8	vol01:42:8:9	rekey	不	0.9997
vol01:42:9:9	vol01:42:9:10	rekey	彰	0.9993
vol01:42:9:10	vol01:42:9:11	rekey	况	0.9995
vol01:42:9:11	vol01:42:9:12	rekey	諸	0.9995
vol01:42:9:12	vol01:42:9:13	rekey	臣	0.9995
vol01:42:9:13	vol01:42:9:14	rekey	在	0.9994
vol01:42:9:14	vol01:42:9:15	rekey	勝	0.9994
vol01:42:9:15	vol01:42:9:16	rekey	國	0.9993
vol01:42:9:17	vol01:42:9:18	rekey	事	0.9992
vol01:42:9:18	vol01:42:9:19	rekey	於	0.9991
vol01:42:9:1	vol01:42:9:2	rekey	又	0.9995
vol01:42:9:2	vol01:42:9:3	rekey	何	0.9993
vol01:42:9:3	vol01:42:9:4	rekey	忍	0.9995
vol01:42:9:4	vol01:42:9:5	rekey	令	0.9992
vol01:42:9:5	vol01:42:9:6	rekey	其	0.9993
vol01:42:9:6	vol01:42:9:7	rekey	湮	0.9993
vol01:42:9:7	vol01:42:9:8	rekey	没	0.9993
vol01:42:9:8	vol01:42:9:9	rekey	弗	0.9994
vol01:43:1:9	vol01:43:1:10	rekey	自	0.9997
vol01:43:1:10	vol01:43:1:11	rekey	爲	0.9997
vol01:43:1:11	vol01:43:1:12	rekey	其	0.9997
vol01:43:1:12	vol01:43:1:13	rekey	主	0.9994
vol01:43:1:14	vol01:43:1:15	rekey	宜	0.9995
vol01:43:1:15	vol01:43:1:16	rekey	深	0.9995
vol01:43:1:16	vol01:43:1:17	rekey	責	0.9992
vol01:43:1:1	vol01:43:1:2	rekey	家	0.9996
vol01:43:1:2	vol01:43:1:3	rekey	間	0.9994
vol01:43:1:3	vol01:43:1:4	rekey	有	0.9996
vol01:43:1:4	vol01:43:1:5	rekey	干	0.9995
vol01:43:1:5	vol01:43:1:6	rekey	犯	0.9996
vol01:43:1:6	vol01:43:1:7	rekey	之	0.9997
vol01:43:1:7	vol01:43:1:8	rekey	語	0.9995
vol01:43:1:8	vol01:43:1:9	rekey	彼	0.9996
vol01:43:2:9	vol01:43:2:10	rekey	比	0.9997
vol01:43:2:10	vol01:43:2:11	rekey	原	0.9995
vol01:43:2:11	vol01:43:2:12	rekey	不	0.9997
vol01:43:2:12	vol01:43:2:13	rekey	妨	0.9996
vol01:43:2:13	vol01:43:2:14	rekey	就	0.9998
vol01:43:2:14	vol01:43:2:15	rekey	其	0.9993
vol01:43:2:15	vol01:43:2:16	rekey	應	0.9995
vol01:43:2:1	vol01:43:2:2	rekey	本	0.9996
vol01:43:2:2	vol01:43:2:3	rekey	朝	0.9994
vol01:43:2:3	vol01:43:2:4	rekey	肆	0.9996
vol01:43:2:4	vol01:43:2:5	rekey	爲	0.9995
vol01:43:2:5	vol01:43:2:6	rekey	詆	0.9996
vol01:43:2:6	vol01:43:2:7	rekey	悖	0.9995
vol01:43:2:7	vol01:43:2:8	rekey	者	0.9995
vol01:43:2:8	vol01:43:2:9	rekey	可	0.9996
vol01:43:3:9	vol01:43:3:10	rekey	錄	0.9997
vol01:43:3:10	vol01:43:3:11	rekey	餘	0.9994
vol01:43:3:11	vol01:43:3:12	rekey	仍	0.9995
vol01:43:3:12	vol01:43:3:13	rekey	分	0.9995
vol01:43:3:13	vol01:43:3:14	rekey	别	0.9997
vol01:43:3:14	vol01:43:3:15	rekey	撤	0.9995
vol01:43:3:15	vol01:43:3:16	rekey	燬	0.9995
vol01:43:3:16	vol01:43:3:17	rekey	於	0.9994
vol01:43:3:17	vol01:43:3:18	rekey	辦	0.9993
vol01:43:3:18	vol01:43:3:19	rekey	理	0.9994
vol01:43:3:1	vol01:43:3:2	rekey	背	0.9995
vol01:43:3:2	vol01:43:3:3	rekey	字	0.9993
vol01:43:3:6	vol01:43:3:7	rekey	改	0.9995
vol01:43:3:7	vol01:43:3:8	rekey	易	0.9995
vol01:43:3:8	vol01:43:3:9	rekey	選	0.9995
vol01:43:4:9	vol01:43:4:10	rekey	著	0.9995
vol01:43:4:10	vol01:43:4:11	rekey	交	0.9996
vol01:43:4:11	vol01:43:4:12	rekey	該	0.9994
vol01:43:4:12	vol01:43:4:13	rekey	總	0.9995
vol01:43:4:13	vol01:43:4:14	rekey	裁	0.9994
vol01:43:4:14	vol01:43:4:15	rekey	遴	0.9996
vol01:43:4:15	vol01:43:4:16	rekey	選	0.9993
vol01:43:4:17	vol01:43:4:18	rekey	二	0.9998
vol01:43:4:18	vol01:43:4:19	rekey	人	0.9996
vol01:43:4:1	vol01:43:4:2	rekey	書	0.9992
vol01:43:4:2	vol01:43:4:3	rekey	籍	0.9994
vol01:43:4:3	vol01:43:4:4	rekey	似	0.9993
vol01:43:4:4	vol01:43:4:5	rekey	屬	0.9995
vol01:43:4:5	vol01:43:4:6	rekey	並	0.9995
vol01:43:4:6	vol01:43:4:7	rekey	行	0.9996
vol01:43:4:7	vol01:43:4:8	rekey	不	0.9996
vol01:43:4:8	vol01:43:4:9	rekey	悖	0.9993
vol01:43:5:9	vol01:43:5:10	rekey	呈	0.9996
vol01:43:5:10	vol01:43:5:11	rekey	覽	0.9997
vol01:43:5:11	vol01:43:5:12	rekey	候	0.9994
vol01:43:5:12	vol01:43:5:13	rekey	朕	0.9996
vol01:43:5:13	vol01:43:5:14	rekey	鑒	0.9996
vol01:43:5:14	vol01:43:5:15	rekey	定	0.9996
vol01:43:5:15	vol01:43:5:16	rekey	並	0.9996
vol01:43:5:16	vol01:43:5:17	rekey	將	0.9996
vol01:43:5:18	vol01:43:5:19	rekey	通	0.9995
vol01:43:5:1	vol01:43:5:2	rekey	校	0.9992
vol01:43:5:2	vol01:43:5:3	rekey	閱	0.9996
vol01:43:5:3	vol01:43:5:4	rekey	編	0.9994
vol01:43:5:4	vol01:43:5:5	rekey	輯	0.9995
vol01:43:5:5	vol01:43:5:6	rekey	繕	0.9994
vol01:43:5:6	vol01:43:5:7	rekey	錄	0.9995
vol01:43:5:7	vol01:43:5:8	rekey	以	0.9997
vol01:43:5:8	vol01:43:5:9	rekey	次	0.9993
vol01:43:6:1	vol01:43:6:2	rekey	外	0.9996
vol01:43:6:2	vol01:43:6:3	rekey	知	0.9995
vol01:43:6:3	vol01:43:6:4	rekey	之	0.9996
vol01:43:6:4	vol01:43:6:5	rekey	欽	0.9995
vol01:43:6:5	vol01:43:6:6	rekey	此	0.9997
vol01:43:7:9	vol01:43:7:10	rekey	月	0.9996
vol01:43:7:10	vol01:43:7:11	rekey	十	0.9997
vol01:43:7:11	vol01:43:7:12	rekey	七	0.9995
vol01:43:7:12	vol01:43:7:13	rekey	日	0.9998
vol01:43:7:13	vol01:43:7:14	rekey	奉	0.9997
vol01:43:7:2	vol01:43:7:3	rekey	乾	0.999
vol01:43:7:3	vol01:43:7:4	rekey	隆	0.9995
vol01:43:7:4	vol01:43:7:5	rekey	四	0.9995
vol01:43:7:5	vol01:43:7:6	rekey	十	0.9998
vol01:43:7:6	vol01:43:7:7	rekey	五	0.9995
vol01:43:7:7	vol01:43:7:8	rekey	年	0.9996
vol01:43:7:8	vol01:43:7:9	rekey	九	0.9997
vol01:43:8:9	vol01:43:8:10	rekey	殊	0.9998
vol01:43:8:10	vol01:43:8:11	rekey	周	0.9995
vol01:43:8:11	vol01:43:8:12	rekey	官	0.9996
vol01:43:8:12	vol01:43:8:13	rekey	法	0.9994
vol01:43:8:13	vol01:43:8:14	rekey	制	0.9994
vol01:43:8:14	vol01:43:8:15	rekey	及	0.9996
vol01:43:8:15	vol01:43:8:16	rekey	定	0.9996
vol01:43:8:16	vol01:43:8:17	rekey	鼎	0.9996
vol01:43:8:17	vol01:43:8:18	rekey	中	0.9997
vol01:43:8:18	vol01:43:8:19	rekey	原	0.9994
vol01:43:8:1	vol01:43:8:2	rekey	諭	0.9992
vol01:43:8:2	vol01:43:8:3	rekey	國	0.9997
vol01:43:8:3	vol01:43:8:4	rekey	初	0.9995
vol01:43:8:4	vol01:43:8:5	rekey	設	0.9996
vol01:43:8:5	vol01:43:8:6	rekey	官	0.9997
vol01:43:8:6	vol01:43:8:7	rekey	分	0.9993
vol01:43:8:7	vol01:43:8:8	rekey	職	0.9995
vol01:43:8:8	vol01:43:8:9	rekey	不	0.9997
vol01:43:9:9	vol01:43:9:10	rekey	詳	0.9994
vol01:43:9:10	vol01:43:9:11	rekey	備	0.9996
vol01:43:9:11	vol01:43:9:12	rekey	其	0.9996
vol01:43:9:13	vol01:43:9:14	rekey	因	0.9996
vol01:43:9:17	vol01:43:9:18	rekey	名	0.9996
vol01:43:9:18	vol01:43:9:19	rekey	異	0.9995
vol01:43:9:2	vol01:43:9:3	rekey	代	0.9996
vol01:43:9:3	vol01:43:9:4	rekey	不	0.9996
vol01:43:9:4	vol01:43:9:5	rekey	繁	0.9996
vol01:43:9:5	vol01:43:9:6	rekey	不	0.9996
vol01:43:9:6	vol01:43:9:7	rekey	簡	0.999
vol01:43:9:7	vol01:43:9:8	rekey	最	0.9989
vol01:43:9:8	vol01:43:9:9	rekey	爲	0.9992
vol01:44:1:9	vol01:44:1:10	rekey	内	0.9997
vol01:44:1:10	vol01:44:1:11	rekey	有	0.9995
vol01:44:1:11	vol01:44:1:12	rekey	百	0.9995
vol01:44:1:12	vol01:44:1:13	rekey	揆	0.9995
vol01:44:1:13	vol01:44:1:14	rekey	四	0.9997
vol01:44:1:14	vol01:44:1:15	rekey	岳	0.9994
vol01:44:1:15	vol01:44:1:16	rekey	外	0.9995
vol01:44:1:16	vol01:44:1:17	rekey	有	0.9994
vol01:44:1:17	vol01:44:1:18	rekey	州	0.9997
vol01:44:1:18	vol01:44:1:19	rekey	牧	0.9996
vol01:44:1:1	vol01:44:1:2	rekey	稽	0.9993
vol01:44:1:2	vol01:44:1:3	rekey	古	0.9993
vol01:44:1:4	vol01:44:1:5	rekey	虞	0.9993
vol01:44:1:5	vol01:44:1:6	rekey	建	0.9993
vol01:44:1:6	vol01:44:1:7	rekey	官	0.9992
vol01:44:1:7	vol01:44:1:8	rekey	惟	0.9997
vol01:44:1:8	vol01:44:1:9	rekey	百	0.9996
vol01:44:2:9	vol01:44:2:10	rekey	周	0.9997
vol01:44:2:10	vol01:44:2:11	rekey	則	0.9997
vol01:44:2:11	vol01:44:2:12	rekey	監	0.9994
vol01:44:2:12	vol01:44:2:13	rekey	於	0.9995
vol01:44:2:13	vol01:44:2:14	rekey	二	0.9997
vol01:44:2:14	vol01:44:2:15	rekey	代	0.9996
vol01:44:2:15	vol01:44:2:16	rekey	立	0.9995
vol01:44:2:16	vol01:44:2:17	rekey	三	0.9998
vol01:44:2:17	vol01:44:2:18	rekey	公	0.9996
vol01:44:2:18	vol01:44:2:19	rekey	三	0.9995
vol01:44:2:1	vol01:44:2:2	rekey	奮	0.9994
vol01:44:2:19	vol01:44:2:20	rekey	孤	0.9993
vol01:44:2:2	vol01:44:2:3	rekey	庸	0.9996
vol01:44:2:3	vol01:44:2:4	rekey	熙	0.9996
vol01:44:2:4	vol01:44:2:5	rekey	載	0.9993
vol01:44:2:5	vol01:44:2:6	rekey	亮	0.9995
vol01:44:2:6	vol01:44:2:7	rekey	采	0.9994
vol01:44:2:7	vol01:44:2:8	rekey	惠	0.9995
vol01:44:2:8	vol01:44:2:9	rekey	疇	0.9995
vol01:44:3:9	vol01:44:3:10	rekey	書	0.9994
vol01:44:3:10	vol01:44:3:11	rekey	門	0.9994
vol01:44:3:11	vol01:44:3:12	rekey	下	0.9997
vol01:44:3:12	vol01:44:3:13	rekey	平	0.9996
vol01:44:3:13	vol01:44:3:14	rekey	章	0.9994
vol01:44:3:14	vol01:44:3:15	rekey	知	0.9993
vol01:44:3:15	vol01:44:3:16	rekey	政	0.9994
vol01:44:3:16	vol01:44:3:17	rekey	事	0.9994
vol01:44:3:17	vol01:44:3:18	rekey	明	0.9994
vol01:44:3:18	vol01:44:3:19	rekey	洪	0.9994
vol01:44:3:1	vol01:44:3:2	rekey	漢	0.9991
vol01:44:3:19	vol01:44:3:20	rekey	武	0.9996
vol01:44:3:20	vol01:44:3:21	rekey	因	0.9991
vol01:44:3:2	vol01:44:3:3	rekey	以	0.9995
vol01:44:3:3	vol01:44:3:4	rekey	後	0.9994
vol01:44:3:4	vol01:44:3:5	rekey	爲	0.9995
vol01:44:3:5	vol01:44:3:6	rekey	丞	0.9996
vol01:44:3:6	vol01:44:3:7	rekey	相	0.9996
vol01:44:3:7	vol01:44:3:8	rekey	爲	0.9995
vol01:44:3:8	vol01:44:3:9	rekey	中	0.9995
vol01:44:4:9	vol01:44:4:10	rekey	爲	0.9993
vol01:44:4:10	vol01:44:4:11	rekey	大	0.9996
vol01:44:4:11	vol01:44:4:12	rekey	學	0.9991
vol01:44:4:12	vol01:44:4:13	rekey	士	0.9995
vol01:44:4:13	vol01:44:4:14	rekey	其	0.9994
vol01:44:4:14	vol01:44:4:15	rekey	實	0.9995
vol01:44:4:15	vol01:44:4:16	rekey	官	0.9998
vol01:44:4:16	vol01:44:4:17	rekey	名	0.9994
vol01:44:4:17	vol01:44:4:18	rekey	雖	0.9993
vol01:44:4:1	vol01:44:4:2	rekey	胡	0.9996
vol01:44:4:2	vol01:44:4:3	rekey	惟	0.9994
vol01:44:4:3	vol01:44:4:4	rekey	庸	0.9996
vol01:44:4:4	vol01:44:4:5	rekey	之	0.9996
vol01:44:4:5	vol01:44:4:6	rekey	故	0.9993
vol01:44:4:6	vol01:44:4:7	rekey	改	0.9995
vol01:44:4:7	vol01:44:4:8	rekey	丞	0.9994
vol01:44:4:8	vol01:44:4:9	rekey	相	0.9996
vol01:44:5:9	vol01:44:5:10	rekey	不	0.9996
vol01:44:5:10	vol01:44:5:11	rekey	移	0.9994
vol01:44:5:11	vol01:44:5:12	rekey	簡	0.9994
vol01:44:5:12	vol01:44:5:13	rekey	用	0.9996
vol01:44:5:13	vol01:44:5:14	rekey	得	0.9994
vol01:44:5:14	vol01:44:5:15	rekey	人	0.9996
vol01:44:5:15	vol01:44:5:16	rekey	則	0.9995
vol01:44:5:16	vol01:44:5:17	rekey	雖	0.9993
vol01:44:5:17	vol01:44:5:18	rekey	名	0.9995
vol01:44:5:18	vol01:44:5:19	rekey	丞	0.9994
vol01:44:5:1	vol01:44:5:2	rekey	無	0.9993
vol01:44:5:19	vol01:44:5:20	rekey	相	0.9996
vol01:44:5:20	vol01:44:5:21	rekey	不	0.9995
vol01:44:5:2	vol01:44:5:3	rekey	殊	0.9993
vol01:44:5:3	vol01:44:5:4	rekey	惟	0.9993
vol01:44:5:4	vol01:44:5:5	rekey	在	0.9994
vol01:44:5:5	vol01:44:5:6	rekey	人	0.9996
vol01:44:5:7	vol01:44:5:8	rekey	太	0.9995
vol01:44:5:8	vol01:44:5:9	rekey	阿	0.9997
vol01:44:6:9	vol01:44:6:10	rekey	大	0.9993
vol01:44:6:10	vol01:44:6:11	rekey	學	0.9991
vol01:44:6:11	vol01:44:6:12	rekey	士	0.9998
vol01:44:6:12	vol01:44:6:13	rekey	而	0.9995
vol01:44:6:13	vol01:44:6:14	rekey	所	0.9995
vol01:44:6:14	vol01:44:6:15	rekey	任	0.9996
vol01:44:6:15	vol01:44:6:16	rekey	非	0.9996
vol01:44:6:16	vol01:44:6:17	rekey	人	0.9995
vol01:44:6:17	vol01:44:6:18	rekey	竊	0.9996
vol01:44:6:18	vol01:44:6:19	rekey	弄	0.9992
vol01:44:6:1	vol01:44:6:2	rekey	過	0.9993
vol01:44:6:19	vol01:44:6:20	rekey	威	0.9993
vol01:44:6:20	vol01:44:6:21	rekey	福	0.9995
vol01:44:6:2	vol01:44:6:3	rekey	承	0.999
vol01:44:6:3	vol01:44:6:4	rekey	命	0.9991
vol01:44:6:4	vol01:44:6:5	rekey	奉	0.9994
vol01:44:6:5	vol01:44:6:6	rekey	行	0.9996
vol01:44:6:6	vol01:44:6:7	rekey	卽	0.9994
vol01:44:6:7	vol01:44:6:8	rekey	改	0.9994
vol01:44:6:8	vol01:44:6:9	rekey	稱	0.9994
vol01:44:7:9	vol01:44:7:10	rekey	學	0.9995
vol01:44:7:10	vol01:44:7:11	rekey	士	0.9998
vol01:44:7:11	vol01:44:7:12	rekey	者	0.9997
vol01:44:7:12	vol01:44:7:13	rekey	乎	0.9994
vol01:44:7:15	vol01:44:7:16	rekey	是	0.9988
vol01:44:7:16	vol01:44:7:17	rekey	君	0.9993
vol01:44:7:17	vol01:44:7:18	rekey	方	0.9996
vol01:44:7:18	vol01:44:7:19	rekey	有	0.9995
vol01:44:7:1	vol01:44:7:2	rekey	嚴	0.9993
vol01:44:7:19	vol01:44:7:20	rekey	是	0.9996
vol01:44:7:20	vol01:44:7:21	rekey	臣	0.9994
vol01:44:7:2	vol01:44:7:3	rekey	嵩	0.9994
vol01:44:7:3	vol01:44:7:4	rekey	之	0.9996
vol01:44:7:4	vol01:44:7:5	rekey	流	0.9993
vol01:44:7:5	vol01:44:7:6	rekey	非	0.9994
vol01:44:7:6	vol01:44:7:7	rekey	仍	0.9994
vol01:44:7:7	vol01:44:7:8	rekey	名	0.9996
vol01:44:7:8	vol01:44:7:9	rekey	大	0.9993
vol01:44:8:9	vol01:44:8:10	rekey	克	0.9996
vol01:44:8:10	vol01:44:8:11	rekey	艱	0.9993
vol01:44:8:11	vol01:44:8:12	rekey	厥	0.9994
vol01:44:8:12	vol01:44:8:13	rekey	臣	0.9996
vol01:44:8:13	vol01:44:8:14	rekey	昔	0.9992
vol01:44:8:14	vol01:44:8:15	rekey	人	0.9996
vol01:44:8:15	vol01:44:8:16	rekey	言	0.9996
vol01:44:8:16	vol01:44:8:17	rekey	天	0.9996
vol01:44:8:17	vol01:44:8:18	rekey	下	0.9996
vol01:44:8:18	vol01:44:8:19	rekey	之	0.9996
vol01:44:8:1	vol01:44:8:2	rekey	惟	0.9988
vol01:44:8:19	vol01:44:8:20	rekey	安	0.9995
vol01:44:8:20	vol01:44:8:21	rekey	危	0.9993
vol01:44:8:2	vol01:44:8:3	rekey	后	0.9995
vol01:44:8:3	vol01:44:8:4	rekey	克	0.9993
vol01:44:8:4	vol01:44:8:5	rekey	艱	0.9995
vol01:44:8:5	vol01:44:8:6	rekey	厥	0.9993
vol01:44:8:6	vol01:44:8:7	rekey	后	0.9994
vol01:44:8:7	vol01:44:8:8	rekey	庶	0.9994
vol01:44:8:8	vol01:44:8:9	rekey	臣	0.9994
vol01:44:9:9	vol01:44:9:10	rekey	是	0.9994
vol01:44:9:10	vol01:44:9:11	rekey	而	0.9994
vol01:44:9:11	vol01:44:9:12	rekey	非	0.9994
vol01:44:9:12	vol01:44:9:13	rekey	也	0.9996
vol01:44:9:13	vol01:44:9:14	rekey	至	0.9996
vol01:44:9:14	vol01:44:9:15	rekey	六	0.9995
vol01:44:9:15	vol01:44:9:16	rekey	官	0.9996
vol01:44:9:17	vol01:44:9:18	rekey	今	0.9996
vol01:44:9:1	vol01:44:9:2	rekey	係	0.9993
vol01:44:9:2	vol01:44:9:3	rekey	乎	0.9997
vol01:44:9:3	vol01:44:9:4	rekey	宰	0.9995
vol01:44:9:4	vol01:44:9:5	rekey	相	0.9994
vol01:44:9:5	vol01:44:9:6	rekey	其	0.9992
vol01:44:9:6	vol01:44:9:7	rekey	言	0.9995
vol01:44:9:7	vol01:44:9:8	rekey	實	0.9996
vol01:44:9:8	vol01:44:9:9	rekey	似	0.9997
vol01:45:1:9	vol01:45:1:10	rekey	本	0.9994
vol01:45:1:10	vol01:45:1:11	rekey	於	0.9995
vol01:45:1:11	vol01:45:1:12	rekey	唐	0.9994
vol01:45:1:12	vol01:45:1:13	rekey	虞	0.9993
vol01:45:1:13	vol01:45:1:14	rekey	司	0.9995
vol01:45:1:14	vol01:45:1:15	rekey	徒	0.9996
vol01:45:1:15	vol01:45:1:16	rekey	秩	0.9993
vol01:45:1:16	vol01:45:1:17	rekey	宗	0.9994
vol01:45:1:17	vol01:45:1:18	rekey	諸	0.9994
vol01:45:1:18	vol01:45:1:19	rekey	職	0.9994
vol01:45:1:1	vol01:45:1:2	rekey	周	0.9994
vol01:45:1:19	vol01:45:1:20	rekey	外	0.9997
vol01:45:1:20	vol01:45:1:21	rekey	而	0.9997
vol01:45:1:2	vol01:45:1:3	rekey	禮	0.9976
vol01:45:1:3	vol01:45:1:4	rekey	典	0.9994
vol01:45:1:4	vol01:45:1:5	rekey	制	0.9994
vol01:45:1:5	vol01:45:1:6	rekey	綦	0.9994
vol01:45:1:6	vol01:45:1:7	rekey	詳	0.9995
vol01:45:1:7	vol01:45:1:8	rekey	要	0.9994
vol01:45:1:8	vol01:45:1:9	rekey	亦	0.9993
vol01:45:2:9	vol01:45:2:10	rekey	稱	0.9994
vol01:45:2:10	vol01:45:2:11	rekey	守	0.9995
vol01:45:2:11	vol01:45:2:12	rekey	牧	0.9994
vol01:45:2:12	vol01:45:2:13	rekey	節	0.9995
vol01:45:2:13	vol01:45:2:14	rekey	度	0.9993
vol01:45:2:14	vol01:45:2:15	rekey	行	0.9995
vol01:45:2:15	vol01:45:2:16	rekey	省	0.9994
vol01:45:2:16	vol01:45:2:17	rekey	卽	0.9996
vol01:45:2:17	vol01:45:2:18	rekey	唐	0.9992
vol01:45:2:18	vol01:45:2:19	rekey	虞	0.9994
vol01:45:2:1	vol01:45:2:2	rekey	督	0.9995
vol01:45:2:19	vol01:45:2:20	rekey	十	0.9995
vol01:45:2:20	vol01:45:2:21	rekey	二	0.9997
vol01:45:2:2	vol01:45:2:3	rekey	撫	0.9994
vol01:45:2:3	vol01:45:2:4	rekey	自	0.9996
vol01:45:2:4	vol01:45:2:5	rekey	秦	0.9993
vol01:45:2:5	vol01:45:2:6	rekey	漢	0.9993
vol01:45:2:6	vol01:45:2:7	rekey	以	0.9997
vol01:45:2:7	vol01:45:2:8	rekey	來	0.9996
vol01:45:2:8	vol01:45:2:9	rekey	所	0.9993
vol01:45:3:9	vol01:45:3:10	rekey	置	0.9994
vol01:45:3:10	vol01:45:3:11	rekey	紛	0.9993
vol01:45:3:11	vol01:45:3:12	rekey	如	0.9996
vol01:45:3:12	vol01:45:3:13	rekey	難	0.9994
vol01:45:3:13	vol01:45:3:14	rekey	以	0.9998
vol01:45:3:14	vol01:45:3:15	rekey	縷	0.9991
vol01:45:3:15	vol01:45:3:16	rekey	數	0.9983
vol01:45:3:16	vol01:45:3:17	rekey	我	0.9994
vol01:45:3:17	vol01:45:3:18	rekey	國	0.9993
vol01:45:3:18	vol01:45:3:19	rekey	家	0.9995
vol01:45:3:1	vol01:45:3:2	rekey	牧	0.9994
vol01:45:3:19	vol01:45:3:20	rekey	文	0.9995
vol01:45:3:20	vol01:45:3:21	rekey	武	0.9995
vol01:45:3:2	vol01:45:3:3	rekey	之	0.9997
vol01:45:3:3	vol01:45:3:4	rekey	遺	0.9994
vol01:45:3:5	vol01:45:3:6	rekey	朝	0.9994
vol01:45:3:6	vol01:45:3:7	rekey	改	0.9996
vol01:45:3:7	vol01:45:3:8	rekey	革	0.9993
vol01:45:3:8	vol01:45:3:9	rekey	建	0.999
vol01:45:4:9	vol01:45:4:10	rekey	大	0.9994
vol01:45:4:10	vol01:45:4:11	rekey	清	0.9995
vol01:45:4:11	vol01:45:4:12	rekey	會	0.9995
vol01:45:4:12	vol01:45:4:13	rekey	典	0.9994
vol01:45:4:13	vol01:45:4:14	rekey	本	0.9994
vol01:45:4:14	vol01:45:4:15	rekey	自	0.9997
vol01:45:4:15	vol01:45:4:16	rekey	秩	0.9992
vol01:45:4:16	vol01:45:4:17	rekey	然	0.9994
vol01:45:4:17	vol01:45:4:18	rekey	至	0.9994
vol01:45:4:18	vol01:45:4:19	rekey	於	0.9995
vol01:45:4:1	vol01:45:4:2	rekey	内	0.9995
vol01:45:4:19	vol01:45:4:20	rekey	援	0.9994
vol01:45:4:20	vol01:45:4:21	rekey	古	0.9994
vol01:45:4:2	vol01:45:4:3	rekey	外	0.9997
vol01:45:4:3	vol01:45:4:4	rekey	官	0.9997
vol01:45:4:4	vol01:45:4:5	rekey	職	0.9993
vol01:45:4:5	vol01:45:4:6	rekey	品	0.9994
vol01:45:4:6	vol01:45:4:7	rekey	級	0.9995
vol01:45:4:7	vol01:45:4:8	rekey	載	0.9994
vol01:45:4:8	vol01:45:4:9	rekey	在	0.9995
vol01:45:5:9	vol01:45:5:10	rekey	某	0.9995
vol01:45:5:10	vol01:45:5:11	rekey	代	0.9995
vol01:45:5:11	vol01:45:5:12	rekey	某	0.9974
vol01:45:5:12	vol01:45:5:13	rekey	官	0.9994
vol01:45:5:13	vol01:45:5:14	rekey	又	0.9994
vol01:45:5:14	vol01:45:5:15	rekey	或	0.9994
vol01:45:5:15	vol01:45:5:16	rekey	古	0.9991
vol01:45:5:16	vol01:45:5:17	rekey	有	0.9993
vol01:45:5:17	vol01:45:5:18	rekey	今	0.9996
vol01:45:5:18	vol01:45:5:19	rekey	無	0.9994
vol01:45:5:1	vol01:45:5:2	rekey	証	0.9996
vol01:45:5:19	vol01:45:5:20	rekey	或	0.9993
vol01:45:5:20	vol01:45:5:21	rekey	古	0.9995
vol01:45:5:2	vol01:45:5:3	rekey	今	0.9996
vol01:45:5:3	vol01:45:5:4	rekey	今	0.9996
vol01:45:5:4	vol01:45:5:5	rekey	之	0.9994
vol01:45:5:5	vol01:45:5:6	rekey	某	0.9994
vol01:45:5:6	vol01:45:5:7	rekey	官	0.9995
vol01:45:5:7	vol01:45:5:8	rekey	卽	0.9994
vol01:45:5:8	vol01:45:5:9	rekey	前	0.9993
vol01:45:6:9	vol01:45:6:10	rekey	書	0.9993
vol01:45:6:10	vol01:45:6:11	rekey	昭	0.9993
vol01:45:6:11	vol01:45:6:12	rekey	垂	0.9992
vol01:45:6:12	vol01:45:6:13	rekey	永	0.9995
vol01:45:6:13	vol01:45:6:14	rekey	久	0.9995
vol01:45:6:14	vol01:45:6:15	rekey	俾	0.9995
vol01:45:6:15	vol01:45:6:16	rekey	覽	0.9993
vol01:45:6:16	vol01:45:6:17	rekey	者	0.9993
vol01:45:6:17	vol01:45:6:18	rekey	一	0.9996
vol01:45:6:18	vol01:45:6:19	rekey	目	0.9997
vol01:45:6:1	vol01:45:6:2	rekey	無	0.9995
vol01:45:6:19	vol01:45:6:20	rekey	了	0.9999
vol01:45:6:20	vol01:45:6:21	rekey	然	0.9994
vol01:45:6:2	vol01:45:6:3	rekey	今	0.9995
vol01:45:6:3	vol01:45:6:4	rekey	有	0.9994
vol01:45:6:4	vol01:45:6:5	rekey	允	0.9997
vol01:45:6:5	vol01:45:6:6	rekey	宜	0.9995
vol01:45:6:6	vol01:45:6:7	rekey	勒	0.9992
vol01:45:6:7	vol01:45:6:8	rekey	定	0.9994
vol01:45:6:8	vol01:45:6:9	rekey	成	0.9965
vol01:45:7:9	vol01:45:7:10	rekey	遺	0.9993
vol01:45:7:10	vol01:45:7:11	rekey	文	0.9993
vol01:45:7:11	vol01:45:7:12	rekey	畢	0.9996
vol01:45:7:12	vol01:45:7:13	rekey	集	0.9995
vol01:45:7:13	vol01:45:7:14	rekey	著	0.9992
vol01:45:7:14	vol01:45:7:15	rekey	卽	0.9995
vol01:45:7:15	vol01:45:7:16	rekey	派	0.9994
vol01:45:7:16	vol01:45:7:17	rekey	總	0.9993
vol01:45:7:17	vol01:45:7:18	rekey	纂	0.9993
vol01:45:7:18	vol01:45:7:19	rekey	總	0.9993
vol01:45:7:1	vol01:45:7:2	rekey	現	0.9994
vol01:45:7:19	vol01:45:7:20	rekey	校	0.9993
vol01:45:7:20	vol01:45:7:21	rekey	之	0.9996
vol01:45:7:2	vol01:45:7:3	rekey	在	0.9994
vol01:45:7:3	vol01:45:7:4	rekey	編	0.9995
vol01:45:7:4	vol01:45:7:5	rekey	列	0.9996
vol01:45:7:5	vol01:45:7:6	rekey	四	0.9995
vol01:45:7:6	vol01:45:7:7	rekey	庫	0.9994
vol01:45:7:7	vol01:45:7:8	rekey	全	0.9995
vol01:45:8:9	vol01:45:8:10	rekey	孫	0.9993
vol01:45:8:10	vol01:45:8:11	rekey	士	0.9995
vol01:45:8:11	vol01:45:8:12	rekey	毅	0.9994
vol01:45:8:12	vol01:45:8:13	rekey	等	0.9991
vol01:45:8:13	vol01:45:8:14	rekey	悉	0.9994
vol01:45:8:14	vol01:45:8:15	rekey	心	0.9995
vol01:45:8:15	vol01:45:8:16	rekey	校	0.9992
vol01:45:8:16	vol01:45:8:17	rekey	覈	0.9992
vol01:45:8:17	vol01:45:8:18	rekey	將	0.9989
vol01:45:8:18	vol01:45:8:19	rekey	本	0.9994
vol01:45:8:1	vol01:45:8:2	rekey	紀	0.9996
vol01:45:8:19	vol01:45:8:20	rekey	朝	0.9994
vol01:45:8:20	vol01:45:8:21	rekey	文	0.9995
vol01:45:8:2	vol01:45:8:3	rekey	昀	0.9995
vol01:45:8:3	vol01:45:8:4	rekey	陸	0.9993
vol01:45:8:4	vol01:45:8:5	rekey	錫	0.9994
vol01:45:8:5	vol01:45:8:6	rekey	熊	0.9991
vol01:45:8:6	vol01:45:8:7	rekey	陸	0.9993
vol01:45:8:7	vol01:45:8:8	rekey	費	0.9958
vol01:45:9:10	vol01:45:9:11	rekey	代	0.9993
vol01:45:9:11	vol01:45:9:12	rekey	沿	0.9995
vol01:45:9:12	vol01:45:9:13	rekey	襲	0.999
vol01:45:9:13	vol01:45:9:14	rekey	異	0.9987
vol01:45:9:14	vol01:45:9:15	rekey	同	0.9993
vol01:45:9:15	vol01:45:9:16	rekey	之	0.9997
vol01:45:9:16	vol01:45:9:17	rekey	處	0.9993
vol01:45:9:17	vol01:45:9:18	rekey	詳	0.9993
vol01:45:9:18	vol01:45:9:19	rekey	稽	0.9992
vol01:45:9:1	vol01:45:9:2	rekey	武	0.9995
vol01:45:9:19	vol01:45:9:20	rekey	正	0.9994
vol01:45:9:20	vol01:45:9:21	rekey	史	0.9995
vol01:45:9:2	vol01:45:9:3	rekey	内	0.9996
vol01:45:9:3	vol01:45:9:4	rekey	外	0.9994
vol01:45:9:4	vol01:45:9:5	rekey	官	0.9994
vol01:45:9:5	vol01:45:9:6	rekey	職	0.9993
vol01:45:9:6	vol01:45:9:7	rekey	階	0.9995
vol01:45:9:7	vol01:45:9:8	rekey	級	0.9994
vol01:45:9:8	vol01:45:9:9	rekey	與	0.9993
vol01:46:1:9	vol01:46:1:10	rekey	簡	0.9994
vol01:46:1:10	vol01:46:1:11	rekey	明	0.9996
vol01:46:1:11	vol01:46:1:12	rekey	精	0.9994
vol01:46:1:12	vol01:46:1:13	rekey	審	0.9994
vol01:46:1:13	vol01:46:1:14	rekey	毋	0.9992
vol01:46:1:14	vol01:46:1:15	rekey	冗	0.9993
vol01:46:1:15	vol01:46:1:16	rekey	毋	0.9994
vol01:46:1:16	vol01:46:1:17	rekey	遺	0.9994
vol01:46:1:17	vol01:46:1:18	rekey	其	0.9993
vol01:46:1:18	vol01:46:1:19	rekey	議	0.9991
vol01:46:1:1	vol01:46:1:2	rekey	博	0.9993
vol01:46:1:19	vol01:46:1:20	rekey	政	0.9996
vol01:46:1:20	vol01:46:1:21	rekey	大	0.9994
vol01:46:1:2	vol01:46:1:3	rekey	參	0.9995
vol01:46:1:3	vol01:46:1:4	rekey	羣	0.9993
vol01:46:1:4	vol01:46:1:5	rekey	籍	0.9993
vol01:46:1:5	vol01:46:1:6	rekey	分	0.9993
vol01:46:1:6	vol01:46:1:7	rekey	晰	0.9995
vol01:46:1:7	vol01:46:1:8	rekey	序	0.9995
vol01:46:1:8	vol01:46:1:9	rekey	說	0.9993
vol01:46:2:9	vol01:46:2:10	rekey	旗	0.9992
vol01:46:2:10	vol01:46:2:11	rekey	都	0.9992
vol01:46:2:11	vol01:46:2:12	rekey	統	0.9995
vol01:46:2:12	vol01:46:2:13	rekey	護	0.9992
vol01:46:2:13	vol01:46:2:14	rekey	軍	0.9995
vol01:46:2:14	vol01:46:2:15	rekey	統	0.9995
vol01:46:2:15	vol01:46:2:16	rekey	領	0.9994
vol01:46:2:16	vol01:46:2:17	rekey	健	0.9993
vol01:46:2:17	vol01:46:2:18	rekey	銳	0.9993
vol01:46:2:18	vol01:46:2:19	rekey	火	0.9995
vol01:46:2:1	vol01:46:2:2	rekey	臣	0.9995
vol01:46:2:19	vol01:46:2:20	rekey	器	0.9992
vol01:46:2:20	vol01:46:2:21	rekey	營	0.9972
vol01:46:2:2	vol01:46:2:3	rekey	領	0.9995
vol01:46:2:3	vol01:46:2:4	rekey	侍	0.9995
vol01:46:2:4	vol01:46:2:5	rekey	衞	0.9995
vol01:46:2:5	vol01:46:2:6	rekey	内	0.9995
vol01:46:2:6	vol01:46:2:7	rekey	大	0.9997
vol01:46:2:7	vol01:46:2:8	rekey	臣	0.9995
vol01:46:2:8	vol01:46:2:9	rekey	八	0.9995
vol01:46:3:9	vol01:46:3:10	rekey	及	0.9995
vol01:46:3:10	vol01:46:3:11	rekey	新	0.9993
vol01:46:3:11	vol01:46:3:12	rekey	疆	0.9994
vol01:46:3:12	vol01:46:3:13	rekey	增	0.9993
vol01:46:3:13	vol01:46:3:14	rekey	置	0.9989
vol01:46:3:14	vol01:46:3:15	rekey	各	0.9995
vol01:46:3:15	vol01:46:3:16	rekey	官	0.9994
vol01:46:3:16	vol01:46:3:17	rekey	亦	0.9993
vol01:46:3:18	vol01:46:3:19	rekey	體	0.9993
vol01:46:3:1	vol01:46:3:2	rekey	内	0.9995
vol01:46:3:19	vol01:46:3:20	rekey	詳	0.9996
vol01:46:3:20	vol01:46:3:21	rekey	晰	0.9995
vol01:46:3:2	vol01:46:3:3	rekey	務	0.9994
vol01:46:3:3	vol01:46:3:4	rekey	府	0.9996
vol01:46:3:4	vol01:46:3:5	rekey	并	0.9996
vol01:46:3:5	vol01:46:3:6	rekey	駐	0.9994
vol01:46:3:6	vol01:46:3:7	rekey	防	0.9995
vol01:46:3:7	vol01:46:3:8	rekey	將	0.9994
vol01:46:3:8	vol01:46:3:9	rekey	軍	0.9994
vol01:46:4:10	vol01:46:4:11	rekey	代	0.9992
vol01:46:4:11	vol01:46:4:12	rekey	職	0.9995
vol01:46:4:12	vol01:46:4:13	rekey	官	0.9997
vol01:46:4:13	vol01:46:4:14	rekey	表	0.9995
vol01:46:3:17	vol01:46:4:15	rekey	一	1.0
vol01:46:4:15	vol01:46:4:16	rekey	書	0.998
vol01:46:4:16	vol01:46:4:17	rekey	由	0.9995
vol01:46:4:17	vol01:46:4:18	rekey	總	0.9993
vol01:46:4:18	vol01:46:4:19	rekey	裁	0.9996
vol01:46:4:1	vol01:46:4:2	rekey	考	0.9994
vol01:46:4:19	vol01:46:4:20	rekey	覆	0.9995
vol01:46:4:20	vol01:46:4:21	rekey	核	0.9993
vol01:46:4:2	vol01:46:4:3	rekey	証	0.9996
vol01:46:4:3	vol01:46:4:4	rekey	分	0.9995
vol01:46:4:4	vol01:46:4:5	rekey	門	0.9996
vol01:46:4:5	vol01:46:4:6	rekey	別	0.9995
vol01:46:4:6	vol01:46:4:7	rekey	類	0.999
vol01:46:4:7	vol01:46:4:8	rekey	纂	0.9993
vol01:46:4:8	vol01:46:4:9	rekey	成	0.9994
vol01:46:5:9	vol01:46:5:10	rekey	書	0.9992
vol01:46:5:10	vol01:46:5:11	rekey	成	0.9997
vol01:46:5:11	vol01:46:5:12	rekey	後	0.9995
vol01:46:5:12	vol01:46:5:13	rekey	卽	0.9995
vol01:46:5:13	vol01:46:5:14	rekey	以	0.9997
vol01:46:5:14	vol01:46:5:15	rekey	此	0.9995
vol01:46:5:15	vol01:46:5:16	rekey	旨	0.9995
vol01:46:5:16	vol01:46:5:17	rekey	冠	0.9993
vol01:46:5:17	vol01:46:5:18	rekey	於	0.9994
vol01:46:5:18	vol01:46:5:19	rekey	卷	0.9994
vol01:46:5:1	vol01:46:5:2	rekey	陸	0.9995
vol01:46:5:19	vol01:46:5:20	rekey	首	0.9993
vol01:46:5:20	vol01:46:5:21	rekey	不	0.9997
vol01:46:5:2	vol01:46:5:3	rekey	續	0.9992
vol01:46:5:3	vol01:46:5:4	rekey	進	0.9995
vol01:46:5:4	vol01:46:5:5	rekey	呈	0.9993
vol01:46:5:5	vol01:46:5:6	rekey	候	0.9993
vol01:46:5:6	vol01:46:5:7	rekey	朕	0.9997
vol01:46:5:7	vol01:46:5:8	rekey	閱	0.9993
vol01:46:5:8	vol01:46:5:9	rekey	定	0.9994
vol01:46:6:9	vol01:46:6:10	rekey	書	0.9989
vol01:46:6:10	vol01:46:6:11	rekey	刊	0.9992
vol01:46:6:11	vol01:46:6:12	rekey	布	0.9994
vol01:46:6:12	vol01:46:6:13	rekey	頒	0.9994
vol01:46:6:13	vol01:46:6:14	rekey	行	0.9995
vol01:46:6:14	vol01:46:6:15	rekey	以	0.9997
vol01:46:6:15	vol01:46:6:16	rekey	昭	0.9994
vol01:46:6:16	vol01:46:6:17	rekey	中	0.9997
vol01:46:6:17	vol01:46:6:18	rekey	外	0.9995
vol01:46:6:18	vol01:46:6:19	rekey	一	0.9999
vol01:46:6:1	vol01:46:6:2	rekey	必	0.9995
vol01:46:6:19	vol01:46:6:20	rekey	統	0.9994
vol01:46:6:20	vol01:46:6:21	rekey	古	0.9993
vol01:46:6:2	vol01:46:6:3	rekey	請	0.9994
vol01:46:6:3	vol01:46:6:4	rekey	序	0.9993
vol01:46:6:4	vol01:46:6:5	rekey	列	0.9995
vol01:46:6:5	vol01:46:6:6	rekey	入	0.9997
vol01:46:6:6	vol01:46:6:7	rekey	四	0.9994
vol01:46:6:7	vol01:46:6:8	rekey	庫	0.9995
vol01:46:6:8	vol01:46:6:9	rekey	全	0.9995
vol01:46:7:9	vol01:46:7:10	rekey	丞	0.9994
vol01:46:7:10	vol01:46:7:11	rekey	相	0.9992
vol01:46:7:11	vol01:46:7:12	rekey	一	0.9998
vol01:46:7:12	vol01:46:7:13	rekey	官	0.9995
vol01:46:7:13	vol01:46:7:14	rekey	餘	0.9994
vol01:46:7:14	vol01:46:7:15	rekey	可	0.9994
vol01:46:7:15	vol01:46:7:16	rekey	類	0.9995
vol01:46:7:16	vol01:46:7:17	rekey	推	0.9995
vol01:46:7:1	vol01:46:7:2	rekey	今	0.9994
vol01:46:7:19	vol01:46:7:20	rekey	編	0.9995
vol01:46:7:2	vol01:46:7:3	rekey	美	0.9992
vol01:46:7:3	vol01:46:7:4	rekey	備	0.9994
vol01:46:7:4	vol01:46:7:5	rekey	之	0.9997
vol01:46:7:5	vol01:46:7:6	rekey	盛	0.9992
vol01:46:7:6	vol01:46:7:7	rekey	因	0.9996
vol01:46:7:7	vol01:46:7:8	rekey	首	0.9994
vol01:46:7:8	vol01:46:7:9	rekey	論	0.9995
vol01:46:8:9	vol01:46:8:10	rekey	於	0.9994
vol01:46:8:10	vol01:46:8:11	rekey	天	0.9993
vol01:46:8:11	vol01:46:8:12	rekey	工	0.9994
vol01:46:8:12	vol01:46:8:13	rekey	人	0.9998
vol01:46:8:13	vol01:46:8:14	rekey	代	0.9996
vol01:46:8:14	vol01:46:8:15	rekey	兢	0.9993
vol01:46:8:15	vol01:46:8:16	rekey	兢	0.9993
vol01:46:8:16	vol01:46:8:17	rekey	業	0.9994
vol01:46:8:17	vol01:46:8:18	rekey	業	0.9995
vol01:46:8:18	vol01:46:8:19	rekey	夙	0.9994
vol01:46:8:1	vol01:46:8:2	rekey	其	0.9991
vol01:46:8:19	vol01:46:8:20	rekey	夜	0.9995
vol01:46:8:20	vol01:46:8:21	rekey	靖	0.9991
vol01:46:8:2	vol01:46:8:3	rekey	各	0.9994
vol01:46:8:3	vol01:46:8:4	rekey	顧	0.9993
vol01:46:8:4	vol01:46:8:5	rekey	名	0.9995
vol01:46:8:5	vol01:46:8:6	rekey	思	0.9994
vol01:46:8:6	vol01:46:8:7	rekey	義	0.9994
vol01:46:8:7	vol01:46:8:8	rekey	凛	0.9994
vol01:46:8:8	vol01:46:8:9	rekey	然	0.9994
vol01:46:9:9	vol01:46:9:10	rekey	之	0.9975
vol01:46:9:10	vol01:46:9:11	rekey	義	0.9992
vol01:46:9:11	vol01:46:9:12	rekey	欽	0.9992
vol01:46:9:12	vol01:46:9:13	rekey	哉	0.9992
vol01:46:9:13	vol01:46:9:14	rekey	特	0.9995
vol01:46:9:14	vol01:46:9:15	rekey	諭	0.9995
vol01:46:9:15	vol01:46:9:16	rekey	欽	0.9993
vol01:46:9:16	vol01:46:9:17	rekey	此	0.9996
vol01:46:9:1	vol01:46:9:2	rekey	共	0.9995
vol01:46:9:2	vol01:46:9:3	rekey	以	0.9997
vol01:46:9:3	vol01:46:9:4	rekey	庶	0.9995
vol01:46:9:4	vol01:46:9:5	rekey	幾	0.9992
vol01:46:9:5	vol01:46:9:6	rekey	克	0.9993
vol01:46:9:6	vol01:46:9:7	rekey	艱	0.9993
vol01:46:9:7	vol01:46:9:8	rekey	無	0.9993
vol01:46:9:8	vol01:46:9:9	rekey	曠	0.9979
vol01:47:1:11	vol01:47:1:10	rekey	月	0.9996
vol01:47:1:12	vol01:47:1:11	rekey	十	0.9997
vol01:47:1:13	vol01:47:1:12	rekey	三	0.9998
vol01:47:1:14	vol01:47:1:13	rekey	日	0.9999
vol01:47:1:15	vol01:47:1:14	rekey	奉	0.9995
vol01:47:1:4	vol01:47:1:3	rekey	乾	0.9995
vol01:47:1:5	vol01:47:1:4	rekey	隆	0.9997
vol01:47:1:6	vol01:47:1:5	rekey	四	0.9997
vol01:47:1:7	vol01:47:1:6	rekey	十	0.9998
vol01:47:1:8	vol01:47:1:7	rekey	六	0.9997
vol01:47:1:9	vol01:47:1:8	rekey	年	0.9996
vol01:47:1:10	vol01:47:1:9	rekey	二	0.9997
vol01:47:2:2	vol01:47:2:1	rekey	上	0.9993
vol01:47:2:11	vol01:47:2:10	rekey	奏	0.9994
vol01:47:2:12	vol01:47:2:11	rekey	進	0.9996
vol01:47:2:13	vol01:47:2:12	rekey	所	0.9995
vol01:47:2:14	vol01:47:2:13	rekey	辦	0.9994
vol01:47:2:15	vol01:47:2:14	rekey	總	0.9995
vol01:47:2:16	vol01:47:2:15	rekey	目	0.9996
vol01:47:2:17	vol01:47:2:16	rekey	提	0.9997
vol01:47:2:18	vol01:47:2:17	rekey	要	0.9994
vol01:47:2:20	vol01:47:2:19	rekey	請	0.9994
vol01:47:2:4	vol01:47:2:3	rekey	據	0.9995
vol01:47:2:5	vol01:47:2:4	rekey	四	0.9996
vol01:47:2:6	vol01:47:2:5	rekey	庫	0.9996
vol01:47:2:7	vol01:47:2:6	rekey	全	0.9995
vol01:47:2:8	vol01:47:2:7	rekey	書	0.9995
vol01:47:2:9	vol01:47:2:8	rekey	總	0.9993
vol01:47:2:10	vol01:47:2:9	rekey	裁	0.9993
vol01:47:3:3	vol01:47:3:2	rekey	史	0.9995
vol01:47:3:4	vol01:47:3:3	rekey	子	0.9997
vol01:47:3:5	vol01:47:3:4	rekey	集	0.9993
vol01:47:3:6	vol01:47:3:5	rekey	各	0.9992
vol01:47:3:7	vol01:47:3:6	rekey	部	0.9995
vol01:47:3:8	vol01:47:3:7	rekey	冠	0.9995
vol01:47:3:9	vol01:47:3:8	rekey	以	0.9997
vol01:47:5:1	vol01:47:5:-1	rekey	聖	0.9995
vol01:47:5:2	vol01:47:5:1	rekey	謨	0.9995
vol01:47:5:3	vol01:47:5:2	rekey	等	0.9995
vol01:47:5:4	vol01:47:5:3	rekey	六	0.9995
vol01:47:5:5	vol01:47:5:4	rekey	門	0.9994
vol01:47:5:7	vol01:47:5:6	rekey	載	0.9994
vol01:47:6:1	vol01:47:6:-1	rekey	列	0.9996
vol01:47:6:2	vol01:47:6:1	rekey	聖	0.9995
vol01:47:6:11	vol01:47:6:10	rekey	御	0.9994
vol01:47:6:12	vol01:47:6:11	rekey	批	0.9995
vol01:47:6:13	vol01:47:6:12	rekey	各	0.9996
vol01:47:6:14	vol01:47:6:13	rekey	種	0.9993
vol01:47:6:15	vol01:47:6:14	rekey	所	0.9995
vol01:47:6:16	vol01:47:6:15	rekey	擬	0.9995
vol01:47:6:17	vol01:47:6:16	rekey	殊	0.9994
vol01:47:6:18	vol01:47:6:17	rekey	屬	0.9984
vol01:47:6:19	vol01:47:6:18	rekey	棼	0.9973
vol01:47:6:20	vol01:47:6:19	rekey	繁	0.9996
vol01:47:6:3	vol01:47:6:2	rekey	欽	0.9992
vol01:47:6:4	vol01:47:6:3	rekey	定	0.9995
vol01:47:6:5	vol01:47:6:4	rekey	諸	0.9989
vol01:47:6:6	vol01:47:6:5	rekey	書	0.9976
vol01:47:6:7	vol01:47:6:6	rekey	及	0.9995
vol01:47:6:8	vol01:47:6:7	rekey	朕	0.9992
vol01:47:6:9	vol01:47:6:8	rekey	御	0.999
vol01:47:6:10	vol01:47:6:9	rekey	製	0.9995
vol01:47:7:11	vol01:47:7:10	rekey	以	0.9998
vol01:47:7:12	vol01:47:7:11	rekey	四	0.9995
vol01:47:7:13	vol01:47:7:12	rekey	庫	0.9996
vol01:47:7:14	vol01:47:7:13	rekey	全	0.9994
vol01:47:7:15	vol01:47:7:14	rekey	書	0.9993
vol01:47:7:17	vol01:47:7:16	rekey	惟	0.9994
vol01:47:7:18	vol01:47:7:17	rekey	集	0.9994
vol01:47:7:19	vol01:47:7:18	rekey	部	0.9994
vol01:47:7:20	vol01:47:7:19	rekey	應	0.9996
vol01:47:7:3	vol01:47:7:2	rekey	開	0.9996
vol01:47:7:4	vol01:47:7:3	rekey	館	0.9993
vol01:47:7:5	vol01:47:7:4	rekey	之	0.9995
vol01:47:7:6	vol01:47:7:5	rekey	初	0.9994
vol01:47:7:7	vol01:47:7:6	rekey	曾	0.9995
vol01:47:7:8	vol01:47:7:7	rekey	經	0.9991
vol01:47:7:9	vol01:47:7:8	rekey	降	0.9995
vol01:47:7:10	vol01:47:7:9	rekey	旨	0.9992
vol01:47:8:3	vol01:47:8:2	rekey	朝	0.9994
vol01:47:9:1	vol01:47:9:-1	rekey	御	0.9995
vol01:47:9:2	vol01:47:9:1	rekey	製	0.9994
vol01:47:9:11	vol01:47:9:10	rekey	子	0.9996
vol01:47:9:12	vol01:47:9:11	rekey	三	0.9998
vol01:47:9:13	vol01:47:9:12	rekey	部	0.9994
vol01:47:9:14	vol01:47:9:13	rekey	仍	0.9996
vol01:47:9:15	vol01:47:9:14	rekey	照	0.9996
vol01:47:9:16	vol01:47:9:15	rekey	例	0.9996
vol01:47:9:17	vol01:47:9:16	rekey	編	0.9995
vol01:47:9:19	vol01:47:9:18	rekey	不	0.9998
vol01:47:9:20	vol01:47:9:19	rekey	必	0.9995
vol01:47:9:3	vol01:47:9:2	rekey	詩	0.9994
vol01:47:9:4	vol01:47:9:3	rekey	文	0.9995
vol01:47:9:5	vol01:47:9:4	rekey	集	0.9994
vol01:47:9:6	vol01:47:9:5	rekey	冠	0.9992
vol01:47:9:7	vol01:47:9:6	rekey	首	0.9993
vol01:47:9:8	vol01:47:9:7	rekey	至	0.9995
vol01:47:9:9	vol01:47:9:8	rekey	經	0.9994
vol01:47:9:10	vol01:47:9:9	rekey	史	0.9996
vol01:48:1:9	vol01:48:1:10	rekey	若	0.9994
vol01:48:1:10	vol01:48:1:11	rekey	於	0.9993
vol01:48:1:11	vol01:48:1:12	rekey	每	0.9996
vol01:48:1:12	vol01:48:1:13	rekey	部	0.9996
vol01:48:1:13	vol01:48:1:14	rekey	内	0.9995
vol01:48:1:14	vol01:48:1:15	rekey	又	0.9996
vol01:48:1:15	vol01:48:1:16	rekey	特	0.9995
vol01:48:1:16	vol01:48:1:17	rekey	標	0.9993
vol01:48:1:2	vol01:48:1:3	rekey	本	0.9995
vol01:48:1:3	vol01:48:1:4	rekey	朝	0.9993
vol01:48:1:4	vol01:48:1:5	rekey	官	0.9993
vol01:48:1:5	vol01:48:1:6	rekey	書	0.9993
vol01:48:1:6	vol01:48:1:7	rekey	爲	0.9994
vol01:48:1:7	vol01:48:1:8	rekey	首	0.9992
vol01:48:1:8	vol01:48:1:9	rekey	今	0.9996
vol01:48:2:0	vol01:48:2:1	rekey	聖	0.9993
vol01:48:2:9	vol01:48:2:10	rekey	起	0.9995
vol01:48:2:10	vol01:48:2:11	rekey	見	0.9995
vol01:48:2:11	vol01:48:2:12	rekey	未	0.9996
vol01:48:2:12	vol01:48:2:13	rekey	免	0.9995
vol01:48:2:13	vol01:48:2:14	rekey	又	0.9996
vol01:48:2:14	vol01:48:2:15	rekey	多	0.9994
vol01:48:2:15	vol01:48:2:16	rekey	增	0.9995
vol01:48:2:16	vol01:48:2:17	rekey	義	0.9993
vol01:48:2:17	vol01:48:2:18	rekey	例	0.9995
vol01:48:2:18	vol01:48:2:19	rekey	朕	0.9996
vol01:48:2:1	vol01:48:2:2	rekey	義	0.9992
vol01:48:2:19	vol01:48:2:20	rekey	意	0.9995
vol01:48:2:20	vol01:48:2:21	rekey	如	0.9995
vol01:48:2:2	vol01:48:2:3	rekey	諸	0.9993
vol01:48:2:3	vol01:48:2:4	rekey	名	0.9996
vol01:48:2:4	vol01:48:2:5	rekey	目	0.9995
vol01:48:2:5	vol01:48:2:6	rekey	雖	0.9993
vol01:48:2:6	vol01:48:2:7	rekey	爲	0.9993
vol01:48:2:7	vol01:48:2:8	rekey	尊	0.9992
vol01:48:2:8	vol01:48:2:9	rekey	崇	0.9995
vol01:48:3:9	vol01:48:3:10	rekey	本	0.9995
vol01:48:3:10	vol01:48:3:11	rekey	經	0.9995
vol01:48:3:11	vol01:48:3:12	rekey	諸	0.9995
vol01:48:3:12	vol01:48:3:13	rekey	家	0.9991
vol01:48:3:13	vol01:48:3:14	rekey	之	0.9992
vol01:48:3:14	vol01:48:3:15	rekey	前	0.9996
vol01:48:3:1	vol01:48:3:2	rekey	聖	0.9993
vol01:48:3:2	vol01:48:3:3	rekey	御	0.9993
vol01:48:3:3	vol01:48:3:4	rekey	纂	0.9994
vol01:48:3:4	vol01:48:3:5	rekey	諸	0.9995
vol01:48:3:5	vol01:48:3:6	rekey	經	0.9994
vol01:48:3:6	vol01:48:3:7	rekey	列	0.9996
vol01:48:3:7	vol01:48:3:8	rekey	於	0.9994
vol01:48:3:8	vol01:48:3:9	rekey	各	0.9996
vol01:48:4:9	vol01:48:4:10	rekey	於	0.9995
vol01:48:4:10	vol01:48:4:11	rekey	各	0.9995
vol01:48:4:11	vol01:48:4:12	rekey	家	0.9996
vol01:48:4:12	vol01:48:4:13	rekey	編	0.9994
vol01:48:4:13	vol01:48:4:14	rekey	年	0.9995
vol01:48:4:14	vol01:48:4:15	rekey	諸	0.9993
vol01:48:4:15	vol01:48:4:16	rekey	書	0.9989
vol01:48:4:1	vol01:48:4:2	rekey	批	0.9992
vol01:48:4:2	vol01:48:4:3	rekey	通	0.9996
vol01:48:4:3	vol01:48:4:4	rekey	鑑	0.9993
vol01:48:4:4	vol01:48:4:5	rekey	綱	0.9991
vol01:48:4:5	vol01:48:4:6	rekey	目	0.9998
vol01:48:4:6	vol01:48:4:7	rekey	等	0.9993
vol01:48:4:7	vol01:48:4:8	rekey	書	0.9993
vol01:48:4:8	vol01:48:4:9	rekey	列	0.9993
vol01:48:5:1	vol01:48:5:2	rekey	朝	0.9994
vol01:48:5:2	vol01:48:5:3	rekey	聖	0.9992
vol01:48:5:3	vol01:48:5:4	rekey	訓	0.9995
vol01:48:6:9	vol01:48:6:10	rekey	於	0.9995
vol01:48:6:10	vol01:48:6:11	rekey	詔	0.9995
vol01:48:6:11	vol01:48:6:12	rekey	令	0.9996
vol01:48:6:12	vol01:48:6:13	rekey	諸	0.9995
vol01:48:6:13	vol01:48:6:14	rekey	門	0.9996
vol01:48:6:14	vol01:48:6:15	rekey	之	0.9997
vol01:48:6:15	vol01:48:6:16	rekey	前	0.9994
vol01:48:6:1	vol01:48:6:2	rekey	批	0.9994
vol01:48:6:2	vol01:48:6:3	rekey	諭	0.9994
vol01:48:6:3	vol01:48:6:4	rekey	旨	0.9995
vol01:48:6:4	vol01:48:6:5	rekey	方	0.9996
vol01:48:6:5	vol01:48:6:6	rekey	畧	0.9995
vol01:48:6:6	vol01:48:6:7	rekey	等	0.9994
vol01:48:6:7	vol01:48:6:8	rekey	書	0.9993
vol01:48:6:8	vol01:48:6:9	rekey	列	0.9995
vol01:48:7:1	vol01:48:7:1	rekey_in_place	注	0.9994
vol01:48:7:10	vol01:48:7:10	rekey_in_place	注	0.9996
vol01:48:7:11	vol01:48:7:11	rekey_in_place	道	0.9996
vol01:48:7:12	vol01:48:7:12	rekey_in_place	德	0.9996
vol01:48:7:13	vol01:48:7:13	rekey_in_place	經	0.9992
vol01:48:7:14	vol01:48:7:14	rekey_in_place	之	0.9996
vol01:48:7:15	vol01:48:7:15	rekey_in_place	前	0.9995
vol01:48:7:16	vol01:48:7:16	rekey_in_place	其	0.9995
vol01:48:7:17	vol01:48:7:17	rekey_in_place	他	0.9995
vol01:48:7:18	vol01:48:7:18	rekey_in_place	以	0.9998
vol01:48:7:19	vol01:48:7:19	rekey_in_place	類	0.9994
vol01:48:7:2	vol01:48:7:2	rekey_in_place	道	0.9995
vol01:48:7:20	vol01:48:7:20	rekey_in_place	仿	0.9994
vol01:48:7:3	vol01:48:7:3	rekey_in_place	德	0.9995
vol01:48:7:4	vol01:48:7:4	rekey_in_place	經	0.999
vol01:48:7:5	vol01:48:7:5	rekey_in_place	列	0.9994
vol01:48:7:6	vol01:48:7:6	rekey_in_place	於	0.9992
vol01:48:7:7	vol01:48:7:7	rekey_in_place	各	0.9994
vol01:48:7:8	vol01:48:7:8	rekey_in_place	家	0.9995
vol01:48:7:9	vol01:48:7:9	rekey_in_place	所	0.9994
vol01:48:8:0	vol01:48:8:-1	rekey	一	0.9998
vol01:48:8:10	vol01:48:8:10	rekey_in_place	編	0.9994
vol01:48:8:11	vol01:48:8:11	rekey_in_place	纂	0.9992
vol01:48:8:12	vol01:48:8:12	rekey_in_place	之	0.9997
vol01:48:8:13	vol01:48:8:13	rekey_in_place	體	0.9994
vol01:48:8:14	vol01:48:8:14	rekey_in_place	並	0.9996
vol01:48:8:15	vol01:48:8:15	rekey_in_place	行	0.9995
vol01:48:8:16	vol01:48:8:16	rekey_in_place	不	0.9997
vol01:48:8:17	vol01:48:8:17	rekey_in_place	悖	0.9994
vol01:48:8:18	vol01:48:8:18	rekey_in_place	至	0.9995
vol01:48:8:19	vol01:48:8:19	rekey_in_place	閱	0.9994
vol01:48:8:2	vol01:48:8:2	rekey_in_place	編	0.9993
vol01:48:8:20	vol01:48:8:20	rekey_in_place	其	0.9993
vol01:48:8:3	vol01:48:8:3	rekey_in_place	次	0.9993
vol01:48:8:4	vol01:48:8:4	rekey_in_place	俾	0.9996
vol01:48:8:5	vol01:48:8:5	rekey_in_place	尊	0.9995
vol01:48:8:6	vol01:48:8:6	rekey_in_place	崇	0.9995
vol01:48:8:7	vol01:48:8:7	rekey_in_place	之	0.9997
vol01:48:8:8	vol01:48:8:8	rekey_in_place	義	0.9993
vol01:48:8:9	vol01:48:8:9	rekey_in_place	與	0.9992
vol01:48:9:10	vol01:48:9:10	rekey_in_place	諭	0.9992
vol01:48:9:11	vol01:48:9:11	rekey_in_place	旨	0.9996
vol01:48:9:12	vol01:48:9:12	rekey_in_place	及	0.9995
vol01:48:9:13	vol01:48:9:13	rekey_in_place	御	0.9994
vol01:48:9:14	vol01:48:9:14	rekey_in_place	題	0.9995
vol01:48:9:15	vol01:48:9:15	rekey_in_place	四	0.9995
vol01:48:9:16	vol01:48:9:16	rekey_in_place	庫	0.9996
vol01:48:9:17	vol01:48:9:17	rekey_in_place	諸	0.999
vol01:48:9:18	vol01:48:9:18	rekey_in_place	書	0.9985
vol01:48:9:19	vol01:48:9:19	rekey_in_place	詩	0.996
vol01:48:9:2	vol01:48:9:2	rekey_in_place	目	0.9996
vol01:48:9:20	vol01:48:9:20	rekey_in_place	文	0.9996
vol01:48:9:3	vol01:48:9:3	rekey_in_place	特	0.9993
vol01:48:9:4	vol01:48:9:4	rekey_in_place	載	0.9994
vol01:48:9:5	vol01:48:9:5	rekey_in_place	朕	0.9995
vol01:48:9:6	vol01:48:9:6	rekey_in_place	前	0.9996
vol01:48:9:7	vol01:48:9:7	rekey_in_place	後	0.9995
vol01:48:9:8	vol01:48:9:8	rekey_in_place	修	0.9994
vol01:48:9:9	vol01:48:9:9	rekey_in_place	書	0.9994
vol01:49:1:9	vol01:49:1:10	rekey	四	0.9996
vol01:49:1:10	vol01:49:1:11	rekey	庫	0.9995
vol01:49:1:11	vol01:49:1:12	rekey	全	0.9995
vol01:49:1:12	vol01:49:1:13	rekey	書	0.999
vol01:49:1:13	vol01:49:1:14	rekey	體	0.9957
vol01:49:1:14	vol01:49:1:15	rekey	大	0.9995
vol01:49:1:15	vol01:49:1:16	rekey	物	0.9994
vol01:49:1:16	vol01:49:1:17	rekey	博	0.9994
vol01:49:1:17	vol01:49:1:18	rekey	將	0.9993
vol01:49:1:18	vol01:49:1:19	rekey	來	0.9996
vol01:49:1:1	vol01:49:1:2	rekey	卷	0.9991
vol01:49:1:19	vol01:49:1:20	rekey	書	0.9992
vol01:49:1:20	vol01:49:1:21	rekey	成	0.9997
vol01:49:1:3	vol01:49:1:4	rekey	所	0.9995
vol01:49:1:4	vol01:49:1:5	rekey	辦	0.9994
vol01:49:1:5	vol01:49:1:6	rekey	未	0.9996
vol01:49:1:6	vol01:49:1:7	rekey	爲	0.9994
vol01:49:1:7	vol01:49:1:8	rekey	盡	0.9992
vol01:49:1:8	vol01:49:1:9	rekey	協	0.9995
vol01:49:2:9	vol01:49:2:10	rekey	爲	0.9996
vol01:49:2:10	vol01:49:2:11	rekey	序	0.9994
vol01:49:2:11	vol01:49:2:12	rekey	所	0.9995
vol01:49:2:12	vol01:49:2:13	rekey	有	0.9996
vol01:49:2:14	vol01:49:2:15	rekey	次	0.9996
vol01:49:2:15	vol01:49:2:16	rekey	所	0.9996
vol01:49:2:16	vol01:49:2:17	rekey	降	0.9997
vol01:49:2:17	vol01:49:2:18	rekey	諭	0.9994
vol01:49:2:18	vol01:49:2:19	rekey	旨	0.9996
vol01:49:2:1	vol01:49:2:2	rekey	之	0.9997
vol01:49:2:19	vol01:49:2:20	rekey	刊	0.9995
vol01:49:2:20	vol01:49:2:21	rekey	之	0.9996
vol01:49:2:2	vol01:49:2:3	rekey	日	0.9998
vol01:49:2:3	vol01:49:2:4	rekey	篇	0.9995
vol01:49:2:4	vol01:49:2:5	rekey	帙	0.9993
vol01:49:2:5	vol01:49:2:6	rekey	浩	0.9994
vol01:49:2:6	vol01:49:2:7	rekey	繁	0.9993
vol01:49:2:7	vol01:49:2:8	rekey	舉	0.9994
vol01:49:2:8	vol01:49:2:9	rekey	何	0.9995
vol01:49:3:9	vol01:49:3:10	rekey	屬	0.9995
vol01:49:3:10	vol01:49:3:11	rekey	可	0.9998
vol01:49:3:11	vol01:49:3:12	rekey	行	0.9995
vol01:49:3:12	vol01:49:3:13	rekey	且	0.9998
vol01:49:3:13	vol01:49:3:14	rekey	官	0.9998
vol01:49:3:14	vol01:49:3:15	rekey	撰	0.9995
vol01:49:3:16	vol01:49:3:17	rekey	書	0.9994
vol01:49:3:17	vol01:49:3:18	rekey	亦	0.9989
vol01:49:3:18	vol01:49:3:19	rekey	有	0.9998
vol01:49:3:1	vol01:49:3:2	rekey	總	0.9995
vol01:49:3:19	vol01:49:3:20	rekey	以	0.9997
vol01:49:3:20	vol01:49:3:21	rekey	諭	0.9993
vol01:49:3:2	vol01:49:3:3	rekey	目	0.9998
vol01:49:3:3	vol01:49:3:4	rekey	首	0.9996
vol01:49:3:4	vol01:49:3:5	rekey	卷	0.9996
vol01:49:3:5	vol01:49:3:6	rekey	以	0.9994
vol01:49:3:6	vol01:49:3:7	rekey	當	0.9996
vol01:49:3:7	vol01:49:3:8	rekey	序	0.9994
vol01:49:3:8	vol01:49:3:9	rekey	事	0.9994
vol01:49:4:9	vol01:49:4:10	rekey	不	0.9996
vol01:49:4:10	vol01:49:4:11	rekey	如	0.9996
vol01:49:4:11	vol01:49:4:12	rekey	此	0.9997
vol01:49:4:12	vol01:49:4:13	rekey	辦	0.9996
vol01:49:4:13	vol01:49:4:14	rekey	理	0.9995
vol01:49:4:14	vol01:49:4:15	rekey	至	0.9996
vol01:49:4:15	vol01:49:4:16	rekey	朕	0.9995
vol01:49:4:16	vol01:49:4:17	rekey	題	0.9995
vol01:49:4:17	vol01:49:4:18	rekey	四	0.9997
vol01:49:4:18	vol01:49:4:19	rekey	庫	0.9996
vol01:49:4:1	vol01:49:4:2	rekey	旨	0.9999
vol01:49:4:19	vol01:49:4:20	rekey	諸	0.9991
vol01:49:4:2	vol01:49:4:3	rekey	代	0.9997
vol01:49:4:3	vol01:49:4:4	rekey	弁	0.9995
vol01:49:4:4	vol01:49:4:5	rekey	言	0.9995
vol01:49:4:5	vol01:49:4:6	rekey	者	0.9994
vol01:49:4:6	vol01:49:4:7	rekey	自	0.9998
vol01:49:4:7	vol01:49:4:8	rekey	不	0.9998
vol01:49:4:8	vol01:49:4:9	rekey	得	0.9994
vol01:49:5:9	vol01:49:5:10	rekey	將	0.9994
vol01:49:5:10	vol01:49:5:11	rekey	來	0.9997
vol01:49:5:11	vol01:49:5:12	rekey	排	0.9995
vol01:49:5:12	vol01:49:5:13	rekey	列	0.9997
vol01:49:5:13	vol01:49:5:14	rekey	轉	0.9994
vol01:49:5:14	vol01:49:5:15	rekey	在	0.9995
vol01:49:5:1	vol01:49:5:2	rekey	詩	0.9997
vol01:49:5:2	vol01:49:5:3	rekey	文	0.9997
vol01:49:5:3	vol01:49:5:4	rekey	若	0.9996
vol01:49:5:4	vol01:49:5:5	rekey	亦	0.9995
vol01:49:5:5	vol01:49:5:6	rekey	另	0.9996
vol01:49:5:6	vol01:49:5:7	rekey	編	0.9994
vol01:49:5:7	vol01:49:5:8	rekey	卷	0.9996
vol01:49:5:8	vol01:49:5:9	rekey	首	0.9995
vol01:49:6:0	vol01:49:6:1	rekey	聖	0.9994
vol01:49:6:9	vol01:49:6:10	rekey	未	0.9996
vol01:49:6:10	vol01:49:6:11	rekey	安	0.9995
vol01:49:6:11	vol01:49:6:12	rekey	雖	0.9993
vol01:49:6:12	vol01:49:6:13	rekey	纂	0.9993
vol01:49:6:13	vol01:49:6:14	rekey	校	0.9993
vol01:49:6:14	vol01:49:6:15	rekey	諸	0.9996
vol01:49:6:15	vol01:49:6:16	rekey	臣	0.9996
vol01:49:6:16	vol01:49:6:17	rekey	尊	0.9996
vol01:49:6:17	vol01:49:6:18	rekey	君	0.9998
vol01:49:6:18	vol01:49:6:19	rekey	之	0.9999
vol01:49:6:1	vol01:49:6:2	rekey	欽	0.9997
vol01:49:6:19	vol01:49:6:20	rekey	意	0.9997
vol01:49:6:20	vol01:49:6:21	rekey	然	0.9997
vol01:49:6:2	vol01:49:6:3	rekey	定	0.9997
vol01:49:6:3	vol01:49:6:4	rekey	諸	0.9991
vol01:49:6:4	vol01:49:6:5	rekey	書	0.9992
vol01:49:6:5	vol01:49:6:6	rekey	之	0.9997
vol01:49:6:6	vol01:49:6:7	rekey	前	0.9994
vol01:49:6:7	vol01:49:6:8	rekey	心	0.9997
vol01:49:6:8	vol01:49:6:9	rekey	尤	0.9997
vol01:49:7:9	vol01:49:7:10	rekey	端	0.9995
vol01:49:7:10	vol01:49:7:11	rekey	爲	0.9994
vol01:49:7:11	vol01:49:7:12	rekey	朕	0.9995
vol01:49:7:12	vol01:49:7:13	rekey	詩	0.9996
vol01:49:7:13	vol01:49:7:14	rekey	文	0.9995
vol01:49:7:14	vol01:49:7:15	rekey	而	0.9996
vol01:49:7:15	vol01:49:7:16	rekey	設	0.9995
vol01:49:7:16	vol01:49:7:17	rekey	者	0.9995
vol01:49:7:17	vol01:49:7:18	rekey	然	0.9992
vol01:49:7:18	vol01:49:7:19	rekey	朕	0.9996
vol01:49:7:1	vol01:49:7:2	rekey	竟	0.9996
vol01:49:7:19	vol01:49:7:20	rekey	不	0.9997
vol01:49:7:20	vol01:49:7:21	rekey	爲	0.9994
vol01:49:7:2	vol01:49:7:3	rekey	似	0.9996
vol01:49:7:3	vol01:49:7:4	rekey	四	0.9996
vol01:49:7:4	vol01:49:7:5	rekey	庫	0.9997
vol01:49:7:5	vol01:49:7:6	rekey	全	0.9996
vol01:49:7:6	vol01:49:7:7	rekey	書	0.9996
vol01:49:7:7	vol01:49:7:8	rekey	之	0.9997
vol01:49:7:8	vol01:49:7:9	rekey	緝	0.9996
vol01:49:8:9	vol01:49:8:10	rekey	卷	0.9995
vol01:49:8:10	vol01:49:8:11	rekey	撤	0.9996
vol01:49:8:11	vol01:49:8:12	rekey	出	0.9997
vol01:49:8:12	vol01:49:8:13	rekey	仍	0.9995
vol01:49:8:13	vol01:49:8:14	rekey	分	0.9996
vol01:49:8:14	vol01:49:8:15	rekey	列	0.9996
vol01:49:8:15	vol01:49:8:16	rekey	入	0.9995
vol01:49:8:16	vol01:49:8:17	rekey	朕	0.9996
vol01:49:8:17	vol01:49:8:18	rekey	御	0.9995
vol01:49:8:18	vol01:49:8:19	rekey	製	0.9995
vol01:49:8:1	vol01:49:8:2	rekey	也	0.9994
vol01:49:8:19	vol01:49:8:20	rekey	詩	0.9995
vol01:49:8:20	vol01:49:8:21	rekey	文	0.9995
vol01:49:8:2	vol01:49:8:3	rekey	著	0.9996
vol01:49:8:3	vol01:49:8:4	rekey	將	0.9997
vol01:49:8:4	vol01:49:8:5	rekey	所	0.9996
vol01:49:8:5	vol01:49:8:6	rekey	進	0.9994
vol01:49:8:6	vol01:49:8:7	rekey	詩	0.9994
vol01:49:8:7	vol01:49:8:8	rekey	文	0.9997
vol01:49:8:8	vol01:49:8:9	rekey	六	0.9996
vol01:49:9:9	vol01:49:9:10	rekey	編	0.9995
vol01:49:9:10	vol01:49:9:11	rekey	排	0.9996
vol01:49:9:11	vol01:49:9:12	rekey	在	0.9997
vol01:49:9:1	vol01:49:9:2	rekey	集	0.9995
vol01:49:9:2	vol01:49:9:3	rekey	内	0.9997
vol01:49:9:3	vol01:49:9:4	rekey	俾	0.9996
vol01:49:9:4	vol01:49:9:5	rekey	各	0.9996
vol01:49:9:5	vol01:49:9:6	rekey	爲	0.9994
vol01:49:9:6	vol01:49:9:7	rekey	卷	0.9996
vol01:49:9:7	vol01:49:9:8	rekey	首	0.9995
vol01:49:9:8	vol01:49:9:9	rekey	則	0.9996
vol01:4:1:9	vol01:4:1:10	rekey	三	0.9997
vol01:4:1:10	vol01:4:1:11	rekey	編	0.9992
vol01:4:1:11	vol01:4:1:12	rekey	通	0.9996
vol01:4:1:12	vol01:4:1:13	rekey	鑑	0.9988
vol01:4:1:13	vol01:4:1:14	rekey	輯	0.9995
vol01:4:1:14	vol01:4:1:15	rekey	覽	0.9994
vol01:4:1:15	vol01:4:1:16	rekey	及	0.9997
vol01:4:1:16	vol01:4:1:17	rekey	三	0.9996
vol01:4:1:17	vol01:4:1:18	rekey	通	0.9995
vol01:4:1:18	vol01:4:1:19	rekey	諸	0.9994
vol01:4:1:1	vol01:4:1:2	rekey	學	0.9991
vol01:4:1:19	vol01:4:1:20	rekey	書	0.9995
vol01:4:1:20	vol01:4:1:21	rekey	凡	0.9994
vol01:4:1:4	vol01:4:1:5	rekey	館	0.9991
vol01:4:1:5	vol01:4:1:6	rekey	纂	0.9993
vol01:4:1:8	vol01:4:1:9	rekey	目	0.9997
vol01:4:2:9	vol01:4:2:10	rekey	戸	0.9995
vol01:4:2:10	vol01:4:2:11	rekey	誦	0.9993
vol01:4:2:11	vol01:4:2:12	rekey	家	0.9995
vol01:4:2:12	vol01:4:2:13	rekey	絃	0.9994
vol01:4:2:13	vol01:4:2:14	rekey	者	0.9994
vol01:4:2:14	vol01:4:2:15	rekey	既	0.9995
vol01:4:2:15	vol01:4:2:16	rekey	已	0.9998
vol01:4:2:16	vol01:4:2:17	rekey	薈	0.9994
vol01:4:2:17	vol01:4:2:18	rekey	萃	0.9996
vol01:4:2:18	vol01:4:2:19	rekey	各	0.9994
vol01:4:2:1	vol01:4:2:2	rekey	藝	0.999
vol01:4:2:19	vol01:4:2:20	rekey	備	0.9994
vol01:4:2:20	vol01:4:2:21	rekey	第	0.9996
vol01:4:2:2	vol01:4:2:3	rekey	林	0.9994
vol01:4:2:3	vol01:4:2:4	rekey	承	0.9996
vol01:4:2:4	vol01:4:2:5	rekey	學	0.9991
vol01:4:2:5	vol01:4:2:6	rekey	之	0.9992
vol01:4:2:6	vol01:4:2:7	rekey	士	0.9997
vol01:4:2:7	vol01:4:2:8	rekey	所	0.9997
vol01:4:2:8	vol01:4:2:9	rekey	當	0.9995
vol01:4:3:9	vol01:4:3:10	rekey	領	0.9996
vol01:4:3:10	vol01:4:3:11	rekey	而	0.9997
vol01:4:3:11	vol01:4:3:12	rekey	多	0.9995
vol01:4:3:12	vol01:4:3:13	rekey	識	0.9992
vol01:4:3:13	vol01:4:3:14	rekey	前	0.9993
vol01:4:3:14	vol01:4:3:15	rekey	言	0.9994
vol01:4:3:15	vol01:4:3:16	rekey	往	0.9993
vol01:4:3:16	vol01:4:3:17	rekey	行	0.9994
vol01:4:3:17	vol01:4:3:18	rekey	以	0.9997
vol01:4:3:18	vol01:4:3:19	rekey	蓄	0.9994
vol01:4:3:1	vol01:4:3:2	rekey	念	0.9996
vol01:4:3:19	vol01:4:3:20	rekey	其	0.9996
vol01:4:3:20	vol01:4:3:21	rekey	德	0.9994
vol01:4:3:2	vol01:4:3:3	rekey	讀	0.9994
vol01:4:3:3	vol01:4:3:4	rekey	書	0.9995
vol01:4:3:4	vol01:4:3:5	rekey	固	0.9996
vol01:4:3:5	vol01:4:3:6	rekey	在	0.9997
vol01:4:3:6	vol01:4:3:7	rekey	得	0.9993
vol01:4:3:7	vol01:4:3:8	rekey	其	0.9994
vol01:4:3:8	vol01:4:3:9	rekey	要	0.9994
vol01:4:4:9	vol01:4:4:10	rekey	愈	0.9976
vol01:4:4:10	vol01:4:4:11	rekey	精	0.9995
vol01:4:4:11	vol01:4:4:12	rekey	如	0.9995
vol01:4:4:12	vol01:4:4:13	rekey	康	0.9995
vol01:4:4:13	vol01:4:4:14	rekey	熙	0.9993
vol01:4:4:14	vol01:4:4:15	rekey	年	0.9996
vol01:4:4:15	vol01:4:4:16	rekey	間	0.9997
vol01:4:4:16	vol01:4:4:17	rekey	所	0.9995
vol01:4:4:17	vol01:4:4:18	rekey	修	0.9997
vol01:4:4:18	vol01:4:4:19	rekey	圖	0.9993
vol01:4:4:19	vol01:4:4:20	rekey	書	0.9996
vol01:4:4:20	vol01:4:4:21	rekey	集	0.9996
vol01:4:4:2	vol01:4:4:3	rekey	蒐	0.9993
vol01:4:4:3	vol01:4:4:4	rekey	羅	0.9997
vol01:4:4:4	vol01:4:4:5	rekey	益	0.9996
vol01:4:4:5	vol01:4:4:6	rekey	廣	0.9994
vol01:4:4:8	vol01:4:4:9	rekey	討	0.9995
vol01:4:5:9	vol01:4:5:10	rekey	方	0.9995
vol01:4:5:10	vol01:4:5:11	rekey	策	0.9996
vol01:4:5:11	vol01:4:5:12	rekey	之	0.9997
vol01:4:5:13	vol01:4:5:14	rekey	觀	0.9994
vol01:4:5:14	vol01:4:5:15	rekey	引	0.9997
vol01:4:5:15	vol01:4:5:16	rekey	用	0.9996
vol01:4:5:16	vol01:4:5:17	rekey	諸	0.9994
vol01:4:5:17	vol01:4:5:18	rekey	編	0.9995
vol01:4:5:18	vol01:4:5:19	rekey	率	0.9996
vol01:4:5:1	vol01:4:5:2	rekey	成	0.9996
vol01:4:5:19	vol01:4:5:20	rekey	屬	0.9992
vol01:4:5:20	vol01:4:5:21	rekey	因	0.9991
vol01:4:5:2	vol01:4:5:3	rekey	全	0.9993
vol01:4:5:3	vol01:4:5:4	rekey	部	0.9995
vol01:4:5:4	vol01:4:5:5	rekey	兼	0.9993
vol01:4:5:5	vol01:4:5:6	rekey	收	0.9996
vol01:4:5:6	vol01:4:5:7	rekey	並	0.9991
vol01:4:5:7	vol01:4:5:8	rekey	錄	0.9993
vol01:4:5:8	vol01:4:5:9	rekey	極	0.9994
vol01:4:6:19	vol01:4:6:20	rekey	一	0.9998
vol01:4:6:20	vol01:4:6:21	rekey	徵	0.9991
vol01:4:6:3	vol01:4:6:4	rekey	裁	0.9992
vol01:4:6:4	vol01:4:6:5	rekey	勢	0.9991
vol01:4:7:12	vol01:4:7:13	rekey	爲	0.9996
vol01:4:7:14	vol01:4:7:15	rekey	富	0.9994
vol01:4:7:15	vol01:4:7:16	rekey	然	0.9995
vol01:4:7:16	vol01:4:7:17	rekey	古	0.9997
vol01:4:7:18	vol01:4:7:19	rekey	來	0.9992
vol01:4:7:19	vol01:4:7:20	rekey	著	0.9995
vol01:4:7:20	vol01:4:7:21	rekey	作	0.9996
vol01:4:7:2	vol01:4:7:3	rekey	來	0.9996
vol01:4:7:3	vol01:4:7:4	rekey	處	0.9994
vol01:4:7:4	vol01:4:7:5	rekey	今	0.9994
vol01:4:7:5	vol01:4:7:6	rekey	内	0.9998
vol01:4:8:9	vol01:4:8:10	rekey	或	0.9994
vol01:4:8:10	vol01:4:8:11	rekey	逸	0.9995
vol01:4:8:11	vol01:4:8:12	rekey	在	0.9993
vol01:4:8:12	vol01:4:8:13	rekey	名	0.9995
vol01:4:8:13	vol01:4:8:14	rekey	山	0.9996
vol01:4:8:14	vol01:4:8:15	rekey	未	0.9996
vol01:4:8:15	vol01:4:8:16	rekey	登	0.9992
vol01:4:8:16	vol01:4:8:17	rekey	柱	0.9993
vol01:4:8:17	vol01:4:8:18	rekey	史	0.9998
vol01:4:8:18	vol01:4:8:19	rekey	正	0.9996
vol01:4:8:1	vol01:4:8:2	rekey	之	0.9996
vol01:4:8:19	vol01:4:8:20	rekey	宜	0.9995
vol01:4:8:20	vol01:4:8:21	rekey	及	0.9997
vol01:4:8:2	vol01:4:8:3	rekey	手	0.9997
vol01:4:8:3	vol01:4:8:4	rekey	無	0.9993
vol01:4:8:4	vol01:4:8:5	rekey	慮	0.9994
vol01:4:8:5	vol01:4:8:6	rekey	數	0.9992
vol01:4:8:6	vol01:4:8:7	rekey	千	0.9996
vol01:4:8:7	vol01:4:8:8	rekey	百	0.9994
vol01:4:8:8	vol01:4:8:9	rekey	家	0.9996
vol01:50:1:8	vol01:50:1:10	rekey	庫	0.9991
vol01:50:1:11	vol01:50:1:13	rekey	朕	0.9996
vol01:50:1:12	vol01:50:1:14	rekey	所	0.9995
vol01:50:1:13	vol01:50:1:15	rekey	題	0.9995
vol01:50:1:14	vol01:50:1:16	rekey	各	0.9995
vol01:50:1:17	vol01:50:1:19	rekey	文	0.9994
vol01:50:1:18	vol01:50:1:20	rekey	列	0.9995
vol01:50:1:2	vol01:50:1:4	rekey	諸	0.9994
vol01:50:1:3	vol01:50:1:5	rekey	書	0.9993
vol01:50:1:4	vol01:50:1:6	rekey	之	0.9995
vol01:50:1:5	vol01:50:1:7	rekey	後	0.9995
vol01:50:1:6	vol01:50:1:8	rekey	而	0.9994
vol01:50:1:7	vol01:50:1:9	rekey	四	0.9996
vol01:50:2:9	vol01:50:2:11	rekey	開	0.9994
vol01:50:2:11	vol01:50:2:13	rekey	了	0.9996
vol01:50:2:12	vol01:50:2:14	rekey	然	0.9992
vol01:50:2:13	vol01:50:2:15	rekey	將	0.9995
vol01:50:2:14	vol01:50:2:16	rekey	此	0.9996
vol01:50:2:16	vol01:50:2:18	rekey	令	0.9995
vol01:50:2:17	vol01:50:2:19	rekey	館	0.9995
vol01:50:2:0	vol01:50:2:2	rekey	本	0.9996
vol01:50:2:18	vol01:50:2:20	rekey	臣	0.9976
vol01:50:2:3	vol01:50:2:5	rekey	卷	0.9993
vol01:50:3:0	vol01:50:3:2	rekey	照	0.9996
vol01:50:3:1	vol01:50:3:3	rekey	辦	0.9994
vol01:50:3:2	vol01:50:3:4	rekey	理	0.999
vol01:50:4:8	vol01:50:4:10	rekey	月	0.999
vol01:50:4:9	vol01:50:4:11	rekey	十	0.9997
vol01:50:4:10	vol01:50:4:12	rekey	五	0.9996
vol01:50:4:12	vol01:50:4:14	rekey	奉	0.9995
vol01:50:4:4	vol01:50:4:6	rekey	十	0.9998
vol01:50:4:6	vol01:50:4:8	rekey	年	0.9993
vol01:50:4:7	vol01:50:4:9	rekey	二	0.9999
vol01:50:5:11	vol01:50:5:12	rekey	總	0.9993
vol01:50:5:14	vol01:50:5:15	rekey	於	0.9994
vol01:50:5:15	vol01:50:5:16	rekey	經	0.9992
vol01:50:5:3	vol01:50:5:4	rekey	四	0.9997
vol01:50:5:5	vol01:50:5:6	rekey	全	0.9995
vol01:51:2:0	vol01:51:2:1	rekey	製	0.9993
vol01:51:2:9	vol01:51:2:10	rekey	之	0.9998
vol01:51:2:10	vol01:51:2:11	rekey	前	0.9996
vol01:51:2:11	vol01:51:2:12	rekey	不	0.9998
vol01:51:2:12	vol01:51:2:13	rekey	必	0.9996
vol01:51:2:13	vol01:51:2:14	rekey	特	0.9993
vol01:51:2:14	vol01:51:2:15	rekey	標	0.9993
vol01:51:2:15	vol01:51:2:16	rekey	名	0.9994
vol01:51:2:16	vol01:51:2:17	rekey	目	0.9997
vol01:51:2:17	vol01:51:2:18	rekey	並	0.9993
vol01:51:2:18	vol01:51:2:19	rekey	令	0.9996
vol01:51:2:1	vol01:51:2:2	rekey	各	0.9993
vol01:51:2:19	vol01:51:2:20	rekey	將	0.9994
vol01:51:2:20	vol01:51:2:21	rekey	卷	0.9994
vol01:51:2:2	vol01:51:2:3	rekey	書	0.9982
vol01:51:2:3	vol01:51:2:4	rekey	分	0.9994
vol01:51:2:4	vol01:51:2:5	rekey	列	0.9995
vol01:51:2:5	vol01:51:2:6	rekey	各	0.9994
vol01:51:2:6	vol01:51:2:7	rekey	家	0.9995
vol01:51:2:7	vol01:51:2:8	rekey	著	0.9993
vol01:51:2:8	vol01:51:2:9	rekey	撰	0.9994
vol01:51:3:9	vol01:51:3:10	rekey	書	0.9993
vol01:51:3:10	vol01:51:3:11	rekey	詩	0.9992
vol01:51:3:11	vol01:51:3:12	rekey	文	0.9995
vol01:51:3:12	vol01:51:3:13	rekey	撤	0.9995
vol01:51:3:13	vol01:51:3:14	rekey	出	0.9997
vol01:51:3:14	vol01:51:3:15	rekey	分	0.9996
vol01:51:3:15	vol01:51:3:16	rekey	列	0.9996
vol01:51:3:16	vol01:51:3:17	rekey	御	0.9996
vol01:51:3:17	vol01:51:3:18	rekey	製	0.9993
vol01:51:3:18	vol01:51:3:19	rekey	詩	0.9996
vol01:51:3:1	vol01:51:3:2	rekey	首	0.9996
vol01:51:3:19	vol01:51:3:20	rekey	文	0.9995
vol01:51:3:20	vol01:51:3:21	rekey	各	0.9995
vol01:51:3:2	vol01:51:3:3	rekey	所	0.9996
vol01:51:3:3	vol01:51:3:4	rekey	錄	0.9994
vol01:51:3:4	vol01:51:3:5	rekey	御	0.9996
vol01:51:3:5	vol01:51:3:6	rekey	題	0.9994
vol01:51:3:6	vol01:51:3:7	rekey	四	0.9996
vol01:51:3:7	vol01:51:3:8	rekey	庫	0.9996
vol01:51:3:8	vol01:51:3:9	rekey	諸	0.9995
vol01:51:4:9	vol01:51:4:10	rekey	也	0.9996
vol01:51:4:10	vol01:51:4:11	rekey	朕	0.9994
vol01:51:4:11	vol01:51:4:12	rekey	一	0.9998
vol01:51:4:12	vol01:51:4:13	rekey	再	0.9996
vol01:51:4:13	vol01:51:4:14	rekey	思	0.9997
vol01:51:4:14	vol01:51:4:15	rekey	維	0.9996
vol01:51:4:15	vol01:51:4:16	rekey	四	0.9995
vol01:51:4:16	vol01:51:4:17	rekey	庫	0.9996
vol01:51:4:17	vol01:51:4:18	rekey	全	0.9995
vol01:51:4:18	vol01:51:4:19	rekey	書	0.9994
vol01:51:4:1	vol01:51:4:2	rekey	集	0.9994
vol01:51:4:19	vol01:51:4:20	rekey	之	0.9998
vol01:51:4:20	vol01:51:4:21	rekey	輯	0.9991
vol01:51:4:2	vol01:51:4:3	rekey	之	0.9998
vol01:51:4:3	vol01:51:4:4	rekey	前	0.9995
vol01:51:4:4	vol01:51:4:5	rekey	所	0.9997
vol01:51:4:5	vol01:51:4:6	rekey	以	0.9997
vol01:51:4:6	vol01:51:4:7	rekey	示	0.9991
vol01:51:4:7	vol01:51:4:8	rekey	大	0.9993
vol01:51:4:8	vol01:51:4:9	rekey	公	0.9997
vol01:51:5:9	vol01:51:5:10	rekey	用	0.9996
vol01:51:5:10	vol01:51:5:11	rekey	以	0.9998
vol01:51:5:11	vol01:51:5:12	rekey	昭	0.9995
vol01:51:5:12	vol01:51:5:13	rekey	垂	0.9995
vol01:51:5:13	vol01:51:5:14	rekey	久	0.9995
vol01:51:5:14	vol01:51:5:15	rekey	遠	0.9995
vol01:51:5:15	vol01:51:5:16	rekey	公	0.9995
vol01:51:5:16	vol01:51:5:17	rekey	之	0.9997
vol01:51:5:17	vol01:51:5:18	rekey	天	0.9994
vol01:51:5:18	vol01:51:5:19	rekey	下	0.9996
vol01:51:5:1	vol01:51:5:2	rekey	廣	0.9995
vol01:51:5:19	vol01:51:5:20	rekey	萬	0.9996
vol01:51:5:20	vol01:51:5:21	rekey	世	0.9994
vol01:51:5:2	vol01:51:5:3	rekey	搜	0.9996
vol01:51:5:3	vol01:51:5:4	rekey	博	0.9993
vol01:51:5:4	vol01:51:5:5	rekey	採	0.9995
vol01:51:5:6	vol01:51:5:7	rekey	萃	0.9996
vol01:51:5:7	vol01:51:5:8	rekey	羣	0.9991
vol01:51:5:8	vol01:51:5:9	rekey	書	0.999
vol01:51:6:9	vol01:51:6:10	rekey	易	0.9995
vol01:51:6:10	vol01:51:6:11	rekey	傳	0.9996
vol01:51:6:11	vol01:51:6:12	rekey	冠	0.9995
vol01:51:6:12	vol01:51:6:13	rekey	首	0.9995
vol01:51:6:13	vol01:51:6:14	rekey	實	0.9995
vol01:51:6:14	vol01:51:6:15	rekey	爲	0.9993
vol01:51:6:15	vol01:51:6:16	rekey	說	0.9996
vol01:51:6:16	vol01:51:6:17	rekey	易	0.9994
vol01:51:6:17	vol01:51:6:18	rekey	家	0.9995
vol01:51:6:18	vol01:51:6:19	rekey	最	0.9993
vol01:51:6:1	vol01:51:6:2	rekey	如	0.9995
vol01:51:6:19	vol01:51:6:20	rekey	古	0.9995
vol01:51:6:20	vol01:51:6:21	rekey	之	0.9997
vol01:51:6:2	vol01:51:6:3	rekey	經	0.9994
vol01:51:6:3	vol01:51:6:4	rekey	部	0.9997
vol01:51:6:4	vol01:51:6:5	rekey	易	0.9996
vol01:51:6:5	vol01:51:6:6	rekey	類	0.9995
vol01:51:6:6	vol01:51:6:7	rekey	以	0.9995
vol01:51:6:7	vol01:51:6:8	rekey	子	0.9997
vol01:51:6:8	vol01:51:6:9	rekey	夏	0.9995
vol01:51:7:9	vol01:51:7:10	rekey	以	0.9998
vol01:51:7:1	vol01:51:7:2	rekey	書	0.9995
vol01:51:7:2	vol01:51:7:3	rekey	允	0.9998
vol01:51:7:3	vol01:51:7:4	rekey	宜	0.9996
vol01:51:7:4	vol01:51:7:5	rekey	弁	0.9994
vol01:51:7:5	vol01:51:7:6	rekey	冕	0.9995
vol01:51:7:6	vol01:51:7:7	rekey	羲	0.9992
vol01:51:7:7	vol01:51:7:8	rekey	經	0.9994
vol01:51:7:8	vol01:51:7:9	rekey	若	0.9996
vol01:51:8:0	vol01:51:8:1	rekey	定	0.9994
vol01:51:8:9	vol01:51:8:10	rekey	雖	0.9995
vol01:51:8:10	vol01:51:8:11	rekey	爲	0.9995
vol01:51:8:11	vol01:51:8:12	rekey	纂	0.9993
vol01:51:8:12	vol01:51:8:13	rekey	修	0.9992
vol01:51:8:13	vol01:51:8:14	rekey	諸	0.9976
vol01:51:8:14	vol01:51:8:15	rekey	臣	0.9995
vol01:51:8:15	vol01:51:8:16	rekey	尊	0.9994
vol01:51:8:16	vol01:51:8:17	rekey	崇	0.9995
vol01:51:8:17	vol01:51:8:18	rekey	本	0.9997
vol01:51:8:18	vol01:51:8:19	rekey	朝	0.9995
vol01:51:8:1	vol01:51:8:2	rekey	諸	0.9993
vol01:51:8:19	vol01:51:8:20	rekey	起	0.9994
vol01:51:8:20	vol01:51:8:21	rekey	見	0.9994
vol01:51:8:2	vol01:51:8:3	rekey	書	0.9992
vol01:51:8:3	vol01:51:8:4	rekey	列	0.9996
vol01:51:8:4	vol01:51:8:5	rekey	於	0.9994
vol01:51:8:5	vol01:51:8:6	rekey	各	0.9994
vol01:51:8:6	vol01:51:8:7	rekey	代	0.9995
vol01:51:8:7	vol01:51:8:8	rekey	之	0.9997
vol01:51:8:8	vol01:51:8:9	rekey	前	0.9994
vol01:51:9:9	vol01:51:9:10	rekey	未	0.9996
vol01:51:9:10	vol01:51:9:11	rekey	協	0.9994
vol01:51:9:11	vol01:51:9:12	rekey	况	0.9994
vol01:51:9:12	vol01:51:9:13	rekey	經	0.9994
vol01:51:9:13	vol01:51:9:14	rekey	史	0.9996
vol01:51:9:14	vol01:51:9:15	rekey	子	0.9996
vol01:51:9:15	vol01:51:9:16	rekey	集	0.9997
vol01:51:9:16	vol01:51:9:17	rekey	各	0.9995
vol01:51:9:17	vol01:51:9:18	rekey	部	0.9994
vol01:51:9:18	vol01:51:9:19	rekey	内	0.9996
vol01:51:9:1	vol01:51:9:2	rekey	而	0.9995
vol01:51:9:19	vol01:51:9:20	rekey	尚	0.9995
vol01:51:9:20	vol01:51:9:21	rekey	有	0.9995
vol01:51:9:2	vol01:51:9:3	rekey	於	0.9994
vol01:51:9:3	vol01:51:9:4	rekey	編	0.9993
vol01:51:9:4	vol01:51:9:5	rekey	排	0.9992
vol01:51:9:5	vol01:51:9:6	rekey	體	0.9995
vol01:51:9:6	vol01:51:9:7	rekey	例	0.9996
vol01:51:9:7	vol01:51:9:8	rekey	究	0.9996
vol01:51:9:8	vol01:51:9:9	rekey	屬	0.9995
vol01:52:1:9	vol01:52:1:10	rekey	朝	0.9993
vol01:52:1:1	vol01:52:1:2	rekey	前	0.9993
vol01:52:1:2	vol01:52:1:3	rekey	代	0.9994
vol01:52:1:3	vol01:52:1:4	rekey	帝	0.9996
vol01:52:1:4	vol01:52:1:5	rekey	王	0.9997
vol01:52:1:6	vol01:52:1:7	rekey	著	0.9993
vol01:52:1:7	vol01:52:1:8	rekey	以	0.9997
vol01:52:1:8	vol01:52:1:9	rekey	本	0.9995
vol01:52:2:9	vol01:52:2:10	rekey	在	0.9994
vol01:52:2:10	vol01:52:2:11	rekey	編	0.9994
vol01:52:2:11	vol01:52:2:12	rekey	輯	0.9993
vol01:52:2:12	vol01:52:2:13	rekey	諸	0.9996
vol01:52:2:13	vol01:52:2:14	rekey	臣	0.9997
vol01:52:2:14	vol01:52:2:15	rekey	自	0.9998
vol01:52:2:15	vol01:52:2:16	rekey	不	0.9995
vol01:52:2:16	vol01:52:2:17	rekey	敢	0.9994
vol01:52:2:17	vol01:52:2:18	rekey	輕	0.9993
vol01:52:2:18	vol01:52:2:19	rekey	議	0.9993
vol01:52:2:1	vol01:52:2:2	rekey	各	0.9992
vol01:52:2:19	vol01:52:2:20	rekey	及	0.9995
vol01:52:2:20	vol01:52:2:21	rekey	此	0.9995
vol01:52:2:2	vol01:52:2:3	rekey	書	0.9992
vol01:52:2:3	vol01:52:2:4	rekey	冠	0.9994
vol01:52:2:4	vol01:52:2:5	rekey	之	0.9997
vol01:52:2:5	vol01:52:2:6	rekey	亦	0.9994
vol01:52:2:6	vol01:52:2:7	rekey	有	0.9995
vol01:52:2:8	vol01:52:2:9	rekey	合	0.9995
vol01:52:3:9	vol01:52:3:10	rekey	精	0.9995
vol01:52:3:10	vol01:52:3:11	rekey	當	0.9996
vol01:52:3:11	vol01:52:3:12	rekey	使	0.9994
vol01:52:3:12	vol01:52:3:13	rekey	綱	0.9995
vol01:52:3:13	vol01:52:3:14	rekey	舉	0.9994
vol01:52:3:14	vol01:52:3:15	rekey	目	0.9997
vol01:52:3:15	vol01:52:3:16	rekey	張	0.9995
vol01:52:3:16	vol01:52:3:17	rekey	體	0.9994
vol01:52:3:17	vol01:52:3:18	rekey	裁	0.9995
vol01:52:3:18	vol01:52:3:19	rekey	醇	0.9993
vol01:52:3:1	vol01:52:3:2	rekey	朕	0.9994
vol01:52:3:19	vol01:52:3:20	rekey	備	0.9996
vol01:52:3:20	vol01:52:3:21	rekey	足	0.9995
vol01:52:3:2	vol01:52:3:3	rekey	則	0.9996
vol01:52:3:3	vol01:52:3:4	rekey	筆	0.9994
vol01:52:3:4	vol01:52:3:5	rekey	削	0.9994
vol01:52:3:5	vol01:52:3:6	rekey	權	0.9994
vol01:52:3:6	vol01:52:3:7	rekey	衡	0.9995
vol01:52:3:7	vol01:52:3:8	rekey	務	0.9994
vol01:52:3:8	vol01:52:3:9	rekey	求	0.9995
vol01:52:4:9	vol01:52:4:10	rekey	好	0.9995
vol01:52:4:10	vol01:52:4:11	rekey	爲	0.9996
vol01:52:4:11	vol01:52:4:12	rekey	論	0.9996
vol01:52:4:12	vol01:52:4:13	rekey	辨	0.9994
vol01:52:4:13	vol01:52:4:14	rekey	者	0.9996
vol01:52:4:14	vol01:52:4:15	rekey	亦	0.9996
vol01:52:4:15	vol01:52:4:16	rekey	無	0.9994
vol01:52:4:16	vol01:52:4:17	rekey	從	0.9993
vol01:52:4:17	vol01:52:4:18	rekey	置	0.9993
vol01:52:4:18	vol01:52:4:19	rekey	議	0.9995
vol01:52:4:1	vol01:52:4:2	rekey	爲	0.9996
vol01:52:4:19	vol01:52:4:20	rekey	方	0.9995
vol01:52:4:20	vol01:52:4:21	rekey	爲	0.9998
vol01:52:4:2	vol01:52:4:3	rekey	萬	0.9997
vol01:52:4:3	vol01:52:4:4	rekey	世	0.9997
vol01:52:4:4	vol01:52:4:5	rekey	法	0.9996
vol01:52:4:5	vol01:52:4:6	rekey	制	0.9995
vol01:52:4:7	vol01:52:4:8	rekey	後	0.9995
vol01:52:4:8	vol01:52:4:9	rekey	之	0.9997
vol01:52:5:9	vol01:52:5:10	rekey	經	0.9994
vol01:52:5:10	vol01:52:5:11	rekey	史	0.9995
vol01:52:5:11	vol01:52:5:12	rekey	子	0.9998
vol01:52:5:12	vol01:52:5:13	rekey	集	0.9996
vol01:52:5:13	vol01:52:5:14	rekey	各	0.9995
vol01:52:5:14	vol01:52:5:15	rekey	部	0.9995
vol01:52:5:15	vol01:52:5:16	rekey	俱	0.9993
vol01:52:5:16	vol01:52:5:17	rekey	照	0.9994
vol01:52:5:17	vol01:52:5:18	rekey	各	0.9994
vol01:52:5:18	vol01:52:5:19	rekey	按	0.9996
vol01:52:5:1	vol01:52:5:2	rekey	盡	0.9995
vol01:52:5:19	vol01:52:5:20	rekey	撰	0.9994
vol01:52:5:2	vol01:52:5:3	rekey	善	0.9995
vol01:52:5:3	vol01:52:5:4	rekey	所	0.9995
vol01:52:5:4	vol01:52:5:5	rekey	有	0.9994
vol01:52:5:5	vol01:52:5:6	rekey	四	0.9996
vol01:52:5:6	vol01:52:5:7	rekey	庫	0.9994
vol01:52:5:7	vol01:52:5:8	rekey	全	0.9994
vol01:52:5:8	vol01:52:5:9	rekey	書	0.9992
vol01:52:6:10	vol01:52:6:10	rekey_in_place	我	0.9994
vol01:52:6:11	vol01:52:6:11	rekey_in_place	朝	0.9993
vol01:52:6:3	vol01:52:6:3	rekey_in_place	先	0.9997
vol01:52:6:4	vol01:52:6:4	rekey_in_place	後	0.9995
vol01:52:6:5	vol01:52:6:5	rekey_in_place	依	0.9995
vol01:52:6:6	vol01:52:6:6	rekey_in_place	次	0.9996
vol01:52:6:7	vol01:52:6:7	rekey_in_place	編	0.9994
vol01:52:6:8	vol01:52:6:8	rekey_in_place	纂	0.9992
vol01:52:6:9	vol01:52:6:9	rekey_in_place	至	0.9993
vol01:52:7:9	vol01:52:7:10	rekey	冠	0.9995
vol01:52:7:10	vol01:52:7:11	rekey	本	0.9995
vol01:52:7:11	vol01:52:7:12	rekey	朝	0.9995
vol01:52:7:12	vol01:52:7:13	rekey	著	0.9991
vol01:52:7:13	vol01:52:7:14	rekey	錄	0.9991
vol01:52:7:14	vol01:52:7:15	rekey	諸	0.9991
vol01:52:7:15	vol01:52:7:16	rekey	家	0.9989
vol01:52:7:16	vol01:52:7:17	rekey	之	0.9996
vol01:52:7:17	vol01:52:7:18	rekey	上	0.9999
vol01:52:7:18	vol01:52:7:19	rekey	則	0.9997
vol01:52:7:1	vol01:52:7:2	rekey	各	0.9994
vol01:52:7:19	vol01:52:7:20	rekey	體	0.9991
vol01:52:7:20	vol01:52:7:21	rekey	例	0.9996
vol01:52:7:2	vol01:52:7:3	rekey	書	0.9993
vol01:52:7:3	vol01:52:7:4	rekey	仍	0.9996
vol01:52:7:4	vol01:52:7:5	rekey	各	0.9994
vol01:52:7:5	vol01:52:7:6	rekey	按	0.9994
vol01:52:7:6	vol01:52:7:7	rekey	門	0.9997
vol01:52:7:7	vol01:52:7:8	rekey	目	0.9996
vol01:52:7:8	vol01:52:7:9	rekey	分	0.9995
vol01:52:8:9	vol01:52:8:10	rekey	不	0.9997
vol01:52:8:10	vol01:52:8:11	rekey	紊	0.9995
vol01:52:8:11	vol01:52:8:12	rekey	稱	0.9992
vol01:52:8:12	vol01:52:8:13	rekey	朕	0.9995
vol01:52:8:13	vol01:52:8:14	rekey	折	0.9995
vol01:52:8:15	vol01:52:8:16	rekey	詳	0.9994
vol01:52:8:16	vol01:52:8:17	rekey	慎	0.9993
vol01:52:8:17	vol01:52:8:18	rekey	之	0.9998
vol01:52:8:18	vol01:52:8:19	rekey	至	0.9995
vol01:52:8:1	vol01:52:8:2	rekey	精	0.9997
vol01:52:8:19	vol01:52:8:20	rekey	意	0.9995
vol01:52:8:20	vol01:52:8:21	rekey	將	0.9995
vol01:52:8:2	vol01:52:8:3	rekey	嚴	0.9995
vol01:52:8:3	vol01:52:8:4	rekey	而	0.9996
vol01:52:8:4	vol01:52:8:5	rekey	名	0.9996
vol01:52:8:5	vol01:52:8:6	rekey	義	0.9992
vol01:52:8:6	vol01:52:8:7	rekey	亦	0.9996
vol01:52:8:7	vol01:52:8:8	rekey	秩	0.9991
vol01:52:8:8	vol01:52:8:9	rekey	然	0.999
vol01:52:9:9	vol01:52:9:10	rekey	理	0.9995
vol01:52:9:10	vol01:52:9:11	rekey	欽	0.9996
vol01:52:9:11	vol01:52:9:12	rekey	此	0.9997
vol01:52:9:1	vol01:52:9:2	rekey	此	0.9996
vol01:52:9:2	vol01:52:9:3	rekey	諭	0.9995
vol01:52:9:3	vol01:52:9:4	rekey	令	0.9996
vol01:52:9:4	vol01:52:9:5	rekey	館	0.9994
vol01:52:9:5	vol01:52:9:6	rekey	臣	0.9996
vol01:52:9:6	vol01:52:9:7	rekey	遵	0.9995
vol01:52:9:7	vol01:52:9:8	rekey	照	0.9995
vol01:52:9:8	vol01:52:9:9	rekey	辦	0.9993
vol01:53:1:9	vol01:53:1:10	rekey	月	0.9996
vol01:53:1:10	vol01:53:1:11	rekey	十	0.9998
vol01:53:1:11	vol01:53:1:12	rekey	六	0.9997
vol01:53:1:12	vol01:53:1:13	rekey	日	0.9999
vol01:53:1:13	vol01:53:1:14	rekey	奉	0.9993
vol01:53:1:2	vol01:53:1:3	rekey	乾	0.9993
vol01:53:1:3	vol01:53:1:4	rekey	隆	0.9993
vol01:53:1:4	vol01:53:1:5	rekey	四	0.9996
vol01:53:1:5	vol01:53:1:6	rekey	十	0.9998
vol01:53:1:6	vol01:53:1:7	rekey	六	0.9995
vol01:53:1:7	vol01:53:1:8	rekey	年	0.9996
vol01:53:1:8	vol01:53:1:9	rekey	十	0.9997
vol01:53:2:0	vol01:53:2:1	rekey	上	0.9999
vol01:53:2:9	vol01:53:2:10	rekey	書	0.9998
vol01:53:2:10	vol01:53:2:11	rekey	内	0.9996
vol01:53:2:11	vol01:53:2:12	rekey	有	0.9997
vol01:53:2:12	vol01:53:2:13	rekey	宋	0.9996
vol01:53:2:13	vol01:53:2:14	rekey	葉	0.9992
vol01:53:2:14	vol01:53:2:15	rekey	隆	0.9993
vol01:53:2:16	vol01:53:2:17	rekey	奉	0.9995
vol01:53:2:17	vol01:53:2:18	rekey	勅	0.9995
vol01:53:2:18	vol01:53:2:19	rekey	所	0.9996
vol01:53:2:1	vol01:53:2:2	rekey	諭	0.9994
vol01:53:2:19	vol01:53:2:20	rekey	撰	0.9994
vol01:53:2:20	vol01:53:2:21	rekey	契	0.9993
vol01:53:2:2	vol01:53:2:3	rekey	四	0.9995
vol01:53:2:3	vol01:53:2:4	rekey	庫	0.9995
vol01:53:2:4	vol01:53:2:5	rekey	全	0.9993
vol01:53:2:5	vol01:53:2:6	rekey	書	0.9993
vol01:53:2:6	vol01:53:2:7	rekey	館	0.9994
vol01:53:2:7	vol01:53:2:8	rekey	進	0.9996
vol01:53:2:8	vol01:53:2:9	rekey	呈	0.9993
vol01:53:3:9	vol01:53:3:10	rekey	鑑	0.9995
vol01:53:3:10	vol01:53:3:11	rekey	等	0.9995
vol01:53:3:11	vol01:53:3:12	rekey	編	0.9993
vol01:53:3:12	vol01:53:3:13	rekey	及	0.9995
vol01:53:3:13	vol01:53:3:14	rekey	諸	0.9991
vol01:53:3:14	vol01:53:3:15	rekey	說	0.9993
vol01:53:3:15	vol01:53:3:16	rekey	部	0.9996
vol01:53:3:16	vol01:53:3:17	rekey	書	0.9994
vol01:53:3:17	vol01:53:3:18	rekey	按	0.9994
vol01:53:3:18	vol01:53:3:19	rekey	年	0.9996
vol01:53:3:1	vol01:53:3:2	rekey	丹	0.9995
vol01:53:3:19	vol01:53:3:20	rekey	臚	0.9994
vol01:53:3:20	vol01:53:3:21	rekey	載	0.9993
vol01:53:3:2	vol01:53:3:3	rekey	國	0.9993
vol01:53:3:3	vol01:53:3:4	rekey	志	0.9993
vol01:53:3:4	vol01:53:3:5	rekey	其	0.9994
vol01:53:3:5	vol01:53:3:6	rekey	說	0.9994
vol01:53:3:6	vol01:53:3:7	rekey	採	0.9994
vol01:53:3:7	vol01:53:3:8	rekey	摘	0.9994
vol01:53:3:8	vol01:53:3:9	rekey	通	0.9995
vol01:53:4:9	vol01:53:4:10	rekey	混	0.9995
vol01:53:4:10	vol01:53:4:11	rekey	淆	0.9992
vol01:53:4:11	vol01:53:4:12	rekey	書	0.9991
vol01:53:4:12	vol01:53:4:13	rekey	法	0.9994
vol01:53:4:13	vol01:53:4:14	rekey	訛	0.9991
vol01:53:4:14	vol01:53:4:15	rekey	外	0.9993
vol01:53:4:15	vol01:53:4:16	rekey	不	0.9997
vol01:53:4:16	vol01:53:4:17	rekey	一	0.9994
vol01:53:4:17	vol01:53:4:18	rekey	而	0.9996
vol01:53:4:18	vol01:53:4:19	rekey	足	0.9996
vol01:53:4:1	vol01:53:4:2	rekey	抄	0.9994
vol01:53:4:19	vol01:53:4:20	rekey	如	0.9995
vol01:53:4:2	vol01:53:4:3	rekey	撮	0.9995
vol01:53:4:3	vol01:53:4:4	rekey	成	0.9995
vol01:53:4:4	vol01:53:4:5	rekey	文	0.9997
vol01:53:4:5	vol01:53:4:6	rekey	中	0.9995
vol01:53:4:6	vol01:53:4:7	rekey	間	0.9996
vol01:53:4:7	vol01:53:4:8	rekey	體	0.9992
vol01:53:4:8	vol01:53:4:9	rekey	例	0.9995
vol01:53:5:9	vol01:53:5:10	rekey	以	0.9995
vol01:53:5:10	vol01:53:5:11	rekey	遼	0.9994
vol01:53:5:11	vol01:53:5:12	rekey	爲	0.9995
vol01:53:5:12	vol01:53:5:13	rekey	主	0.9998
vol01:53:5:13	vol01:53:5:14	rekey	乃	0.9996
vol01:53:5:14	vol01:53:5:15	rekey	卷	0.9994
vol01:53:5:15	vol01:53:5:16	rekey	首	0.9996
vol01:53:5:16	vol01:53:5:17	rekey	年	0.9995
vol01:53:5:17	vol01:53:5:18	rekey	譜	0.9991
vol01:53:5:18	vol01:53:5:19	rekey	既	0.9995
vol01:53:5:1	vol01:53:5:2	rekey	既	0.9992
vol01:53:5:19	vol01:53:5:20	rekey	標	0.9994
vol01:53:5:20	vol01:53:5:21	rekey	太	0.9997
vol01:53:5:2	vol01:53:5:3	rekey	名	0.9995
vol01:53:5:3	vol01:53:5:4	rekey	契	0.9993
vol01:53:5:4	vol01:53:5:5	rekey	丹	0.9995
vol01:53:5:5	vol01:53:5:6	rekey	國	0.9993
vol01:53:5:6	vol01:53:5:7	rekey	志	0.9995
vol01:53:5:7	vol01:53:5:8	rekey	自	0.9997
vol01:53:5:8	vol01:53:5:9	rekey	應	0.9994
vol01:53:6:9	vol01:53:6:10	rekey	内	0.9995
vol01:53:6:10	vol01:53:6:11	rekey	又	0.9997
vol01:53:6:11	vol01:53:6:12	rekey	稱	0.9995
vol01:53:6:12	vol01:53:6:13	rekey	遼	0.9993
vol01:53:6:13	vol01:53:6:14	rekey	帝	0.9994
vol01:53:6:14	vol01:53:6:15	rekey	稱	0.9994
vol01:53:6:15	vol01:53:6:16	rekey	國	0.9992
vol01:53:6:16	vol01:53:6:17	rekey	主	0.9994
vol01:53:6:17	vol01:53:6:18	rekey	豈	0.9994
vol01:53:6:18	vol01:53:6:19	rekey	非	0.9995
vol01:53:6:1	vol01:53:6:2	rekey	祖	0.9996
vol01:53:6:19	vol01:53:6:20	rekey	自	0.9997
vol01:53:6:20	vol01:53:6:21	rekey	亂	0.9994
vol01:53:6:2	vol01:53:6:3	rekey	太	0.9993
vol01:53:6:3	vol01:53:6:4	rekey	宗	0.9994
vol01:53:6:4	vol01:53:6:5	rekey	等	0.9993
vol01:53:6:5	vol01:53:6:6	rekey	帝	0.9996
vol01:53:6:6	vol01:53:6:7	rekey	而	0.9994
vol01:53:6:7	vol01:53:6:8	rekey	事	0.9996
vol01:53:6:8	vol01:53:6:9	rekey	實	0.9995
vol01:53:7:9	vol01:53:7:10	rekey	宋	0.9995
vol01:53:7:10	vol01:53:7:11	rekey	孝	0.9993
vol01:53:7:11	vol01:53:7:12	rekey	宗	0.9996
vol01:53:7:12	vol01:53:7:13	rekey	勅	0.9994
vol01:53:7:13	vol01:53:7:14	rekey	撰	0.9993
vol01:53:7:14	vol01:53:7:15	rekey	而	0.9994
vol01:53:7:15	vol01:53:7:16	rekey	評	0.9995
vol01:53:7:16	vol01:53:7:17	rekey	斷	0.9992
vol01:53:7:17	vol01:53:7:18	rekey	引	0.9998
vol01:53:7:18	vol01:53:7:19	rekey	宋	0.9996
vol01:53:7:1	vol01:53:7:2	rekey	其	0.9992
vol01:53:7:19	vol01:53:7:20	rekey	臣	0.9995
vol01:53:7:20	vol01:53:7:21	rekey	胡	0.9994
vol01:53:7:2	vol01:53:7:3	rekey	例	0.9997
vol01:53:7:3	vol01:53:7:4	rekey	又	0.9995
vol01:53:7:4	vol01:53:7:5	rekey	是	0.9996
vol01:53:7:5	vol01:53:7:6	rekey	書	0.9993
vol01:53:7:6	vol01:53:7:7	rekey	既	0.9996
vol01:53:7:7	vol01:53:7:8	rekey	奉	0.9993
vol01:53:7:8	vol01:53:7:9	rekey	南	0.9995
vol01:53:8:9	vol01:53:8:10	rekey	公	0.9996
vol01:53:8:10	vol01:53:8:11	rekey	實	0.9994
vol01:53:8:11	vol01:53:8:12	rekey	失	0.9996
vol01:53:8:12	vol01:53:8:13	rekey	君	0.9995
vol01:53:8:13	vol01:53:8:14	rekey	臣	0.9996
vol01:53:8:14	vol01:53:8:15	rekey	之	0.9997
vol01:53:8:15	vol01:53:8:16	rekey	體	0.9992
vol01:53:8:16	vol01:53:8:17	rekey	甚	0.9996
vol01:53:8:17	vol01:53:8:18	rekey	至	0.9995
vol01:53:8:18	vol01:53:8:19	rekey	大	0.9995
vol01:53:8:1	vol01:53:8:2	rekey	安	0.9996
vol01:53:8:19	vol01:53:8:20	rekey	書	0.9994
vol01:53:8:20	vol01:53:8:21	rekey	遼	0.9995
vol01:53:8:2	vol01:53:8:3	rekey	國	0.9996
vol01:53:8:3	vol01:53:8:4	rekey	語	0.9995
vol01:53:8:4	vol01:53:8:5	rekey	稱	0.9992
vol01:53:8:5	vol01:53:8:6	rekey	爲	0.9992
vol01:53:8:6	vol01:53:8:7	rekey	胡	0.9995
vol01:53:8:7	vol01:53:8:8	rekey	文	0.9996
vol01:53:8:8	vol01:53:8:9	rekey	定	0.9996
vol01:53:9:9	vol01:53:9:10	rekey	祖	0.9994
vol01:53:9:10	vol01:53:9:11	rekey	建	0.9994
vol01:53:9:11	vol01:53:9:12	rekey	隆	0.9992
vol01:53:9:12	vol01:53:9:13	rekey	等	0.9993
vol01:53:9:13	vol01:53:9:14	rekey	年	0.9994
vol01:53:9:14	vol01:53:9:15	rekey	號	0.9993
vol01:53:9:15	vol01:53:9:16	rekey	分	0.9997
vol01:53:9:16	vol01:53:9:17	rekey	註	0.9993
vol01:53:9:17	vol01:53:9:18	rekey	於	0.9995
vol01:53:9:18	vol01:53:9:19	rekey	下	0.9997
vol01:53:9:1	vol01:53:9:2	rekey	帝	0.9998
vol01:53:9:19	vol01:53:9:20	rekey	尤	0.9994
vol01:53:9:20	vol01:53:9:21	rekey	爲	0.9996
vol01:53:9:2	vol01:53:9:3	rekey	紀	0.9994
vol01:53:9:3	vol01:53:9:4	rekey	元	0.9996
vol01:53:9:4	vol01:53:9:5	rekey	於	0.9991
vol01:53:9:5	vol01:53:9:6	rekey	上	0.9997
vol01:53:9:6	vol01:53:9:7	rekey	而	0.9995
vol01:53:9:7	vol01:53:9:8	rekey	以	0.9997
vol01:53:9:8	vol01:53:9:9	rekey	宋	0.9996
vol01:54:1:9	vol01:54:1:10	rekey	僭	0.9992
vol01:54:1:10	vol01:54:1:11	rekey	亂	0.9994
vol01:54:1:11	vol01:54:1:12	rekey	之	0.9996
vol01:54:1:12	vol01:54:1:13	rekey	主	0.9995
vol01:54:1:13	vol01:54:1:14	rekey	享	0.9994
vol01:54:1:14	vol01:54:1:15	rekey	國	0.9994
vol01:54:1:15	vol01:54:1:16	rekey	日	0.9998
vol01:54:1:16	vol01:54:1:17	rekey	淺	0.9993
vol01:54:1:17	vol01:54:1:18	rekey	且	0.9995
vol01:54:1:18	vol01:54:1:19	rekey	或	0.9992
vol01:54:1:1	vol01:54:1:2	rekey	紕	0.9994
vol01:54:1:19	vol01:54:1:20	rekey	稱	0.9994
vol01:54:1:20	vol01:54:1:21	rekey	臣	0.9995
vol01:54:1:2	vol01:54:1:3	rekey	繆	0.9993
vol01:54:1:3	vol01:54:1:4	rekey	夫	0.9996
vol01:54:1:4	vol01:54:1:5	rekey	梁	0.9993
vol01:54:1:5	vol01:54:1:6	rekey	唐	0.999
vol01:54:1:6	vol01:54:1:7	rekey	晉	0.9993
vol01:54:1:7	vol01:54:1:8	rekey	漢	0.9995
vol01:54:1:8	vol01:54:1:9	rekey	周	0.9995
vol01:54:2:9	vol01:54:2:10	rekey	紀	0.9994
vol01:54:2:10	vol01:54:2:11	rekey	元	0.9993
vol01:54:2:11	vol01:54:2:12	rekey	尚	0.9995
vol01:54:2:12	vol01:54:2:13	rekey	可	0.9996
vol01:54:2:13	vol01:54:2:14	rekey	若	0.9992
vol01:54:2:14	vol01:54:2:15	rekey	北	0.9996
vol01:54:2:15	vol01:54:2:16	rekey	宋	0.9996
vol01:54:2:16	vol01:54:2:17	rekey	則	0.9996
vol01:54:2:17	vol01:54:2:18	rekey	中	0.9997
vol01:54:2:18	vol01:54:2:19	rekey	原	0.9993
vol01:54:2:1	vol01:54:2:2	rekey	稱	0.9993
vol01:54:2:19	vol01:54:2:20	rekey	一	0.9999
vol01:54:2:20	vol01:54:2:21	rekey	統	0.9993
vol01:54:2:2	vol01:54:2:3	rekey	兒	0.9996
vol01:54:2:3	vol01:54:2:4	rekey	稱	0.9993
vol01:54:2:4	vol01:54:2:5	rekey	孫	0.9995
vol01:54:2:5	vol01:54:2:6	rekey	於	0.9994
vol01:54:2:6	vol01:54:2:7	rekey	遼	0.9993
vol01:54:2:7	vol01:54:2:8	rekey	分	0.9993
vol01:54:2:8	vol01:54:2:9	rekey	注	0.9993
vol01:54:3:9	vol01:54:3:10	rekey	例	0.9994
vol01:54:3:10	vol01:54:3:11	rekey	槩	0.9995
vol01:54:3:11	vol01:54:3:12	rekey	分	0.9995
vol01:54:3:12	vol01:54:3:13	rekey	註	0.9996
vol01:54:3:13	vol01:54:3:14	rekey	於	0.9994
vol01:54:3:14	vol01:54:3:15	rekey	北	0.9996
vol01:54:3:15	vol01:54:3:16	rekey	遼	0.9994
vol01:54:3:16	vol01:54:3:17	rekey	之	0.9997
vol01:54:3:17	vol01:54:3:18	rekey	下	0.9994
vol01:54:3:18	vol01:54:3:19	rekey	又	0.9997
vol01:54:3:1	vol01:54:3:2	rekey	豈	0.9991
vol01:54:3:19	vol01:54:3:20	rekey	引	0.9998
vol01:54:3:20	vol01:54:3:21	rekey	胡	0.9994
vol01:54:3:2	vol01:54:3:3	rekey	得	0.9994
vol01:54:3:3	vol01:54:3:4	rekey	以	0.9998
vol01:54:3:4	vol01:54:3:5	rekey	春	0.9993
vol01:54:3:5	vol01:54:3:6	rekey	秋	0.9995
vol01:54:3:6	vol01:54:3:7	rekey	分	0.9995
vol01:54:3:7	vol01:54:3:8	rekey	國	0.9994
vol01:54:3:8	vol01:54:3:9	rekey	之	0.9997
vol01:54:4:9	vol01:54:4:10	rekey	父	0.9995
vol01:54:4:10	vol01:54:4:11	rekey	開	0.9994
vol01:54:4:11	vol01:54:4:12	rekey	門	0.9996
vol01:54:4:12	vol01:54:4:13	rekey	納	0.9995
vol01:54:4:13	vol01:54:4:14	rekey	晉	0.9996
vol01:54:4:14	vol01:54:4:15	rekey	軍	0.9997
vol01:54:4:15	vol01:54:4:16	rekey	之	0.9997
vol01:54:4:16	vol01:54:4:17	rekey	楊	0.9995
vol01:54:4:17	vol01:54:4:18	rekey	承	0.9995
vol01:54:4:18	vol01:54:4:19	rekey	勲	0.9993
vol01:54:4:1	vol01:54:4:2	rekey	安	0.9995
vol01:54:4:19	vol01:54:4:20	rekey	謂	0.9993
vol01:54:4:2	vol01:54:4:3	rekey	國	0.9995
vol01:54:4:3	vol01:54:4:4	rekey	論	0.9995
vol01:54:4:4	vol01:54:4:5	rekey	斷	0.9992
vol01:54:4:5	vol01:54:4:6	rekey	以	0.9995
vol01:54:4:6	vol01:54:4:7	rekey	刦	0.9995
vol01:54:4:7	vol01:54:4:8	rekey	迫	0.9996
vol01:54:4:8	vol01:54:4:9	rekey	其	0.9994
vol01:54:5:9	vol01:54:5:10	rekey	同	0.9996
vol01:54:5:10	vol01:54:5:11	rekey	父	0.9995
vol01:54:5:11	vol01:54:5:12	rekey	被	0.9993
vol01:54:5:12	vol01:54:5:13	rekey	晉	0.9994
vol01:54:5:13	vol01:54:5:14	rekey	圍	0.9995
vol01:54:5:14	vol01:54:5:15	rekey	慮	0.9995
vol01:54:5:15	vol01:54:5:16	rekey	禍	0.9994
vol01:54:5:16	vol01:54:5:17	rekey	及	0.9995
vol01:54:5:17	vol01:54:5:18	rekey	身	0.9994
vol01:54:5:18	vol01:54:5:19	rekey	乃	0.9994
vol01:54:5:1	vol01:54:5:2	rekey	而	0.9994
vol01:54:5:19	vol01:54:5:20	rekey	刦	0.9994
vol01:54:5:20	vol01:54:5:21	rekey	其	0.9993
vol01:54:5:2	vol01:54:5:3	rekey	不	0.9997
vol01:54:5:3	vol01:54:5:4	rekey	失	0.9994
vol01:54:5:4	vol01:54:5:5	rekey	其	0.9993
vol01:54:5:5	vol01:54:5:6	rekey	正	0.9994
vol01:54:5:6	vol01:54:5:7	rekey	時	0.9994
vol01:54:5:7	vol01:54:5:8	rekey	承	0.9995
vol01:54:5:8	vol01:54:5:9	rekey	勲	0.9992
vol01:54:6:9	vol01:54:6:10	rekey	晉	0.9995
vol01:54:6:10	vol01:54:6:11	rekey	爵	0.9994
vol01:54:6:11	vol01:54:6:12	rekey	賞	0.9994
vol01:54:6:12	vol01:54:6:13	rekey	夫	0.9995
vol01:54:6:13	vol01:54:6:14	rekey	大	0.9997
vol01:54:6:14	vol01:54:6:15	rekey	義	0.9994
vol01:54:6:15	vol01:54:6:16	rekey	滅	0.9993
vol01:54:6:16	vol01:54:6:17	rekey	親	0.9996
vol01:54:6:17	vol01:54:6:18	rekey	父	0.9995
vol01:54:6:18	vol01:54:6:19	rekey	可	0.9995
vol01:54:6:1	vol01:54:6:2	rekey	父	0.9994
vol01:54:6:19	vol01:54:6:20	rekey	施	0.9994
vol01:54:6:20	vol01:54:6:21	rekey	之	0.9995
vol01:54:6:2	vol01:54:6:3	rekey	致	0.9993
vol01:54:6:3	vol01:54:6:4	rekey	被	0.9994
vol01:54:6:4	vol01:54:6:5	rekey	晉	0.9991
vol01:54:6:5	vol01:54:6:6	rekey	戮	0.9992
vol01:54:6:6	vol01:54:6:7	rekey	而	0.9995
vol01:54:6:8	vol01:54:6:9	rekey	受	0.9994
vol01:54:7:9	vol01:54:7:10	rekey	既	0.9994
vol01:54:7:10	vol01:54:7:11	rekey	背	0.9997
vol01:54:7:11	vol01:54:7:12	rekey	叛	0.9992
vol01:54:7:12	vol01:54:7:13	rekey	子	0.9996
vol01:54:7:13	vol01:54:7:14	rekey	惟	0.9993
vol01:54:7:14	vol01:54:7:15	rekey	一	0.9998
vol01:54:7:15	vol01:54:7:16	rekey	死	0.9994
vol01:54:7:16	vol01:54:7:17	rekey	以	0.9997
vol01:54:7:17	vol01:54:7:18	rekey	答	0.9995
vol01:54:7:18	vol01:54:7:19	rekey	君	0.9997
vol01:54:7:1	vol01:54:7:2	rekey	子	0.9997
vol01:54:7:19	vol01:54:7:20	rekey	親	0.9997
vol01:54:7:20	vol01:54:7:21	rekey	豈	0.9992
vol01:54:7:2	vol01:54:7:3	rekey	子	0.9997
vol01:54:7:3	vol01:54:7:4	rekey	不	0.9997
vol01:54:7:4	vol01:54:7:5	rekey	可	0.9993
vol01:54:7:5	vol01:54:7:6	rekey	施	0.9994
vol01:54:7:6	vol01:54:7:7	rekey	之	0.9997
vol01:54:7:7	vol01:54:7:8	rekey	父	0.9994
vol01:54:7:8	vol01:54:7:9	rekey	父	0.9993
vol01:54:8:9	vol01:54:8:10	rekey	之	0.9997
vol01:54:8:11	vol01:54:8:12	rekey	而	0.9997
vol01:54:8:12	vol01:54:8:13	rekey	不	0.9996
vol01:54:8:13	vol01:54:8:14	rekey	失	0.9994
vol01:54:8:14	vol01:54:8:15	rekey	其	0.9991
vol01:54:8:15	vol01:54:8:16	rekey	正	0.9994
vol01:54:8:16	vol01:54:8:17	rekey	此	0.9993
vol01:54:8:17	vol01:54:8:18	rekey	乃	0.9995
vol01:54:8:18	vol01:54:8:19	rekey	胡	0.9994
vol01:54:8:1	vol01:54:8:2	rekey	有	0.9996
vol01:54:8:19	vol01:54:8:20	rekey	安	0.9996
vol01:54:8:20	vol01:54:8:21	rekey	國	0.9995
vol01:54:8:2	vol01:54:8:3	rekey	滅	0.9991
vol01:54:8:3	vol01:54:8:4	rekey	倫	0.9995
vol01:54:8:4	vol01:54:8:5	rekey	背	0.9993
vol01:54:8:5	vol01:54:8:6	rekey	義	0.9992
vol01:54:8:6	vol01:54:8:7	rekey	尚	0.9996
vol01:54:8:7	vol01:54:8:8	rekey	得	0.9994
vol01:54:8:8	vol01:54:8:9	rekey	謂	0.9995
vol01:54:9:9	vol01:54:9:10	rekey	右	0.9996
vol01:54:9:10	vol01:54:9:11	rekey	逆	0.9995
vol01:54:9:11	vol01:54:9:12	rekey	子	0.9996
vol01:54:9:12	vol01:54:9:13	rekey	而	0.9996
vol01:54:9:13	vol01:54:9:14	rekey	亂	0.9995
vol01:54:9:14	vol01:54:9:15	rekey	天	0.9996
vol01:54:9:15	vol01:54:9:16	rekey	經	0.9994
vol01:54:9:16	vol01:54:9:17	rekey	誠	0.9994
vol01:54:9:17	vol01:54:9:18	rekey	所	0.9993
vol01:54:9:18	vol01:54:9:19	rekey	謂	0.9993
vol01:54:9:1	vol01:54:9:2	rekey	華	0.9991
vol01:54:9:19	vol01:54:9:20	rekey	胡	0.9994
vol01:54:9:20	vol01:54:9:21	rekey	說	0.9993
vol01:54:9:2	vol01:54:9:3	rekey	夷	0.9995
vol01:54:9:3	vol01:54:9:4	rekey	之	0.9997
vol01:54:9:4	vol01:54:9:5	rekey	見	0.9994
vol01:54:9:5	vol01:54:9:6	rekey	芥	0.9994
vol01:54:9:6	vol01:54:9:7	rekey	蒂	0.9995
vol01:54:9:7	vol01:54:9:8	rekey	於	0.9995
vol01:54:9:8	vol01:54:9:9	rekey	心	0.9997
vol01:55:1:9	vol01:55:1:10	rekey	以	0.9996
vol01:55:1:10	vol01:55:1:11	rekey	枚	0.9996
vol01:55:1:11	vol01:55:1:12	rekey	舉	0.9993
vol01:55:1:12	vol01:55:1:13	rekey	朕	0.9993
vol01:55:1:13	vol01:55:1:14	rekey	詳	0.999
vol01:55:1:14	vol01:55:1:15	rekey	加	0.9993
vol01:55:1:15	vol01:55:1:16	rekey	披	0.9994
vol01:55:1:16	vol01:55:1:17	rekey	覽	0.9992
vol01:55:1:17	vol01:55:1:18	rekey	經	0.9993
vol01:55:1:18	vol01:55:1:19	rekey	指	0.9992
vol01:55:1:1	vol01:55:1:2	rekey	也	0.9997
vol01:55:1:2	vol01:55:1:3	rekey	其	0.999
vol01:55:1:3	vol01:55:1:4	rekey	他	0.9993
vol01:55:1:4	vol01:55:1:5	rekey	乖	0.9996
vol01:55:1:5	vol01:55:1:6	rekey	謬	0.9995
vol01:55:1:6	vol01:55:1:7	rekey	種	0.9991
vol01:55:1:7	vol01:55:1:8	rekey	種	0.9992
vol01:55:1:8	vol01:55:1:9	rekey	難	0.9993
vol01:55:2:9	vol01:55:2:10	rekey	出	0.9997
vol01:55:2:10	vol01:55:2:11	rekey	此	0.9996
vol01:55:2:11	vol01:55:2:12	rekey	部	0.9995
vol01:55:2:12	vol01:55:2:13	rekey	書	0.9995
vol01:55:2:13	vol01:55:2:14	rekey	朕	0.9994
vol01:55:2:14	vol01:55:2:15	rekey	以	0.9996
vol01:55:2:15	vol01:55:2:16	rekey	春	0.9994
vol01:55:2:16	vol01:55:2:17	rekey	秋	0.9995
vol01:55:2:17	vol01:55:2:18	rekey	天	0.9996
vol01:55:2:18	vol01:55:2:19	rekey	子	0.9997
vol01:55:2:1	vol01:55:2:2	rekey	數	0.9989
vol01:55:2:2	vol01:55:2:3	rekey	十	0.9996
vol01:55:2:3	vol01:55:2:4	rekey	條	0.9994
vol01:55:2:4	vol01:55:2:5	rekey	館	0.9992
vol01:55:2:5	vol01:55:2:6	rekey	臣	0.9996
vol01:55:2:6	vol01:55:2:7	rekey	乃	0.9997
vol01:55:2:7	vol01:55:2:8	rekey	請	0.9994
vol01:55:2:8	vol01:55:2:9	rekey	撤	0.9992
vol01:55:3:9	vol01:55:3:10	rekey	著	0.9994
vol01:55:3:10	vol01:55:3:11	rekey	正	0.9996
vol01:55:3:11	vol01:55:3:12	rekey	統	0.9994
vol01:55:3:12	vol01:55:3:13	rekey	辨	0.9993
vol01:55:3:13	vol01:55:3:14	rekey	論	0.9993
vol01:55:3:14	vol01:55:3:15	rekey	斷	0.9972
vol01:55:3:15	vol01:55:3:16	rekey	甚	0.9992
vol01:55:3:16	vol01:55:3:17	rekey	明	0.9996
vol01:55:3:17	vol01:55:3:18	rekey	今	0.9995
vol01:55:3:18	vol01:55:3:19	rekey	契	0.9994
vol01:55:3:1	vol01:55:3:2	rekey	是	0.9995
vol01:55:3:2	vol01:55:3:3	rekey	非	0.9992
vol01:55:3:3	vol01:55:3:4	rekey	萬	0.9993
vol01:55:3:4	vol01:55:3:5	rekey	世	0.9996
vol01:55:3:5	vol01:55:3:6	rekey	之	0.9994
vol01:55:3:6	vol01:55:3:7	rekey	公	0.9995
vol01:55:3:7	vol01:55:3:8	rekey	昨	0.9996
vol01:55:3:8	vol01:55:3:9	rekey	曾	0.9993
vol01:55:4:9	vol01:55:4:10	rekey	存	0.9993
vol01:55:4:10	vol01:55:4:11	rekey	其	0.9994
vol01:55:4:11	vol01:55:4:12	rekey	舊	0.9994
vol01:55:4:12	vol01:55:4:13	rekey	惟	0.9995
vol01:55:4:13	vol01:55:4:14	rekey	體	0.9993
vol01:55:4:14	vol01:55:4:15	rekey	例	0.9994
vol01:55:4:15	vol01:55:4:16	rekey	書	0.9994
vol01:55:4:16	vol01:55:4:17	rekey	法	0.9994
vol01:55:4:17	vol01:55:4:18	rekey	訛	0.9995
vol01:55:4:18	vol01:55:4:19	rekey	謬	0.9992
vol01:55:4:1	vol01:55:4:2	rekey	志	0.9994
vol01:55:4:2	vol01:55:4:3	rekey	既	0.9995
vol01:55:4:3	vol01:55:4:4	rekey	有	0.9996
vol01:55:4:4	vol01:55:4:5	rekey	成	0.9996
vol01:55:4:5	vol01:55:4:6	rekey	書	0.9997
vol01:55:4:6	vol01:55:4:7	rekey	紀	0.9994
vol01:55:4:7	vol01:55:4:8	rekey	載	0.9994
vol01:55:4:8	vol01:55:4:9	rekey	當	0.9995
vol01:55:5:9	vol01:55:5:10	rekey	不	0.9995
vol01:55:5:10	vol01:55:5:11	rekey	加	0.9994
vol01:55:5:11	vol01:55:5:12	rekey	釐	0.9991
vol01:55:5:12	vol01:55:5:13	rekey	正	0.9994
vol01:55:5:13	vol01:55:5:14	rekey	著	0.9994
vol01:55:5:14	vol01:55:5:15	rekey	總	0.9993
vol01:55:5:15	vol01:55:5:16	rekey	纂	0.9992
vol01:55:5:16	vol01:55:5:17	rekey	紀	0.9996
vol01:55:5:17	vol01:55:5:18	rekey	昀	0.9996
vol01:55:5:18	vol01:55:5:19	rekey	等	0.9991
vol01:55:5:1	vol01:55:5:2	rekey	目	0.9998
vol01:55:5:19	vol01:55:5:20	rekey	詳	0.9994
vol01:55:5:2	vol01:55:5:3	rekey	大	0.9996
vol01:55:5:3	vol01:55:5:4	rekey	義	0.9995
vol01:55:5:4	vol01:55:5:5	rekey	有	0.9996
vol01:55:5:5	vol01:55:5:6	rekey	乖	0.9996
vol01:55:5:6	vol01:55:5:7	rekey	者	0.9993
vol01:55:5:7	vol01:55:5:8	rekey	不	0.9996
vol01:55:5:8	vol01:55:5:9	rekey	可	0.9996
vol01:55:6:9	vol01:55:6:10	rekey	中	0.9996
vol01:55:6:10	vol01:55:6:11	rekey	之	0.9996
vol01:55:6:11	vol01:55:6:12	rekey	事	0.9995
vol01:55:6:12	vol01:55:6:13	rekey	蹟	0.9992
vol01:55:6:13	vol01:55:6:14	rekey	如	0.9995
vol01:55:6:14	vol01:55:6:15	rekey	祭	0.9997
vol01:55:6:15	vol01:55:6:16	rekey	用	0.9996
vol01:55:6:16	vol01:55:6:17	rekey	白	0.9994
vol01:55:6:17	vol01:55:6:18	rekey	馬	0.9994
vol01:55:6:18	vol01:55:6:19	rekey	灰	0.9993
vol01:55:6:1	vol01:55:6:2	rekey	校	0.9995
vol01:55:6:2	vol01:55:6:3	rekey	勘	0.9993
vol01:55:6:3	vol01:55:6:4	rekey	依	0.9994
vol01:55:6:4	vol01:55:6:5	rekey	例	0.9995
vol01:55:6:5	vol01:55:6:6	rekey	改	0.9991
vol01:55:6:6	vol01:55:6:7	rekey	纂	0.9992
vol01:55:6:7	vol01:55:6:8	rekey	其	0.9993
vol01:55:6:8	vol01:55:6:9	rekey	志	0.9994
vol01:55:7:9	vol01:55:7:10	rekey	戴	0.999
vol01:55:7:10	vol01:55:7:11	rekey	野	0.9995
vol01:55:7:11	vol01:55:7:12	rekey	猪	0.9993
vol01:55:7:12	vol01:55:7:13	rekey	頭	0.9993
vol01:55:7:13	vol01:55:7:14	rekey	披	0.9994
vol01:55:7:14	vol01:55:7:15	rekey	皮	0.9995
vol01:55:7:15	vol01:55:7:16	rekey	之	0.9995
vol01:55:7:16	vol01:55:7:17	rekey	類	0.9993
vol01:55:7:17	vol01:55:7:18	rekey	雖	0.9994
vol01:55:7:18	vol01:55:7:19	rekey	迹	0.9994
vol01:55:7:1	vol01:55:7:2	rekey	中	0.9997
vol01:55:7:2	vol01:55:7:3	rekey	枯	0.9992
vol01:55:7:3	vol01:55:7:4	rekey	骨	0.9993
vol01:55:7:5	vol01:55:7:6	rekey	形	0.9991
vol01:55:7:6	vol01:55:7:7	rekey	視	0.9992
vol01:55:7:7	vol01:55:7:8	rekey	事	0.9994
vol01:55:7:8	vol01:55:7:9	rekey	及	0.9996
vol01:55:8:9	vol01:55:8:10	rekey	狄	0.9994
vol01:55:8:10	vol01:55:8:11	rekey	吞	0.9996
vol01:55:8:11	vol01:55:8:12	rekey	卵	0.9998
vol01:55:8:12	vol01:55:8:13	rekey	姜	0.9995
vol01:55:8:13	vol01:55:8:14	rekey	嫄	0.9992
vol01:55:8:14	vol01:55:8:15	rekey	履	0.9995
vol01:55:8:15	vol01:55:8:16	rekey	武	0.9993
vol01:55:8:16	vol01:55:8:17	rekey	復	0.9994
vol01:55:8:17	vol01:55:8:18	rekey	何	0.9996
vol01:55:8:18	vol01:55:8:19	rekey	以	0.9998
vol01:55:8:1	vol01:55:8:2	rekey	誕	0.9992
vol01:55:8:2	vol01:55:8:3	rekey	然	0.9993
vol01:55:8:3	vol01:55:8:4	rekey	與	0.9994
vol01:55:8:4	vol01:55:8:5	rekey	詩	0.9994
vol01:55:8:5	vol01:55:8:6	rekey	書	0.9993
vol01:55:8:6	vol01:55:8:7	rekey	所	0.9997
vol01:55:8:7	vol01:55:8:8	rekey	載	0.9994
vol01:55:8:8	vol01:55:8:9	rekey	簡	0.9995
vol01:55:9:9	vol01:55:9:10	rekey	義	0.9995
vol01:55:9:10	vol01:55:9:11	rekey	正	0.9995
vol01:55:9:11	vol01:55:9:12	rekey	如	0.9996
vol01:55:9:12	vol01:55:9:13	rekey	此	0.9995
vol01:55:9:13	vol01:55:9:14	rekey	又	0.9997
vol01:55:9:14	vol01:55:9:15	rekey	何	0.9995
vol01:55:9:15	vol01:55:9:16	rekey	必	0.9995
vol01:55:9:16	vol01:55:9:17	rekey	信	0.9995
vol01:55:9:17	vol01:55:9:18	rekey	遠	0.9995
vol01:55:9:18	vol01:55:9:19	rekey	而	0.9995
vol01:55:9:2	vol01:55:9:3	rekey	道	0.9994
vol01:55:9:3	vol01:55:9:4	rekey	設	0.9993
vol01:55:9:4	vol01:55:9:5	rekey	教	0.9994
vol01:55:9:5	vol01:55:9:6	rekey	古	0.9994
vol01:55:9:6	vol01:55:9:7	rekey	今	0.9997
vol01:55:9:7	vol01:55:9:8	rekey	胥	0.9994
vol01:55:9:8	vol01:55:9:9	rekey	然	0.9995
vol01:56:1:9	vol01:56:1:10	rekey	母	0.9996
vol01:56:1:10	vol01:56:1:11	rekey	后	0.9995
vol01:56:1:11	vol01:56:1:12	rekey	擅	0.9993
vol01:56:1:12	vol01:56:1:13	rekey	權	0.9995
vol01:56:1:13	vol01:56:1:14	rekey	諸	0.9995
vol01:56:1:14	vol01:56:1:15	rekey	事	0.9995
vol01:56:1:15	vol01:56:1:16	rekey	足	0.9996
vol01:56:1:16	vol01:56:1:17	rekey	爲	0.9995
vol01:56:1:17	vol01:56:1:18	rekey	後	0.9995
vol01:56:1:18	vol01:56:1:19	rekey	世	0.9994
vol01:56:1:1	vol01:56:1:2	rekey	乎	0.9992
vol01:56:1:19	vol01:56:1:20	rekey	鑒	0.9995
vol01:56:1:20	vol01:56:1:21	rekey	戒	0.9995
vol01:56:1:2	vol01:56:1:3	rekey	其	0.9996
vol01:56:1:3	vol01:56:1:4	rekey	餘	0.9995
vol01:56:1:4	vol01:56:1:5	rekey	遼	0.9997
vol01:56:1:5	vol01:56:1:6	rekey	帝	0.9995
vol01:56:1:6	vol01:56:1:7	rekey	過	0.9995
vol01:56:1:7	vol01:56:1:8	rekey	舉	0.9993
vol01:56:1:8	vol01:56:1:9	rekey	如	0.9995
vol01:56:2:9	vol01:56:2:10	rekey	不	0.9997
vol01:56:2:10	vol01:56:2:11	rekey	可	0.9997
vol01:56:2:11	vol01:56:2:12	rekey	易	0.9996
vol01:56:2:12	vol01:56:2:13	rekey	該	0.9996
vol01:56:2:13	vol01:56:2:14	rekey	總	0.9992
vol01:56:2:14	vol01:56:2:15	rekey	裁	0.9995
vol01:56:2:15	vol01:56:2:16	rekey	等	0.9996
vol01:56:2:16	vol01:56:2:17	rekey	覆	0.9994
vol01:56:2:17	vol01:56:2:18	rekey	閱	0.9992
vol01:56:2:18	vol01:56:2:19	rekey	進	0.9993
vol01:56:2:19	vol01:56:2:20	rekey	呈	0.9996
vol01:56:2:20	vol01:56:2:21	rekey	候	0.9996
vol01:56:2:2	vol01:56:2:3	rekey	仍	0.9996
vol01:56:2:3	vol01:56:2:4	rekey	據	0.9993
vol01:56:2:4	vol01:56:2:5	rekey	志	0.9996
vol01:56:2:5	vol01:56:2:6	rekey	實	0.9997
vol01:56:2:6	vol01:56:2:7	rekey	書	0.9993
vol01:56:2:7	vol01:56:2:8	rekey	一	0.9999
vol01:56:2:8	vol01:56:2:9	rekey	字	0.9993
vol01:56:3:9	vol01:56:3:10	rekey	書	0.9995
vol01:56:3:10	vol01:56:3:11	rekey	並	0.9994
vol01:56:3:11	vol01:56:3:12	rekey	將	0.9993
vol01:56:3:12	vol01:56:3:13	rekey	此	0.9993
vol01:56:3:13	vol01:56:3:14	rekey	旨	0.9993
vol01:56:3:14	vol01:56:3:15	rekey	書	0.9995
vol01:56:3:15	vol01:56:3:16	rekey	於	0.9995
vol01:56:3:16	vol01:56:3:17	rekey	簡	0.9993
vol01:56:3:17	vol01:56:3:18	rekey	端	0.9994
vol01:56:3:18	vol01:56:3:19	rekey	以	0.9997
vol01:56:3:1	vol01:56:3:2	rekey	朕	0.9994
vol01:56:3:19	vol01:56:3:20	rekey	昭	0.9995
vol01:56:3:20	vol01:56:3:21	rekey	綱	0.9994
vol01:56:3:2	vol01:56:3:3	rekey	親	0.9995
vol01:56:3:3	vol01:56:3:4	rekey	定	0.9995
vol01:56:3:4	vol01:56:3:5	rekey	錄	0.9996
vol01:56:3:5	vol01:56:3:6	rekey	入	0.9998
vol01:56:3:6	vol01:56:3:7	rekey	四	0.9995
vol01:56:3:7	vol01:56:3:8	rekey	庫	0.9995
vol01:56:3:8	vol01:56:3:9	rekey	全	0.9995
vol01:56:4:9	vol01:56:4:10	rekey	義	0.9991
vol01:56:4:10	vol01:56:4:11	rekey	特	0.9996
vol01:56:4:11	vol01:56:4:12	rekey	諭	0.9993
vol01:56:4:12	vol01:56:4:13	rekey	欽	0.9995
vol01:56:4:13	vol01:56:4:14	rekey	此	0.9995
vol01:56:4:1	vol01:56:4:2	rekey	常	0.9996
vol01:56:4:2	vol01:56:4:3	rekey	名	0.9996
vol01:56:4:3	vol01:56:4:4	rekey	教	0.9995
vol01:56:4:4	vol01:56:4:5	rekey	大	0.9996
vol01:56:4:5	vol01:56:4:6	rekey	公	0.9995
vol01:56:4:6	vol01:56:4:7	rekey	至	0.9995
vol01:56:4:7	vol01:56:4:8	rekey	正	0.9978
vol01:56:4:8	vol01:56:4:9	rekey	之	0.9996
vol01:56:5:9	vol01:56:5:10	rekey	月	0.9995
vol01:56:5:10	vol01:56:5:11	rekey	二	0.9992
vol01:56:5:11	vol01:56:5:12	rekey	十	0.9996
vol01:56:5:12	vol01:56:5:13	rekey	七	0.9995
vol01:56:5:13	vol01:56:5:14	rekey	日	0.9998
vol01:56:5:14	vol01:56:5:15	rekey	内	0.9996
vol01:56:5:15	vol01:56:5:16	rekey	閣	0.9996
vol01:56:5:16	vol01:56:5:17	rekey	奉	0.9993
vol01:56:5:2	vol01:56:5:3	rekey	乾	0.9995
vol01:56:5:3	vol01:56:5:4	rekey	隆	0.9992
vol01:56:5:4	vol01:56:5:5	rekey	四	0.9995
vol01:56:5:5	vol01:56:5:6	rekey	十	0.9997
vol01:56:5:6	vol01:56:5:7	rekey	六	0.9995
vol01:56:5:7	vol01:56:5:8	rekey	年	0.9998
vol01:56:5:8	vol01:56:5:9	rekey	十	0.9999
vol01:56:6:0	vol01:56:6:1	rekey	上	0.9993
vol01:56:6:9	vol01:56:6:10	rekey	有	0.9996
vol01:56:6:10	vol01:56:6:11	rekey	流	0.9995
vol01:56:6:11	vol01:56:6:12	rekey	傳	0.9993
vol01:56:6:12	vol01:56:6:13	rekey	選	0.9995
vol01:56:6:13	vol01:56:6:14	rekey	刻	0.9995
vol01:56:6:14	vol01:56:6:15	rekey	之	0.9997
vol01:56:6:15	vol01:56:6:16	rekey	本	0.9996
vol01:56:6:16	vol01:56:6:17	rekey	四	0.9995
vol01:56:6:17	vol01:56:6:18	rekey	庫	0.9996
vol01:56:6:18	vol01:56:6:19	rekey	全	0.9995
vol01:56:6:1	vol01:56:6:2	rekey	諭	0.9995
vol01:56:6:19	vol01:56:6:20	rekey	書	0.9995
vol01:56:6:20	vol01:56:6:21	rekey	内	0.9998
vol01:56:6:3	vol01:56:6:4	rekey	代	0.9997
vol01:56:6:4	vol01:56:6:5	rekey	明	0.9997
vol01:56:6:5	vol01:56:6:6	rekey	臣	0.9996
vol01:56:6:6	vol01:56:6:7	rekey	奏	0.9995
vol01:56:6:7	vol01:56:6:8	rekey	疏	0.9995
vol01:56:6:8	vol01:56:6:9	rekey	向	0.9994
vol01:56:7:9	vol01:56:7:10	rekey	其	0.9993
vol01:56:7:10	vol01:56:7:11	rekey	中	0.9996
vol01:56:7:11	vol01:56:7:12	rekey	危	0.9994
vol01:56:7:12	vol01:56:7:13	rekey	言	0.9995
vol01:56:7:13	vol01:56:7:14	rekey	讜	0.9992
vol01:56:7:14	vol01:56:7:15	rekey	論	0.9993
vol01:56:7:15	vol01:56:7:16	rekey	關	0.9996
vol01:56:7:16	vol01:56:7:17	rekey	係	0.9996
vol01:56:7:17	vol01:56:7:18	rekey	前	0.9996
vol01:56:7:18	vol01:56:7:19	rekey	代	0.9996
vol01:56:7:1	vol01:56:7:2	rekey	亦	0.997
vol01:56:7:19	vol01:56:7:20	rekey	得	0.9992
vol01:56:7:20	vol01:56:7:21	rekey	失	0.9997
vol01:56:7:2	vol01:56:7:3	rekey	經	0.9993
vol01:56:7:3	vol01:56:7:4	rekey	館	0.9994
vol01:56:7:4	vol01:56:7:5	rekey	臣	0.9995
vol01:56:7:5	vol01:56:7:6	rekey	編	0.9994
vol01:56:7:6	vol01:56:7:7	rekey	次	0.9996
vol01:56:7:7	vol01:56:7:8	rekey	進	0.9995
vol01:56:7:8	vol01:56:7:9	rekey	呈	0.9994
vol01:56:8:9	vol01:56:8:10	rekey	思	0.9999
vol01:56:8:10	vol01:56:8:11	rekey	勝	1.0
vol01:56:8:11	vol01:56:8:12	rekey	國	0.9995
vol01:56:8:12	vol01:56:8:13	rekey	去	0.9997
vol01:56:8:13	vol01:56:8:14	rekey	今	0.9995
vol01:56:8:14	vol01:56:8:15	rekey	尤	0.9996
vol01:56:8:15	vol01:56:8:16	rekey	近	0.9997
vol01:56:8:16	vol01:56:8:17	rekey	三	0.9996
vol01:56:8:17	vol01:56:8:18	rekey	百	0.9993
vol01:56:8:18	vol01:56:8:19	rekey	年	0.9995
vol01:56:8:1	vol01:56:8:2	rekey	者	0.9994
vol01:56:8:19	vol01:56:8:20	rekey	中	0.9996
vol01:56:8:20	vol01:56:8:21	rekey	藎	0.9991
vol01:56:8:2	vol01:56:8:3	rekey	固	0.9998
vol01:56:8:3	vol01:56:8:4	rekey	可	0.9996
vol01:56:8:4	vol01:56:8:5	rekey	援	0.9998
vol01:56:8:5	vol01:56:8:6	rekey	爲	1.0
vol01:56:8:6	vol01:56:8:7	rekey	法	0.9999
vol01:56:8:7	vol01:56:8:8	rekey	戒	0.9998
vol01:56:8:8	vol01:56:8:9	rekey	因	0.9995
vol01:56:9:9	vol01:56:9:10	rekey	實	0.9995
vol01:56:9:10	vol01:56:9:11	rekey	不	0.9999
vol01:56:9:11	vol01:56:9:12	rekey	乏	0.9996
vol01:56:9:12	vol01:56:9:13	rekey	人	0.9997
vol01:56:9:14	vol01:56:9:15	rekey	其	0.9994
vol01:56:9:15	vol01:56:9:16	rekey	規	0.9994
vol01:56:9:16	vol01:56:9:17	rekey	陳	0.9994
vol01:56:9:17	vol01:56:9:18	rekey	治	0.9995
vol01:56:9:18	vol01:56:9:19	rekey	亂	0.9996
vol01:56:9:1	vol01:56:9:2	rekey	臣	0.9993
vol01:56:9:19	vol01:56:9:20	rekey	抗	0.9991
vol01:56:9:20	vol01:56:9:21	rekey	疏	0.9994
vol01:56:9:2	vol01:56:9:3	rekey	傑	0.9992
vol01:56:9:3	vol01:56:9:4	rekey	士	0.9998
vol01:56:9:4	vol01:56:9:5	rekey	風	0.9996
vol01:56:9:5	vol01:56:9:6	rekey	節	0.9996
vol01:56:9:6	vol01:56:9:7	rekey	偉	0.9994
vol01:56:9:7	vol01:56:9:8	rekey	著	0.9994
vol01:56:9:8	vol01:56:9:9	rekey	者	0.9994
vol01:57:1:9	vol01:57:1:10	rekey	宋	0.9996
vol01:57:1:10	vol01:57:1:11	rekey	元	0.9994
vol01:57:1:11	vol01:57:1:12	rekey	諸	0.9993
vol01:57:1:12	vol01:57:1:13	rekey	臣	0.9993
vol01:57:1:13	vol01:57:1:14	rekey	而	0.9995
vol01:57:1:14	vol01:57:1:15	rekey	奏	0.9996
vol01:57:1:15	vol01:57:1:16	rekey	疏	0.9994
vol01:57:1:16	vol01:57:1:17	rekey	未	0.9995
vol01:57:1:17	vol01:57:1:18	rekey	有	0.9994
vol01:57:1:18	vol01:57:1:19	rekey	專	0.9993
vol01:57:1:1	vol01:57:1:2	rekey	批	0.9952
vol01:57:1:2	vol01:57:1:3	rekey	鱗	0.998
vol01:57:1:3	vol01:57:1:4	rekey	當	0.9995
vol01:57:1:4	vol01:57:1:5	rekey	亦	0.9998
vol01:57:1:5	vol01:57:1:6	rekey	不	0.9997
vol01:57:1:6	vol01:57:1:7	rekey	亞	0.9996
vol01:57:1:7	vol01:57:1:8	rekey	漢	0.9994
vol01:57:1:8	vol01:57:1:9	rekey	唐	0.9995
vol01:57:2:9	vol01:57:2:10	rekey	愛	0.9994
vol01:57:2:10	vol01:57:2:11	rekey	國	0.9995
vol01:57:2:11	vol01:57:2:12	rekey	之	0.9996
vol01:57:2:12	vol01:57:2:13	rekey	忱	0.9994
vol01:57:2:13	vol01:57:2:14	rekey	後	0.9996
vol01:57:2:14	vol01:57:2:15	rekey	世	0.9993
vol01:57:2:15	vol01:57:2:16	rekey	無	0.9995
vol01:57:2:16	vol01:57:2:17	rekey	由	0.9996
vol01:57:2:17	vol01:57:2:18	rekey	想	0.9995
vol01:57:2:18	vol01:57:2:19	rekey	見	0.9993
vol01:57:2:1	vol01:57:2:2	rekey	當	0.9994
vol01:57:2:2	vol01:57:2:3	rekey	年	0.9995
vol01:57:2:3	vol01:57:2:4	rekey	繩	0.9994
vol01:57:2:4	vol01:57:2:5	rekey	愆	0.9993
vol01:57:2:5	vol01:57:2:6	rekey	糾	0.9996
vol01:57:2:6	vol01:57:2:7	rekey	繆	0.9992
vol01:57:2:7	vol01:57:2:8	rekey	忠	0.9996
vol01:57:2:8	vol01:57:2:9	rekey	君	0.9996
vol01:57:3:9	vol01:57:3:10	rekey	未	0.9994
vol01:57:3:10	vol01:57:3:11	rekey	醇	0.9995
vol01:57:3:11	vol01:57:3:12	rekey	而	0.9994
vol01:57:3:12	vol01:57:3:13	rekey	其	0.9995
vol01:57:3:13	vol01:57:3:14	rekey	言	0.9993
vol01:57:3:14	vol01:57:3:15	rekey	一	0.9999
vol01:57:3:15	vol01:57:3:16	rekey	事	0.9993
vol01:57:3:16	vol01:57:3:17	rekey	陳	0.9994
vol01:57:3:17	vol01:57:3:18	rekey	一	0.9997
vol01:57:3:18	vol01:57:3:19	rekey	弊	0.9992
vol01:57:3:1	vol01:57:3:2	rekey	典	0.9994
vol01:57:3:2	vol01:57:3:3	rekey	也	0.9995
vol01:57:3:4	vol01:57:3:5	rekey	或	0.9994
vol01:57:3:5	vol01:57:3:6	rekey	其	0.9994
vol01:57:3:6	vol01:57:3:7	rekey	人	0.9996
vol01:57:3:7	vol01:57:3:8	rekey	品	0.9995
vol01:57:3:8	vol01:57:3:9	rekey	誼	0.9994
vol01:57:4:9	vol01:57:4:10	rekey	不	0.9997
vol01:57:4:10	vol01:57:4:11	rekey	可	0.9997
vol01:57:4:11	vol01:57:4:12	rekey	以	0.9996
vol01:57:4:12	vol01:57:4:13	rekey	人	0.9996
vol01:57:4:13	vol01:57:4:14	rekey	廢	0.9995
vol01:57:4:14	vol01:57:4:15	rekey	言	0.9998
vol01:57:4:15	vol01:57:4:16	rekey	至	0.9995
vol01:57:4:16	vol01:57:4:17	rekey	神	0.9994
vol01:57:4:17	vol01:57:4:18	rekey	宗	0.9995
vol01:57:4:18	vol01:57:4:19	rekey	以	0.9997
vol01:57:4:1	vol01:57:4:2	rekey	利	0.9996
vol01:57:4:2	vol01:57:4:3	rekey	病	0.9996
vol01:57:4:3	vol01:57:4:4	rekey	有	0.9996
vol01:57:4:4	vol01:57:4:5	rekey	裨	0.9995
vol01:57:4:5	vol01:57:4:6	rekey	時	0.9992
vol01:57:4:6	vol01:57:4:7	rekey	政	0.9995
vol01:57:4:7	vol01:57:4:8	rekey	者	0.9995
vol01:57:4:8	vol01:57:4:9	rekey	亦	0.9995
vol01:57:5:9	vol01:57:5:10	rekey	用	0.9996
vol01:57:5:10	vol01:57:5:11	rekey	兵	0.9995
vol01:57:5:11	vol01:57:5:12	rekey	涉	0.9994
vol01:57:5:12	vol01:57:5:13	rekey	及	0.9996
vol01:57:5:13	vol01:57:5:14	rekey	本	0.9997
vol01:57:5:14	vol01:57:5:15	rekey	朝	0.9996
vol01:57:5:15	vol01:57:5:16	rekey	之	0.9999
vol01:57:5:16	vol01:57:5:17	rekey	處	0.9993
vol01:57:5:17	vol01:57:5:18	rekey	彼	0.9996
vol01:57:5:18	vol01:57:5:19	rekey	時	0.9994
vol01:57:5:1	vol01:57:5:2	rekey	臣	0.9998
vol01:57:5:2	vol01:57:5:3	rekey	奏	0.9995
vol01:57:5:3	vol01:57:5:4	rekey	疏	0.9998
vol01:57:5:4	vol01:57:5:5	rekey	内	0.9997
vol01:57:5:5	vol01:57:5:6	rekey	有	0.9999
vol01:57:5:6	vol01:57:5:7	rekey	因	0.9997
vol01:57:5:7	vol01:57:5:8	rekey	遼	0.9993
vol01:57:5:8	vol01:57:5:9	rekey	瀋	0.9995
vol01:57:6:9	vol01:57:6:10	rekey	竊	0.9992
vol01:57:6:10	vol01:57:6:11	rekey	柄	0.9995
vol01:57:6:11	vol01:57:6:12	rekey	權	0.9992
vol01:57:6:12	vol01:57:6:13	rekey	倖	0.9996
vol01:57:6:13	vol01:57:6:14	rekey	滿	0.9992
vol01:57:6:14	vol01:57:6:15	rekey	朝	0.9996
vol01:57:6:15	vol01:57:6:16	rekey	以	0.9998
vol01:57:6:16	vol01:57:6:17	rekey	致	0.9993
vol01:57:6:17	vol01:57:6:18	rekey	舉	0.9998
vol01:57:6:18	vol01:57:6:19	rekey	錯	0.9995
vol01:57:6:1	vol01:57:6:2	rekey	政	0.9993
vol01:57:6:2	vol01:57:6:3	rekey	昏	0.9997
vol01:57:6:3	vol01:57:6:4	rekey	太	0.9995
vol01:57:6:4	vol01:57:6:5	rekey	阿	0.9996
vol01:57:6:5	vol01:57:6:6	rekey	倒	0.9998
vol01:57:6:7	vol01:57:6:8	rekey	閹	0.9997
vol01:57:6:8	vol01:57:6:9	rekey	人	0.9995
vol01:57:7:9	vol01:57:7:10	rekey	於	0.999
vol01:57:7:10	vol01:57:7:11	rekey	上	0.9995
vol01:57:7:11	vol01:57:7:12	rekey	竟	0.9996
vol01:57:7:12	vol01:57:7:13	rekey	置	0.9991
vol01:57:7:13	vol01:57:7:14	rekey	國	0.9996
vol01:57:7:14	vol01:57:7:15	rekey	事	0.9995
vol01:57:7:15	vol01:57:7:16	rekey	若	0.9994
vol01:57:7:16	vol01:57:7:17	rekey	罔	0.9994
vol01:57:7:17	vol01:57:7:18	rekey	聞	0.9993
vol01:57:7:18	vol01:57:7:19	rekey	遂	0.9993
vol01:57:7:1	vol01:57:7:2	rekey	賞	0.9995
vol01:57:7:2	vol01:57:7:3	rekey	罰	0.9995
vol01:57:7:3	vol01:57:7:4	rekey	不	0.9995
vol01:57:7:4	vol01:57:7:5	rekey	明	0.9994
vol01:57:7:5	vol01:57:7:6	rekey	其	0.9996
vol01:57:7:6	vol01:57:7:7	rekey	君	0.9995
vol01:57:7:7	vol01:57:7:8	rekey	綴	0.9992
vol01:57:7:8	vol01:57:7:9	rekey	旒	0.9995
vol01:57:8:16	vol01:57:8:17	rekey	若	0.9994
vol01:57:8:17	vol01:57:8:18	rekey	楊	0.9994
vol01:57:8:18	vol01:57:8:19	rekey	漣	0.9993
vol01:57:8:1	vol01:57:8:2	rekey	㓂	0.9994
vol01:57:8:2	vol01:57:8:3	rekey	四	0.9995
vol01:57:8:3	vol01:57:8:4	rekey	起	0.9996
vol01:57:8:5	vol01:57:8:6	rekey	潰	0.9994
vol01:57:8:6	vol01:57:8:7	rekey	餉	0.9996
vol01:57:8:7	vol01:57:8:8	rekey	絕	0.9993
vol01:57:9:9	vol01:57:9:10	rekey	衝	0.9995
vol01:57:9:10	vol01:57:9:11	rekey	疆	0.9994
vol01:57:9:11	vol01:57:9:12	rekey	塲	0.9992
vol01:57:9:12	vol01:57:9:13	rekey	或	0.9997
vol01:57:9:13	vol01:57:9:14	rekey	正	0.9995
vol01:57:9:15	vol01:57:9:16	rekey	立	0.9997
vol01:57:9:16	vol01:57:9:17	rekey	朝	0.9995
vol01:57:9:17	vol01:57:9:18	rekey	俱	0.9996
vol01:57:9:18	vol01:57:9:19	rekey	能	0.9996
vol01:57:9:1	vol01:57:9:2	rekey	斗	0.9999
vol01:57:9:2	vol01:57:9:3	rekey	熊	0.9993
vol01:57:9:3	vol01:57:9:4	rekey	廷	0.9998
vol01:57:9:4	vol01:57:9:5	rekey	弼	0.9993
vol01:57:9:5	vol01:57:9:6	rekey	諸	0.9996
vol01:57:9:6	vol01:57:9:7	rekey	人	0.9996
vol01:57:9:7	vol01:57:9:8	rekey	或	0.9994
vol01:57:9:8	vol01:57:9:9	rekey	折	0.9994
vol01:58:1:9	vol01:58:1:10	rekey	之	0.9997
vol01:58:1:10	vol01:58:1:11	rekey	君	0.9997
vol01:58:1:11	vol01:58:1:12	rekey	果	0.9995
vol01:58:1:12	vol01:58:1:13	rekey	能	0.9994
vol01:58:1:13	vol01:58:1:14	rekey	探	0.9994
vol01:58:1:14	vol01:58:1:15	rekey	而	0.9996
vol01:58:1:15	vol01:58:1:16	rekey	用	0.9997
vol01:58:1:16	vol01:58:1:17	rekey	之	0.9996
vol01:58:1:17	vol01:58:1:18	rekey	猶	0.9996
vol01:58:1:18	vol01:58:1:19	rekey	不	0.9995
vol01:58:1:1	vol01:58:1:2	rekey	建	0.9995
vol01:58:1:19	vol01:58:1:20	rekey	致	0.9995
vol01:58:1:20	vol01:58:1:21	rekey	敗	0.9996
vol01:58:1:2	vol01:58:1:3	rekey	議	0.9994
vol01:58:1:3	vol01:58:1:4	rekey	剴	0.9995
vol01:58:1:4	vol01:58:1:5	rekey	切	0.9996
vol01:58:1:5	vol01:58:1:6	rekey	敷	0.9994
vol01:58:1:6	vol01:58:1:7	rekey	陳	0.9992
vol01:58:1:7	vol01:58:1:8	rekey	設	0.9995
vol01:58:1:8	vol01:58:1:9	rekey	明	0.9997
vol01:58:2:9	vol01:58:2:10	rekey	今	0.9999
vol01:58:2:10	vol01:58:2:11	rekey	百	0.9999
vol01:58:2:11	vol01:58:2:12	rekey	十	0.9999
vol01:58:2:12	vol01:58:2:13	rekey	餘	0.9998
vol01:58:2:13	vol01:58:2:14	rekey	年	0.9997
vol01:58:2:14	vol01:58:2:15	rekey	殷	0.9995
vol01:58:2:15	vol01:58:2:16	rekey	鑒	0.9992
vol01:58:2:16	vol01:58:2:17	rekey	不	0.9999
vol01:58:2:17	vol01:58:2:18	rekey	遠	0.9996
vol01:58:2:18	vol01:58:2:19	rekey	尤	0.9996
vol01:58:2:1	vol01:58:2:2	rekey	亡	0.9996
vol01:58:2:19	vol01:58:2:20	rekey	當	0.9996
vol01:58:2:20	vol01:58:2:21	rekey	引	0.9997
vol01:58:2:2	vol01:58:2:3	rekey	若	0.9995
vol01:58:2:3	vol01:58:2:4	rekey	是	0.9997
vol01:58:2:4	vol01:58:2:5	rekey	之	0.9996
vol01:58:2:5	vol01:58:2:6	rekey	極	0.9992
vol01:58:2:6	vol01:58:2:7	rekey	其	0.9995
vol01:58:2:7	vol01:58:2:8	rekey	事	0.9995
vol01:58:2:8	vol01:58:2:9	rekey	距	0.9996
vol01:58:3:9	vol01:58:3:10	rekey	不	0.9995
vol01:58:3:10	vol01:58:3:11	rekey	可	0.9996
vol01:58:3:11	vol01:58:3:12	rekey	不	0.9997
vol01:58:3:12	vol01:58:3:13	rekey	亟	0.9994
vol01:58:3:13	vol01:58:3:14	rekey	爲	0.9996
vol01:58:3:14	vol01:58:3:15	rekey	輯	0.9997
vol01:58:3:15	vol01:58:3:16	rekey	錄	0.9995
vol01:58:3:16	vol01:58:3:17	rekey	也	0.9997
vol01:58:3:17	vol01:58:3:18	rekey	除	0.9995
vol01:58:3:18	vol01:58:3:19	rekey	明	0.9996
vol01:58:3:1	vol01:58:3:2	rekey	爲	0.9994
vol01:58:3:19	vol01:58:3:20	rekey	史	0.9996
vol01:58:3:20	vol01:58:3:21	rekey	本	0.9995
vol01:58:3:2	vol01:58:3:3	rekey	炯	0.9996
vol01:58:3:3	vol01:58:3:4	rekey	戒	0.9993
vol01:58:3:4	vol01:58:3:5	rekey	則	0.9995
vol01:58:3:5	vol01:58:3:6	rekey	諸	0.9995
vol01:58:3:6	vol01:58:3:7	rekey	人	0.9996
vol01:58:3:7	vol01:58:3:8	rekey	奏	0.9996
vol01:58:3:8	vol01:58:3:9	rekey	疏	0.9995
vol01:58:4:9	vol01:58:4:10	rekey	書	0.9994
vol01:58:4:10	vol01:58:4:11	rekey	諸	0.9993
vol01:58:4:11	vol01:58:4:12	rekey	人	0.9997
vol01:58:4:12	vol01:58:4:13	rekey	文	0.9995
vol01:58:4:13	vol01:58:4:14	rekey	集	0.9993
vol01:58:4:14	vol01:58:4:15	rekey	均	0.9996
vol01:58:4:15	vol01:58:4:16	rekey	當	0.9995
vol01:58:4:16	vol01:58:4:17	rekey	廣	0.9997
vol01:58:4:17	vol01:58:4:18	rekey	爲	0.9994
vol01:58:4:18	vol01:58:4:19	rekey	蒐	0.9996
vol01:58:4:1	vol01:58:4:2	rekey	傳	0.9996
vol01:58:4:19	vol01:58:4:20	rekey	採	0.9996
vol01:58:4:20	vol01:58:4:21	rekey	裒	0.9997
vol01:58:4:2	vol01:58:4:3	rekey	外	0.9997
vol01:58:4:3	vol01:58:4:4	rekey	所	0.9995
vol01:58:4:4	vol01:58:4:5	rekey	有	0.9996
vol01:58:4:5	vol01:58:4:6	rekey	入	0.9996
vol01:58:4:6	vol01:58:4:7	rekey	四	0.9994
vol01:58:4:7	vol01:58:4:8	rekey	庫	0.9996
vol01:58:4:8	vol01:58:4:9	rekey	全	0.9995
vol01:58:5:9	vol01:58:5:10	rekey	句	0.9997
vol01:58:5:10	vol01:58:5:11	rekey	祗	0.9994
vol01:58:5:11	vol01:58:5:12	rekey	須	0.9994
vol01:58:5:12	vol01:58:5:13	rekey	畧	0.9993
vol01:58:5:13	vol01:58:5:14	rekey	爲	0.9992
vol01:58:5:14	vol01:58:5:15	rekey	節	0.9995
vol01:58:5:15	vol01:58:5:16	rekey	潤	0.9993
vol01:58:5:16	vol01:58:5:17	rekey	仍	0.9997
vol01:58:5:17	vol01:58:5:18	rekey	將	0.9993
vol01:58:5:18	vol01:58:5:19	rekey	原	0.9995
vol01:58:5:1	vol01:58:5:2	rekey	集	0.9996
vol01:58:5:19	vol01:58:5:20	rekey	文	0.9994
vol01:58:5:20	vol01:58:5:21	rekey	錄	0.9991
vol01:58:5:2	vol01:58:5:3	rekey	成	0.9995
vol01:58:5:3	vol01:58:5:4	rekey	編	0.9993
vol01:58:5:5	vol01:58:5:6	rekey	有	0.9996
vol01:58:5:6	vol01:58:5:7	rekey	違	0.9993
vol01:58:5:7	vol01:58:5:8	rekey	碍	0.9993
vol01:58:5:8	vol01:58:5:9	rekey	字	0.9995
vol01:58:6:9	vol01:58:6:10	rekey	係	0.9997
vol01:58:6:10	vol01:58:6:11	rekey	明	0.9995
vol01:58:6:11	vol01:58:6:12	rekey	季	0.9994
vol01:58:6:12	vol01:58:6:13	rekey	之	0.9995
vol01:58:6:13	vol01:58:6:14	rekey	所	0.9993
vol01:58:6:14	vol01:58:6:15	rekey	以	0.9997
vol01:58:6:15	vol01:58:6:16	rekey	亡	0.9993
vol01:58:6:16	vol01:58:6:17	rekey	與	0.9995
vol01:58:6:17	vol01:58:6:18	rekey	我	0.9995
vol01:58:6:18	vol01:58:6:19	rekey	朝	0.9995
vol01:58:6:1	vol01:58:6:2	rekey	入	0.9997
vol01:58:6:19	vol01:58:6:20	rekey	之	0.9998
vol01:58:6:20	vol01:58:6:21	rekey	所	0.9994
vol01:58:6:2	vol01:58:6:3	rekey	不	0.9997
vol01:58:6:3	vol01:58:6:4	rekey	可	0.9995
vol01:58:6:5	vol01:58:6:6	rekey	改	0.9996
vol01:58:6:6	vol01:58:6:7	rekey	此	0.9993
vol01:58:6:7	vol01:58:6:8	rekey	事	0.9995
vol01:58:6:8	vol01:58:6:9	rekey	關	0.9993
vol01:58:7:1	vol01:58:7:2	rekey	以	0.9997
vol01:58:7:2	vol01:58:7:3	rekey	興	0.9995
vol01:58:7:3	vol01:58:7:4	rekey	敬	0.9994
vol01:58:7:4	vol01:58:7:5	rekey	怠	0.9996
vol01:58:7:5	vol01:58:7:6	rekey	之	0.9997
vol01:58:7:6	vol01:58:7:7	rekey	分	0.9995
vol01:58:8:0	vol01:58:8:1	rekey	人	0.9997
vol01:58:8:9	vol01:58:8:10	rekey	慮	0.9998
vol01:58:8:10	vol01:58:8:11	rekey	觸	0.9995
vol01:58:8:11	vol01:58:8:12	rekey	目	0.9999
vol01:58:8:12	vol01:58:8:13	rekey	警	0.9991
vol01:58:8:13	vol01:58:8:14	rekey	心	0.9997
vol01:58:8:14	vol01:58:8:15	rekey	著	0.9995
vol01:58:8:15	vol01:58:8:16	rekey	派	0.9993
vol01:58:8:16	vol01:58:8:17	rekey	諸	0.9994
vol01:58:8:17	vol01:58:8:18	rekey	皇	0.995
vol01:58:8:18	vol01:58:8:19	rekey	子	0.9996
vol01:58:8:1	vol01:58:8:2	rekey	之	0.9997
vol01:58:8:19	vol01:58:8:20	rekey	同	0.9996
vol01:58:8:20	vol01:58:8:21	rekey	總	0.9996
vol01:58:8:2	vol01:58:8:3	rekey	際	0.9997
vol01:58:8:3	vol01:58:8:4	rekey	不	0.9995
vol01:58:8:4	vol01:58:8:5	rekey	可	0.9994
vol01:58:8:5	vol01:58:8:6	rekey	不	0.9996
vol01:58:8:6	vol01:58:8:7	rekey	深	0.9996
vol01:58:8:7	vol01:58:8:8	rekey	思	0.9996
vol01:58:8:8	vol01:58:8:9	rekey	遠	0.9996
vol01:58:9:9	vol01:58:9:10	rekey	其	0.9995
vol01:58:9:10	vol01:58:9:11	rekey	皇	0.9995
vol01:58:9:11	vol01:58:9:12	rekey	孫	0.9995
vol01:58:9:12	vol01:58:9:13	rekey	皇	0.9996
vol01:58:9:13	vol01:58:9:14	rekey	曾	0.9996
vol01:58:9:14	vol01:58:9:15	rekey	孫	0.9995
vol01:58:9:15	vol01:58:9:16	rekey	之	0.9995
vol01:58:9:16	vol01:58:9:17	rekey	師	0.9994
vol01:58:9:17	vol01:58:9:18	rekey	傅	0.9991
vol01:58:9:18	vol01:58:9:19	rekey	翰	0.9995
vol01:58:9:1	vol01:58:9:2	rekey	師	0.9997
vol01:58:9:19	vol01:58:9:20	rekey	林	0.9996
vol01:58:9:20	vol01:58:9:21	rekey	等	0.9994
vol01:58:9:2	vol01:58:9:3	rekey	傅	0.9995
vol01:58:9:3	vol01:58:9:4	rekey	蔡	0.9997
vol01:58:9:4	vol01:58:9:5	rekey	新	0.9993
vol01:58:9:5	vol01:58:9:6	rekey	等	0.9995
vol01:58:9:6	vol01:58:9:7	rekey	爲	0.9994
vol01:58:9:7	vol01:58:9:8	rekey	總	0.9995
vol01:58:9:8	vol01:58:9:9	rekey	裁	0.9995
vol01:59:1:9	vol01:59:1:10	rekey	續	0.9994
vol01:59:1:10	vol01:59:1:11	rekey	進	0.9996
vol01:59:1:11	vol01:59:1:12	rekey	呈	0.9994
vol01:59:1:12	vol01:59:1:13	rekey	候	0.9994
vol01:59:1:13	vol01:59:1:14	rekey	朕	0.9994
vol01:59:1:14	vol01:59:1:15	rekey	親	0.9992
vol01:59:1:15	vol01:59:1:16	rekey	裁	0.9994
vol01:59:1:16	vol01:59:1:17	rekey	書	0.9994
vol01:59:1:17	vol01:59:1:18	rekey	成	0.9995
vol01:59:1:18	vol01:59:1:19	rekey	後	0.9995
vol01:59:1:2	vol01:59:1:3	rekey	著	0.9993
vol01:59:1:3	vol01:59:1:4	rekey	爲	0.9994
vol01:59:1:4	vol01:59:1:5	rekey	纂	0.9993
vol01:59:1:5	vol01:59:1:6	rekey	修	0.9995
vol01:59:1:6	vol01:59:1:7	rekey	校	0.9993
vol01:59:1:7	vol01:59:1:8	rekey	錄	0.9992
vol01:59:1:8	vol01:59:1:9	rekey	陸	0.9994
vol01:59:2:9	vol01:59:2:10	rekey	四	0.9994
vol01:59:2:10	vol01:59:2:11	rekey	庫	0.9993
vol01:59:2:11	vol01:59:2:12	rekey	全	0.9994
vol01:59:2:12	vol01:59:2:13	rekey	書	0.9994
vol01:59:2:13	vol01:59:2:14	rekey	將	0.9994
vol01:59:2:14	vol01:59:2:15	rekey	此	0.9994
vol01:59:2:15	vol01:59:2:16	rekey	旨	0.9994
vol01:59:2:16	vol01:59:2:17	rekey	冠	0.9991
vol01:59:2:17	vol01:59:2:18	rekey	於	0.9994
vol01:59:2:18	vol01:59:2:19	rekey	簡	0.9995
vol01:59:2:1	vol01:59:2:2	rekey	武	0.9992
vol01:59:2:19	vol01:59:2:20	rekey	端	0.9993
vol01:59:2:20	vol01:59:2:21	rekey	所	0.9991
vol01:59:2:2	vol01:59:2:3	rekey	英	0.9996
vol01:59:2:3	vol01:59:2:4	rekey	殿	0.9994
vol01:59:2:4	vol01:59:2:5	rekey	刊	0.9994
vol01:59:2:5	vol01:59:2:6	rekey	刻	0.9995
vol01:59:2:6	vol01:59:2:7	rekey	仍	0.9996
vol01:59:2:7	vol01:59:2:8	rekey	鈔	0.9993
vol01:59:2:8	vol01:59:2:9	rekey	入	0.9998
vol01:59:3:9	vol01:59:3:10	rekey	神	0.9994
vol01:59:3:10	vol01:59:3:11	rekey	宗	0.9996
vol01:59:3:11	vol01:59:3:12	rekey	以	0.9996
vol01:59:3:12	vol01:59:3:13	rekey	後	0.9993
vol01:59:3:13	vol01:59:3:14	rekey	各	0.9995
vol01:59:3:14	vol01:59:3:15	rekey	奏	0.9994
vol01:59:3:15	vol01:59:3:16	rekey	疏	0.9993
vol01:59:3:17	vol01:59:3:18	rekey	著	0.9993
vol01:59:3:18	vol01:59:3:19	rekey	歸	0.9995
vol01:59:3:1	vol01:59:3:2	rekey	有	0.9992
vol01:59:3:19	vol01:59:3:20	rekey	入	0.9997
vol01:59:3:20	vol01:59:3:21	rekey	此	0.9995
vol01:59:3:2	vol01:59:3:3	rekey	前	0.9994
vol01:59:3:3	vol01:59:3:4	rekey	派	0.9994
vol01:59:3:4	vol01:59:3:5	rekey	紀	0.9995
vol01:59:3:5	vol01:59:3:6	rekey	昀	0.9994
vol01:59:3:6	vol01:59:3:7	rekey	等	0.9992
vol01:59:3:7	vol01:59:3:8	rekey	選	0.9993
vol01:59:3:8	vol01:59:3:9	rekey	出	0.9996
vol01:59:4:9	vol01:59:4:10	rekey	纂	0.9994
vol01:59:4:10	vol01:59:4:11	rekey	特	0.9995
vol01:59:4:11	vol01:59:4:12	rekey	諭	0.9994
vol01:59:4:12	vol01:59:4:13	rekey	欽	0.9993
vol01:59:4:13	vol01:59:4:14	rekey	此	0.9994
vol01:59:4:1	vol01:59:4:2	rekey	書	0.9969
vol01:59:4:2	vol01:59:4:3	rekey	按	0.9992
vol01:59:4:3	vol01:59:4:4	rekey	其	0.9991
vol01:59:4:4	vol01:59:4:5	rekey	朝	0.9992
vol01:59:4:5	vol01:59:4:6	rekey	代	0.9995
vol01:59:4:7	vol01:59:4:8	rekey	體	0.9993
vol01:59:4:8	vol01:59:4:9	rekey	編	0.9992
vol01:59:4:6	vol01:59:5:10	rekey	一	0.9999
vol01:59:5:10	vol01:59:5:11	rekey	月	0.9996
vol01:59:5:11	vol01:59:5:12	rekey	初	0.9995
vol01:59:5:12	vol01:59:5:13	rekey	六	0.9994
vol01:59:5:13	vol01:59:5:14	rekey	日	0.9997
vol01:59:5:14	vol01:59:5:15	rekey	内	0.9994
vol01:59:5:15	vol01:59:5:16	rekey	閣	0.9995
vol01:59:5:16	vol01:59:5:17	rekey	奉	0.9993
vol01:59:5:2	vol01:59:5:3	rekey	乾	0.999
vol01:59:5:3	vol01:59:5:4	rekey	隆	0.9993
vol01:59:5:4	vol01:59:5:5	rekey	四	0.9995
vol01:59:5:5	vol01:59:5:6	rekey	十	0.9999
vol01:59:5:6	vol01:59:5:7	rekey	六	0.9996
vol01:59:5:7	vol01:59:5:8	rekey	年	0.9995
vol01:59:5:8	vol01:59:5:9	rekey	十	0.9998
vol01:59:6:0	vol01:59:6:1	rekey	上	0.9995
vol01:59:6:9	vol01:59:6:10	rekey	書	0.9994
vol01:59:6:10	vol01:59:6:11	rekey	有	0.9995
vol01:59:6:11	vol01:59:6:12	rekey	朱	0.9995
vol01:59:6:12	vol01:59:6:13	rekey	存	0.9994
vol01:59:6:13	vol01:59:6:14	rekey	孝	0.9994
vol01:59:6:14	vol01:59:6:15	rekey	編	0.9995
vol01:59:6:15	vol01:59:6:16	rekey	輯	0.9995
vol01:59:6:17	vol01:59:6:18	rekey	文	0.9996
vol01:59:6:18	vol01:59:6:19	rekey	類	0.9993
vol01:59:6:1	vol01:59:6:2	rekey	諭	0.9992
vol01:59:6:19	vol01:59:6:20	rekey	聚	0.9995
vol01:59:6:20	vol01:59:6:21	rekey	補	0.9995
vol01:59:6:2	vol01:59:6:3	rekey	昨	0.9995
vol01:59:6:3	vol01:59:6:4	rekey	閱	0.9993
vol01:59:6:4	vol01:59:6:5	rekey	四	0.9996
vol01:59:6:5	vol01:59:6:6	rekey	庫	0.9996
vol01:59:6:6	vol01:59:6:7	rekey	館	0.9993
vol01:59:6:7	vol01:59:6:8	rekey	進	0.9994
vol01:59:6:8	vol01:59:6:9	rekey	呈	0.9996
vol01:59:7:9	vol01:59:7:10	rekey	詠	0.9992
vol01:59:7:10	vol01:59:7:11	rekey	詩	0.9995
vol01:59:7:11	vol01:59:7:12	rekey	詞	0.9994
vol01:59:7:12	vol01:59:7:13	rekey	意	0.9996
vol01:59:7:13	vol01:59:7:14	rekey	媟	0.9995
vol01:59:7:14	vol01:59:7:15	rekey	狎	0.9996
vol01:59:7:15	vol01:59:7:16	rekey	有	0.9992
vol01:59:7:16	vol01:59:7:17	rekey	乖	0.9995
vol01:59:7:17	vol01:59:7:18	rekey	雅	0.9994
vol01:59:7:18	vol01:59:7:19	rekey	正	0.9994
vol01:59:7:1	vol01:59:7:2	rekey	遺	0.9994
vol01:59:7:19	vol01:59:7:20	rekey	夫	0.9996
vol01:59:7:20	vol01:59:7:21	rekey	詩	0.9992
vol01:59:7:2	vol01:59:7:3	rekey	一	0.9999
vol01:59:7:3	vol01:59:7:4	rekey	種	0.9995
vol01:59:7:4	vol01:59:7:5	rekey	内	0.9995
vol01:59:7:5	vol01:59:7:6	rekey	載	0.9994
vol01:59:7:6	vol01:59:7:7	rekey	美	0.9993
vol01:59:7:7	vol01:59:7:8	rekey	人	0.9996
vol01:59:7:8	vol01:59:7:9	rekey	八	0.9996
vol01:59:8:10	vol01:59:8:11	rekey	不	0.9996
vol01:59:8:11	vol01:59:8:12	rekey	刪	0.9992
vol01:59:8:12	vol01:59:8:13	rekey	鄭	0.9994
vol01:59:8:13	vol01:59:8:14	rekey	衞	0.9991
vol01:59:8:14	vol01:59:8:15	rekey	所	0.9993
vol01:59:8:15	vol01:59:8:16	rekey	以	0.9997
vol01:59:8:16	vol01:59:8:17	rekey	示	0.9993
vol01:59:8:17	vol01:59:8:18	rekey	刺	0.9994
vol01:59:8:18	vol01:59:8:19	rekey	示	0.9994
vol01:59:8:1	vol01:59:8:2	rekey	以	0.9998
vol01:59:8:19	vol01:59:8:20	rekey	戒	0.999
vol01:59:8:20	vol01:59:8:21	rekey	也	0.9995
vol01:59:8:2	vol01:59:8:3	rekey	温	0.9995
vol01:59:8:3	vol01:59:8:4	rekey	柔	0.9993
vol01:59:8:4	vol01:59:8:5	rekey	敦	0.9995
vol01:59:8:5	vol01:59:8:6	rekey	厚	0.9993
vol01:59:8:6	vol01:59:8:7	rekey	爲	0.9993
vol01:59:8:7	vol01:59:8:8	rekey	教	0.9992
vol01:59:8:8	vol01:59:8:9	rekey	孔	0.9995
vol01:59:9:9	vol01:59:9:10	rekey	蔽	0.9994
vol01:59:9:10	vol01:59:9:11	rekey	以	0.9998
vol01:59:9:11	vol01:59:9:12	rekey	無	0.9995
vol01:59:9:12	vol01:59:9:13	rekey	邪	0.9994
vol01:59:9:14	vol01:59:9:15	rekey	美	0.9991
vol01:59:9:15	vol01:59:9:16	rekey	人	0.9995
vol01:59:9:16	vol01:59:9:17	rekey	香	0.9995
vol01:59:9:17	vol01:59:9:18	rekey	草	0.9993
vol01:59:9:18	vol01:59:9:19	rekey	以	0.9997
vol01:59:9:1	vol01:59:9:2	rekey	故	0.9998
vol01:59:9:19	vol01:59:9:20	rekey	喻	0.9994
vol01:59:9:20	vol01:59:9:21	rekey	君	0.9994
vol01:59:9:2	vol01:59:9:3	rekey	三	0.9998
vol01:59:9:3	vol01:59:9:4	rekey	百	0.9993
vol01:59:9:4	vol01:59:9:5	rekey	篇	0.9994
vol01:59:9:5	vol01:59:9:6	rekey	之	0.9995
vol01:59:9:6	vol01:59:9:7	rekey	旨	0.9994
vol01:59:9:7	vol01:59:9:8	rekey	一	0.9994
vol01:59:9:8	vol01:59:9:9	rekey	言	0.9996
vol01:5:1:9	vol01:5:1:10	rekey	加	0.9994
vol01:5:1:10	vol01:5:1:11	rekey	意	0.9997
vol01:5:1:11	vol01:5:1:12	rekey	購	0.9996
vol01:5:1:12	vol01:5:1:13	rekey	訪	0.9995
vol01:5:1:13	vol01:5:1:14	rekey	除	0.9996
vol01:5:1:14	vol01:5:1:15	rekey	坊	0.9996
vol01:5:1:15	vol01:5:1:16	rekey	肆	0.9994
vol01:5:1:16	vol01:5:1:17	rekey	所	0.9994
vol01:5:1:17	vol01:5:1:18	rekey	售	0.9996
vol01:5:1:18	vol01:5:1:19	rekey	舉	0.9993
vol01:5:1:1	vol01:5:1:2	rekey	撫	0.9996
vol01:5:1:2	vol01:5:1:3	rekey	學	0.9995
vol01:5:1:3	vol01:5:1:4	rekey	政	0.9996
vol01:5:1:4	vol01:5:1:5	rekey	等	0.9997
vol01:5:1:5	vol01:5:1:6	rekey	通	0.9997
vol01:5:1:6	vol01:5:1:7	rekey	飭	0.9995
vol01:5:1:7	vol01:5:1:8	rekey	所	0.9993
vol01:5:1:8	vol01:5:1:9	rekey	屬	0.9993
vol01:5:2:9	vol01:5:2:10	rekey	譜	0.9995
vol01:5:2:10	vol01:5:2:11	rekey	尺	0.9995
vol01:5:2:11	vol01:5:2:12	rekey	牘	0.9994
vol01:5:2:12	vol01:5:2:13	rekey	屏	0.9995
vol01:5:2:16	vol01:5:2:17	rekey	等	0.9962
vol01:5:2:17	vol01:5:2:18	rekey	類	0.9996
vol01:5:2:18	vol01:5:2:19	rekey	又	0.9996
vol01:5:2:1	vol01:5:2:2	rekey	文	0.9997
vol01:5:2:2	vol01:5:2:3	rekey	及	0.9996
vol01:5:2:3	vol01:5:2:4	rekey	民	0.9996
vol01:5:2:4	vol01:5:2:5	rekey	間	0.9996
vol01:5:2:5	vol01:5:2:6	rekey	無	0.9995
vol01:5:2:6	vol01:5:2:7	rekey	用	0.9997
vol01:5:2:7	vol01:5:2:8	rekey	之	0.9997
vol01:5:2:8	vol01:5:2:9	rekey	族	0.9995
vol01:5:3:10	vol01:5:3:11	rekey	騖	0.9993
vol01:5:3:11	vol01:5:3:12	rekey	編	0.9994
vol01:5:3:12	vol01:5:3:13	rekey	刻	0.9996
vol01:5:3:13	vol01:5:3:14	rekey	酬	0.9996
vol01:5:3:14	vol01:5:3:15	rekey	倡	0.9998
vol01:5:3:15	vol01:5:3:16	rekey	詩	0.9993
vol01:5:3:16	vol01:5:3:17	rekey	文	0.9997
vol01:5:3:17	vol01:5:3:18	rekey	瑣	0.9995
vol01:5:3:18	vol01:5:3:19	rekey	屑	0.9997
vol01:5:3:1	vol01:5:3:2	rekey	本	0.9996
vol01:5:3:2	vol01:5:3:3	rekey	無	0.9996
vol01:5:3:3	vol01:5:3:4	rekey	實	0.9995
vol01:5:3:4	vol01:5:3:5	rekey	學	0.9996
vol01:5:3:5	vol01:5:3:6	rekey	不	0.9998
vol01:5:3:6	vol01:5:3:7	rekey	過	0.9996
vol01:5:3:7	vol01:5:3:8	rekey	嫁	0.9994
vol01:5:3:8	vol01:5:3:9	rekey	名	0.9994
vol01:5:4:9	vol01:5:4:10	rekey	代	0.9996
vol01:5:4:10	vol01:5:4:11	rekey	流	1.0
vol01:5:4:11	vol01:5:4:12	rekey	傳	0.9996
vol01:5:4:13	vol01:5:4:14	rekey	書	0.9982
vol01:5:4:14	vol01:5:4:15	rekey	内	0.9996
vol01:5:4:15	vol01:5:4:16	rekey	有	0.9994
vol01:5:4:16	vol01:5:4:17	rekey	闡	0.9995
vol01:5:4:17	vol01:5:4:18	rekey	明	0.9992
vol01:5:4:18	vol01:5:4:19	rekey	性	0.9993
vol01:5:4:1	vol01:5:4:2	rekey	者	0.9995
vol01:5:4:2	vol01:5:4:3	rekey	均	0.9997
vol01:5:4:3	vol01:5:4:4	rekey	無	0.9996
vol01:5:4:4	vol01:5:4:5	rekey	庸	0.9995
vol01:5:4:5	vol01:5:4:6	rekey	採	0.9993
vol01:5:4:6	vol01:5:4:7	rekey	取	0.9997
vol01:5:4:7	vol01:5:4:8	rekey	其	0.9995
vol01:5:4:8	vol01:5:4:9	rekey	厯	0.9996
vol01:5:5:9	vol01:5:5:10	rekey	自	0.9998
vol01:5:5:10	vol01:5:5:11	rekey	當	0.9997
vol01:5:5:11	vol01:5:5:12	rekey	首	0.9994
vol01:5:5:12	vol01:5:5:13	rekey	先	0.9997
vol01:5:5:13	vol01:5:5:14	rekey	購	0.9994
vol01:5:5:14	vol01:5:5:15	rekey	覔	0.9994
vol01:5:5:15	vol01:5:5:16	rekey	至	0.9962
vol01:5:5:16	vol01:5:5:17	rekey	若	0.9978
vol01:5:5:18	vol01:5:5:19	rekey	揮	0.9995
vol01:5:5:1	vol01:5:5:2	rekey	法	0.9996
vol01:5:5:19	vol01:5:5:20	rekey	傳	0.9997
vol01:5:5:2	vol01:5:5:3	rekey	關	0.9994
vol01:5:5:3	vol01:5:5:4	rekey	繫	0.9996
vol01:5:5:4	vol01:5:5:5	rekey	世	0.9997
vol01:5:5:5	vol01:5:5:6	rekey	道	0.9997
vol01:5:5:6	vol01:5:5:7	rekey	人	0.9996
vol01:5:5:7	vol01:5:5:8	rekey	心	0.9996
vol01:5:5:8	vol01:5:5:9	rekey	者	0.9994
vol01:5:6:9	vol01:5:6:10	rekey	百	0.9996
vol01:5:6:10	vol01:5:6:11	rekey	家	0.9997
vol01:5:6:11	vol01:5:6:12	rekey	之	0.9996
vol01:5:6:12	vol01:5:6:13	rekey	言	0.9995
vol01:5:6:13	vol01:5:6:14	rekey	有	0.9996
vol01:5:6:14	vol01:5:6:15	rekey	裨	0.9997
vol01:5:6:15	vol01:5:6:16	rekey	實	0.9993
vol01:5:6:16	vol01:5:6:17	rekey	用	0.9998
vol01:5:6:17	vol01:5:6:18	rekey	者	0.9995
vol01:5:6:18	vol01:5:6:19	rekey	亦	0.9965
vol01:5:6:1	vol01:5:6:2	rekey	攷	0.9995
vol01:5:6:2	vol01:5:6:3	rekey	覈	0.9996
vol01:5:6:4	vol01:5:6:5	rekey	章	0.9974
vol01:5:6:5	vol01:5:6:6	rekey	旁	0.9993
vol01:5:6:6	vol01:5:6:7	rekey	暨	0.9995
vol01:5:6:7	vol01:5:6:8	rekey	九	0.9997
vol01:5:6:8	vol01:5:6:9	rekey	流	0.9996
vol01:5:7:9	vol01:5:7:10	rekey	人	0.9996
vol01:5:7:10	vol01:5:7:11	rekey	洎	0.9996
vol01:5:7:11	vol01:5:7:12	rekey	本	0.9996
vol01:5:7:12	vol01:5:7:13	rekey	朝	0.9995
vol01:5:7:13	vol01:5:7:14	rekey	士	0.9995
vol01:5:7:14	vol01:5:7:15	rekey	林	0.9996
vol01:5:7:15	vol01:5:7:16	rekey	宿	0.9994
vol01:5:7:16	vol01:5:7:17	rekey	望	0.9995
vol01:5:7:17	vol01:5:7:18	rekey	向	0.9996
vol01:5:7:18	vol01:5:7:19	rekey	有	0.9994
vol01:5:7:1	vol01:5:7:2	rekey	爲	0.9995
vol01:5:7:2	vol01:5:7:3	rekey	甄	0.9997
vol01:5:7:3	vol01:5:7:4	rekey	擇	0.9996
vol01:5:7:4	vol01:5:7:5	rekey	又	0.9997
vol01:5:7:5	vol01:5:7:6	rekey	如	0.9997
vol01:5:7:6	vol01:5:7:7	rekey	歷	0.9994
vol01:5:7:8	vol01:5:7:9	rekey	名	0.9996
vol01:5:8:9	vol01:5:8:10	rekey	史	0.9997
vol01:5:8:10	vol01:5:8:11	rekey	原	0.9997
vol01:5:8:11	vol01:5:8:12	rekey	本	0.9997
vol01:5:8:12	vol01:5:8:13	rekey	風	0.9994
vol01:5:8:13	vol01:5:8:14	rekey	雅	0.9995
vol01:5:8:14	vol01:5:8:15	rekey	如	0.9996
vol01:5:8:15	vol01:5:8:16	rekey	顧	0.9997
vol01:5:8:16	vol01:5:8:17	rekey	棟	0.9996
vol01:5:8:17	vol01:5:8:18	rekey	高	0.9994
vol01:5:8:18	vol01:5:8:19	rekey	陳	0.9996
vol01:5:8:1	vol01:5:8:2	rekey	專	0.9996
vol01:5:8:2	vol01:5:8:3	rekey	集	0.9995
vol01:5:8:3	vol01:5:8:4	rekey	及	0.9995
vol01:5:8:4	vol01:5:8:5	rekey	近	0.9995
vol01:5:8:5	vol01:5:8:6	rekey	時	0.9997
vol01:5:8:6	vol01:5:8:7	rekey	沈	0.9997
vol01:5:8:7	vol01:5:8:8	rekey	潛	0.9994
vol01:5:8:8	vol01:5:8:9	rekey	經	0.9991
vol01:5:9:9	vol01:5:9:10	rekey	各	0.9996
vol01:5:9:10	vol01:5:9:11	rekey	著	0.9997
vol01:5:9:11	vol01:5:9:12	rekey	成	0.9997
vol01:5:9:12	vol01:5:9:13	rekey	編	0.9991
vol01:5:9:13	vol01:5:9:14	rekey	並	0.9992
vol01:5:9:14	vol01:5:9:15	rekey	非	0.9997
vol01:5:9:15	vol01:5:9:16	rekey	勦	0.9994
vol01:5:9:16	vol01:5:9:17	rekey	說	0.9991
vol01:5:9:17	vol01:5:9:18	rekey	卮	0.9994
vol01:5:9:18	vol01:5:9:19	rekey	言	0.9996
vol01:5:9:1	vol01:5:9:2	rekey	任	0.9995
vol01:5:9:2	vol01:5:9:3	rekey	啟	0.9995
vol01:5:9:3	vol01:5:9:4	rekey	運	0.9994
vol01:5:9:4	vol01:5:9:5	rekey	沈	0.9995
vol01:5:9:5	vol01:5:9:6	rekey	德	0.9994
vol01:5:9:6	vol01:5:9:7	rekey	潛	0.9995
vol01:5:9:8	vol01:5:9:9	rekey	亦	0.9992
vol01:60:1:18	vol01:60:1:20	rekey	在	0.9994
vol01:60:1:19	vol01:60:1:21	rekey	此	0.9994
vol01:60:1:1	vol01:60:1:3	rekey	亦	0.9992
vol01:60:1:2	vol01:60:1:4	rekey	當	0.9994
vol01:60:1:3	vol01:60:1:5	rekey	原	0.9995
vol01:60:1:4	vol01:60:1:6	rekey	本	0.9995
vol01:60:1:5	vol01:60:1:7	rekey	風	0.9994
vol01:60:1:6	vol01:60:1:8	rekey	雅	0.9988
vol01:60:2:11	vol01:60:2:13	rekey	後	0.9995
vol01:60:2:14	vol01:60:2:16	rekey	韓	0.999
vol01:60:2:17	vol01:60:2:19	rekey	務	0.9987
vol01:60:2:2	vol01:60:2:4	rekey	在	0.9996
vol01:60:2:4	vol01:60:2:6	rekey	也	0.9995
vol01:60:2:5	vol01:60:2:7	rekey	自	0.9994
vol01:60:3:15	vol01:60:3:17	rekey	之	0.9998
vol01:60:3:18	vol01:60:3:20	rekey	格	0.9994
vol01:60:3:19	vol01:60:3:21	rekey	更	0.9994
vol01:60:3:1	vol01:60:3:3	rekey	之	0.9997
vol01:60:3:5	vol01:60:3:7	rekey	香	0.9993
vol01:60:4:8	vol01:60:4:10	rekey	内	0.9994
vol01:60:4:9	vol01:60:4:11	rekey	所	0.9954
vol01:60:4:12	vol01:60:4:14	rekey	華	0.9991
vol01:60:4:15	vol01:60:4:17	rekey	詩	0.9986
vol01:60:4:2	vol01:60:4:4	rekey	下	0.9996
vol01:60:5:10	vol01:60:5:12	rekey	描	0.9994
vol01:60:5:11	vol01:60:5:13	rekey	寫	0.9994
vol01:60:5:14	vol01:60:5:16	rekey	詩	0.9955
vol01:60:5:16	vol01:60:5:18	rekey	不	0.9997
vol01:60:5:17	vol01:60:5:19	rekey	工	0.9996
vol01:60:5:19	vol01:60:5:21	rekey	其	0.9989
vol01:60:5:1	vol01:60:5:3	rekey	取	0.9992
vol01:60:6:9	vol01:60:6:11	rekey	據	0.9992
vol01:60:6:10	vol01:60:6:12	rekey	朕	0.9994
vol01:60:6:14	vol01:60:6:16	rekey	全	0.9995
vol01:60:6:19	vol01:60:6:21	rekey	文	0.9991
vol01:60:6:2	vol01:60:6:4	rekey	題	0.9997
vol01:60:6:4	vol01:60:6:6	rekey	不	0.9998
vol01:60:6:5	vol01:60:6:7	rekey	知	0.9994
vol01:60:6:6	vol01:60:6:8	rekey	何	0.9993
vol01:60:6:7	vol01:60:6:9	rekey	所	0.9994
vol01:60:7:9	vol01:60:7:11	rekey	此	0.9993
vol01:60:7:10	vol01:60:7:12	rekey	等	0.9994
vol01:60:7:14	vol01:60:7:16	rekey	可	0.9996
vol01:60:7:15	vol01:60:7:17	rekey	以	0.9997
vol01:60:7:18	vol01:60:7:20	rekey	香	0.9994
vol01:60:7:6	vol01:60:7:8	rekey	心	0.9996
vol01:60:7:7	vol01:60:7:9	rekey	者	0.9994
vol01:60:8:11	vol01:60:8:13	rekey	著	0.9993
vol01:60:8:13	vol01:60:8:15	rekey	行	0.9996
vol01:60:8:14	vol01:60:8:16	rekey	撤	0.9992
vol01:60:8:15	vol01:60:8:17	rekey	出	0.9996
vol01:60:8:16	vol01:60:8:18	rekey	至	0.9993
vol01:60:8:17	vol01:60:8:19	rekey	此	0.9956
vol01:60:8:18	vol01:60:8:20	rekey	外	0.9992
vol01:60:8:19	vol01:60:8:21	rekey	各	0.9994
vol01:60:8:3	vol01:60:8:5	rekey	錄	0.9977
vol01:60:8:4	vol01:60:8:6	rekey	所	0.9998
vol01:60:8:5	vol01:60:8:7	rekey	有	0.9976
vol01:60:8:6	vol01:60:8:8	rekey	美	0.9951
vol01:60:9:12	vol01:60:9:14	rekey	裁	0.9994
vol01:60:9:16	vol01:60:9:18	rekey	校	0.9992
vol01:60:9:17	vol01:60:9:19	rekey	分	0.9993
vol01:60:9:18	vol01:60:9:20	rekey	校	0.999
vol01:60:9:2	vol01:60:9:4	rekey	集	0.9995
vol01:60:9:3	vol01:60:9:5	rekey	内	0.9996
vol01:60:9:6	vol01:60:9:8	rekey	此	0.9998
vol01:60:9:7	vol01:60:9:9	rekey	者	0.9995
vol01:63:1:9	vol01:63:1:10	rekey	首	0.9979
vol01:63:1:10	vol01:63:1:11	rekey	二	0.9999
vol01:63:1:1	vol01:63:1:2	rekey	定	0.9993
vol01:63:1:2	vol01:63:1:3	rekey	四	0.9996
vol01:63:1:4	vol01:63:1:5	rekey	全	0.9998
vol01:63:1:5	vol01:63:1:6	rekey	書	0.9997
vol01:63:1:8	vol01:63:1:9	rekey	卷	0.9996
vol01:63:2:1	vol01:63:2:2	rekey	進	0.9994
vol01:63:2:2	vol01:63:2:3	rekey	表	0.9996
vol01:63:3:10	vol01:63:3:11	rekey	等	0.9996
vol01:63:3:2	vol01:63:3:3	rekey	多	0.9995
vol01:63:3:3	vol01:63:3:4	rekey	羅	0.9997
vol01:63:3:4	vol01:63:3:5	rekey	質	0.9995
vol01:63:3:6	vol01:63:3:7	rekey	王	0.9996
vol01:63:3:7	vol01:63:3:8	rekey	臣	0.9995
vol01:63:4:3	vol01:63:4:4	rekey	四	0.9997
vol01:63:4:4	vol01:63:4:5	rekey	庫	0.9996
vol01:63:4:5	vol01:63:4:6	rekey	全	0.9997
vol01:63:4:6	vol01:63:4:7	rekey	書	0.9996
vol01:63:4:7	vol01:63:4:8	rekey	告	0.9995
vol01:63:4:8	vol01:63:4:9	rekey	成	0.9996
vol01:63:5:1	vol01:63:5:2	rekey	表	0.9997
vol01:63:5:2	vol01:63:5:3	rekey	上	0.9999
vol01:63:6:1	vol01:63:6:2	rekey	進	0.9997
vol01:63:6:3	vol01:63:6:4	rekey	伏	0.9997
vol01:63:6:4	vol01:63:6:5	rekey	以	0.9998
vol01:63:7:0	vol01:63:7:1	rekey	天	0.9998
vol01:63:7:9	vol01:63:7:10	rekey	之	0.9998
vol01:63:7:4	vol01:63:7:5	rekey	書	0.9996
vol01:63:7:7	vol01:63:7:8	rekey	五	0.9994
vol01:63:8:0	vol01:63:8:1	rekey	帝	0.9999
vol01:63:8:9	vol01:63:8:10	rekey	之	0.9997
vol01:63:8:1	vol01:63:8:2	rekey	鏡	0.9997
vol01:63:8:3	vol01:63:8:4	rekey	光	0.9996
vol01:63:8:4	vol01:63:8:5	rekey	藝	0.9996
vol01:63:8:6	vol01:63:8:7	rekey	定	0.9997
vol01:63:9:1	vol01:63:9:2	rekey	立	0.9994
vol01:63:9:4	vol01:63:9:5	rekey	於	0.9998
vol01:63:9:6	vol01:63:9:7	rekey	極	0.9996
vol01:63:9:8	vol01:63:9:9	rekey	列	0.9996
vol01:64:1:9	vol01:64:1:10	rekey	虹	0.9996
vol01:64:1:10	vol01:64:1:11	rekey	玉	0.9996
vol01:64:1:11	vol01:64:1:12	rekey	理	0.9995
vol01:64:1:12	vol01:64:1:13	rekey	符	0.9995
vol01:64:1:13	vol01:64:1:14	rekey	心	0.9996
vol01:64:1:14	vol01:64:1:15	rekey	矩	0.9996
vol01:64:1:15	vol01:64:1:16	rekey	絜	0.9995
vol01:64:1:16	vol01:64:1:17	rekey	三	0.9994
vol01:64:1:17	vol01:64:1:18	rekey	古	0.9995
vol01:64:1:18	vol01:64:1:19	rekey	以	0.9997
vol01:64:1:19	vol01:64:1:20	rekey	垂	0.9989
vol01:64:1:2	vol01:64:1:3	rekey	刪	0.9995
vol01:64:1:4	vol01:64:1:5	rekey	於	0.9996
vol01:64:1:5	vol01:64:1:6	rekey	龍	0.9996
vol01:64:1:6	vol01:64:1:7	rekey	蹲	0.9995
vol01:64:1:7	vol01:64:1:8	rekey	契	0.9995
vol01:64:1:8	vol01:64:1:9	rekey	昭	0.9996
vol01:64:2:9	vol01:64:2:10	rekey	而	0.9994
vol01:64:2:10	vol01:64:2:11	rekey	證	0.9997
vol01:64:2:11	vol01:64:2:12	rekey	聖	0.9996
vol01:64:2:12	vol01:64:2:13	rekey	治	0.9995
vol01:64:2:13	vol01:64:2:14	rekey	資	0.9997
vol01:64:2:14	vol01:64:2:15	rekey	鑒	0.9996
vol01:64:2:15	vol01:64:2:16	rekey	古	0.9995
vol01:64:2:16	vol01:64:2:17	rekey	德	0.9996
vol01:64:2:17	vol01:64:2:18	rekey	洽	0.9995
vol01:64:2:18	vol01:64:2:19	rekey	敷	0.9994
vol01:64:2:19	vol01:64:2:20	rekey	文	0.9996
vol01:64:2:20	vol01:64:2:21	rekey	臣	0.9992
vol01:64:2:2	vol01:64:2:3	rekey	道	0.9997
vol01:64:2:4	vol01:64:2:5	rekey	神	0.9997
vol01:64:2:6	vol01:64:2:7	rekey	滙	0.9994
vol01:64:2:7	vol01:64:2:8	rekey	九	0.9997
vol01:64:2:8	vol01:64:2:9	rekey	流	0.9995
vol01:64:3:9	vol01:64:3:10	rekey	頓	0.9995
vol01:64:3:10	vol01:64:3:11	rekey	首	0.9996
vol01:64:3:11	vol01:64:3:12	rekey	上	0.9998
vol01:64:3:12	vol01:64:3:13	rekey	言	0.9993
vol01:64:3:13	vol01:64:3:14	rekey	竊	0.9995
vol01:64:3:14	vol01:64:3:15	rekey	惟	0.9994
vol01:64:3:15	vol01:64:3:16	rekey	神	0.9996
vol01:64:3:16	vol01:64:3:17	rekey	霄	0.9995
vol01:64:3:17	vol01:64:3:18	rekey	九	0.9998
vol01:64:3:18	vol01:64:3:19	rekey	野	0.9995
vol01:64:3:20	vol01:64:3:21	rekey	清	0.9996
vol01:64:3:2	vol01:64:3:3	rekey	等	0.9996
vol01:64:3:3	vol01:64:3:4	rekey	誠	0.9994
vol01:64:3:4	vol01:64:3:5	rekey	懽	0.9996
vol01:64:3:5	vol01:64:3:6	rekey	誠	0.9994
vol01:64:3:6	vol01:64:3:7	rekey	忭	0.9996
vol01:64:3:7	vol01:64:3:8	rekey	稽	0.9995
vol01:64:3:8	vol01:64:3:9	rekey	首	0.9996
vol01:64:4:9	vol01:64:4:10	rekey	三	0.999
vol01:64:4:10	vol01:64:4:11	rekey	成	0.9996
vol01:64:4:11	vol01:64:4:12	rekey	上	0.9997
vol01:64:4:12	vol01:64:4:13	rekey	帝	0.9997
vol01:64:4:14	vol01:64:4:15	rekey	西	0.9995
vol01:64:4:16	vol01:64:4:17	rekey	之	0.9996
vol01:64:4:17	vol01:64:4:18	rekey	府	0.9995
vol01:64:4:18	vol01:64:4:19	rekey	文	0.9994
vol01:64:4:19	vol01:64:4:20	rekey	章	0.9991
vol01:64:4:20	vol01:64:4:21	rekey	有	0.9993
vol01:64:4:2	vol01:64:4:3	rekey	耀	0.9995
vol01:64:4:3	vol01:64:4:4	rekey	東	0.9997
vol01:64:4:4	vol01:64:4:5	rekey	壁	0.9996
vol01:64:4:5	vol01:64:4:6	rekey	之	0.9995
vol01:64:4:6	vol01:64:4:7	rekey	星	0.9995
vol01:64:4:7	vol01:64:4:8	rekey	懸	0.9996
vol01:64:4:8	vol01:64:4:9	rekey	圃	0.9995
vol01:64:5:9	vol01:64:5:10	rekey	苞	0.9994
vol01:64:5:10	vol01:64:5:11	rekey	繪	0.9992
vol01:64:5:12	vol01:64:5:13	rekey	成	0.9992
vol01:64:5:13	vol01:64:5:14	rekey	形	0.9994
vol01:64:5:15	vol01:64:5:16	rekey	阜	0.9995
vol01:64:5:16	vol01:64:5:17	rekey	肇	0.9994
vol01:64:5:17	vol01:64:5:18	rekey	圖	0.999
vol01:64:5:18	vol01:64:5:19	rekey	其	0.9992
vol01:64:5:19	vol01:64:5:20	rekey	地	0.9993
vol01:64:5:3	vol01:64:5:4	rekey	翠	0.9995
vol01:64:5:5	vol01:64:5:6	rekey	遂	0.9996
vol01:64:5:6	vol01:64:5:7	rekey	吐	0.9994
vol01:64:5:7	vol01:64:5:8	rekey	其	0.9995
vol01:64:5:8	vol01:64:5:9	rekey	天	0.9996
vol01:64:6:9	vol01:64:6:10	rekey	粟	0.9995
vol01:64:6:10	vol01:64:6:11	rekey	之	0.9993
vol01:64:6:11	vol01:64:6:12	rekey	祥	0.9994
vol01:64:6:12	vol01:64:6:13	rekey	籙	0.9995
vol01:64:6:13	vol01:64:6:14	rekey	授	0.9996
vol01:64:6:14	vol01:64:6:15	rekey	黃	0.9995
vol01:64:6:15	vol01:64:6:16	rekey	神	0.9996
vol01:64:6:16	vol01:64:6:17	rekey	始	0.9995
vol01:64:6:17	vol01:64:6:18	rekey	貯	0.9994
vol01:64:6:18	vol01:64:6:19	rekey	靈	0.9995
vol01:64:6:19	vol01:64:6:20	rekey	蘭	0.9996
vol01:64:6:20	vol01:64:6:21	rekey	之	0.9997
vol01:64:6:2	vol01:64:6:3	rekey	書	0.9994
vol01:64:6:3	vol01:64:6:4	rekey	傳	0.9994
vol01:64:6:5	vol01:64:6:6	rekey	頡	0.9995
vol01:64:6:6	vol01:64:6:7	rekey	初	0.9994
vol01:64:6:7	vol01:64:6:8	rekey	徵	0.9996
vol01:64:6:8	vol01:64:6:9	rekey	雨	0.9996
vol01:64:7:9	vol01:64:7:10	rekey	禹	0.9995
vol01:64:7:10	vol01:64:7:11	rekey	所	0.9995
vol01:64:7:11	vol01:64:7:12	rekey	深	0.9996
vol01:64:7:12	vol01:64:7:13	rekey	藏	0.9995
vol01:64:7:13	vol01:64:7:14	rekey	柱	0.9993
vol01:64:7:14	vol01:64:7:15	rekey	下	0.9996
vol01:64:7:15	vol01:64:7:16	rekey	叢	0.9996
vol01:64:7:16	vol01:64:7:17	rekey	編	0.9996
vol01:64:7:17	vol01:64:7:18	rekey	付	0.9994
vol01:64:7:18	vol01:64:7:19	rekey	老	0.9997
vol01:64:7:19	vol01:64:7:20	rekey	聃	0.9996
vol01:64:7:20	vol01:64:7:21	rekey	以	0.9996
vol01:64:7:2	vol01:64:7:3	rekey	典	0.9993
vol01:64:7:3	vol01:64:7:4	rekey	洞	0.9995
vol01:64:7:4	vol01:64:7:5	rekey	庭	0.9995
vol01:64:7:5	vol01:64:7:6	rekey	秘	0.9995
vol01:64:7:6	vol01:64:7:7	rekey	簡	0.9996
vol01:64:7:7	vol01:64:7:8	rekey	稽	0.9996
vol01:64:7:8	vol01:64:7:9	rekey	大	0.9997
vol01:64:8:9	vol01:64:8:10	rekey	籍	0.9996
vol01:64:8:10	vol01:64:8:11	rekey	雖	0.9994
vol01:64:8:11	vol01:64:8:12	rekey	焚	0.9993
vol01:64:8:12	vol01:64:8:13	rekey	漢	0.9995
vol01:64:8:13	vol01:64:8:14	rekey	理	0.9992
vol01:64:8:14	vol01:64:8:15	rekey	珠	0.999
vol01:64:8:15	vol01:64:8:16	rekey	囊	0.9996
vol01:64:8:16	vol01:64:8:17	rekey	遺	0.9995
vol01:64:8:17	vol01:64:8:18	rekey	經	0.9993
vol01:64:8:18	vol01:64:8:19	rekey	故	0.9993
vol01:64:8:19	vol01:64:8:20	rekey	在	0.9993
vol01:64:8:20	vol01:64:8:21	rekey	儒	0.9992
vol01:64:8:3	vol01:64:8:4	rekey	守	0.9997
vol01:64:8:4	vol01:64:8:5	rekey	秦	0.9996
vol01:64:8:7	vol01:64:8:8	rekey	策	0.9996
vol01:64:8:8	vol01:64:8:9	rekey	聖	0.9995
vol01:64:9:9	vol01:64:9:10	rekey	承	0.9995
vol01:64:9:10	vol01:64:9:11	rekey	家	0.9996
vol01:64:9:11	vol01:64:9:12	rekey	謁	0.9996
vol01:64:9:12	vol01:64:9:13	rekey	者	0.9992
vol01:64:9:13	vol01:64:9:14	rekey	旁	0.999
vol01:64:9:14	vol01:64:9:15	rekey	求	0.999
vol01:64:9:15	vol01:64:9:16	rekey	見	0.9994
vol01:64:9:16	vol01:64:9:17	rekey	陳	0.9995
vol01:64:9:17	vol01:64:9:18	rekey	農	0.9993
vol01:64:9:18	vol01:64:9:19	rekey	之	0.9997
vol01:64:9:19	vol01:64:9:20	rekey	奉	0.999
vol01:64:9:20	vol01:64:9:21	rekey	使	0.9981
vol01:64:9:2	vol01:64:9:3	rekey	生	0.9997
vol01:64:9:3	vol01:64:9:4	rekey	密	0.9996
vol01:64:9:4	vol01:64:9:5	rekey	寶	0.9995
vol01:64:9:5	vol01:64:9:6	rekey	維	0.9994
vol01:64:9:6	vol01:64:9:7	rekey	孔	0.9995
vol01:64:9:7	vol01:64:9:8	rekey	鮒	0.9996
vol01:64:9:8	vol01:64:9:9	rekey	之	0.9995
vol01:65:1:9	vol01:65:1:10	rekey	是	0.9996
vol01:65:1:10	vol01:65:1:11	rekey	滋	0.9996
vol01:65:1:11	vol01:65:1:12	rekey	多	0.9994
vol01:65:1:12	vol01:65:1:13	rekey	麟	0.9996
vol01:65:1:13	vol01:65:1:14	rekey	閣	0.9994
vol01:65:1:14	vol01:65:1:15	rekey	所	0.9995
vol01:65:1:15	vol01:65:1:16	rekey	儲	0.9992
vol01:65:1:16	vol01:65:1:17	rekey	條	0.9994
vol01:65:1:17	vol01:65:1:18	rekey	目	0.9996
vol01:65:1:18	vol01:65:1:19	rekey	於	0.9992
vol01:65:1:19	vol01:65:1:20	rekey	焉	0.9994
vol01:65:1:20	vol01:65:1:21	rekey	漸	0.9993
vol01:65:1:2	vol01:65:1:3	rekey	蝌	0.9991
vol01:65:1:3	vol01:65:1:4	rekey	文	0.9996
vol01:65:1:4	vol01:65:1:5	rekey	以	0.9998
vol01:65:1:5	vol01:65:1:6	rekey	後	0.9994
vol01:65:1:6	vol01:65:1:7	rekey	篇	0.9994
vol01:65:1:7	vol01:65:1:8	rekey	章	0.9989
vol01:65:1:8	vol01:65:1:9	rekey	自	0.9991
vol01:65:2:9	vol01:65:2:10	rekey	别	0.9994
vol01:65:2:10	vol01:65:2:11	rekey	錄	0.9992
vol01:65:2:11	vol01:65:2:12	rekey	之	0.9996
vol01:65:2:12	vol01:65:2:13	rekey	編	0.9994
vol01:65:2:13	vol01:65:2:14	rekey	衣	0.9996
vol01:65:2:14	vol01:65:2:15	rekey	染	0.9996
vol01:65:2:15	vol01:65:2:16	rekey	鑪	0.9992
vol01:65:2:16	vol01:65:2:17	rekey	香	0.9994
vol01:65:2:17	vol01:65:2:18	rekey	坐	0.9995
vol01:65:2:18	vol01:65:2:19	rekey	校	0.9994
vol01:65:2:19	vol01:65:2:20	rekey	中	0.9996
vol01:65:2:20	vol01:65:2:21	rekey	經	0.9994
vol01:65:2:2	vol01:65:2:3	rekey	備	0.9996
vol01:65:2:3	vol01:65:2:4	rekey	杖	0.9995
vol01:65:2:4	vol01:65:2:5	rekey	吹	0.9994
vol01:65:2:5	vol01:65:2:6	rekey	藜	0.9994
vol01:65:2:6	vol01:65:2:7	rekey	火	0.9996
vol01:65:2:7	vol01:65:2:8	rekey	夜	0.9993
vol01:65:2:8	vol01:65:2:9	rekey	讐	0.9992
vol01:65:3:9	vol01:65:3:10	rekey	流	0.9993
vol01:65:3:10	vol01:65:3:11	rekey	别	0.9997
vol01:65:3:11	vol01:65:3:12	rekey	定	0.9996
vol01:65:3:12	vol01:65:3:13	rekey	新	0.9994
vol01:65:3:13	vol01:65:3:14	rekey	志	0.9994
vol01:65:3:14	vol01:65:3:15	rekey	之	0.9995
vol01:65:3:15	vol01:65:3:16	rekey	九	0.9996
vol01:65:3:16	vol01:65:3:17	rekey	條	0.9995
vol01:65:3:17	vol01:65:3:18	rekey	阮	0.9996
vol01:65:3:18	vol01:65:3:19	rekey	孝	0.9995
vol01:65:3:19	vol01:65:3:20	rekey	緒	0.9994
vol01:65:3:20	vol01:65:3:21	rekey	撮	0.9994
vol01:65:3:2	vol01:65:3:3	rekey	之	0.9998
vol01:65:3:4	vol01:65:3:5	rekey	王	0.9996
vol01:65:3:5	vol01:65:3:6	rekey	仲	0.9993
vol01:65:3:6	vol01:65:3:7	rekey	寶	0.9992
vol01:65:3:7	vol01:65:3:8	rekey	區	0.9993
vol01:65:3:8	vol01:65:3:9	rekey	其	0.9994
vol01:65:4:11	vol01:65:4:12	rekey	勘	0.9993
vol01:65:4:13	vol01:65:4:14	rekey	妙	0.9992
vol01:65:4:14	vol01:65:4:15	rekey	畫	0.9982
vol01:65:4:15	vol01:65:4:16	rekey	世	0.9996
vol01:65:4:16	vol01:65:4:17	rekey	摹	0.9996
vol01:65:4:17	vol01:65:4:18	rekey	展	0.9993
vol01:65:4:18	vol01:65:4:19	rekey	氏	0.9996
vol01:65:4:19	vol01:65:4:20	rekey	之	0.9996
vol01:65:4:2	vol01:65:4:3	rekey	其	0.9993
vol01:65:4:3	vol01:65:4:4	rekey	叢	0.9994
vol01:65:4:4	vol01:65:4:5	rekey	殘	0.9996
vol01:65:4:5	vol01:65:4:6	rekey	括	0.9992
vol01:65:4:6	vol01:65:4:7	rekey	舊	0.9994
vol01:65:4:7	vol01:65:4:8	rekey	傳	0.9993
vol01:65:4:8	vol01:65:4:9	rekey	之	0.9994
vol01:65:5:9	vol01:65:5:10	rekey	宫	0.9997
vol01:65:5:10	vol01:65:5:11	rekey	之	0.9995
vol01:65:5:12	vol01:65:5:13	rekey	唐	0.9994
vol01:65:5:13	vol01:65:5:14	rekey	武	0.9995
vol01:65:5:14	vol01:65:5:15	rekey	德	0.9995
vol01:65:5:15	vol01:65:5:16	rekey	訖	0.9991
vol01:65:5:16	vol01:65:5:17	rekey	乎	0.9994
vol01:65:5:17	vol01:65:5:18	rekey	天	0.9998
vol01:65:5:18	vol01:65:5:19	rekey	寶	0.9994
vol01:65:5:19	vol01:65:5:20	rekey	鈿	0.9996
vol01:65:5:20	vol01:65:5:21	rekey	軸	0.9993
vol01:65:5:2	vol01:65:5:3	rekey	捲	0.9996
vol01:65:5:3	vol01:65:5:4	rekey	幔	0.9993
vol01:65:5:4	vol01:65:5:5	rekey	飛	0.9994
vol01:65:5:5	vol01:65:5:6	rekey	仙	0.9995
vol01:65:5:6	vol01:65:5:7	rekey	史	0.9994
vol01:65:5:7	vol01:65:5:8	rekey	載	0.9993
vol01:65:5:8	vol01:65:5:9	rekey	隋	0.9995
vol01:65:6:9	vol01:65:6:10	rekey	淳	0.9996
vol01:65:6:10	vol01:65:6:11	rekey	熙	0.9994
vol01:65:6:11	vol01:65:6:12	rekey	牙	0.9995
vol01:65:6:12	vol01:65:6:13	rekey	籖	0.9993
vol01:65:6:13	vol01:65:6:14	rekey	再	0.9993
vol01:65:6:14	vol01:65:6:15	rekey	錄	0.9995
vol01:65:6:15	vol01:65:6:16	rekey	南	0.9996
vol01:65:6:16	vol01:65:6:17	rekey	征	0.9995
vol01:65:6:17	vol01:65:6:18	rekey	俘	0.9995
vol01:65:6:18	vol01:65:6:19	rekey	玉	0.9994
vol01:65:6:19	vol01:65:6:20	rekey	元	0.9995
vol01:65:6:20	vol01:65:6:21	rekey	遷	0.9993
vol01:65:6:2	vol01:65:6:3	rekey	彌	0.9995
vol01:65:6:3	vol01:65:6:4	rekey	增	0.9994
vol01:65:6:4	vol01:65:6:5	rekey	宋	0.9996
vol01:65:6:5	vol01:65:6:6	rekey	景	0.9992
vol01:65:6:6	vol01:65:6:7	rekey	祐	0.9991
vol01:65:6:8	vol01:65:6:9	rekey	以	0.9997
vol01:65:7:9	vol01:65:7:10	rekey	都	0.9994
vol01:65:7:10	vol01:65:7:11	rekey	明	0.9994
vol01:65:7:11	vol01:65:7:12	rekey	運	0.9994
vol01:65:7:12	vol01:65:7:13	rekey	十	0.9997
vol01:65:7:13	vol01:65:7:14	rekey	艘	0.9993
vol01:65:7:14	vol01:65:7:15	rekey	之	0.9996
vol01:65:7:15	vol01:65:7:16	rekey	櫝	0.9992
vol01:65:7:16	vol01:65:7:17	rekey	莫	0.9995
vol01:65:7:17	vol01:65:7:18	rekey	不	0.9996
vol01:65:7:18	vol01:65:7:19	rekey	前	0.9992
vol01:65:7:19	vol01:65:7:20	rekey	徵	0.9996
vol01:65:7:20	vol01:65:7:21	rekey	邃	0.9995
vol01:65:7:2	vol01:65:7:3	rekey	三	0.9995
vol01:65:7:3	vol01:65:7:4	rekey	館	0.9995
vol01:65:7:4	vol01:65:7:5	rekey	之	0.9996
vol01:65:7:5	vol01:65:7:6	rekey	㡡	0.9994
vol01:65:7:6	vol01:65:7:7	rekey	北	0.9994
vol01:65:7:7	vol01:65:7:8	rekey	極	0.9991
vol01:65:7:8	vol01:65:7:9	rekey	營	0.9991
vol01:65:8:11	vol01:65:8:12	rekey	發	0.9995
vol01:65:8:12	vol01:65:8:13	rekey	空	0.9994
vol01:65:8:13	vol01:65:8:14	rekey	林	0.9994
vol01:65:8:14	vol01:65:8:15	rekey	青	0.9994
vol01:65:8:15	vol01:65:8:16	rekey	簡	0.9993
vol01:65:8:16	vol01:65:8:17	rekey	羾	0.9993
vol01:65:8:17	vol01:65:8:18	rekey	頻	0.9993
vol01:65:8:18	vol01:65:8:19	rekey	斯	0.9994
vol01:65:8:19	vol01:65:8:20	rekey	之	0.9995
vol01:65:8:20	vol01:65:8:21	rekey	篆	0.9992
vol01:65:8:2	vol01:65:8:3	rekey	古	0.9996
vol01:65:8:3	vol01:65:8:4	rekey	丹	0.9995
vol01:65:8:4	vol01:65:8:5	rekey	壺	0.9994
vol01:65:8:5	vol01:65:8:6	rekey	溯	0.9994
vol01:65:8:6	vol01:65:8:7	rekey	合	0.9995
vol01:65:8:8	vol01:65:8:9	rekey	之	0.9996
vol01:65:9:9	vol01:65:9:10	rekey	於	0.9994
vol01:65:9:10	vol01:65:9:11	rekey	將	0.9995
vol01:65:9:11	vol01:65:9:12	rekey	磨	0.9994
vol01:65:9:12	vol01:65:9:13	rekey	南	0.9994
vol01:65:9:13	vol01:65:9:14	rekey	雍	0.9993
vol01:65:9:14	vol01:65:9:15	rekey	殘	0.9995
vol01:65:9:15	vol01:65:9:16	rekey	文	0.9995
vol01:65:9:16	vol01:65:9:17	rekey	檢	0.9994
vol01:65:9:17	vol01:65:9:18	rekey	穿	0.9994
vol01:65:9:18	vol01:65:9:19	rekey	絲	0.9992
vol01:65:9:19	vol01:65:9:20	rekey	於	0.9995
vol01:65:9:2	vol01:65:9:3	rekey	西	0.9995
vol01:65:9:3	vol01:65:9:4	rekey	州	0.9997
vol01:65:9:4	vol01:65:9:5	rekey	片	0.9995
vol01:65:9:5	vol01:65:9:6	rekey	札	0.9994
vol01:65:9:6	vol01:65:9:7	rekey	辨	0.9993
vol01:65:9:7	vol01:65:9:8	rekey	點	0.9992
vol01:65:9:8	vol01:65:9:9	rekey	漆	0.9995
vol01:66:1:9	vol01:66:1:10	rekey	師	0.9996
vol01:66:1:10	vol01:66:1:11	rekey	春	0.9991
vol01:66:1:11	vol01:66:1:12	rekey	瓠	0.9991
vol01:66:1:12	vol01:66:1:13	rekey	本	0.9995
vol01:66:1:13	vol01:66:1:14	rekey	猶	0.9997
vol01:66:1:14	vol01:66:1:15	rekey	攜	0.9997
vol01:66:1:15	vol01:66:1:16	rekey	稾	0.9994
vol01:66:1:16	vol01:66:1:17	rekey	存	0.9998
vol01:66:1:17	vol01:66:1:18	rekey	班	0.9995
vol01:66:1:18	vol01:66:1:19	rekey	固	0.9997
vol01:66:1:19	vol01:66:1:20	rekey	爬	0.9999
vol01:66:1:20	vol01:66:1:21	rekey	羅	0.9994
vol01:66:1:3	vol01:66:1:4	rekey	竹	0.9996
vol01:66:1:4	vol01:66:1:5	rekey	編	0.9997
vol01:66:1:5	vol01:66:1:6	rekey	未	0.9996
vol01:66:1:6	vol01:66:1:7	rekey	朽	0.9995
vol01:66:1:7	vol01:66:1:8	rekey	名	0.9995
vol01:66:1:8	vol01:66:1:9	rekey	認	0.9995
vol01:66:2:9	vol01:66:2:10	rekey	石	0.9996
vol01:66:2:11	vol01:66:2:12	rekey	掇	0.9995
vol01:66:2:12	vol01:66:2:13	rekey	拾	0.9995
vol01:66:2:13	vol01:66:2:14	rekey	畸	0.9995
vol01:66:2:14	vol01:66:2:15	rekey	零	0.9995
vol01:66:2:15	vol01:66:2:16	rekey	均	0.9999
vol01:66:2:16	vol01:66:2:17	rekey	給	0.9995
vol01:66:2:17	vol01:66:2:18	rekey	以	0.9998
vol01:66:2:18	vol01:66:2:19	rekey	螺	0.9995
vol01:66:2:19	vol01:66:2:20	rekey	丸	0.9996
vol01:66:2:20	vol01:66:2:21	rekey	麻	0.9996
vol01:66:2:3	vol01:66:2:4	rekey	碎	0.9995
vol01:66:2:4	vol01:66:2:5	rekey	或	0.9995
vol01:66:2:5	vol01:66:2:6	rekey	得	0.9994
vol01:66:2:6	vol01:66:2:7	rekey	諸	0.9996
vol01:66:2:7	vol01:66:2:8	rekey	玉	0.9958
vol01:66:2:8	vol01:66:2:9	rekey	枕	0.9994
vol01:66:3:9	vol01:66:3:10	rekey	增	0.9996
vol01:66:3:10	vol01:66:3:11	rekey	十	0.9998
vol01:66:3:11	vol01:66:3:12	rekey	疋	0.9996
vol01:66:3:12	vol01:66:3:13	rekey	之	0.9998
vol01:66:3:13	vol01:66:3:14	rekey	酬	0.9994
vol01:66:3:14	vol01:66:3:15	rekey	華	0.9994
vol01:66:3:15	vol01:66:3:16	rekey	贉	0.9995
vol01:66:3:16	vol01:66:3:17	rekey	重	0.9995
vol01:66:3:18	vol01:66:3:19	rekey	三	0.9995
vol01:66:3:19	vol01:66:3:20	rekey	品	0.9996
vol01:66:3:20	vol01:66:3:21	rekey	别	0.9997
vol01:66:3:3	vol01:66:3:4	rekey	精	0.9997
vol01:66:3:5	vol01:66:3:6	rekey	廣	0.9997
vol01:66:3:6	vol01:66:3:7	rekey	購	0.9997
vol01:66:3:7	vol01:66:3:8	rekey	一	0.9999
vol01:66:3:8	vol01:66:3:9	rekey	篇	0.9993
vol01:66:4:9	vol01:66:4:10	rekey	搜	0.9996
vol01:66:4:10	vol01:66:4:11	rekey	放	0.9995
vol01:66:4:11	vol01:66:4:12	rekey	失	0.9997
vol01:66:4:12	vol01:66:4:13	rekey	獵	0.9994
vol01:66:4:13	vol01:66:4:14	rekey	文	0.9997
vol01:66:4:14	vol01:66:4:15	rekey	林	0.9997
vol01:66:4:15	vol01:66:4:16	rekey	辨	0.9992
vol01:66:4:16	vol01:66:4:17	rekey	囿	0.9995
vol01:66:4:17	vol01:66:4:18	rekey	之	0.9997
vol01:66:4:18	vol01:66:4:19	rekey	精	0.9993
vol01:66:4:19	vol01:66:4:20	rekey	互	0.9992
vol01:66:4:20	vol01:66:4:21	rekey	鏡	0.9993
vol01:66:4:2	vol01:66:4:3	rekey	兩	0.9998
vol01:66:4:3	vol01:66:4:4	rekey	廂	0.9997
vol01:66:4:4	vol01:66:4:5	rekey	之	0.9996
vol01:66:4:5	vol01:66:4:6	rekey	等	0.9995
vol01:66:4:6	vol01:66:4:7	rekey	凡	0.9996
vol01:66:4:7	vol01:66:4:8	rekey	以	0.9998
vol01:66:4:8	vol01:66:4:9	rekey	窮	0.9997
vol01:66:5:9	vol01:66:5:10	rekey	之	0.9998
vol01:66:5:10	vol01:66:5:11	rekey	訓	0.9997
vol01:66:5:11	vol01:66:5:12	rekey	結	0.9993
vol01:66:5:12	vol01:66:5:13	rekey	德	0.9997
vol01:66:5:13	vol01:66:5:14	rekey	輿	0.9991
vol01:66:5:14	vol01:66:5:15	rekey	而	0.9996
vol01:66:5:16	vol01:66:5:17	rekey	轄	0.9991
vol01:66:5:17	vol01:66:5:18	rekey	軌	0.9998
vol01:66:5:18	vol01:66:5:19	rekey	順	0.9997
vol01:66:5:19	vol01:66:5:20	rekey	經	0.9994
vol01:66:5:20	vol01:66:5:21	rekey	涂	0.9996
vol01:66:5:2	vol01:66:5:3	rekey	瑕	0.9996
vol01:66:5:3	vol01:66:5:4	rekey	瑜	0.9995
vol01:66:5:4	vol01:66:5:5	rekey	立	0.9996
vol01:66:5:5	vol01:66:5:6	rekey	聖	0.9994
vol01:66:5:6	vol01:66:5:7	rekey	域	0.9996
vol01:66:5:7	vol01:66:5:8	rekey	賢	0.9976
vol01:66:5:8	vol01:66:5:9	rekey	關	0.9983
vol01:66:6:9	vol01:66:6:10	rekey	通	0.9995
vol01:66:6:10	vol01:66:6:11	rekey	道	0.9994
vol01:66:6:11	vol01:66:6:12	rekey	筏	0.9993
vol01:66:6:12	vol01:66:6:13	rekey	然	0.9996
vol01:66:6:13	vol01:66:6:14	rekey	而	0.9997
vol01:66:6:14	vol01:66:6:15	rekey	掇	0.9996
vol01:66:6:15	vol01:66:6:16	rekey	餘	0.9994
vol01:66:6:16	vol01:66:6:17	rekey	易	0.9996
vol01:66:6:17	vol01:66:6:18	rekey	匱	0.9994
vol01:66:6:18	vol01:66:6:19	rekey	四	0.9996
vol01:66:6:19	vol01:66:6:20	rekey	千	0.9997
vol01:66:6:20	vol01:66:6:21	rekey	卷	0.9995
vol01:66:6:3	vol01:66:6:4	rekey	學	0.9993
vol01:66:6:4	vol01:66:6:5	rekey	海	0.9995
vol01:66:6:5	vol01:66:6:6	rekey	以	0.9998
vol01:66:6:6	vol01:66:6:7	rekey	沿	0.9996
vol01:66:6:7	vol01:66:6:8	rekey	波	0.9995
vol01:66:6:8	vol01:66:6:9	rekey	源	0.9997
vol01:66:7:10	vol01:66:7:11	rekey	百	0.9993
vol01:66:7:12	vol01:66:7:13	rekey	篇	0.9995
vol01:66:7:13	vol01:66:7:14	rekey	更	0.9992
vol01:66:7:14	vol01:66:7:15	rekey	珍	0.9992
vol01:66:7:16	vol01:66:7:17	rekey	鼎	0.9996
vol01:66:7:17	vol01:66:7:18	rekey	丹	0.9996
vol01:66:7:18	vol01:66:7:19	rekey	青	0.9994
vol01:66:7:19	vol01:66:7:20	rekey	失	0.9996
vol01:66:7:2	vol01:66:7:3	rekey	既	0.9994
vol01:66:7:4	vol01:66:7:5	rekey	殘	0.9994
vol01:66:7:5	vol01:66:7:6	rekey	膏	0.9992
vol01:66:7:6	vol01:66:7:7	rekey	騖	0.9965
vol01:66:7:7	vol01:66:7:8	rekey	廣	0.9993
vol01:66:7:8	vol01:66:7:9	rekey	彌	0.9993
vol01:66:8:9	vol01:66:8:10	rekey	紫	0.9996
vol01:66:8:10	vol01:66:8:11	rekey	相	0.9994
vol01:66:8:11	vol01:66:8:12	rekey	淆	0.9997
vol01:66:8:13	vol01:66:8:14	rekey	齊	0.9995
vol01:66:8:15	vol01:66:8:16	rekey	於	0.9996
vol01:66:8:16	vol01:66:8:17	rekey	鄭	0.9996
vol01:66:8:17	vol01:66:8:18	rekey	默	0.9994
vol01:66:8:18	vol01:66:8:19	rekey	甚	0.9992
vol01:66:8:19	vol01:66:8:20	rekey	乃	0.9997
vol01:66:8:20	vol01:66:8:21	rekey	别	0.9994
vol01:66:8:2	vol01:66:8:3	rekey	或	0.9996
vol01:66:8:3	vol01:66:8:4	rekey	貽	0.9994
vol01:66:8:5	vol01:66:8:6	rekey	於	0.9994
vol01:66:8:6	vol01:66:8:7	rekey	王	0.9997
vol01:66:8:7	vol01:66:8:8	rekey	充	0.9995
vol01:66:8:8	vol01:66:8:9	rekey	朱	0.9996
vol01:66:9:9	vol01:66:9:10	rekey	偏	0.9997
vol01:66:9:10	vol01:66:9:11	rekey	留	0.9995
vol01:66:9:11	vol01:66:9:12	rekey	或	0.9998
vol01:66:9:12	vol01:66:9:13	rekey	如	0.9994
vol01:66:9:13	vol01:66:9:14	rekey	許	0.9995
vol01:66:9:14	vol01:66:9:15	rekey	綠	0.9994
vol01:66:9:15	vol01:66:9:16	rekey	紂	0.9996
vol01:66:9:16	vol01:66:9:17	rekey	紅	0.9995
vol01:66:9:17	vol01:66:9:18	rekey	踵	0.9993
vol01:66:9:18	vol01:66:9:19	rekey	駁	0.9995
vol01:66:9:19	vol01:66:9:20	rekey	文	0.9995
vol01:66:9:20	vol01:66:9:21	rekey	而	0.9994
vol01:66:9:2	vol01:66:9:3	rekey	風	0.999
vol01:66:9:5	vol01:66:9:6	rekey	惜	0.9993
vol01:66:9:6	vol01:66:9:7	rekey	奇	0.9996
vol01:66:9:7	vol01:66:9:8	rekey	字	0.9994
vol01:66:9:8	vol01:66:9:9	rekey	而	0.9998
vol01:67:1:9	vol01:67:1:10	rekey	如	0.9998
vol01:67:1:10	vol01:67:1:11	rekey	賄	0.9993
vol01:67:1:11	vol01:67:1:12	rekey	改	0.9995
vol01:67:1:12	vol01:67:1:13	rekey	漆	0.9995
vol01:67:1:13	vol01:67:1:14	rekey	經	0.9995
vol01:67:1:15	vol01:67:1:16	rekey	板	0.9996
vol01:67:1:16	vol01:67:1:17	rekey	摹	0.9991
vol01:67:1:17	vol01:67:1:18	rekey	傳	0.9996
vol01:67:1:18	vol01:67:1:19	rekey	遂	0.9996
vol01:67:1:19	vol01:67:1:20	rekey	至	0.9995
vol01:67:1:20	vol01:67:1:21	rekey	誤	0.9994
vol01:67:1:2	vol01:67:1:3	rekey	莫	0.9995
vol01:67:1:3	vol01:67:1:4	rekey	悟	0.9993
vol01:67:1:4	vol01:67:1:5	rekey	蘭	0.9995
vol01:67:1:5	vol01:67:1:6	rekey	臺	0.9995
vol01:67:1:6	vol01:67:1:7	rekey	庋	0.9995
vol01:67:1:7	vol01:67:1:8	rekey	貯	0.9993
vol01:67:1:8	vol01:67:1:9	rekey	多	0.9996
vol01:67:2:10	vol01:67:2:11	rekey	鄭	0.9995
vol01:67:2:13	vol01:67:2:14	rekey	復	0.9995
vol01:67:2:15	vol01:67:2:16	rekey	校	0.9994
vol01:67:2:16	vol01:67:2:17	rekey	讐	0.9994
vol01:67:2:17	vol01:67:2:18	rekey	而	0.9995
vol01:67:2:18	vol01:67:2:19	rekey	文	0.9994
vol01:67:2:19	vol01:67:2:20	rekey	苑	0.9995
vol01:67:2:20	vol01:67:2:21	rekey	英	0.9994
vol01:67:2:2	vol01:67:2:3	rekey	尊	0.9993
vol01:67:2:3	vol01:67:2:4	rekey	閣	0.9994
vol01:67:2:4	vol01:67:2:5	rekey	本	0.9996
vol01:67:2:5	vol01:67:2:6	rekey	故	0.9995
vol01:67:2:6	vol01:67:2:7	rekey	秘	0.9993
vol01:67:2:7	vol01:67:2:8	rekey	書	0.9953
vol01:67:2:8	vol01:67:2:9	rekey	總	0.9993
vol01:67:3:9	vol01:67:3:10	rekey	證	0.9993
vol01:67:3:10	vol01:67:3:11	rekey	從	0.9992
vol01:67:3:11	vol01:67:3:12	rekey	未	0.9996
vol01:67:3:12	vol01:67:3:13	rekey	有	0.9996
vol01:67:3:13	vol01:67:3:14	rekey	重	0.9994
vol01:67:3:14	vol01:67:3:15	rekey	熙	0.9991
vol01:67:3:15	vol01:67:3:16	rekey	累	0.9995
vol01:67:3:16	vol01:67:3:17	rekey	洽	0.9998
vol01:67:3:17	vol01:67:3:18	rekey	雯	0.9994
vol01:67:3:18	vol01:67:3:19	rekey	華	0.9993
vol01:67:3:19	vol01:67:3:20	rekey	懸	0.9997
vol01:67:3:20	vol01:67:3:21	rekey	紫	0.9994
vol01:67:3:2	vol01:67:3:3	rekey	華	0.9993
vol01:67:3:3	vol01:67:3:4	rekey	彭	0.9994
vol01:67:3:4	vol01:67:3:5	rekey	叔	0.9993
vol01:67:3:5	vol01:67:3:6	rekey	夏	0.9994
vol01:67:3:6	vol01:67:3:7	rekey	重	0.9993
vol01:67:3:7	vol01:67:3:8	rekey	加	0.9996
vol01:67:3:8	vol01:67:3:9	rekey	辨	0.9994
vol01:67:4:9	vol01:67:4:10	rekey	冊	0.9995
vol01:67:4:10	vol01:67:4:11	rekey	府	0.9994
vol01:67:4:11	vol01:67:4:12	rekey	闢	0.9994
vol01:67:4:12	vol01:67:4:13	rekey	丹	0.9994
vol01:67:4:13	vol01:67:4:14	rekey	宸	0.9994
vol01:67:4:14	vol01:67:4:15	rekey	之	0.9997
vol01:67:4:15	vol01:67:4:16	rekey	館	0.9994
vol01:67:4:16	vol01:67:4:17	rekey	彌	0.9995
vol01:67:4:17	vol01:67:4:18	rekey	綸	0.9995
vol01:67:4:18	vol01:67:4:19	rekey	宙	0.9997
vol01:67:4:19	vol01:67:4:20	rekey	合	0.9997
vol01:67:4:20	vol01:67:4:21	rekey	識	0.9994
vol01:67:4:2	vol01:67:4:3	rekey	極	0.9994
vol01:67:4:3	vol01:67:4:4	rekey	之	0.9996
vol01:67:4:4	vol01:67:4:5	rekey	庭	0.9994
vol01:67:4:5	vol01:67:4:6	rekey	稽	0.9996
vol01:67:4:6	vol01:67:4:7	rekey	古	0.9995
vol01:67:4:7	vol01:67:4:8	rekey	崇	0.9992
vol01:67:4:8	vol01:67:4:9	rekey	儒	0.9994
vol01:67:5:9	vol01:67:5:10	rekey	鏡	0.9993
vol01:67:5:10	vol01:67:5:11	rekey	登	0.9991
vol01:67:5:11	vol01:67:5:12	rekey	閎	0.9994
vol01:67:5:12	vol01:67:5:13	rekey	傳	0.9991
vol01:67:5:13	vol01:67:5:14	rekey	信	0.9995
vol01:67:5:14	vol01:67:5:15	rekey	傳	0.9993
vol01:67:5:16	vol01:67:5:17	rekey	之	0.9995
vol01:67:5:17	vol01:67:5:18	rekey	有	0.9998
vol01:67:5:18	vol01:67:5:19	rekey	準	0.9995
vol01:67:5:19	vol01:67:5:20	rekey	金	0.9995
vol01:67:5:20	vol01:67:5:21	rekey	模	0.9993
vol01:67:5:2	vol01:67:5:3	rekey	大	0.9996
vol01:67:5:3	vol01:67:5:4	rekey	識	0.9993
vol01:67:5:4	vol01:67:5:5	rekey	小	0.9998
vol01:67:5:5	vol01:67:5:6	rekey	之	0.9993
vol01:67:5:6	vol01:67:5:7	rekey	無	0.9994
vol01:67:5:7	vol01:67:5:8	rekey	遺	0.9991
vol01:67:5:8	vol01:67:5:9	rekey	榮	0.9995
vol01:67:6:2	vol01:67:6:3	rekey	特	0.9994
vol01:67:6:3	vol01:67:6:4	rekey	建	0.9995
vol01:67:6:4	vol01:67:6:5	rekey	寶	0.9993
vol01:67:6:5	vol01:67:6:6	rekey	思	0.9996
vol01:67:6:6	vol01:67:6:7	rekey	周	0.9998
vol01:67:6:7	vol01:67:6:8	rekey	融	0.9997
vol01:67:6:8	vol01:67:6:9	rekey	如	0.9993
vol01:67:7:1	vol01:67:7:2	rekey	今	0.9995
vol01:67:7:2	vol01:67:7:3	rekey	日	0.9997
vol01:67:7:3	vol01:67:7:4	rekey	者	0.9995
vol01:67:7:4	vol01:67:7:5	rekey	也	0.9996
vol01:67:7:5	vol01:67:7:6	rekey	欽	0.9995
vol01:67:7:6	vol01:67:7:7	rekey	惟	0.9995
vol01:67:8:0	vol01:67:8:1	rekey	皇	0.9994
vol01:67:8:1	vol01:67:8:2	rekey	帝	0.9995
vol01:67:8:2	vol01:67:8:3	rekey	陛	0.9995
vol01:67:8:3	vol01:67:8:4	rekey	下	0.9996
vol01:67:9:1	vol01:67:9:2	rekey	瑞	0.999
vol01:67:9:2	vol01:67:9:3	rekey	席	0.999
vol01:68:1:1	vol01:68:1:2	rekey	神	0.9994
vol01:68:1:3	vol01:68:1:4	rekey	松	0.9995
vol01:68:2:9	vol01:68:2:10	rekey	靈	0.999
vol01:68:2:1	vol01:68:2:2	rekey	播	0.9993
vol01:68:2:3	vol01:68:2:4	rekey	棱	0.9994
vol01:68:2:4	vol01:68:2:5	rekey	於	0.9997
vol01:68:2:5	vol01:68:2:6	rekey	十	0.9997
vol01:68:2:6	vol01:68:2:7	rekey	曲	0.9996
vol01:68:2:7	vol01:68:2:8	rekey	響	0.999
vol01:68:2:8	vol01:68:2:9	rekey	震	0.9951
vol01:68:3:1	vol01:68:3:2	rekey	洽	0.9997
vol01:68:3:2	vol01:68:3:3	rekey	文	0.9997
vol01:68:3:3	vol01:68:3:4	rekey	德	0.9995
vol01:68:3:4	vol01:68:3:5	rekey	於	0.9995
vol01:68:3:5	vol01:68:3:6	rekey	四	0.9996
vol01:68:3:6	vol01:68:3:7	rekey	溟	0.9993
vol01:68:3:7	vol01:68:3:8	rekey	兆	0.9997
vol01:68:3:8	vol01:68:3:9	rekey	開	0.9996
vol01:68:4:0	vol01:68:4:1	rekey	帝	0.9997
vol01:68:4:9	vol01:68:4:10	rekey	牋	0.9993
vol01:68:4:10	vol01:68:4:11	rekey	臣	0.9996
vol01:68:4:11	vol01:68:4:12	rekey	向	0.9995
vol01:68:4:12	vol01:68:4:13	rekey	編	0.9993
vol01:68:4:13	vol01:68:4:14	rekey	摩	0.9995
vol01:68:4:14	vol01:68:4:15	rekey	更	0.9994
vol01:68:4:15	vol01:68:4:16	rekey	緝	0.9994
vol01:68:4:16	vol01:68:4:17	rekey	三	0.9994
vol01:68:4:17	vol01:68:4:18	rekey	千	0.9994
vol01:68:4:18	vol01:68:4:19	rekey	寶	0.9972
vol01:68:4:19	vol01:68:4:20	rekey	牘	0.9997
vol01:68:4:20	vol01:68:4:21	rekey	博	0.9992
vol01:68:4:2	vol01:68:4:3	rekey	歌	0.9996
vol01:68:4:3	vol01:68:4:4	rekey	詠	0.9996
vol01:68:4:5	vol01:68:4:6	rekey	題	0.9994
vol01:68:4:6	vol01:68:4:7	rekey	九	0.9996
vol01:68:4:7	vol01:68:4:8	rekey	萬	0.9995
vol01:68:4:8	vol01:68:4:9	rekey	瓊	0.9994
vol01:68:5:9	vol01:68:5:10	rekey	之	0.9996
vol01:68:5:10	vol01:68:5:11	rekey	名	0.9996
vol01:68:5:11	vol01:68:5:12	rekey	珍	0.9995
vol01:68:5:12	vol01:68:5:13	rekey	比	0.9996
vol01:68:5:13	vol01:68:5:14	rekey	琳	0.9994
vol01:68:5:14	vol01:68:5:15	rekey	瑯	0.9994
vol01:68:5:15	vol01:68:5:16	rekey	永	0.9996
vol01:68:5:16	vol01:68:5:17	rekey	付	0.9996
vol01:68:5:17	vol01:68:5:18	rekey	長	0.9995
vol01:68:5:18	vol01:68:5:19	rekey	恩	0.9994
vol01:68:5:19	vol01:68:5:20	rekey	之	0.9997
vol01:68:5:20	vol01:68:5:21	rekey	守	0.9994
vol01:68:5:2	vol01:68:5:3	rekey	收	0.9996
vol01:68:5:3	vol01:68:5:4	rekey	竹	0.9995
vol01:68:5:4	vol01:68:5:5	rekey	素	0.9995
vol01:68:5:5	vol01:68:5:6	rekey	仍	0.9994
vol01:68:5:6	vol01:68:5:7	rekey	沿	0.9995
vol01:68:5:7	vol01:68:5:8	rekey	天	0.9996
vol01:68:5:8	vol01:68:5:9	rekey	祿	0.9993
vol01:68:6:9	vol01:68:6:10	rekey	支	0.9996
vol01:68:6:10	vol01:68:6:11	rekey	絡	0.9996
vol01:68:6:11	vol01:68:6:12	rekey	於	0.9996
vol01:68:6:12	vol01:68:6:13	rekey	詞	0.9996
vol01:68:6:13	vol01:68:6:14	rekey	源	0.9992
vol01:68:6:14	vol01:68:6:15	rekey	緯	0.9975
vol01:68:6:15	vol01:68:6:16	rekey	地	0.9994
vol01:68:6:16	vol01:68:6:17	rekey	經	0.9995
vol01:68:6:17	vol01:68:6:18	rekey	天	0.9997
vol01:68:6:18	vol01:68:6:19	rekey	探	0.9994
vol01:68:6:19	vol01:68:6:20	rekey	精	0.9996
vol01:68:6:20	vol01:68:6:21	rekey	微	0.9995
vol01:68:6:2	vol01:68:6:3	rekey	乃	0.9995
vol01:68:6:3	vol01:68:6:4	rekey	猶	0.9994
vol01:68:6:4	vol01:68:6:5	rekey	尋	0.9991
vol01:68:6:5	vol01:68:6:6	rekey	端	0.9994
vol01:68:6:6	vol01:68:6:7	rekey	竟	0.9996
vol01:68:6:7	vol01:68:6:8	rekey	委	0.9995
vol01:68:6:8	vol01:68:6:9	rekey	溯	0.9996
vol01:68:7:2	vol01:68:7:3	rekey	於	0.9995
vol01:68:7:3	vol01:68:7:4	rekey	義	0.9997
vol01:68:7:4	vol01:68:7:5	rekey	海	0.9996
vol01:68:7:5	vol01:68:7:6	rekey	昭	0.9995
vol01:68:7:6	vol01:68:7:7	rekey	陽	0.9995
vol01:68:7:7	vol01:68:7:8	rekey	韶	0.9996
vol01:68:8:0	vol01:68:8:1	rekey	特	0.9995
vol01:68:8:2	vol01:68:8:3	rekey	翰	0.9996
vol01:68:8:3	vol01:68:8:4	rekey	府	0.9997
vol01:68:8:4	vol01:68:8:5	rekey	之	0.9996
vol01:68:8:5	vol01:68:8:6	rekey	藏	0.9996
vol01:68:8:6	vol01:68:8:7	rekey	永	0.9993
vol01:68:8:7	vol01:68:8:8	rekey	樂	0.9993
vol01:68:8:8	vol01:68:8:9	rekey	遺	0.9994
vol01:68:9:0	vol01:68:9:1	rekey	俯	0.9995
vol01:68:9:9	vol01:68:9:10	rekey	吳	0.9994
vol01:68:9:10	vol01:68:9:11	rekey	興	0.9996
vol01:68:9:12	vol01:68:9:13	rekey	海	0.9994
vol01:68:9:13	vol01:68:9:14	rekey	割	0.9994
vol01:68:9:14	vol01:68:9:15	rekey	裂	0.9996
vol01:68:9:15	vol01:68:9:16	rekey	雖	0.9996
vol01:68:9:16	vol01:68:9:17	rekey	多	0.9995
vol01:68:9:17	vol01:68:9:18	rekey	體	0.9993
vol01:68:9:18	vol01:68:9:19	rekey	宏	0.9996
vol01:68:9:1	vol01:68:9:2	rekey	檢	0.9993
vol01:68:9:19	vol01:68:9:20	rekey	於	0.9997
vol01:68:9:2	vol01:68:9:3	rekey	文	0.9998
vol01:68:9:3	vol01:68:9:4	rekey	樓	0.9994
vol01:68:9:4	vol01:68:9:5	rekey	之	0.9998
vol01:68:9:5	vol01:68:9:6	rekey	帙	0.9993
vol01:68:9:6	vol01:68:9:7	rekey	例	0.9994
vol01:68:9:7	vol01:68:9:8	rekey	取	0.9996
vol01:68:9:8	vol01:68:9:9	rekey	諸	0.9993
vol01:69:1:9	vol01:69:1:10	rekey	榛	0.9995
vol01:69:1:10	vol01:69:1:11	rekey	楛	0.9996
vol01:69:1:2	vol01:69:1:3	rekey	蜀	0.9994
vol01:69:1:3	vol01:69:1:4	rekey	書	0.9996
vol01:69:1:4	vol01:69:1:5	rekey	林	0.9996
vol01:69:1:5	vol01:69:1:6	rekey	蒐	0.9996
vol01:69:1:6	vol01:69:1:7	rekey	羅	0.9994
vol01:69:1:7	vol01:69:1:8	rekey	終	0.9996
vol01:69:2:0	vol01:69:2:1	rekey	命	0.9998
vol01:69:2:9	vol01:69:2:10	rekey	珍	0.9997
vol01:69:2:1	vol01:69:2:2	rekey	刊	0.9997
vol01:69:2:3	vol01:69:2:4	rekey	其	0.9994
vol01:69:2:5	vol01:69:2:6	rekey	言	0.9994
vol01:69:2:7	vol01:69:2:8	rekey	液	0.9993
vol01:69:2:8	vol01:69:2:9	rekey	堪	0.9994
vol01:69:3:9	vol01:69:3:10	rekey	斷	0.9995
vol01:69:3:10	vol01:69:3:11	rekey	重	0.9992
vol01:69:3:11	vol01:69:3:12	rekey	膠	0.9993
vol01:69:3:12	vol01:69:3:13	rekey	百	0.9995
vol01:69:3:13	vol01:69:3:14	rekey	衲	0.9994
vol01:69:3:14	vol01:69:3:15	rekey	之	0.9997
vol01:69:3:15	vol01:69:3:16	rekey	琴	0.9993
vol01:69:3:16	vol01:69:3:17	rekey	古	0.9995
vol01:69:3:17	vol01:69:3:18	rekey	罍	0.9987
vol01:69:3:18	vol01:69:3:19	rekey	銅	0.9992
vol01:69:3:1	vol01:69:3:2	rekey	比	0.9995
vol01:69:3:19	vol01:69:3:20	rekey	斑	0.9996
vol01:69:3:20	vol01:69:3:21	rekey	合	0.9995
vol01:69:3:2	vol01:69:3:3	rekey	排	0.9995
vol01:69:3:3	vol01:69:3:4	rekey	其	0.9993
vol01:69:3:4	vol01:69:3:5	rekey	墜	0.999
vol01:69:3:5	vol01:69:3:6	rekey	簡	0.9996
vol01:69:3:6	vol01:69:3:7	rekey	焦	0.9994
vol01:69:3:7	vol01:69:3:8	rekey	桐	0.9994
vol01:69:3:8	vol01:69:3:9	rekey	漆	0.9995
vol01:69:4:9	vol01:69:4:10	rekey	羽	0.9997
vol01:69:4:10	vol01:69:4:11	rekey	陵	0.9996
vol01:69:4:11	vol01:69:4:12	rekey	蠧	0.9994
vol01:69:4:12	vol01:69:4:13	rekey	剩	0.9995
vol01:69:4:13	vol01:69:4:14	rekey	或	0.9996
vol01:69:4:14	vol01:69:4:15	rekey	有	0.9991
vol01:69:4:15	vol01:69:4:16	rekey	存	0.9996
vol01:69:4:16	vol01:69:4:17	rekey	留	0.9997
vol01:69:4:17	vol01:69:4:18	rekey	宛	0.9997
vol01:69:4:18	vol01:69:4:19	rekey	委	0.9993
vol01:69:4:19	vol01:69:4:20	rekey	藏	0.9994
vol01:69:4:20	vol01:69:4:21	rekey	餘	0.9997
vol01:69:4:3	vol01:69:4:4	rekey	九	0.9995
vol01:69:4:4	vol01:69:4:5	rekey	金	0.9995
vol01:69:4:5	vol01:69:4:6	rekey	之	0.9997
vol01:69:4:6	vol01:69:4:7	rekey	鼎	0.9992
vol01:69:4:7	vol01:69:4:8	rekey	復	0.9996
vol01:69:4:8	vol01:69:4:9	rekey	以	0.9998
vol01:69:5:2	vol01:69:5:3	rekey	不	0.9997
vol01:69:5:3	vol01:69:5:4	rekey	無	0.9996
vol01:69:5:4	vol01:69:5:5	rekey	佚	0.9994
vol01:69:5:5	vol01:69:5:6	rekey	漏	0.9994
vol01:69:5:6	vol01:69:5:7	rekey	十	0.9997
vol01:69:5:7	vol01:69:5:8	rekey	行	0.9996
vol01:69:6:0	vol01:69:6:1	rekey	丹	0.9996
vol01:69:6:9	vol01:69:6:10	rekey	錄	0.9995
vol01:69:6:10	vol01:69:6:11	rekey	緗	0.9994
vol01:69:6:11	vol01:69:6:12	rekey	囊	0.9995
vol01:69:6:12	vol01:69:6:13	rekey	廣	0.9994
vol01:69:6:14	vol01:69:6:15	rekey	獻	0.9992
vol01:69:6:15	vol01:69:6:16	rekey	書	0.9992
vol01:69:6:16	vol01:69:6:17	rekey	之	0.9997
vol01:69:6:17	vol01:69:6:18	rekey	路	0.9997
vol01:69:6:18	vol01:69:6:19	rekey	逸	0.9995
vol01:69:6:1	vol01:69:6:2	rekey	詔	0.9993
vol01:69:6:19	vol01:69:6:20	rekey	經	0.9994
vol01:69:6:20	vol01:69:6:21	rekey	斷	0.9996
vol01:69:6:3	vol01:69:6:4	rekey	徵	0.9997
vol01:69:6:4	vol01:69:6:5	rekey	汲	0.9996
vol01:69:6:5	vol01:69:6:6	rekey	古	0.9995
vol01:69:6:6	vol01:69:6:7	rekey	之	0.9998
vol01:69:6:7	vol01:69:6:8	rekey	家	0.9994
vol01:69:6:8	vol01:69:6:9	rekey	七	0.9998
vol01:69:7:9	vol01:69:7:10	rekey	殘	0.9994
vol01:69:7:10	vol01:69:7:11	rekey	篇	0.9994
vol01:69:7:11	vol01:69:7:12	rekey	發	0.9994
vol01:69:7:12	vol01:69:7:13	rekey	從	0.9994
vol01:69:7:13	vol01:69:7:14	rekey	老	0.9996
vol01:69:7:14	vol01:69:7:15	rekey	屋	0.9995
vol01:69:7:15	vol01:69:7:16	rekey	錦	0.9994
vol01:69:7:16	vol01:69:7:17	rekey	帆	0.9996
vol01:69:7:17	vol01:69:7:18	rekey	捩	0.9995
vol01:69:7:18	vol01:69:7:19	rekey	舵	0.9993
vol01:69:7:19	vol01:69:7:20	rekey	孟	0.9996
vol01:69:7:20	vol01:69:7:21	rekey	家	0.9996
vol01:69:7:2	vol01:69:7:3	rekey	策	0.9996
vol01:69:7:3	vol01:69:7:4	rekey	出	0.9997
vol01:69:7:4	vol01:69:7:5	rekey	自	0.9996
vol01:69:7:5	vol01:69:7:6	rekey	大	0.9997
vol01:69:7:6	vol01:69:7:7	rekey	航	0.9994
vol01:69:7:7	vol01:69:7:8	rekey	雜	0.999
vol01:69:7:8	vol01:69:7:9	rekey	卦	0.9993
vol01:69:8:11	vol01:69:8:12	rekey	氏	0.9995
vol01:69:8:12	vol01:69:8:13	rekey	西	0.9995
vol01:69:8:13	vol01:69:8:14	rekey	齋	0.9996
vol01:69:8:14	vol01:69:8:15	rekey	之	0.9995
vol01:69:8:15	vol01:69:8:16	rekey	軸	0.9993
vol01:69:8:16	vol01:69:8:17	rekey	鱗	0.9993
vol01:69:8:17	vol01:69:8:18	rekey	排	0.9994
vol01:69:8:18	vol01:69:8:19	rekey	玉	0.9995
vol01:69:8:19	vol01:69:8:20	rekey	字	0.9992
vol01:69:8:20	vol01:69:8:21	rekey	多	0.9996
vol01:69:8:2	vol01:69:8:3	rekey	東	0.9996
vol01:69:8:3	vol01:69:8:4	rekey	路	0.9994
vol01:69:8:4	vol01:69:8:5	rekey	之	0.9998
vol01:69:8:5	vol01:69:8:6	rekey	舡	0.9999
vol01:69:8:6	vol01:69:8:7	rekey	玉	0.9996
vol01:69:8:8	vol01:69:8:9	rekey	飛	0.9993
vol01:69:9:9	vol01:69:9:10	rekey	束	0.9995
vol01:69:9:10	vol01:69:9:11	rekey	金	0.9996
vol01:69:9:11	vol01:69:9:12	rekey	繩	0.9993
vol01:69:9:12	vol01:69:9:13	rekey	率	0.9993
vol01:69:9:13	vol01:69:9:14	rekey	張	0.9996
vol01:69:9:14	vol01:69:9:15	rekey	華	0.9995
vol01:69:9:15	vol01:69:9:16	rekey	之	0.9996
vol01:69:9:16	vol01:69:9:17	rekey	所	0.9995
vol01:69:9:17	vol01:69:9:18	rekey	莫	0.9996
vol01:69:9:18	vol01:69:9:19	rekey	識	0.9992
vol01:69:9:19	vol01:69:9:20	rekey	光	0.9996
vol01:69:9:20	vol01:69:9:21	rekey	明	0.9995
vol01:69:9:2	vol01:69:9:3	rekey	王	0.9998
vol01:69:9:4	vol01:69:9:5	rekey	之	0.9996
vol01:69:9:5	vol01:69:9:6	rekey	所	0.9996
vol01:69:9:6	vol01:69:9:7	rekey	未	0.9994
vol01:69:9:7	vol01:69:9:8	rekey	聞	0.9993
vol01:6:1:9	vol01:6:1:10	rekey	肆	0.9993
vol01:6:1:14	vol01:6:1:15	rekey	給	0.9995
vol01:6:1:15	vol01:6:1:16	rekey	價	0.9994
vol01:6:1:16	vol01:6:1:17	rekey	家	0.9995
vol01:6:1:17	vol01:6:1:18	rekey	藏	0.9992
vol01:6:1:18	vol01:6:1:19	rekey	者	0.9995
vol01:6:1:1	vol01:6:1:2	rekey	均	0.9997
vol01:6:1:2	vol01:6:1:3	rekey	應	0.9994
vol01:6:1:3	vol01:6:1:4	rekey	概	0.9993
vol01:6:1:4	vol01:6:1:5	rekey	行	0.9995
vol01:6:1:5	vol01:6:1:6	rekey	查	0.9997
vol01:6:1:6	vol01:6:1:7	rekey	明	0.9996
vol01:6:1:7	vol01:6:1:8	rekey	在	0.9993
vol01:6:1:8	vol01:6:1:9	rekey	坊	0.9996
vol01:6:2:9	vol01:6:2:10	rekey	刊	0.9998
vol01:6:2:10	vol01:6:2:11	rekey	祇	0.9995
vol01:6:2:11	vol01:6:2:12	rekey	係	0.9996
vol01:6:2:13	vol01:6:2:14	rekey	本	0.9995
vol01:6:2:14	vol01:6:2:15	rekey	存	0.9993
vol01:6:2:15	vol01:6:2:16	rekey	留	0.9996
vol01:6:2:16	vol01:6:2:17	rekey	者	0.9996
vol01:6:2:17	vol01:6:2:18	rekey	不	0.9997
vol01:6:2:18	vol01:6:2:19	rekey	妨	0.9996
vol01:6:2:1	vol01:6:2:2	rekey	爲	0.9994
vol01:6:2:2	vol01:6:2:3	rekey	裝	0.9994
vol01:6:2:3	vol01:6:2:4	rekey	印	0.9998
vol01:6:2:4	vol01:6:2:5	rekey	其	0.9996
vol01:6:2:5	vol01:6:2:6	rekey	有	0.9996
vol01:6:2:6	vol01:6:2:7	rekey	未	0.9997
vol01:6:2:7	vol01:6:2:8	rekey	經	0.9996
vol01:6:2:8	vol01:6:2:9	rekey	鐫	0.9993
vol01:6:3:9	vol01:6:3:10	rekey	並	0.9995
vol01:6:3:10	vol01:6:3:11	rekey	嚴	0.9994
vol01:6:3:11	vol01:6:3:12	rekey	飭	0.9996
vol01:6:3:12	vol01:6:3:13	rekey	所	0.9994
vol01:6:3:13	vol01:6:3:14	rekey	屬	0.999
vol01:6:3:14	vol01:6:3:15	rekey	一	0.9997
vol01:6:3:15	vol01:6:3:16	rekey	切	0.9996
vol01:6:3:16	vol01:6:3:17	rekey	善	0.999
vol01:6:3:17	vol01:6:3:18	rekey	爲	0.999
vol01:6:3:18	vol01:6:3:19	rekey	經	0.9991
vol01:6:3:1	vol01:6:3:2	rekey	副	0.9996
vol01:6:3:2	vol01:6:3:3	rekey	本	0.9994
vol01:6:3:3	vol01:6:3:4	rekey	仍	0.9995
vol01:6:3:4	vol01:6:3:5	rekey	將	0.9997
vol01:6:3:5	vol01:6:3:6	rekey	原	0.9995
vol01:6:3:6	vol01:6:3:7	rekey	書	0.9995
vol01:6:3:7	vol01:6:3:8	rekey	給	0.9994
vol01:6:3:8	vol01:6:3:9	rekey	還	0.9994
vol01:6:4:9	vol01:6:4:10	rekey	各	0.9996
vol01:6:4:10	vol01:6:4:11	rekey	省	0.9993
vol01:6:4:11	vol01:6:4:12	rekey	蒐	0.9993
vol01:6:4:12	vol01:6:4:13	rekey	輯	0.9993
vol01:6:4:13	vol01:6:4:14	rekey	之	0.9994
vol01:6:4:14	vol01:6:4:15	rekey	書	0.9997
vol01:6:4:15	vol01:6:4:16	rekey	卷	0.9995
vol01:6:4:16	vol01:6:4:17	rekey	帙	0.9995
vol01:6:4:17	vol01:6:4:18	rekey	必	0.9996
vol01:6:4:18	vol01:6:4:19	rekey	多	0.9996
vol01:6:4:1	vol01:6:4:2	rekey	使	0.9994
vol01:6:4:2	vol01:6:4:3	rekey	吏	0.9995
vol01:6:4:3	vol01:6:4:4	rekey	胥	0.9996
vol01:6:4:4	vol01:6:4:5	rekey	藉	0.9992
vol01:6:4:5	vol01:6:4:6	rekey	端	0.9997
vol01:6:4:6	vol01:6:4:7	rekey	滋	0.9995
vol01:6:4:7	vol01:6:4:8	rekey	擾	0.9995
vol01:6:4:8	vol01:6:4:9	rekey	但	0.9995
vol01:6:5:9	vol01:6:5:10	rekey	煩	0.9995
vol01:6:5:10	vol01:6:5:11	rekey	複	0.9995
vol01:6:5:11	vol01:6:5:12	rekey	皆	0.9994
vol01:6:5:12	vol01:6:5:13	rekey	所	0.9995
vol01:6:5:13	vol01:6:5:14	rekey	不	0.9998
vol01:6:5:14	vol01:6:5:15	rekey	免	0.9997
vol01:6:5:15	vol01:6:5:16	rekey	著	0.9996
vol01:6:5:16	vol01:6:5:17	rekey	該	0.9997
vol01:6:5:17	vol01:6:5:18	rekey	督	0.9994
vol01:6:5:18	vol01:6:5:19	rekey	撫	0.9992
vol01:6:5:1	vol01:6:5:2	rekey	加	0.9997
vol01:6:5:2	vol01:6:5:3	rekey	之	0.9996
vol01:6:5:3	vol01:6:5:4	rekey	鑑	0.9994
vol01:6:5:4	vol01:6:5:5	rekey	別	0.9996
vol01:6:5:5	vol01:6:5:6	rekey	悉	0.9994
vol01:6:5:6	vol01:6:5:7	rekey	令	0.9992
vol01:6:5:7	vol01:6:5:8	rekey	呈	0.9995
vol01:6:5:8	vol01:6:5:9	rekey	送	0.9995
vol01:6:6:9	vol01:6:6:10	rekey	係	0.9993
vol01:6:6:10	vol01:6:6:11	rekey	某	0.9994
vol01:6:6:11	vol01:6:6:12	rekey	朝	0.9994
vol01:6:6:12	vol01:6:6:13	rekey	某	0.9995
vol01:6:6:13	vol01:6:6:14	rekey	人	0.9997
vol01:6:6:14	vol01:6:6:15	rekey	所	0.9996
vol01:6:6:15	vol01:6:6:16	rekey	著	0.9994
vol01:6:6:16	vol01:6:6:17	rekey	書	0.9995
vol01:6:6:17	vol01:6:6:18	rekey	中	0.9996
vol01:6:6:18	vol01:6:6:19	rekey	要	0.9996
vol01:6:6:1	vol01:6:6:2	rekey	將	0.9995
vol01:6:6:2	vol01:6:6:3	rekey	各	0.9994
vol01:6:6:4	vol01:6:6:5	rekey	敘	0.9991
vol01:6:6:5	vol01:6:6:6	rekey	列	0.9995
vol01:6:6:6	vol01:6:6:7	rekey	目	0.9998
vol01:6:6:7	vol01:6:6:8	rekey	錄	0.9991
vol01:6:6:8	vol01:6:6:9	rekey	注	0.9982
vol01:6:7:9	vol01:6:7:10	rekey	聞	0.9995
vol01:6:7:10	vol01:6:7:11	rekey	候	0.9995
vol01:6:7:13	vol01:6:7:14	rekey	後	0.9995
vol01:6:7:14	vol01:6:7:15	rekey	令	0.9998
vol01:6:7:17	vol01:6:7:18	rekey	撿	0.9996
vol01:6:7:18	vol01:6:7:19	rekey	覈	0.9992
vol01:6:7:1	vol01:6:7:2	rekey	在	0.9996
vol01:6:7:2	vol01:6:7:3	rekey	簡	0.9991
vol01:6:7:3	vol01:6:7:4	rekey	明	0.9996
vol01:6:7:5	vol01:6:7:6	rekey	載	0.9993
vol01:6:7:6	vol01:6:7:7	rekey	具	0.9994
vol01:6:7:7	vol01:6:7:8	rekey	摺	0.9994
vol01:6:7:8	vol01:6:7:9	rekey	奏	0.9995
vol01:6:8:9	vol01:6:8:10	rekey	取	0.9994
vol01:6:8:10	vol01:6:8:11	rekey	進	0.9997
vol01:6:8:11	vol01:6:8:12	rekey	庶	0.9998
vol01:6:8:12	vol01:6:8:13	rekey	幾	0.999
vol01:6:8:13	vol01:6:8:14	rekey	副	0.9994
vol01:6:8:14	vol01:6:8:15	rekey	在	0.9994
vol01:6:8:15	vol01:6:8:16	rekey	石	0.9997
vol01:6:8:16	vol01:6:8:17	rekey	渠	0.9994
vol01:6:8:17	vol01:6:8:18	rekey	用	0.9996
vol01:6:8:18	vol01:6:8:19	rekey	儲	0.9994
vol01:6:8:1	vol01:6:8:2	rekey	備	0.9995
vol01:6:8:2	vol01:6:8:3	rekey	閱	0.9992
vol01:6:8:3	vol01:6:8:4	rekey	者	0.9995
vol01:6:8:4	vol01:6:8:5	rekey	再	0.9995
vol01:6:8:5	vol01:6:8:6	rekey	開	0.9996
vol01:6:8:6	vol01:6:8:7	rekey	單	0.9995
vol01:6:8:7	vol01:6:8:8	rekey	行	0.9995
vol01:6:8:8	vol01:6:8:9	rekey	知	0.9995
vol01:6:9:9	vol01:6:9:10	rekey	美	0.9994
vol01:6:9:10	vol01:6:9:11	rekey	備	0.9995
vol01:6:9:11	vol01:6:9:12	rekey	稱	0.9993
vol01:6:9:12	vol01:6:9:13	rekey	朕	0.9995
vol01:6:9:13	vol01:6:9:14	rekey	意	0.9996
vol01:6:9:14	vol01:6:9:15	rekey	焉	0.9994
vol01:6:9:15	vol01:6:9:16	rekey	欽	0.9994
vol01:6:9:16	vol01:6:9:17	rekey	此	0.9997
vol01:6:9:1	vol01:6:9:2	rekey	從	0.9996
vol01:6:9:2	vol01:6:9:3	rekey	此	0.9994
vol01:6:9:3	vol01:6:9:4	rekey	四	0.9994
vol01:6:9:4	vol01:6:9:5	rekey	庫	0.9993
vol01:6:9:5	vol01:6:9:6	rekey	七	0.9997
vol01:6:9:6	vol01:6:9:7	rekey	畧	0.9995
vol01:6:9:7	vol01:6:9:8	rekey	益	0.9994
vol01:6:9:8	vol01:6:9:9	rekey	昭	0.9993
vol01:70:1:9	vol01:70:1:10	rekey	名	0.9996
vol01:70:1:18	vol01:70:1:19	rekey	之	0.9999
vol01:70:1:19	vol01:70:1:20	rekey	印	0.9997
vol01:70:2:16	vol01:70:2:17	rekey	品	0.9994
vol01:70:2:19	vol01:70:2:20	rekey	分	0.9995
vol01:70:2:20	vol01:70:2:21	rekey	其	0.9995
vol01:70:4:9	vol01:70:4:10	rekey	之	0.9997
vol01:70:4:17	vol01:70:4:18	rekey	文	0.9996
vol01:70:4:19	vol01:70:4:20	rekey	之	0.9995
vol01:70:5:16	vol01:70:5:17	rekey	列	0.9996
vol01:70:5:17	vol01:70:5:18	rekey	任	0.9996
vol01:70:5:19	vol01:70:5:20	rekey	之	0.9998
vol01:70:8:15	vol01:70:8:16	rekey	亦	0.9994
vol01:70:8:17	vol01:70:8:18	rekey	其	0.9993
vol01:70:8:18	vol01:70:8:19	rekey	九	0.9994
vol01:70:9:8	vol01:70:9:9	rekey	分	0.9994
vol01:71:1:10	vol01:71:1:11	rekey	於	0.9995
vol01:71:1:14	vol01:71:1:15	rekey	與	0.9993
vol01:71:1:15	vol01:71:1:16	rekey	史	0.9996
vol01:71:1:16	vol01:71:1:17	rekey	並	0.9991
vol01:71:1:17	vol01:71:1:18	rekey	陳	0.9996
vol01:71:1:18	vol01:71:1:19	rekey	左	0.9995
vol01:71:1:1	vol01:71:1:2	rekey	龍	0.9996
vol01:71:1:19	vol01:71:1:20	rekey	右	0.9995
vol01:71:1:3	vol01:71:1:4	rekey	增	0.9992
vol01:71:1:4	vol01:71:1:5	rekey	置	0.9989
vol01:71:1:6	vol01:71:1:7	rekey	胥	0.9991
vol01:71:2:9	vol01:71:2:10	rekey	備	0.9996
vol01:71:2:10	vol01:71:2:11	rekey	古	0.9996
vol01:71:2:11	vol01:71:2:12	rekey	今	0.9997
vol01:71:2:16	vol01:71:2:17	rekey	曹	0.9994
vol01:71:2:18	vol01:71:2:19	rekey	什	0.9994
vol01:71:2:19	vol01:71:2:20	rekey	五	0.9995
vol01:71:2:20	vol01:71:2:21	rekey	各	0.9994
vol01:71:2:2	vol01:71:2:3	rekey	本	0.9995
vol01:71:2:7	vol01:71:2:8	rekey	蝌	0.9997
vol01:71:2:8	vol01:71:2:9	rekey	兼	0.9992
vol01:71:3:11	vol01:71:3:12	rekey	均	0.9992
vol01:71:3:12	vol01:71:3:13	rekey	稽	0.9978
vol01:71:3:13	vol01:71:3:14	rekey	研	0.9996
vol01:71:3:14	vol01:71:3:15	rekey	於	0.9996
vol01:71:3:15	vol01:71:3:16	rekey	計	0.9995
vol01:71:3:17	vol01:71:3:18	rekey	提	0.9995
vol01:71:3:4	vol01:71:3:5	rekey	於	0.9994
vol01:71:3:6	vol01:71:3:7	rekey	官	0.9995
vol01:71:4:9	vol01:71:4:10	rekey	補	0.9993
vol01:71:4:11	vol01:71:4:12	rekey	拾	0.9992
vol01:71:4:13	vol01:71:4:14	rekey	覆	0.9994
vol01:71:4:14	vol01:71:4:15	rekey	勘	0.9992
vol01:71:4:15	vol01:71:4:16	rekey	者	0.9993
vol01:71:4:16	vol01:71:4:17	rekey	官	0.9995
vol01:71:4:17	vol01:71:4:18	rekey	兼	0.9994
vol01:71:4:18	vol01:71:4:19	rekey	詳	0.9993
vol01:71:4:19	vol01:71:4:20	rekey	定	0.9997
vol01:71:4:3	vol01:71:4:4	rekey	成	0.9995
vol01:71:4:4	vol01:71:4:5	rekey	者	0.9994
vol01:71:4:5	vol01:71:4:6	rekey	職	0.9992
vol01:71:4:8	vol01:71:4:9	rekey	修	0.9994
vol01:71:5:15	vol01:71:5:16	rekey	給	0.9995
vol01:71:5:16	vol01:71:5:17	rekey	於	0.9996
vol01:71:5:18	vol01:71:5:19	rekey	官	0.9993
vol01:71:5:2	vol01:71:5:3	rekey	器	0.9995
vol01:71:5:4	vol01:71:5:5	rekey	儲	0.9992
vol01:71:5:5	vol01:71:5:6	rekey	於	0.9995
vol01:71:5:6	vol01:71:5:7	rekey	將	0.9994
vol01:71:5:7	vol01:71:5:8	rekey	作	0.9996
vol01:71:6:12	vol01:71:6:13	rekey	之	0.9996
vol01:71:7:10	vol01:71:7:11	rekey	同	0.9996
vol01:71:7:12	vol01:71:7:13	rekey	率	0.9994
vol01:71:7:13	vol01:71:7:14	rekey	天	0.9997
vol01:71:7:17	vol01:71:7:18	rekey	分	0.9994
vol01:71:7:18	vol01:71:7:19	rekey	行	0.9995
vol01:71:7:20	vol01:71:7:21	rekey	到	0.9994
vol01:71:7:3	vol01:71:7:4	rekey	之	0.9995
vol01:71:7:4	vol01:71:7:5	rekey	白	0.9998
vol01:71:7:8	vol01:71:7:9	rekey	直	0.9993
vol01:71:8:9	vol01:71:8:10	rekey	送	0.9993
vol01:71:8:10	vol01:71:8:11	rekey	全	0.9995
vol01:71:8:11	vol01:71:8:12	rekey	搜	0.9994
vol01:71:8:13	vol01:71:8:14	rekey	囊	0.9994
vol01:71:8:16	vol01:71:8:17	rekey	之	0.9998
vol01:71:8:17	vol01:71:8:18	rekey	餘	0.9994
vol01:71:8:4	vol01:71:8:5	rekey	福	0.999
vol01:71:8:5	vol01:71:8:6	rekey	地	0.9994
vol01:71:9:9	vol01:71:9:10	rekey	金	0.9994
vol01:71:9:10	vol01:71:9:11	rekey	華	0.9993
vol01:71:9:11	vol01:71:9:12	rekey	之	0.9996
vol01:71:9:13	vol01:71:9:14	rekey	程	0.9994
vol01:71:9:14	vol01:71:9:15	rekey	材	0.9996
vol01:71:9:15	vol01:71:9:16	rekey	效	0.9996
vol01:71:9:17	vol01:71:9:18	rekey	各	0.9995
vol01:71:9:18	vol01:71:9:19	rekey	一	1.0
vol01:71:9:19	vol01:71:9:20	rekey	一	1.0
vol01:71:9:2	vol01:71:9:3	rekey	殿	0.9996
vol01:71:9:4	vol01:71:9:5	rekey	排	0.9997
vol01:71:9:6	vol01:71:9:7	rekey	刊	0.9996
vol01:72:1:9	vol01:72:1:10	rekey	多	0.9995
vol01:72:1:10	vol01:72:1:11	rekey	多	0.9995
vol01:72:1:17	vol01:72:1:18	rekey	惡	0.9996
vol01:72:1:19	vol01:72:1:20	rekey	書	0.9994
vol01:72:1:20	vol01:72:1:21	rekey	何	0.9995
vol01:72:1:2	vol01:72:1:3	rekey	使	0.9996
vol01:72:1:3	vol01:72:1:4	rekey	吹	0.9996
vol01:72:1:7	vol01:72:1:8	rekey	篇	0.9961
vol01:72:2:12	vol01:72:2:13	rekey	惟	0.9994
vol01:72:2:19	vol01:72:2:20	rekey	之	0.9996
vol01:72:2:20	vol01:72:2:21	rekey	國	0.9996
vol01:72:2:2	vol01:72:2:3	rekey	止	0.9996
vol01:72:2:3	vol01:72:2:4	rekey	百	0.9993
vol01:72:3:12	vol01:72:3:13	rekey	之	0.9996
vol01:72:3:17	vol01:72:3:18	rekey	於	0.9994
vol01:72:3:5	vol01:72:3:6	rekey	於	0.9994
vol01:72:3:8	vol01:72:3:9	rekey	宛	0.9995
vol01:72:4:9	vol01:72:4:10	rekey	見	0.9995
vol01:72:4:10	vol01:72:4:11	rekey	所	0.9997
vol01:72:4:14	vol01:72:4:15	rekey	令	0.9995
vol01:72:4:16	vol01:72:4:17	rekey	觀	0.9992
vol01:72:4:18	vol01:72:4:19	rekey	儒	0.9995
vol01:72:4:2	vol01:72:4:3	rekey	但	0.9995
vol01:72:4:3	vol01:72:4:4	rekey	鴻	0.9993
vol01:72:4:4	vol01:72:4:5	rekey	都	0.9993
vol01:72:4:5	vol01:72:4:6	rekey	多	0.9995
vol01:72:4:6	vol01:72:4:7	rekey	士	0.9997
vol01:72:5:9	vol01:72:5:10	rekey	承	0.9995
vol01:72:5:4	vol01:72:5:5	rekey	莫	0.9993
vol01:72:5:6	vol01:72:5:7	rekey	所	0.9995
vol01:72:5:8	vol01:72:5:9	rekey	恭	0.9995
vol01:72:6:2	vol01:72:6:3	rekey	提	0.9995
vol01:72:6:5	vol01:72:6:6	rekey	以	0.9997
vol01:72:6:6	vol01:72:6:7	rekey	量	0.9993
vol01:72:7:0	vol01:72:7:1	rekey	天	0.9996
vol01:72:7:9	vol01:72:7:10	rekey	披	0.9996
vol01:72:7:10	vol01:72:7:11	rekey	卷	0.9995
vol01:72:7:14	vol01:72:7:15	rekey	零	0.9994
vol01:72:7:1	vol01:72:7:2	rekey	裁	0.9994
vol01:72:7:7	vol01:72:7:8	rekey	物	0.9995
vol01:72:8:10	vol01:72:8:11	rekey	辨	0.9995
vol01:72:8:15	vol01:72:8:16	rekey	陽	0.9993
vol01:72:8:16	vol01:72:8:17	rekey	楊	0.9995
vol01:72:8:17	vol01:72:8:18	rekey	簡	0.9996
vol01:72:8:18	vol01:72:8:19	rekey	詩	0.9993
vol01:72:8:2	vol01:72:8:3	rekey	務	0.9995
vol01:72:8:4	vol01:72:8:5	rekey	完	0.9992
vol01:72:8:6	vol01:72:8:7	rekey	吳	0.9995
vol01:72:8:8	vol01:72:8:9	rekey	易	0.9994
vol01:72:9:12	vol01:72:9:13	rekey	馬	0.9995
vol01:72:9:13	vol01:72:9:14	rekey	角	0.9997
vol01:72:9:14	vol01:72:9:15	rekey	之	0.9995
vol01:72:9:16	vol01:72:9:17	rekey	唐	0.9995
vol01:72:9:18	vol01:72:9:19	rekey	史	0.9997
vol01:72:9:2	vol01:72:9:3	rekey	混	0.9995
vol01:72:9:3	vol01:72:9:4	rekey	淆	0.9995
vol01:72:9:5	vol01:72:9:6	rekey	周	0.9995
vol01:72:9:8	vol01:72:9:9	rekey	官	0.9994
vol01:73:1:9	vol01:73:1:10	rekey	章	0.9997
vol01:73:1:10	vol01:73:1:11	rekey	祈	0.9995
vol01:73:1:11	vol01:73:1:12	rekey	福	0.9995
vol01:73:1:12	vol01:73:1:13	rekey	發	0.9994
vol01:73:1:13	vol01:73:1:14	rekey	凡	0.9995
vol01:73:1:14	vol01:73:1:15	rekey	於	0.9994
vol01:73:1:15	vol01:73:1:16	rekey	劉	0.9995
vol01:73:1:16	vol01:73:1:17	rekey	跂	0.9997
vol01:73:1:17	vol01:73:1:18	rekey	之	0.9996
vol01:73:1:18	vol01:73:1:19	rekey	詞	0.9994
vol01:73:1:19	vol01:73:1:20	rekey	語	0.9992
vol01:73:1:20	vol01:73:1:21	rekey	錄	0.9998
vol01:73:1:5	vol01:73:1:6	rekey	之	0.9999
vol01:73:1:7	vol01:73:1:8	rekey	異	0.9993
vol01:73:2:9	vol01:73:2:10	rekey	之	0.9998
vol01:73:2:10	vol01:73:2:11	rekey	記	0.9997
vol01:73:2:11	vol01:73:2:12	rekey	固	0.9998
vol01:73:2:13	vol01:73:2:14	rekey	南	0.9994
vol01:73:2:14	vol01:73:2:15	rekey	車	0.9997
vol01:73:2:15	vol01:73:2:16	rekey	指	0.9997
vol01:73:2:16	vol01:73:2:17	rekey	路	0.9997
vol01:73:2:17	vol01:73:2:18	rekey	陟	0.9993
vol01:73:2:18	vol01:73:2:19	rekey	道	0.9994
vol01:73:2:19	vol01:73:2:20	rekey	岸	0.9994
vol01:73:2:20	vol01:73:2:21	rekey	而	0.9996
vol01:73:2:2	vol01:73:2:3	rekey	參	0.9995
vol01:73:2:3	vol01:73:2:4	rekey	禪	0.9996
vol01:73:2:4	vol01:73:2:5	rekey	示	0.9997
vol01:73:2:5	vol01:73:2:6	rekey	例	0.9997
vol01:73:2:6	vol01:73:2:7	rekey	於	0.9995
vol01:73:2:7	vol01:73:2:8	rekey	齊	0.9995
vol01:73:2:8	vol01:73:2:9	rekey	𤇴	0.9996
vol01:73:3:3	vol01:73:3:4	rekey	亨	0.9995
vol01:73:4:0	vol01:73:4:1	rekey	北	0.9996
vol01:73:4:9	vol01:73:4:10	rekey	正	0.9996
vol01:73:4:10	vol01:73:4:11	rekey	洎	0.9997
vol01:73:4:11	vol01:73:4:12	rekey	乎	0.9997
vol01:73:4:12	vol01:73:4:13	rekey	羣	0.9996
vol01:73:4:13	vol01:73:4:14	rekey	書	0.9996
vol01:73:4:14	vol01:73:4:15	rekey	大	0.9997
vol01:73:4:15	vol01:73:4:16	rekey	集	0.9995
vol01:73:4:16	vol01:73:4:17	rekey	品	0.9995
vol01:73:4:17	vol01:73:4:18	rekey	雜	0.9995
vol01:73:4:18	vol01:73:4:19	rekey	金	0.9995
vol01:73:4:1	vol01:73:4:2	rekey	斗	0.9996
vol01:73:4:19	vol01:73:4:20	rekey	沙	0.9993
vol01:73:4:2	vol01:73:4:3	rekey	旋	0.9993
vol01:73:4:5	vol01:73:4:6	rekey	文	0.9997
vol01:73:4:6	vol01:73:4:7	rekey	星	0.9997
vol01:73:4:7	vol01:73:4:8	rekey	而	0.9996
vol01:73:4:8	vol01:73:4:9	rekey	度	0.9995
vol01:73:5:0	vol01:73:5:1	rekey	聖	0.9995
vol01:73:5:9	vol01:73:5:10	rekey	經	0.9998
vol01:73:5:10	vol01:73:5:11	rekey	忌	0.9996
vol01:73:5:11	vol01:73:5:12	rekey	鑿	0.9996
vol01:73:5:12	vol01:73:5:13	rekey	黜	0.9995
vol01:73:5:13	vol01:73:5:14	rekey	錯	0.9994
vol01:73:5:14	vol01:73:5:15	rekey	簡	0.9996
vol01:73:5:15	vol01:73:5:16	rekey	於	0.9994
vol01:73:5:17	vol01:73:5:18	rekey	文	0.9994
vol01:73:5:1	vol01:73:5:2	rekey	訓	0.9989
vol01:73:5:19	vol01:73:5:20	rekey	史	0.9997
vol01:73:5:20	vol01:73:5:21	rekey	從	0.9996
vol01:73:5:2	vol01:73:5:3	rekey	彌	0.9992
vol01:73:5:3	vol01:73:5:4	rekey	彰	0.9995
vol01:73:5:4	vol01:73:5:5	rekey	鑒	0.9995
vol01:73:5:5	vol01:73:5:6	rekey	澄	0.9997
vol01:73:5:6	vol01:73:5:7	rekey	珠	0.9997
vol01:73:5:7	vol01:73:5:8	rekey	礫	0.9993
vol01:73:5:8	vol01:73:5:9	rekey	詁	0.9995
vol01:73:6:9	vol01:73:6:10	rekey	立	0.9995
vol01:73:6:10	vol01:73:6:11	rekey	言	0.9994
vol01:73:6:11	vol01:73:6:12	rekey	乖	0.9995
vol01:73:6:12	vol01:73:6:13	rekey	體	0.9996
vol01:73:6:13	vol01:73:6:14	rekey	四	0.9996
vol01:73:6:14	vol01:73:6:15	rekey	明	0.9993
vol01:73:6:15	vol01:73:6:16	rekey	之	0.9997
vol01:73:6:16	vol01:73:6:17	rekey	錄	0.9996
vol01:73:6:17	vol01:73:6:18	rekey	必	0.9995
vol01:73:6:18	vol01:73:6:19	rekey	刪	0.9995
vol01:73:6:20	vol01:73:6:21	rekey	古	0.9996
vol01:73:6:2	vol01:73:6:3	rekey	公	0.9997
vol01:73:6:3	vol01:73:6:4	rekey	溯	0.9995
vol01:73:6:4	vol01:73:6:5	rekey	編	0.9995
vol01:73:6:5	vol01:73:6:6	rekey	年	0.9995
vol01:73:6:6	vol01:73:6:7	rekey	於	0.9996
vol01:73:6:7	vol01:73:6:8	rekey	麟	0.9995
vol01:73:6:8	vol01:73:6:9	rekey	筆	0.9996
vol01:73:7:9	vol01:73:7:10	rekey	辨	0.9994
vol01:73:7:10	vol01:73:7:11	rekey	七	0.9997
vol01:73:7:11	vol01:73:7:12	rekey	籖	0.9998
vol01:73:7:12	vol01:73:7:13	rekey	三	0.9993
vol01:73:7:13	vol01:73:7:14	rekey	藏	0.9994
vol01:73:7:14	vol01:73:7:15	rekey	汰	0.9997
vol01:73:7:15	vol01:73:7:16	rekey	除	0.9996
vol01:73:7:16	vol01:73:7:17	rekey	釋	0.9995
vol01:73:7:17	vol01:73:7:18	rekey	老	0.9996
vol01:73:7:18	vol01:73:7:19	rekey	之	0.9996
vol01:73:7:19	vol01:73:7:20	rekey	編	0.9992
vol01:73:7:20	vol01:73:7:21	rekey	五	0.9995
vol01:73:7:3	vol01:73:7:4	rekey	眞	0.9996
vol01:73:7:4	vol01:73:7:5	rekey	五	0.9994
vol01:73:7:5	vol01:73:7:6	rekey	柳	0.997
vol01:73:7:7	vol01:73:7:8	rekey	名	0.9993
vol01:73:7:8	vol01:73:7:9	rekey	宜	0.9995
vol01:73:8:9	vol01:73:8:10	rekey	之	0.9998
vol01:73:8:10	vol01:73:8:11	rekey	術	0.9994
vol01:73:8:11	vol01:73:8:12	rekey	毒	0.9996
vol01:73:8:12	vol01:73:8:13	rekey	深	0.9995
vol01:73:8:13	vol01:73:8:14	rekey	孔	0.9994
vol01:73:8:14	vol01:73:8:15	rekey	雀	0.9994
vol01:73:8:15	vol01:73:8:16	rekey	無	0.9995
vol01:73:8:16	vol01:73:8:17	rekey	容	0.9995
vol01:73:8:17	vol01:73:8:18	rekey	校	0.9995
vol01:73:8:18	vol01:73:8:19	rekey	寫	0.9994
vol01:73:8:19	vol01:73:8:20	rekey	其	0.9994
vol01:73:8:20	vol01:73:8:21	rekey	青	0.9996
vol01:73:8:3	vol01:73:8:4	rekey	九	0.9996
vol01:73:8:4	vol01:73:8:5	rekey	奸	0.9997
vol01:73:8:5	vol01:73:8:6	rekey	排	0.9994
vol01:73:8:6	vol01:73:8:7	rekey	斥	0.9994
vol01:73:8:7	vol01:73:8:8	rekey	申	0.9998
vol01:73:8:8	vol01:73:8:9	rekey	韓	0.9994
vol01:73:9:9	vol01:73:9:10	rekey	增	0.9995
vol01:73:9:10	vol01:73:9:11	rekey	添	0.9994
vol01:73:9:11	vol01:73:9:12	rekey	其	0.9996
vol01:73:9:12	vol01:73:9:13	rekey	錦	0.9994
vol01:73:9:13	vol01:73:9:14	rekey	字	0.9996
vol01:73:9:14	vol01:73:9:15	rekey	小	0.9999
vol01:73:9:15	vol01:73:9:16	rekey	山	0.9998
vol01:73:9:16	vol01:73:9:17	rekey	艶	0.9995
vol01:73:9:17	vol01:73:9:18	rekey	曲	0.9996
vol01:73:9:18	vol01:73:9:19	rekey	削	0.9993
vol01:73:9:19	vol01:73:9:20	rekey	香	0.9995
vol01:73:9:2	vol01:73:9:3	rekey	詞	0.9995
vol01:73:9:3	vol01:73:9:4	rekey	巧	0.9994
vol01:73:9:4	vol01:73:9:5	rekey	謝	0.9997
vol01:73:9:5	vol01:73:9:6	rekey	璇	0.9996
vol01:73:9:6	vol01:73:9:7	rekey	璣	0.9994
vol01:73:9:7	vol01:73:9:8	rekey	未	0.9997
vol01:73:9:8	vol01:73:9:9	rekey	許	0.9994
vol01:74:1:10	vol01:74:1:11	rekey	刊	0.9993
vol01:74:1:12	vol01:74:1:13	rekey	肆	0.9994
vol01:74:1:13	vol01:74:1:14	rekey	歌	0.9992
vol01:74:1:15	vol01:74:1:16	rekey	之	0.9996
vol01:74:1:16	vol01:74:1:17	rekey	句	0.9996
vol01:74:1:17	vol01:74:1:18	rekey	凡	0.9996
vol01:74:1:20	vol01:74:1:21	rekey	臣	0.9997
vol01:74:1:4	vol01:74:1:5	rekey	之	0.9998
vol01:74:1:5	vol01:74:1:6	rekey	篇	0.9997
vol01:74:1:8	vol01:74:1:9	rekey	新	0.9995
vol01:74:2:9	vol01:74:2:10	rekey	一	0.9998
vol01:74:2:10	vol01:74:2:11	rekey	經	0.9996
vol01:74:2:2	vol01:74:2:3	rekey	之	0.9996
vol01:74:2:7	vol01:74:2:8	rekey	丹	0.9995
vol01:74:3:0	vol01:74:3:1	rekey	聖	0.9992
vol01:74:3:9	vol01:74:3:10	rekey	至	0.9996
vol01:74:3:10	vol01:74:3:11	rekey	於	0.9995
vol01:74:3:13	vol01:74:3:14	rekey	報	0.9993
vol01:74:3:14	vol01:74:3:15	rekey	夜	0.9996
vol01:74:3:1	vol01:74:3:2	rekey	主	0.9996
vol01:74:3:2	vol01:74:3:3	rekey	之	0.9998
vol01:74:3:3	vol01:74:3:4	rekey	品	0.9994
vol01:74:3:4	vol01:74:3:5	rekey	題	0.9994
vol01:74:3:5	vol01:74:3:6	rekey	立	0.9997
vol01:74:3:6	vol01:74:3:7	rekey	分	0.9995
vol01:74:3:7	vol01:74:3:8	rekey	白	0.9996
vol01:74:3:8	vol01:74:3:9	rekey	黑	0.9995
vol01:74:4:1	vol01:74:4:2	rekey	紫	0.9994
vol01:74:4:2	vol01:74:4:3	rekey	殿	0.9997
vol01:74:5:1	vol01:74:5:2	rekey	披	0.9993
vol01:74:7:0	vol01:74:7:1	rekey	丹	0.9956
vol01:74:8:0	vol01:74:8:1	rekey	親	0.9994
vol01:74:8:10	vol01:74:8:11	rekey	其	0.9994
vol01:74:8:13	vol01:74:8:14	rekey	四	0.9995
vol01:74:8:14	vol01:74:8:15	rekey	氏	0.9996
vol01:74:8:15	vol01:74:8:16	rekey	書	0.9996
vol01:74:8:17	vol01:74:8:18	rekey	餘	0.9996
vol01:74:8:19	vol01:74:8:20	rekey	兼	0.9996
vol01:74:8:20	vol01:74:8:21	rekey	詳	0.9994
vol01:74:8:2	vol01:74:8:3	rekey	五	0.9995
vol01:74:8:3	vol01:74:8:4	rekey	家	0.9996
vol01:74:8:4	vol01:74:8:5	rekey	易	0.9996
vol01:74:8:8	vol01:74:8:9	rekey	附	0.9994
vol01:74:9:9	vol01:74:9:10	rekey	陳	0.9996
vol01:74:9:10	vol01:74:9:11	rekey	風	0.9995
vol01:74:9:11	vol01:74:9:12	rekey	雅	0.9995
vol01:74:9:12	vol01:74:9:13	rekey	於	0.9995
vol01:74:9:13	vol01:74:9:14	rekey	經	0.9992
vol01:74:9:16	vol01:74:9:17	rekey	上	0.9998
vol01:74:9:17	vol01:74:9:18	rekey	旁	0.9996
vol01:74:9:18	vol01:74:9:19	rekey	行	0.9996
vol01:74:9:20	vol01:74:9:21	rekey	春	0.9996
vol01:74:9:3	vol01:74:9:4	rekey	括	0.9995
vol01:75:1:9	vol01:75:1:10	rekey	士	0.9996
vol01:75:1:10	vol01:75:1:11	rekey	特	0.9994
vol01:75:1:11	vol01:75:1:12	rekey	申	0.9998
vol01:75:1:12	vol01:75:1:13	rekey	僣	0.9995
vol01:75:1:13	vol01:75:1:14	rekey	上	0.9995
vol01:75:1:14	vol01:75:1:15	rekey	之	0.9996
vol01:75:1:15	vol01:75:1:16	rekey	防	0.9995
vol01:75:1:16	vol01:75:1:17	rekey	安	0.9997
vol01:75:1:17	vol01:75:1:18	rekey	定	0.9996
vol01:75:1:18	vol01:75:1:19	rekey	門	0.9995
vol01:75:1:20	vol01:75:1:21	rekey	大	0.9996
vol01:75:1:2	vol01:75:1:3	rekey	秋	0.9995
vol01:75:1:3	vol01:75:1:4	rekey	於	0.9992
vol01:75:1:4	vol01:75:1:5	rekey	世	0.9995
vol01:75:1:5	vol01:75:1:6	rekey	本	0.9995
vol01:75:1:7	vol01:75:1:8	rekey	陵	0.9995
vol01:75:1:8	vol01:75:1:9	rekey	處	0.9996
vol01:75:2:10	vol01:75:2:11	rekey	名	0.9995
vol01:75:2:11	vol01:75:2:12	rekey	同	0.9995
vol01:75:2:12	vol01:75:2:13	rekey	讞	0.9995
vol01:75:2:13	vol01:75:2:14	rekey	獄	0.9995
vol01:75:2:14	vol01:75:2:15	rekey	爲	0.9996
vol01:75:2:15	vol01:75:2:16	rekey	雲	0.9994
vol01:75:2:16	vol01:75:2:17	rekey	谷	0.9995
vol01:75:2:17	vol01:75:2:18	rekey	之	0.9997
vol01:75:2:18	vol01:75:2:19	rekey	重	0.9997
vol01:75:2:20	vol01:75:2:21	rekey	洪	0.9994
vol01:75:2:2	vol01:75:2:3	rekey	著	0.9992
vol01:75:2:4	vol01:75:2:5	rekey	王	0.9995
vol01:75:2:5	vol01:75:2:6	rekey	之	0.9995
vol01:75:2:6	vol01:75:2:7	rekey	義	0.9995
vol01:75:2:7	vol01:75:2:8	rekey	王	0.9996
vol01:75:2:8	vol01:75:2:9	rekey	元	0.9993
vol01:75:3:9	vol01:75:3:10	rekey	玉	0.9996
vol01:75:3:10	vol01:75:3:11	rekey	川	0.9998
vol01:75:3:12	vol01:75:3:13	rekey	餘	0.9995
vol01:75:3:13	vol01:75:3:14	rekey	瀋	0.9996
vol01:75:3:14	vol01:75:3:15	rekey	四	0.9995
vol01:75:3:15	vol01:75:3:16	rekey	箴	0.9994
vol01:75:3:16	vol01:75:3:17	rekey	誤	0.9995
vol01:75:3:17	vol01:75:3:18	rekey	註	0.9996
vol01:75:3:18	vol01:75:3:19	rekey	寧	0.9996
vol01:75:3:19	vol01:75:3:20	rekey	知	0.9997
vol01:75:3:4	vol01:75:3:5	rekey	跡	0.9995
vol01:75:3:5	vol01:75:3:6	rekey	類	0.9993
vol01:75:3:6	vol01:75:3:7	rekey	探	0.9996
vol01:75:3:7	vol01:75:3:8	rekey	囊	0.9995
vol01:75:3:8	vol01:75:3:9	rekey	竊	0.9993
vol01:75:4:9	vol01:75:4:10	rekey	轉	0.9994
vol01:75:4:10	vol01:75:4:11	rekey	隘	0.9996
vol01:75:4:11	vol01:75:4:12	rekey	尼	0.9995
vol01:75:4:12	vol01:75:4:13	rekey	山	0.9995
vol01:75:4:14	vol01:75:4:15	rekey	量	0.9992
vol01:75:4:15	vol01:75:4:16	rekey	六	0.9994
vol01:75:4:16	vol01:75:4:17	rekey	經	0.9995
vol01:75:4:17	vol01:75:4:18	rekey	作	0.9996
vol01:75:4:18	vol01:75:4:19	rekey	繪	0.9991
vol01:75:4:20	vol01:75:4:21	rekey	收	0.9992
vol01:75:4:2	vol01:75:4:3	rekey	巷	0.9995
vol01:75:4:4	vol01:75:4:5	rekey	心	0.9995
vol01:75:4:5	vol01:75:4:6	rekey	二	0.9998
vol01:75:4:6	vol01:75:4:7	rekey	佛	0.9994
vol01:75:4:7	vol01:75:4:8	rekey	同	0.9996
vol01:75:4:8	vol01:75:4:9	rekey	稱	0.9996
vol01:75:5:9	vol01:75:5:10	rekey	成	0.9994
vol01:75:5:10	vol01:75:5:11	rekey	編	0.9996
vol01:75:5:11	vol01:75:5:12	rekey	知	0.9994
vol01:75:5:12	vol01:75:5:13	rekey	出	0.9997
vol01:75:5:13	vol01:75:5:14	rekey	自	0.9997
vol01:75:5:14	vol01:75:5:15	rekey	莊	0.9994
vol01:75:5:15	vol01:75:5:16	rekey	周	0.9994
vol01:75:5:16	vol01:75:5:17	rekey	書	0.9995
vol01:75:5:17	vol01:75:5:18	rekey	後	0.9996
vol01:75:5:18	vol01:75:5:19	rekey	五	0.9997
vol01:75:5:20	vol01:75:5:21	rekey	分	0.9995
vol01:75:5:2	vol01:75:5:3	rekey	諸	0.9996
vol01:75:5:3	vol01:75:5:4	rekey	楊	0.9995
vol01:75:5:4	vol01:75:5:5	rekey	甲	0.9997
vol01:75:5:5	vol01:75:5:6	rekey	圖	0.9995
vol01:75:5:6	vol01:75:5:7	rekey	中	0.9996
vol01:75:5:7	vol01:75:5:8	rekey	七	0.9997
vol01:75:5:8	vol01:75:5:9	rekey	緯	0.9994
vol01:75:6:9	vol01:75:6:10	rekey	聲	0.9993
vol01:75:6:10	vol01:75:6:11	rekey	二	0.9995
vol01:75:6:11	vol01:75:6:12	rekey	史	0.9997
vol01:75:6:12	vol01:75:6:13	rekey	交	0.9995
vol01:75:6:14	vol01:75:6:15	rekey	奇	0.9996
vol01:75:6:15	vol01:75:6:16	rekey	字	0.9994
vol01:75:6:16	vol01:75:6:17	rekey	各	0.9996
vol01:75:6:17	vol01:75:6:18	rekey	通	0.9994
vol01:75:6:18	vol01:75:6:19	rekey	其	0.9992
vol01:75:6:20	vol01:75:6:21	rekey	借	0.9995
vol01:75:6:2	vol01:75:6:3	rekey	配	0.9994
vol01:75:6:3	vol01:75:6:4	rekey	篆	0.9995
vol01:75:6:5	vol01:75:6:6	rekey	互	0.9996
vol01:75:6:6	vol01:75:6:7	rekey	備	0.9995
vol01:75:6:7	vol01:75:6:8	rekey	其	0.9994
vol01:75:6:8	vol01:75:6:9	rekey	形	0.9994
vol01:75:7:9	vol01:75:7:10	rekey	書	0.9997
vol01:75:7:10	vol01:75:7:11	rekey	碎	0.9997
vol01:75:7:11	vol01:75:7:12	rekey	腋	0.9996
vol01:75:7:12	vol01:75:7:13	rekey	穿	0.9995
vol01:75:7:13	vol01:75:7:14	rekey	連	0.9995
vol01:75:7:14	vol01:75:7:15	rekey	重	0.9997
vol01:75:7:15	vol01:75:7:16	rekey	刊	0.9995
vol01:75:7:16	vol01:75:7:17	rekey	薛	0.9997
vol01:75:7:17	vol01:75:7:18	rekey	史	0.9997
vol01:75:7:18	vol01:75:7:19	rekey	清	0.9994
vol01:75:7:20	vol01:75:7:21	rekey	肇	0.9995
vol01:75:7:2	vol01:75:7:3	rekey	古	0.9994
vol01:75:7:3	vol01:75:7:4	rekey	香	0.9996
vol01:75:7:4	vol01:75:7:5	rekey	馣	0.9995
vol01:75:7:5	vol01:75:7:6	rekey	馤	0.9994
vol01:75:7:6	vol01:75:7:7	rekey	細	0.9995
vol01:75:7:7	vol01:75:7:8	rekey	辨	0.9993
vol01:75:7:8	vol01:75:7:9	rekey	班	0.9993
vol01:75:8:9	vol01:75:8:10	rekey	正	0.9997
vol01:75:8:10	vol01:75:8:11	rekey	統	0.9995
vol01:75:8:11	vol01:75:8:12	rekey	明	0.9995
vol01:75:8:12	vol01:75:8:13	rekey	尊	0.9991
vol01:75:8:13	vol01:75:8:14	rekey	存	0.9992
vol01:75:8:14	vol01:75:8:15	rekey	綱	0.9995
vol01:75:8:15	vol01:75:8:16	rekey	常	0.9996
vol01:75:8:16	vol01:75:8:17	rekey	於	0.9995
vol01:75:8:17	vol01:75:8:18	rekey	西	0.9995
vol01:75:8:18	vol01:75:8:19	rekey	蜀	0.9996
vol01:75:8:20	vol01:75:8:21	rekey	沿	0.9996
vol01:75:8:3	vol01:75:8:4	rekey	示	0.9996
vol01:75:8:4	vol01:75:8:5	rekey	鑒	0.9994
vol01:75:8:5	vol01:75:8:6	rekey	戒	0.9995
vol01:75:8:6	vol01:75:8:7	rekey	於	0.9991
vol01:75:8:7	vol01:75:8:8	rekey	東	0.9995
vol01:75:9:9	vol01:75:9:10	rekey	兼	0.9996
vol01:75:9:10	vol01:75:9:11	rekey	存	0.9997
vol01:75:9:11	vol01:75:9:12	rekey	俗	0.9995
vol01:75:9:12	vol01:75:9:13	rekey	記	0.9996
vol01:75:9:13	vol01:75:9:14	rekey	扶	0.9989
vol01:75:9:14	vol01:75:9:15	rekey	餘	0.9977
vol01:75:9:15	vol01:75:9:16	rekey	班	0.9995
vol01:75:9:16	vol01:75:9:17	rekey	范	0.9996
vol01:75:9:17	vol01:75:9:18	rekey	之	0.9997
vol01:75:9:4	vol01:75:9:5	rekey	袁	0.9996
vol01:75:9:5	vol01:75:9:6	rekey	朱	0.9995
vol01:75:9:6	vol01:75:9:7	rekey	之	0.9997
vol01:75:9:7	vol01:75:9:8	rekey	新	0.9993
vol01:75:9:8	vol01:75:9:9	rekey	例	0.9995
vol01:76:1:9	vol01:76:1:10	rekey	盜	0.9993
vol01:76:1:10	vol01:76:1:11	rekey	而	0.9997
vol01:76:1:11	vol01:76:1:12	rekey	開	0.9994
vol01:76:1:12	vol01:76:1:13	rekey	門	0.9994
vol01:76:1:13	vol01:76:1:14	rekey	權	0.9987
vol01:76:1:14	vol01:76:1:15	rekey	燄	0.9995
vol01:76:1:15	vol01:76:1:16	rekey	彌	0.9995
vol01:76:1:16	vol01:76:1:17	rekey	張	0.9994
vol01:76:1:17	vol01:76:1:18	rekey	嗤	0.9995
vol01:76:1:18	vol01:76:1:19	rekey	教	0.9996
vol01:76:1:19	vol01:76:1:20	rekey	星	0.9995
vol01:76:1:20	vol01:76:1:21	rekey	而	0.9996
vol01:76:1:2	vol01:76:1:3	rekey	訂	0.9994
vol01:76:1:4	vol01:76:1:5	rekey	碑	0.9992
vol01:76:1:5	vol01:76:1:6	rekey	再	0.999
vol01:76:1:6	vol01:76:1:7	rekey	勒	0.9994
vol01:76:1:7	vol01:76:1:8	rekey	嗟	0.9993
vol01:76:1:8	vol01:76:1:9	rekey	揖	0.9962
vol01:76:2:10	vol01:76:2:11	rekey	野	0.9994
vol01:76:2:11	vol01:76:2:12	rekey	老	0.9994
vol01:76:2:12	vol01:76:2:13	rekey	之	0.9995
vol01:76:2:13	vol01:76:2:14	rekey	藏	0.9993
vol01:76:2:14	vol01:76:2:15	rekey	名	0.9994
vol01:76:2:15	vol01:76:2:16	rekey	北	0.9996
vol01:76:2:16	vol01:76:2:17	rekey	使	0.9995
vol01:76:2:17	vol01:76:2:18	rekey	賓	0.9994
vol01:76:2:18	vol01:76:2:19	rekey	筵	0.9992
vol01:76:2:19	vol01:76:2:20	rekey	深	0.9996
vol01:76:2:20	vol01:76:2:21	rekey	陋	0.9994
vol01:76:2:2	vol01:76:2:3	rekey	替	0.9994
vol01:76:2:3	vol01:76:2:4	rekey	月	0.9994
vol01:76:2:4	vol01:76:2:5	rekey	西	0.9996
vol01:76:2:5	vol01:76:2:6	rekey	湖	0.9994
vol01:76:2:6	vol01:76:2:7	rekey	游	0.999
vol01:76:2:8	vol01:76:2:9	rekey	殊	0.9995
vol01:76:3:9	vol01:76:3:10	rekey	僅	0.9993
vol01:76:3:10	vol01:76:3:11	rekey	賸	0.9992
vol01:76:3:12	vol01:76:3:13	rekey	舊	0.9993
vol01:76:3:13	vol01:76:3:14	rekey	志	0.9994
vol01:76:3:14	vol01:76:3:15	rekey	於	0.9994
vol01:76:3:15	vol01:76:3:16	rekey	臨	0.9995
vol01:76:3:16	vol01:76:3:17	rekey	安	0.9996
vol01:76:3:17	vol01:76:3:18	rekey	金	0.9993
vol01:76:3:18	vol01:76:3:19	rekey	刻	0.9994
vol01:76:3:19	vol01:76:3:20	rekey	稀	0.9995
vol01:76:3:20	vol01:76:3:21	rekey	聞	0.9995
vol01:76:3:2	vol01:76:3:3	rekey	詞	0.9994
vol01:76:3:3	vol01:76:3:4	rekey	臣	0.9997
vol01:76:3:4	vol01:76:3:5	rekey	之	0.9996
vol01:76:3:5	vol01:76:3:6	rekey	校	0.9996
vol01:76:3:6	vol01:76:3:7	rekey	射	0.9995
vol01:76:3:7	vol01:76:3:8	rekey	宋	0.9996
vol01:76:3:8	vol01:76:3:9	rekey	鈔	0.9995
vol01:76:4:9	vol01:76:4:10	rekey	攻	0.9993
vol01:76:4:10	vol01:76:4:11	rekey	或	0.9996
vol01:76:4:11	vol01:76:4:12	rekey	守	0.9994
vol01:76:4:12	vol01:76:4:13	rekey	徒	0.9993
vol01:76:4:14	vol01:76:4:15	rekey	十	0.9997
vol01:76:4:15	vol01:76:4:16	rekey	鑑	0.9995
vol01:76:4:16	vol01:76:4:17	rekey	之	0.9997
vol01:76:4:17	vol01:76:4:18	rekey	兵	0.9994
vol01:76:4:18	vol01:76:4:19	rekey	謀	0.9994
vol01:76:4:19	vol01:76:4:20	rekey	相	0.9994
vol01:76:4:20	vol01:76:4:21	rekey	勝	0.9994
vol01:76:4:2	vol01:76:4:3	rekey	寶	0.9996
vol01:76:4:3	vol01:76:4:4	rekey	遺	0.9997
vol01:76:4:4	vol01:76:4:5	rekey	聞	0.9994
vol01:76:4:5	vol01:76:4:6	rekey	於	0.9994
vol01:76:4:6	vol01:76:4:7	rekey	貞	0.9996
vol01:76:4:7	vol01:76:4:8	rekey	觀	0.9995
vol01:76:4:8	vol01:76:4:9	rekey	或	0.9993
vol01:76:5:9	vol01:76:5:10	rekey	德	0.9995
vol01:76:5:10	vol01:76:5:11	rekey	運	0.9996
vol01:76:5:11	vol01:76:5:12	rekey	建	0.9995
vol01:76:5:12	vol01:76:5:13	rekey	炎	0.9993
vol01:76:5:13	vol01:76:5:14	rekey	政	0.9996
vol01:76:5:14	vol01:76:5:15	rekey	草	0.9994
vol01:76:5:15	vol01:76:5:16	rekey	愧	0.9996
vol01:76:5:16	vol01:76:5:17	rekey	彼	0.9995
vol01:76:5:17	vol01:76:5:18	rekey	中	0.9996
vol01:76:5:18	vol01:76:5:19	rekey	興	0.9995
vol01:76:5:19	vol01:76:5:20	rekey	至	0.9994
vol01:76:5:20	vol01:76:5:21	rekey	正	0.9996
vol01:76:5:2	vol01:76:5:3	rekey	相	0.9994
vol01:76:5:3	vol01:76:5:4	rekey	生	0.9997
vol01:76:5:4	vol01:76:5:5	rekey	未	0.9998
vol01:76:5:5	vol01:76:5:6	rekey	信	0.9996
vol01:76:5:6	vol01:76:5:7	rekey	五	0.9998
vol01:76:5:7	vol01:76:5:8	rekey	行	0.9993
vol01:76:5:8	vol01:76:5:9	rekey	之	0.9997
vol01:76:6:9	vol01:76:6:10	rekey	尊	0.9993
vol01:76:6:10	vol01:76:6:11	rekey	洛	0.9996
vol01:76:6:11	vol01:76:6:12	rekey	學	0.9995
vol01:76:6:12	vol01:76:6:13	rekey	辨	0.9996
vol01:76:6:13	vol01:76:6:14	rekey	道	0.9996
vol01:76:6:14	vol01:76:6:15	rekey	命	0.9996
vol01:76:6:15	vol01:76:6:16	rekey	於	0.9995
vol01:76:6:16	vol01:76:6:17	rekey	天	0.9995
vol01:76:6:17	vol01:76:6:18	rekey	原	0.9995
vol01:76:6:18	vol01:76:6:19	rekey	酈	0.9993
vol01:76:6:19	vol01:76:6:20	rekey	註	0.9993
vol01:76:6:20	vol01:76:6:21	rekey	桑	0.9993
vol01:76:6:2	vol01:76:6:3	rekey	刑	0.9996
vol01:76:6:3	vol01:76:6:4	rekey	章	0.9995
vol01:76:6:4	vol01:76:6:5	rekey	斥	0.9994
vol01:76:6:5	vol01:76:6:6	rekey	其	0.9995
vol01:76:6:6	vol01:76:6:7	rekey	左	0.9993
vol01:76:6:7	vol01:76:6:8	rekey	袒	0.9994
vol01:76:6:8	vol01:76:6:9	rekey	李	0.9993
vol01:76:7:9	vol01:76:7:10	rekey	史	0.9997
vol01:76:7:10	vol01:76:7:11	rekey	腴	0.9996
vol01:76:7:11	vol01:76:7:12	rekey	詳	0.9994
vol01:76:7:12	vol01:76:7:13	rekey	摘	0.9999
vol01:76:7:13	vol01:76:7:14	rekey	有	0.9997
vol01:76:7:14	vol01:76:7:15	rekey	逾	0.9992
vol01:76:7:16	vol01:76:7:17	rekey	雋	0.9993
vol01:76:7:17	vol01:76:7:18	rekey	之	0.9995
vol01:76:7:18	vol01:76:7:19	rekey	精	0.9996
vol01:76:7:19	vol01:76:7:20	rekey	經	0.9994
vol01:76:7:20	vol01:76:7:21	rekey	笥	0.9986
vol01:76:7:2	vol01:76:7:3	rekey	書	0.9994
vol01:76:7:3	vol01:76:7:4	rekey	剖	0.9995
vol01:76:7:4	vol01:76:7:5	rekey	源	0.9995
vol01:76:7:5	vol01:76:7:6	rekey	流	0.9995
vol01:76:7:6	vol01:76:7:7	rekey	於	0.9996
vol01:76:7:7	vol01:76:7:8	rekey	地	0.9997
vol01:76:7:8	vol01:76:7:9	rekey	理	0.9996
vol01:76:8:10	vol01:76:8:11	rekey	至	0.9997
vol01:76:8:11	vol01:76:8:12	rekey	於	0.9994
vol01:76:8:12	vol01:76:8:13	rekey	孔	0.9996
vol01:76:8:13	vol01:76:8:14	rekey	庭	0.9994
vol01:76:8:14	vol01:76:8:15	rekey	舊	0.9995
vol01:76:8:15	vol01:76:8:16	rekey	語	0.9995
vol01:76:8:16	vol01:76:8:17	rekey	首	0.9996
vol01:76:8:17	vol01:76:8:18	rekey	定	0.9998
vol01:76:8:18	vol01:76:8:19	rekey	儒	0.9995
vol01:76:8:19	vol01:76:8:20	rekey	宗	0.9997
vol01:76:8:20	vol01:76:8:21	rekey	蔡	0.9996
vol01:76:8:2	vol01:76:8:3	rekey	懸	0.9992
vol01:76:8:3	vol01:76:8:4	rekey	探	0.9995
vol01:76:8:4	vol01:76:8:5	rekey	更	0.9996
vol01:76:8:8	vol01:76:8:9	rekey	之	0.9996
vol01:76:9:10	vol01:76:9:11	rekey	祖	0.9993
vol01:76:9:11	vol01:76:9:12	rekey	禹	0.9996
vol01:76:9:12	vol01:76:9:13	rekey	之	0.9996
vol01:76:9:13	vol01:76:9:14	rekey	帝	0.9997
vol01:76:9:14	vol01:76:9:15	rekey	學	0.9991
vol01:76:9:15	vol01:76:9:16	rekey	具	0.9996
vol01:76:9:16	vol01:76:9:17	rekey	有	0.9993
vol01:76:9:17	vol01:76:9:18	rekey	淵	0.9995
vol01:76:9:18	vol01:76:9:19	rekey	源	0.9993
vol01:76:9:20	vol01:76:9:21	rekey	公	0.998
vol01:76:9:3	vol01:76:9:4	rekey	秘	0.9997
vol01:76:9:4	vol01:76:9:5	rekey	文	0.9996
vol01:76:9:5	vol01:76:9:6	rekey	嚴	0.9996
vol01:76:9:6	vol01:76:9:7	rekey	排	0.9995
vol01:77:1:9	vol01:77:1:10	rekey	畧	0.9997
vol01:77:1:10	vol01:77:1:11	rekey	橫	0.9996
vol01:77:1:11	vol01:77:1:12	rekey	戈	0.9996
vol01:77:1:12	vol01:77:1:13	rekey	危	0.9996
vol01:77:1:13	vol01:77:1:14	rekey	堞	0.9993
vol01:77:1:14	vol01:77:1:15	rekey	節	0.9997
vol01:77:1:15	vol01:77:1:16	rekey	取	0.9997
vol01:77:1:16	vol01:77:1:17	rekey	陳	0.9995
vol01:77:1:17	vol01:77:1:18	rekey	規	0.9994
vol01:77:1:18	vol01:77:1:19	rekey	握	0.9994
vol01:77:1:19	vol01:77:1:20	rekey	策	0.9995
vol01:77:1:20	vol01:77:1:21	rekey	靈	0.9995
vol01:77:1:4	vol01:77:1:5	rekey	武	0.9997
vol01:77:1:5	vol01:77:1:6	rekey	經	0.9956
vol01:77:1:6	vol01:77:1:7	rekey	姑	0.9995
vol01:77:1:7	vol01:77:1:8	rekey	存	0.9996
vol01:77:1:8	vol01:77:1:9	rekey	崖	0.9997
vol01:77:2:9	vol01:77:2:10	rekey	杪	0.9993
vol01:77:2:11	vol01:77:2:12	rekey	九	0.9997
vol01:77:2:12	vol01:77:2:13	rekey	章	0.9997
vol01:77:2:13	vol01:77:2:14	rekey	研	0.9995
vol01:77:2:14	vol01:77:2:15	rekey	鮑	0.9997
vol01:77:2:15	vol01:77:2:16	rekey	瀚	0.9994
vol01:77:2:16	vol01:77:2:17	rekey	之	0.9996
vol01:77:2:17	vol01:77:2:18	rekey	藏	0.9996
vol01:77:2:18	vol01:77:2:19	rekey	術	0.9994
vol01:77:2:19	vol01:77:2:20	rekey	雜	0.9994
vol01:77:2:20	vol01:77:2:21	rekey	縱	0.9995
vol01:77:2:2	vol01:77:2:3	rekey	臺	0.9995
vol01:77:2:4	vol01:77:2:5	rekey	徵	0.9996
vol01:77:2:5	vol01:77:2:6	rekey	蘇	0.9995
vol01:77:2:7	vol01:77:2:8	rekey	算	0.999
vol01:77:2:8	vol01:77:2:9	rekey	窮	0.9996
vol01:77:3:9	vol01:77:3:10	rekey	撰	0.9995
vol01:77:3:10	vol01:77:3:11	rekey	楚	0.9995
vol01:77:3:11	vol01:77:3:12	rekey	中	0.9997
vol01:77:3:13	vol01:77:3:14	rekey	士	0.9995
vol01:77:3:14	vol01:77:3:15	rekey	互	0.9994
vol01:77:3:15	vol01:77:3:16	rekey	權	0.9995
vol01:77:3:16	vol01:77:3:17	rekey	韓	0.9996
vol01:77:3:17	vol01:77:3:18	rekey	柳	0.9995
vol01:77:3:18	vol01:77:3:19	rekey	之	0.9998
vol01:77:3:19	vol01:77:3:20	rekey	評	0.9995
vol01:77:3:20	vol01:77:3:21	rekey	婺	0.9996
vol01:77:3:2	vol01:77:3:3	rekey	橫	0.9995
vol01:77:3:3	vol01:77:3:4	rekey	十	0.9997
vol01:77:3:4	vol01:77:3:5	rekey	卷	0.9994
vol01:77:3:5	vol01:77:3:6	rekey	稽	0.9994
vol01:77:3:6	vol01:77:3:7	rekey	趙	0.9995
vol01:77:3:7	vol01:77:3:8	rekey	蕤	0.9995
vol01:77:3:8	vol01:77:3:9	rekey	之	0.9996
vol01:77:4:9	vol01:77:4:10	rekey	之	0.9998
vol01:77:4:10	vol01:77:4:11	rekey	學	0.9994
vol01:77:4:14	vol01:77:4:15	rekey	記	0.9994
vol01:77:4:15	vol01:77:4:16	rekey	衍	0.9996
vol01:77:4:16	vol01:77:4:17	rekey	洪	0.9998
vol01:77:4:17	vol01:77:4:18	rekey	範	0.9996
vol01:77:4:18	vol01:77:4:19	rekey	而	0.9995
vol01:77:4:19	vol01:77:4:20	rekey	原	0.9996
vol01:77:4:20	vol01:77:4:21	rekey	非	0.9997
vol01:77:4:2	vol01:77:4:3	rekey	郡	0.9997
vol01:77:4:3	vol01:77:4:4	rekey	名	0.9997
vol01:77:4:4	vol01:77:4:5	rekey	賢	0.9993
vol01:77:4:5	vol01:77:4:6	rekey	不	0.9997
vol01:77:4:6	vol01:77:4:7	rekey	廢	0.9997
vol01:77:4:7	vol01:77:4:8	rekey	呂	0.9998
vol01:77:4:8	vol01:77:4:9	rekey	唐	0.9992
vol01:77:5:9	vol01:77:5:10	rekey	而	0.9996
vol01:77:5:10	vol01:77:5:11	rekey	更	0.9993
vol01:77:5:12	vol01:77:5:13	rekey	錢	0.9997
vol01:77:5:13	vol01:77:5:14	rekey	唐	0.9997
vol01:77:5:14	vol01:77:5:15	rekey	遺	0.9998
vol01:77:5:15	vol01:77:5:16	rekey	事	0.9996
vol01:77:5:16	vol01:77:5:17	rekey	深	0.9997
vol01:77:5:17	vol01:77:5:18	rekey	譏	0.9996
vol01:77:5:18	vol01:77:5:19	rekey	首	0.9995
vol01:77:5:19	vol01:77:5:20	rekey	鼠	0.9994
vol01:77:5:20	vol01:77:5:21	rekey	於	0.9995
vol01:77:5:2	vol01:77:5:3	rekey	妄	0.9998
vol01:77:5:3	vol01:77:5:4	rekey	議	0.9995
vol01:77:5:4	vol01:77:5:5	rekey	井	0.9994
vol01:77:5:5	vol01:77:5:6	rekey	田	0.9998
vol01:77:5:7	vol01:77:5:8	rekey	周	0.9996
vol01:77:5:8	vol01:77:5:9	rekey	官	0.9998
vol01:77:6:9	vol01:77:6:10	rekey	憾	0.9994
vol01:77:6:10	vol01:77:6:11	rekey	操	0.9992
vol01:77:6:11	vol01:77:6:12	rekey	戈	0.9994
vol01:77:6:12	vol01:77:6:13	rekey	於	0.9992
vol01:77:6:13	vol01:77:6:14	rekey	洛	0.9996
vol01:77:6:14	vol01:77:6:15	rekey	蜀	0.9996
vol01:77:6:15	vol01:77:6:16	rekey	絀	0.9995
vol01:77:6:16	vol01:77:6:17	rekey	聰	0.9997
vol01:77:6:17	vol01:77:6:18	rekey	有	0.9996
vol01:77:6:18	vol01:77:6:19	rekey	取	0.9997
vol01:77:6:19	vol01:77:6:20	rekey	旁	0.9996
vol01:77:6:20	vol01:77:6:21	rekey	通	0.9997
vol01:77:6:2	vol01:77:6:3	rekey	宋	0.9997
vol01:77:6:3	vol01:77:6:4	rekey	元	0.9995
vol01:77:6:4	vol01:77:6:5	rekey	曲	0.9995
vol01:77:6:5	vol01:77:6:6	rekey	洧	0.9995
vol01:77:6:6	vol01:77:6:7	rekey	舊	0.9994
vol01:77:6:7	vol01:77:6:8	rekey	聞	0.9992
vol01:77:6:8	vol01:77:6:9	rekey	微	0.9992
vol01:77:7:11	vol01:77:7:12	rekey	聽	0.9992
vol01:77:7:12	vol01:77:7:13	rekey	韓	0.9994
vol01:77:7:13	vol01:77:7:14	rekey	非	0.9994
vol01:77:7:14	vol01:77:7:15	rekey	之	0.9997
vol01:77:7:15	vol01:77:7:16	rekey	說	0.9993
vol01:77:7:16	vol01:77:7:17	rekey	陳	0.999
vol01:77:7:17	vol01:77:7:18	rekey	思	0.9994
vol01:77:7:18	vol01:77:7:19	rekey	書	0.9995
vol01:77:7:19	vol01:77:7:20	rekey	苑	0.9997
vol01:77:7:20	vol01:77:7:21	rekey	列	0.9995
vol01:77:7:2	vol01:77:7:3	rekey	方	0.9953
vol01:77:7:5	vol01:77:7:6	rekey	言	0.9995
vol01:77:7:6	vol01:77:7:7	rekey	指	0.9996
vol01:77:7:7	vol01:77:7:8	rekey	佞	0.9995
vol01:77:7:8	vol01:77:7:9	rekey	無	0.9997
vol01:77:8:9	vol01:77:8:10	rekey	意	0.9993
vol01:77:8:10	vol01:77:8:11	rekey	林	0.9994
vol01:77:8:11	vol01:77:8:12	rekey	搴	0.9994
vol01:77:8:12	vol01:77:8:13	rekey	詞	0.9996
vol01:77:8:13	vol01:77:8:14	rekey	條	0.9996
vol01:77:8:14	vol01:77:8:15	rekey	而	0.9995
vol01:77:8:15	vol01:77:8:16	rekey	擢	0.9994
vol01:77:8:16	vol01:77:8:17	rekey	秀	0.9995
vol01:77:8:17	vol01:77:8:18	rekey	黃	0.9996
vol01:77:8:18	vol01:77:8:19	rekey	伯	0.9996
vol01:77:8:19	vol01:77:8:20	rekey	思	0.9995
vol01:77:8:20	vol01:77:8:21	rekey	之	0.9996
vol01:77:8:2	vol01:77:8:3	rekey	筆	0.9995
vol01:77:8:3	vol01:77:8:4	rekey	陣	0.9995
vol01:77:8:4	vol01:77:8:5	rekey	而	0.9996
vol01:77:8:5	vol01:77:8:6	rekey	成	0.9997
vol01:77:8:6	vol01:77:8:7	rekey	圖	0.9995
vol01:77:8:7	vol01:77:8:8	rekey	馬	0.9995
vol01:77:8:8	vol01:77:8:9	rekey	總	0.9995
vol01:77:9:9	vol01:77:9:10	rekey	逢	0.9994
vol01:77:9:10	vol01:77:9:11	rekey	吉	0.9997
vol01:77:9:11	vol01:77:9:12	rekey	之	0.9998
vol01:77:9:12	vol01:77:9:13	rekey	淹	0.999
vol01:77:9:13	vol01:77:9:14	rekey	通	0.9958
vol01:77:9:14	vol01:77:9:15	rekey	雲	0.9995
vol01:77:9:15	vol01:77:9:16	rekey	龍	0.9994
vol01:77:9:16	vol01:77:9:17	rekey	遙	0.9994
vol01:77:9:17	vol01:77:9:18	rekey	溯	0.9994
vol01:77:9:18	vol01:77:9:19	rekey	多	0.9995
vol01:77:9:19	vol01:77:9:20	rekey	知	0.9996
vol01:77:9:20	vol01:77:9:21	rekey	舊	0.9982
vol01:77:9:2	vol01:77:9:3	rekey	博	0.9997
vol01:77:9:3	vol01:77:9:4	rekey	洽	0.9997
vol01:77:9:4	vol01:77:9:5	rekey	石	0.9996
vol01:77:9:5	vol01:77:9:6	rekey	墨	0.9992
vol01:77:9:6	vol01:77:9:7	rekey	精	0.9995
vol01:77:9:7	vol01:77:9:8	rekey	研	0.9995
vol01:77:9:8	vol01:77:9:9	rekey	孫	0.9995
vol01:78:1:9	vol01:78:1:10	rekey	一	1.0
vol01:78:1:10	vol01:78:1:11	rekey	洗	0.9995
vol01:78:1:11	vol01:78:1:12	rekey	清	0.9996
vol01:78:1:12	vol01:78:1:13	rekey	波	0.9994
vol01:78:1:13	vol01:78:1:14	rekey	笑	0.9964
vol01:78:1:14	vol01:78:1:15	rekey	詞	0.9997
vol01:78:1:15	vol01:78:1:16	rekey	章	0.9995
vol01:78:1:16	vol01:78:1:17	rekey	之	0.9998
vol01:78:1:18	vol01:78:1:19	rekey	墓	0.9994
vol01:78:1:20	vol01:78:1:21	rekey	平	0.9996
vol01:78:1:2	vol01:78:1:3	rekey	事	0.9991
vol01:78:1:3	vol01:78:1:4	rekey	病	0.9995
vol01:78:1:4	vol01:78:1:5	rekey	歌	0.9996
vol01:78:1:5	vol01:78:1:6	rekey	舞	0.9996
vol01:78:1:6	vol01:78:1:7	rekey	之	0.9996
vol01:78:1:7	vol01:78:1:8	rekey	銷	0.9996
vol01:78:1:8	vol01:78:1:9	rekey	金	0.9994
vol01:78:2:9	vol01:78:2:10	rekey	名	0.9996
vol01:78:2:10	vol01:78:2:11	rekey	困	0.9995
vol01:78:2:11	vol01:78:2:12	rekey	學	0.9995
vol01:78:2:12	vol01:78:2:13	rekey	紀	0.9996
vol01:78:2:13	vol01:78:2:14	rekey	聞	0.9995
vol01:78:2:14	vol01:78:2:15	rekey	偶	0.9997
vol01:78:2:15	vol01:78:2:16	rekey	抨	0.9997
vol01:78:2:16	vol01:78:2:17	rekey	彈	0.9995
vol01:78:2:17	vol01:78:2:18	rekey	其	0.9991
vol01:78:2:18	vol01:78:2:19	rekey	迂	0.9994
vol01:78:2:19	vol01:78:2:20	rekey	論	0.9996
vol01:78:2:2	vol01:78:2:3	rekey	御	0.9997
vol01:78:2:3	vol01:78:2:4	rekey	覽	0.9996
vol01:78:2:4	vol01:78:2:5	rekey	徒	0.9994
vol01:78:2:5	vol01:78:2:6	rekey	粉	0.9996
vol01:78:2:6	vol01:78:2:7	rekey	飾	0.9995
vol01:78:2:7	vol01:78:2:8	rekey	乎	0.9996
vol01:78:2:8	vol01:78:2:9	rekey	嘉	0.9994
vol01:78:3:9	vol01:78:3:10	rekey	乎	0.9997
vol01:78:3:10	vol01:78:3:11	rekey	卮	0.9994
vol01:78:3:11	vol01:78:3:12	rekey	言	0.9993
vol01:78:3:12	vol01:78:3:13	rekey	南	0.9994
vol01:78:3:13	vol01:78:3:14	rekey	宋	0.9997
vol01:78:3:14	vol01:78:3:15	rekey	枝	0.9995
vol01:78:3:15	vol01:78:3:16	rekey	談	0.9995
vol01:78:3:16	vol01:78:3:17	rekey	按	0.9993
vol01:78:3:17	vol01:78:3:18	rekey	鞠	0.999
vol01:78:3:18	vol01:78:3:19	rekey	深	0.9995
vol01:78:3:19	vol01:78:3:20	rekey	嫌	0.9996
vol01:78:3:20	vol01:78:3:21	rekey	其	0.9995
vol01:78:3:2	vol01:78:3:3	rekey	唐	0.9995
vol01:78:3:3	vol01:78:3:4	rekey	小	0.9998
vol01:78:3:4	vol01:78:3:5	rekey	史	0.9997
vol01:78:3:5	vol01:78:3:6	rekey	入	0.9996
vol01:78:3:7	vol01:78:3:8	rekey	寧	0.9994
vol01:78:3:8	vol01:78:3:9	rekey	取	0.9994
vol01:78:4:9	vol01:78:4:10	rekey	舊	0.9997
vol01:78:4:10	vol01:78:4:11	rekey	製	0.9995
vol01:78:4:11	vol01:78:4:12	rekey	更	0.9993
vol01:78:4:12	vol01:78:4:13	rekey	證	0.9995
vol01:78:4:13	vol01:78:4:14	rekey	以	0.9998
vol01:78:4:14	vol01:78:4:15	rekey	草	0.9996
vol01:78:4:15	vol01:78:4:16	rekey	木	0.9998
vol01:78:4:16	vol01:78:4:17	rekey	之	0.9998
vol01:78:4:17	vol01:78:4:18	rekey	名	0.9996
vol01:78:4:18	vol01:78:4:19	rekey	二	0.9995
vol01:78:4:19	vol01:78:4:20	rekey	百	0.9993
vol01:78:4:20	vol01:78:4:21	rekey	年	0.9995
vol01:78:4:2	vol01:78:4:3	rekey	曲	0.9997
vol01:78:4:3	vol01:78:4:4	rekey	筆	0.9997
vol01:78:4:4	vol01:78:4:5	rekey	十	0.9999
vol01:78:4:5	vol01:78:4:6	rekey	七	0.9998
vol01:78:4:6	vol01:78:4:7	rekey	卷	0.9995
vol01:78:4:8	vol01:78:4:9	rekey	人	0.9997
vol01:78:5:9	vol01:78:5:10	rekey	烟	0.9995
vol01:78:5:10	vol01:78:5:11	rekey	霞	0.9993
vol01:78:5:11	vol01:78:5:12	rekey	之	0.9996
vol01:78:5:12	vol01:78:5:13	rekey	氣	0.9995
vol01:78:5:13	vol01:78:5:14	rekey	兼	0.9989
vol01:78:5:14	vol01:78:5:15	rekey	推	0.9997
vol01:78:5:15	vol01:78:5:16	rekey	韓	0.9996
vol01:78:5:16	vol01:78:5:17	rekey	杜	0.9997
vol01:78:5:17	vol01:78:5:18	rekey	續	0.999
vol01:78:5:18	vol01:78:5:19	rekey	來	0.9992
vol01:78:5:19	vol01:78:5:20	rekey	鳳	0.9991
vol01:78:5:2	vol01:78:5:3	rekey	吏	0.9996
vol01:78:5:3	vol01:78:5:4	rekey	部	0.9996
vol01:78:5:4	vol01:78:5:5	rekey	清	0.9994
vol01:78:5:5	vol01:78:5:6	rekey	吟	0.9993
vol01:78:5:6	vol01:78:5:7	rekey	特	0.9996
vol01:78:5:7	vol01:78:5:8	rekey	賞	0.9991
vol01:78:5:8	vol01:78:5:9	rekey	其	0.9971
vol01:78:6:9	vol01:78:6:10	rekey	以	0.9998
vol01:78:6:10	vol01:78:6:11	rekey	棠	0.9997
vol01:78:6:11	vol01:78:6:12	rekey	華	0.9993
vol01:78:6:12	vol01:78:6:13	rekey	之	0.9997
vol01:78:6:13	vol01:78:6:14	rekey	句	0.9997
vol01:78:6:14	vol01:78:6:15	rekey	文	0.9993
vol01:78:6:15	vol01:78:6:16	rekey	恭	0.9995
vol01:78:6:16	vol01:78:6:17	rekey	著	0.9994
vol01:78:6:17	vol01:78:6:18	rekey	作	0.9996
vol01:78:6:18	vol01:78:6:19	rekey	先	0.9997
vol01:78:6:19	vol01:78:6:20	rekey	歐	0.9994
vol01:78:6:20	vol01:78:6:21	rekey	尹	0.9995
vol01:78:6:2	vol01:78:6:3	rekey	之	0.9998
vol01:78:6:3	vol01:78:6:4	rekey	膠	0.9991
vol01:78:6:4	vol01:78:6:5	rekey	並	0.9989
vol01:78:6:5	vol01:78:6:6	rekey	採	0.9994
vol01:78:6:6	vol01:78:6:7	rekey	郊	0.9996
vol01:78:7:9	vol01:78:7:10	rekey	抗	0.9996
vol01:78:7:10	vol01:78:7:11	rekey	蘇	0.9996
vol01:78:7:11	vol01:78:7:12	rekey	程	0.9994
vol01:78:7:12	vol01:78:7:13	rekey	而	0.9994
vol01:78:7:13	vol01:78:7:14	rekey	角	0.9997
vol01:78:7:14	vol01:78:7:15	rekey	立	0.9998
vol01:78:7:15	vol01:78:7:16	rekey	勤	0.9994
vol01:78:7:16	vol01:78:7:17	rekey	王	0.9994
vol01:78:7:17	vol01:78:7:18	rekey	留	0.9995
vol01:78:7:18	vol01:78:7:19	rekey	守	0.9993
vol01:78:7:19	vol01:78:7:20	rekey	呼	0.9995
vol01:78:7:20	vol01:78:7:21	rekey	北	0.9996
vol01:78:7:2	vol01:78:7:3	rekey	而	0.9997
vol01:78:7:3	vol01:78:7:4	rekey	孤	0.9994
vol01:78:7:4	vol01:78:7:5	rekey	行	0.9995
vol01:78:7:5	vol01:78:7:6	rekey	忠	0.9995
vol01:78:7:6	vol01:78:7:7	rekey	肅	0.9996
vol01:78:7:7	vol01:78:7:8	rekey	風	0.9993
vol01:78:7:8	vol01:78:7:9	rekey	裁	0.9996
vol01:78:8:9	vol01:78:8:10	rekey	郎	0.9995
vol01:78:8:10	vol01:78:8:11	rekey	壯	0.9996
vol01:78:8:11	vol01:78:8:12	rekey	南	0.9995
vol01:78:8:12	vol01:78:8:13	rekey	朝	0.9994
vol01:78:8:13	vol01:78:8:14	rekey	者	0.9996
vol01:78:8:14	vol01:78:8:15	rekey	惟	0.9995
vol01:78:8:15	vol01:78:8:16	rekey	一	1.0
vol01:78:8:16	vol01:78:8:17	rekey	學	0.9996
vol01:78:8:17	vol01:78:8:18	rekey	如	0.9996
vol01:78:8:18	vol01:78:8:19	rekey	和	0.9996
vol01:78:8:19	vol01:78:8:20	rekey	叔	0.9997
vol01:78:8:20	vol01:78:8:21	rekey	原	0.9995
vol01:78:8:2	vol01:78:8:3	rekey	渡	0.9996
vol01:78:8:3	vol01:78:8:4	rekey	者	0.9996
vol01:78:8:4	vol01:78:8:5	rekey	凡	0.9996
vol01:78:8:5	vol01:78:8:6	rekey	三	0.9995
vol01:78:8:6	vol01:78:8:7	rekey	殉	0.9994
vol01:78:8:7	vol01:78:8:8	rekey	節	0.9996
vol01:78:8:8	vol01:78:8:9	rekey	侍	0.9995
vol01:78:9:9	vol01:78:9:10	rekey	儀	0.9997
vol01:78:9:10	vol01:78:9:11	rekey	卿	0.9994
vol01:78:9:11	vol01:78:9:12	rekey	乃	0.9996
vol01:78:9:12	vol01:78:9:13	rekey	轉	0.9992
vol01:78:9:13	vol01:78:9:14	rekey	嫌	0.9964
vol01:78:9:14	vol01:78:9:15	rekey	其	0.9988
vol01:78:9:15	vol01:78:9:16	rekey	入	0.9996
vol01:78:9:16	vol01:78:9:17	rekey	墨	0.9994
vol01:78:9:17	vol01:78:9:18	rekey	讀	0.9996
vol01:78:9:18	vol01:78:9:19	rekey	書	0.9993
vol01:78:9:19	vol01:78:9:20	rekey	秘	0.9995
vol01:78:9:20	vol01:78:9:21	rekey	閣	0.9992
vol01:78:9:2	vol01:78:9:3	rekey	不	0.9998
vol01:78:9:3	vol01:78:9:4	rekey	限	0.9997
vol01:78:9:4	vol01:78:9:5	rekey	以	0.9997
vol01:78:9:5	vol01:78:9:6	rekey	宗	0.9995
vol01:78:9:6	vol01:78:9:7	rekey	朱	0.9996
vol01:78:9:7	vol01:78:9:8	rekey	詩	0.9995
vol01:78:9:8	vol01:78:9:9	rekey	到	0.9995
vol01:79:1:11	vol01:79:1:12	rekey	金	0.9994
vol01:79:1:12	vol01:79:1:13	rekey	淵	0.9996
vol01:79:1:17	vol01:79:1:18	rekey	吟	0.9995
vol01:79:1:18	vol01:79:1:19	rekey	之	0.9997
vol01:79:1:2	vol01:79:1:3	rekey	明	0.9996
vol01:79:1:3	vol01:79:1:4	rekey	詹	0.9997
vol01:79:1:4	vol01:79:1:5	rekey	初	0.9993
vol01:79:1:6	vol01:79:1:7	rekey	古	0.9995
vol01:79:1:7	vol01:79:1:8	rekey	之	0.9996
vol01:79:1:8	vol01:79:1:9	rekey	非	0.9996
vol01:79:2:11	vol01:79:2:12	rekey	則	0.9997
vol01:79:2:14	vol01:79:2:15	rekey	劉	0.9995
vol01:79:2:15	vol01:79:2:16	rekey	宗	0.9995
vol01:79:2:16	vol01:79:2:17	rekey	周	0.9994
vol01:79:2:18	vol01:79:2:19	rekey	其	0.9984
vol01:79:2:19	vol01:79:2:20	rekey	完	0.9998
vol01:79:2:20	vol01:79:2:21	rekey	忠	0.9997
vol01:79:2:4	vol01:79:2:5	rekey	取	0.9997
vol01:79:2:5	vol01:79:2:6	rekey	其	0.9995
vol01:79:2:7	vol01:79:2:8	rekey	統	0.9989
vol01:79:3:5	vol01:79:3:6	rekey	爲	0.9996
vol01:79:3:6	vol01:79:3:7	rekey	可	0.9995
vol01:79:3:8	vol01:79:3:9	rekey	凡	0.9996
vol01:79:4:0	vol01:79:4:1	rekey	獨	0.9995
vol01:79:5:9	vol01:79:5:10	rekey	義	0.9994
vol01:79:5:14	vol01:79:5:15	rekey	建	0.9998
vol01:79:5:15	vol01:79:5:16	rekey	極	0.9996
vol01:79:5:16	vol01:79:5:17	rekey	道	0.9994
vol01:79:5:17	vol01:79:5:18	rekey	出	0.9999
vol01:79:5:18	vol01:79:5:19	rekey	於	0.9995
vol01:79:5:1	vol01:79:5:2	rekey	裁	0.9994
vol01:79:5:3	vol01:79:5:4	rekey	此	0.9999
vol01:79:5:4	vol01:79:5:5	rekey	同	0.9997
vol01:79:5:6	vol01:79:5:7	rekey	實	0.9995
vol01:79:5:8	vol01:79:5:9	rekey	公	0.9998
vol01:79:6:0	vol01:79:6:1	rekey	天	0.9997
vol01:79:6:2	vol01:79:6:3	rekey	百	0.9995
vol01:79:6:3	vol01:79:6:4	rekey	氏	0.9997
vol01:79:6:4	vol01:79:6:5	rekey	以	0.9997
vol01:79:6:5	vol01:79:6:6	rekey	歸	0.9996
vol01:79:6:7	vol01:79:6:8	rekey	言	0.9994
vol01:79:7:0	vol01:79:7:1	rekey	聖	0.9992
vol01:79:7:10	vol01:79:7:11	rekey	秋	0.9991
vol01:79:7:11	vol01:79:7:12	rekey	刑	0.9992
vol01:79:7:14	vol01:79:7:15	rekey	方	0.9997
vol01:79:7:17	vol01:79:7:18	rekey	本	0.9996
vol01:79:7:18	vol01:79:7:19	rekey	乎	0.9996
vol01:79:7:1	vol01:79:7:2	rekey	權	0.9996
vol01:79:7:2	vol01:79:7:3	rekey	衡	0.9996
vol01:79:7:3	vol01:79:7:4	rekey	筆	0.9995
vol01:79:7:4	vol01:79:7:5	rekey	削	0.9994
vol01:79:7:5	vol01:79:7:6	rekey	事	0.9994
vol01:79:7:6	vol01:79:7:7	rekey	通	0.9995
vol01:79:8:0	vol01:79:8:1	rekey	乾	0.9994
vol01:79:8:9	vol01:79:8:10	rekey	耀	0.9994
vol01:79:8:16	vol01:79:8:17	rekey	先	0.9995
vol01:79:8:1	vol01:79:8:2	rekey	規	0.9995
vol01:79:8:5	vol01:79:8:6	rekey	以	0.9996
vol01:79:8:6	vol01:79:8:7	rekey	儀	0.9993
vol01:79:9:9	vol01:79:9:10	rekey	館	0.9993
vol01:79:9:10	vol01:79:9:11	rekey	以	0.9996
vol01:79:9:12	vol01:79:9:13	rekey	登	0.9997
vol01:79:9:15	vol01:79:9:16	rekey	嚴	0.9992
vol01:79:9:17	vol01:79:9:18	rekey	焚	0.9997
vol01:79:9:18	vol01:79:9:19	rekey	蘭	0.9996
vol01:79:9:20	vol01:79:9:21	rekey	以	0.9997
vol01:79:9:2	vol01:79:9:3	rekey	集	0.9995
vol01:79:9:5	vol01:79:9:6	rekey	方	0.9993
vol01:7:1:9	vol01:7:1:10	rekey	月	0.9994
vol01:7:1:10	vol01:7:1:11	rekey	初	0.9995
vol01:7:1:11	vol01:7:1:12	rekey	六	0.9995
vol01:7:1:12	vol01:7:1:13	rekey	日	0.9998
vol01:7:1:13	vol01:7:1:14	rekey	奉	0.9996
vol01:7:1:2	vol01:7:1:3	rekey	乾	0.9994
vol01:7:1:3	vol01:7:1:4	rekey	隆	0.9994
vol01:7:1:4	vol01:7:1:5	rekey	三	0.9991
vol01:7:1:5	vol01:7:1:6	rekey	十	0.9996
vol01:7:1:6	vol01:7:1:7	rekey	八	0.9995
vol01:7:1:7	vol01:7:1:8	rekey	年	0.9995
vol01:7:1:8	vol01:7:1:9	rekey	二	0.9996
vol01:7:2:9	vol01:7:2:10	rekey	條	0.9995
vol01:7:2:10	vol01:7:2:11	rekey	奏	0.9996
vol01:7:2:11	vol01:7:2:12	rekey	内	0.9995
vol01:7:2:12	vol01:7:2:13	rekey	將	0.9996
vol01:7:2:13	vol01:7:2:14	rekey	永	0.9996
vol01:7:2:14	vol01:7:2:15	rekey	樂	0.9993
vol01:7:2:16	vol01:7:2:17	rekey	典	0.9995
vol01:7:2:17	vol01:7:2:18	rekey	擇	0.9994
vol01:7:2:18	vol01:7:2:19	rekey	取	0.9996
vol01:7:2:1	vol01:7:2:2	rekey	軍	0.9997
vol01:7:2:2	vol01:7:2:3	rekey	機	0.9992
vol01:7:2:3	vol01:7:2:4	rekey	大	0.9993
vol01:7:2:4	vol01:7:2:5	rekey	臣	0.9995
vol01:7:2:5	vol01:7:2:6	rekey	議	0.999
vol01:7:2:6	vol01:7:2:7	rekey	覆	0.9996
vol01:7:2:7	vol01:7:2:8	rekey	朱	0.9994
vol01:7:2:8	vol01:7:2:9	rekey	筠	0.9995
vol01:7:3:9	vol01:7:3:10	rekey	分	0.9992
vol01:7:3:10	vol01:7:3:11	rekey	派	0.9995
vol01:7:3:11	vol01:7:3:12	rekey	各	0.9991
vol01:7:3:12	vol01:7:3:13	rekey	館	0.997
vol01:7:3:13	vol01:7:3:14	rekey	修	0.9981
vol01:7:3:15	vol01:7:3:16	rekey	翰	0.9995
vol01:7:3:16	vol01:7:3:17	rekey	林	0.9994
vol01:7:3:17	vol01:7:3:18	rekey	等	0.9993
vol01:7:3:18	vol01:7:3:19	rekey	官	0.9995
vol01:7:3:1	vol01:7:3:2	rekey	各	0.9993
vol01:7:3:2	vol01:7:3:3	rekey	自	0.9996
vol01:7:3:3	vol01:7:3:4	rekey	爲	0.9993
vol01:7:3:4	vol01:7:3:5	rekey	書	0.9993
vol01:7:3:5	vol01:7:3:6	rekey	一	0.9995
vol01:7:3:6	vol01:7:3:7	rekey	節	0.9994
vol01:7:3:7	vol01:7:3:8	rekey	議	0.9989
vol01:7:3:8	vol01:7:3:9	rekey	請	0.9991
vol01:7:4:9	vol01:7:4:10	rekey	致	0.9994
vol01:7:4:10	vol01:7:4:11	rekey	歲	0.9993
vol01:7:4:11	vol01:7:4:12	rekey	月	0.9994
vol01:7:4:12	vol01:7:4:13	rekey	久	0.9997
vol01:7:4:13	vol01:7:4:14	rekey	稽	0.9995
vol01:7:4:14	vol01:7:4:15	rekey	汗	0.9992
vol01:7:4:15	vol01:7:4:16	rekey	青	0.9993
vol01:7:4:16	vol01:7:4:17	rekey	無	0.9993
vol01:7:4:17	vol01:7:4:18	rekey	日	0.9998
vol01:7:4:18	vol01:7:4:19	rekey	葢	0.9993
vol01:7:4:1	vol01:7:4:2	rekey	檢	0.9996
vol01:7:4:2	vol01:7:4:3	rekey	查	0.9996
vol01:7:4:3	vol01:7:4:4	rekey	恐	0.9994
vol01:7:4:4	vol01:7:4:5	rekey	責	0.9994
vol01:7:4:5	vol01:7:4:6	rekey	成	0.9995
vol01:7:4:6	vol01:7:4:7	rekey	不	0.9996
vol01:7:4:7	vol01:7:4:8	rekey	專	0.9991
vol01:7:4:8	vol01:7:4:9	rekey	徒	0.9993
vol01:7:5:9	vol01:7:5:10	rekey	又	0.9995
vol01:7:5:10	vol01:7:5:11	rekey	原	0.9996
vol01:7:5:12	vol01:7:5:13	rekey	體	0.9992
vol01:7:5:13	vol01:7:5:14	rekey	例	0.9994
vol01:7:5:14	vol01:7:5:15	rekey	係	0.9994
vol01:7:5:15	vol01:7:5:16	rekey	分	0.9994
vol01:7:5:16	vol01:7:5:17	rekey	韻	0.9994
vol01:7:5:17	vol01:7:5:18	rekey	類	0.9994
vol01:7:5:18	vol01:7:5:19	rekey	次	0.9997
vol01:7:5:1	vol01:7:5:2	rekey	移	0.9996
vol01:7:5:2	vol01:7:5:3	rekey	貯	0.9995
vol01:7:5:3	vol01:7:5:4	rekey	年	0.9995
vol01:7:5:4	vol01:7:5:5	rekey	久	0.9996
vol01:7:5:5	vol01:7:5:6	rekey	既	0.9994
vol01:7:5:6	vol01:7:5:7	rekey	多	0.9997
vol01:7:5:7	vol01:7:5:8	rekey	殘	0.9994
vol01:7:5:8	vol01:7:5:9	rekey	缺	0.9993
vol01:7:6:11	vol01:7:6:12	rekey	特	0.9994
vol01:7:6:18	vol01:7:6:19	rekey	博	0.9991
vol01:7:6:1	vol01:7:6:2	rekey	割	0.9995
vol01:7:6:2	vol01:7:6:3	rekey	裂	0.9995
vol01:7:6:8	vol01:7:6:9	rekey	期	0.9994
vol01:7:7:9	vol01:7:7:10	rekey	恒	0.9994
vol01:7:7:10	vol01:7:7:11	rekey	見	0.9995
vol01:7:7:11	vol01:7:7:12	rekey	今	0.9997
vol01:7:7:12	vol01:7:7:13	rekey	就	0.9995
vol01:7:7:13	vol01:7:7:14	rekey	各	0.9995
vol01:7:7:14	vol01:7:7:15	rekey	門	0.9995
vol01:7:7:15	vol01:7:7:16	rekey	彚	0.9994
vol01:7:7:16	vol01:7:7:17	rekey	訂	0.9993
vol01:7:7:17	vol01:7:7:18	rekey	可	0.9991
vol01:7:7:18	vol01:7:7:19	rekey	以	0.9997
vol01:7:7:1	vol01:7:7:2	rekey	或	0.9996
vol01:7:7:2	vol01:7:7:3	rekey	有	0.9997
vol01:7:7:3	vol01:7:7:4	rekey	古	0.9996
vol01:7:7:4	vol01:7:7:5	rekey	書	0.9994
vol01:7:7:5	vol01:7:7:6	rekey	善	0.9994
vol01:7:7:6	vol01:7:7:7	rekey	本	0.9995
vol01:7:7:7	vol01:7:7:8	rekey	世	0.9996
vol01:7:7:8	vol01:7:7:9	rekey	不	0.9995
vol01:7:8:9	vol01:7:8:10	rekey	石	0.9996
vol01:7:8:11	vol01:7:8:12	rekey	之	0.9997
vol01:7:8:12	vol01:7:8:13	rekey	藏	0.9993
vol01:7:8:13	vol01:7:8:14	rekey	著	0.9996
vol01:7:8:14	vol01:7:8:15	rekey	卽	0.9994
vol01:7:8:15	vol01:7:8:16	rekey	派	0.9996
vol01:7:8:16	vol01:7:8:17	rekey	軍	0.9995
vol01:7:8:17	vol01:7:8:18	rekey	機	0.9993
vol01:7:8:18	vol01:7:8:19	rekey	大	0.9996
vol01:7:8:1	vol01:7:8:2	rekey	成	0.9997
vol01:7:8:2	vol01:7:8:3	rekey	部	0.9996
vol01:7:8:3	vol01:7:8:4	rekey	者	0.9993
vol01:7:8:4	vol01:7:8:5	rekey	亦	0.9995
vol01:7:8:5	vol01:7:8:6	rekey	足	0.9995
vol01:7:8:6	vol01:7:8:7	rekey	廣	0.9995
vol01:7:8:7	vol01:7:8:8	rekey	名	0.9995
vol01:7:8:8	vol01:7:8:9	rekey	山	0.9993
vol01:7:9:9	vol01:7:9:10	rekey	官	0.9994
vol01:7:9:10	vol01:7:9:11	rekey	内	0.9997
vol01:7:9:11	vol01:7:9:12	rekey	選	0.9993
vol01:7:9:12	vol01:7:9:13	rekey	定	0.9994
vol01:7:9:13	vol01:7:9:14	rekey	員	0.9994
vol01:7:9:14	vol01:7:9:15	rekey	數	0.9993
vol01:7:9:15	vol01:7:9:16	rekey	責	0.9994
vol01:7:9:16	vol01:7:9:17	rekey	令	0.9994
vol01:7:9:17	vol01:7:9:18	rekey	及	0.9993
vol01:7:9:18	vol01:7:9:19	rekey	時	0.9995
vol01:7:9:1	vol01:7:9:2	rekey	總	0.999
vol01:7:9:2	vol01:7:9:3	rekey	裁	0.9995
vol01:7:9:3	vol01:7:9:4	rekey	官	0.9996
vol01:7:9:4	vol01:7:9:5	rekey	仍	0.9996
vol01:7:9:5	vol01:7:9:6	rekey	於	0.9992
vol01:7:9:6	vol01:7:9:7	rekey	翰	0.9995
vol01:7:9:7	vol01:7:9:8	rekey	林	0.9995
vol01:7:9:8	vol01:7:9:9	rekey	等	0.9991
vol01:80:1:9	vol01:80:1:10	rekey	止	0.9996
vol01:80:1:10	vol01:80:1:11	rekey	於	0.9996
vol01:80:1:11	vol01:80:1:12	rekey	萬	0.9995
vol01:80:1:12	vol01:80:1:13	rekey	七	0.9996
vol01:80:1:13	vol01:80:1:14	rekey	千	0.9998
vol01:80:1:14	vol01:80:1:15	rekey	篇	0.9996
vol01:80:1:15	vol01:80:1:16	rekey	按	0.9996
vol01:80:1:16	vol01:80:1:17	rekey	月	0.9998
vol01:80:1:17	vol01:80:1:18	rekey	程	0.9996
vol01:80:1:18	vol01:80:1:19	rekey	功	0.9995
vol01:80:1:19	vol01:80:1:20	rekey	務	0.9996
vol01:80:1:20	vol01:80:1:21	rekey	得	0.9996
vol01:80:1:2	vol01:80:1:3	rekey	夜	0.9992
vol01:80:1:4	vol01:80:1:5	rekey	披	0.9997
vol01:80:1:5	vol01:80:1:6	rekey	文	0.9996
vol01:80:1:6	vol01:80:1:7	rekey	計	0.9994
vol01:80:1:7	vol01:80:1:8	rekey	數	0.9993
vol01:80:1:8	vol01:80:1:9	rekey	寧	0.9997
vol01:80:2:9	vol01:80:2:10	rekey	無	0.9991
vol01:80:2:10	vol01:80:2:11	rekey	迹	0.9996
vol01:80:2:11	vol01:80:2:12	rekey	先	0.9996
vol01:80:2:12	vol01:80:2:13	rekey	成	0.9998
vol01:80:2:13	vol01:80:2:14	rekey	綴	0.9997
vol01:80:2:14	vol01:80:2:15	rekey	白	0.9998
vol01:80:2:15	vol01:80:2:16	rekey	之	0.9999
vol01:80:2:16	vol01:80:2:17	rekey	裘	0.9997
vol01:80:2:17	vol01:80:2:18	rekey	傳	0.9997
vol01:80:2:18	vol01:80:2:19	rekey	寫	0.9996
vol01:80:2:19	vol01:80:2:20	rekey	相	0.9997
vol01:80:2:20	vol01:80:2:21	rekey	爭	0.9997
vol01:80:2:3	vol01:80:2:4	rekey	四	0.9997
vol01:80:2:4	vol01:80:2:5	rekey	十	0.9999
vol01:80:2:5	vol01:80:2:6	rekey	五	0.9996
vol01:80:2:6	vol01:80:2:7	rekey	日	0.9999
vol01:80:2:7	vol01:80:2:8	rekey	裁	0.9995
vol01:80:2:8	vol01:80:2:9	rekey	縫	0.9993
vol01:80:3:9	vol01:80:3:10	rekey	羅	0.9996
vol01:80:3:10	vol01:80:3:11	rekey	黃	0.9997
vol01:80:3:11	vol01:80:3:12	rekey	卷	0.9994
vol01:80:3:12	vol01:80:3:13	rekey	積	0.9996
vol01:80:3:13	vol01:80:3:14	rekey	盈	0.9995
vol01:80:3:14	vol01:80:3:15	rekey	有	0.9993
vol01:80:3:15	vol01:80:3:16	rekey	似	0.9998
vol01:80:3:16	vol01:80:3:17	rekey	於	0.9995
vol01:80:3:17	vol01:80:3:18	rekey	添	0.9996
vol01:80:3:18	vol01:80:3:19	rekey	籌	0.9996
vol01:80:3:19	vol01:80:3:20	rekey	几	0.9998
vol01:80:3:20	vol01:80:3:21	rekey	擁	0.9994
vol01:80:3:4	vol01:80:3:5	rekey	汗	0.9993
vol01:80:3:5	vol01:80:3:6	rekey	青	0.9995
vol01:80:3:6	vol01:80:3:7	rekey	之	0.9998
vol01:80:3:7	vol01:80:3:8	rekey	竹	0.9993
vol01:80:3:8	vol01:80:3:9	rekey	架	0.9996
vol01:80:4:9	vol01:80:4:10	rekey	掃	0.9996
vol01:80:4:10	vol01:80:4:11	rekey	葉	0.9997
vol01:80:4:11	vol01:80:4:12	rekey	畢	0.9998
vol01:80:4:12	vol01:80:4:13	rekey	昇	0.9996
vol01:80:4:13	vol01:80:4:14	rekey	活	0.9996
vol01:80:4:14	vol01:80:4:15	rekey	板	0.9995
vol01:80:4:15	vol01:80:4:16	rekey	漸	0.9994
vol01:80:4:16	vol01:80:4:17	rekey	看	0.9994
vol01:80:4:17	vol01:80:4:18	rekey	字	0.9997
vol01:80:4:18	vol01:80:4:19	rekey	是	1.0
vol01:80:4:19	vol01:80:4:20	rekey	排	0.9996
vol01:80:4:20	vol01:80:4:21	rekey	成	0.9996
vol01:80:4:2	vol01:80:4:3	rekey	烏	0.9998
vol01:80:4:3	vol01:80:4:4	rekey	皮	0.9997
vol01:80:4:4	vol01:80:4:5	rekey	刊	0.9998
vol01:80:4:5	vol01:80:4:6	rekey	謬	0.9995
vol01:80:4:6	vol01:80:4:7	rekey	時	0.9996
vol01:80:4:7	vol01:80:4:8	rekey	防	0.9995
vol01:80:4:8	vol01:80:4:9	rekey	其	0.9995
vol01:80:5:9	vol01:80:5:10	rekey	稱	0.9996
vol01:80:5:10	vol01:80:5:11	rekey	校	0.9996
vol01:80:5:11	vol01:80:5:12	rekey	上	0.9998
vol01:80:5:12	vol01:80:5:13	rekey	加	0.9996
vol01:80:5:13	vol01:80:5:14	rekey	以	0.9997
vol01:80:5:2	vol01:80:5:3	rekey	曾	0.9995
vol01:80:5:4	vol01:80:5:5	rekey	官	0.9992
vol01:80:5:5	vol01:80:5:6	rekey	書	0.9996
vol01:80:5:7	vol01:80:5:8	rekey	見	0.9995
vol01:80:5:8	vol01:80:5:9	rekey	序	0.9997
vol01:80:6:0	vol01:80:6:1	rekey	乾	0.9991
vol01:80:6:1	vol01:80:6:2	rekey	行	0.9992
vol01:80:6:2	vol01:80:6:3	rekey	至	0.9996
vol01:80:7:0	vol01:80:7:1	rekey	七	0.9999
vol01:80:7:1	vol01:80:7:2	rekey	旬	0.9997
vol01:80:7:2	vol01:80:7:3	rekey	之	0.9998
vol01:80:7:3	vol01:80:7:4	rekey	念	0.9996
vol01:80:7:4	vol01:80:7:5	rekey	典	0.9994
vol01:80:7:5	vol01:80:7:6	rekey	彌	0.9999
vol01:80:7:6	vol01:80:7:7	rekey	勤	0.9995
vol01:80:8:0	vol01:80:8:1	rekey	離	0.9994
vol01:80:8:9	vol01:80:8:10	rekey	恒	0.9994
vol01:80:8:11	vol01:80:8:12	rekey	梁	0.9996
vol01:80:8:14	vol01:80:8:15	rekey	士	0.9999
vol01:80:8:15	vol01:80:8:16	rekey	庚	0.9995
vol01:80:8:16	vol01:80:8:17	rekey	郵	0.9995
vol01:80:8:17	vol01:80:8:18	rekey	遞	0.9996
vol01:80:8:18	vol01:80:8:19	rekey	初	0.9994
vol01:80:8:1	vol01:80:8:2	rekey	照	0.9997
vol01:80:8:19	vol01:80:8:20	rekey	寫	0.9996
vol01:80:8:20	vol01:80:8:21	rekey	之	0.9997
vol01:80:8:4	vol01:80:8:5	rekey	一	1.0
vol01:80:8:5	vol01:80:8:6	rekey	字	0.9996
vol01:80:8:6	vol01:80:8:7	rekey	之	0.9996
vol01:80:8:7	vol01:80:8:8	rekey	褒	0.9995
vol01:80:9:2	vol01:80:9:3	rekey	函	0.9996
vol01:81:1:9	vol01:81:2:10	rekey	之	0.9999
vol01:81:1:13	vol01:81:2:14	rekey	原	0.999
vol01:81:1:14	vol01:81:2:15	rekey	爲	0.9992
vol01:81:1:16	vol01:81:2:17	rekey	兼	0.9996
vol01:81:1:18	vol01:81:2:19	rekey	刊	0.9996
vol01:81:1:19	vol01:81:2:20	rekey	板	0.9995
vol01:81:1:2	vol01:81:2:3	rekey	數	0.9996
vol01:81:1:3	vol01:81:2:4	rekey	萬	0.9994
vol01:81:1:4	vol01:81:2:5	rekey	數	0.9994
vol01:81:2:10	vol01:81:3:11	rekey	書	0.9985
vol01:81:2:11	vol01:81:3:12	rekey	之	0.9998
vol01:81:2:12	vol01:81:3:13	rekey	謬	0.9995
vol01:81:2:15	vol01:81:3:16	rekey	不	0.9998
vol01:81:2:16	vol01:81:3:17	rekey	漏	0.9997
vol01:81:2:18	vol01:81:3:19	rekey	旁	0.9996
vol01:81:2:19	vol01:81:3:20	rekey	添	0.9995
vol01:81:2:4	vol01:81:3:5	rekey	或	0.9996
vol01:81:2:5	vol01:81:3:6	rekey	作	0.9991
vol01:81:3:10	vol01:81:4:11	rekey	上	0.9998
vol01:81:3:13	vol01:81:4:14	rekey	加	0.9997
vol01:81:3:14	vol01:81:4:15	rekey	之	0.9995
vol01:81:3:17	vol01:81:4:18	rekey	除	0.9995
vol01:81:3:18	vol01:81:4:19	rekey	不	0.9996
vol01:81:3:20	vol01:81:4:21	rekey	時	0.9993
vol01:81:3:3	vol01:81:4:4	rekey	之	0.9998
vol01:81:3:4	vol01:81:4:5	rekey	戈	0.9996
vol01:81:3:7	vol01:81:4:8	rekey	必	0.9998
vol01:81:3:8	vol01:81:4:9	rekey	嚴	0.9997
vol01:81:4:9	vol01:81:5:10	rekey	存	0.9989
vol01:81:4:10	vol01:81:5:11	rekey	常	0.9991
vol01:81:4:2	vol01:81:5:3	rekey	妄	0.9998
vol01:81:4:3	vol01:81:5:4	rekey	下	0.9997
vol01:81:4:5	vol01:81:5:6	rekey	黃	0.9996
vol01:81:4:8	vol01:81:5:9	rekey	空	0.9995
vol01:81:5:0	vol01:81:6:1	rekey	指	0.9994
vol01:81:5:1	vol01:81:6:2	rekey	其	0.9996
vol01:81:5:3	vol01:81:6:4	rekey	同	0.9997
vol01:81:5:5	vol01:81:6:6	rekey	白	0.9997
vol01:81:6:0	vol01:81:7:1	rekey	明	0.9995
vol01:81:6:1	vol01:81:7:2	rekey	周	0.9998
vol01:81:6:3	vol01:81:7:4	rekey	芥	0.9996
vol01:81:6:5	vol01:81:7:6	rekey	欽	0.9994
vol01:81:7:1	vol01:81:8:2	rekey	照	0.9998
vol01:81:7:2	vol01:81:8:3	rekey	無	0.9996
vol01:81:7:4	vol01:81:8:5	rekey	報	0.9997
vol01:82:1:0	vol01:82:1:1	rekey	恩	0.9995
vol01:82:1:9	vol01:82:1:10	rekey	登	0.9993
vol01:82:1:11	vol01:82:1:12	rekey	列	0.9996
vol01:82:1:12	vol01:82:1:13	rekey	於	0.9997
vol01:82:1:13	vol01:82:1:14	rekey	九	0.9997
vol01:82:1:14	vol01:82:1:15	rekey	官	0.9998
vol01:82:1:1	vol01:82:1:2	rekey	慈	0.9997
vol01:82:1:2	vol01:82:1:3	rekey	實	0.9995
vol01:82:1:3	vol01:82:1:4	rekey	渥	0.9996
vol01:82:1:4	vol01:82:1:5	rekey	風	0.9997
vol01:82:1:5	vol01:82:1:6	rekey	雲	0.9992
vol01:82:1:6	vol01:82:1:7	rekey	得	0.9994
vol01:82:1:7	vol01:82:1:8	rekey	路	0.9996
vol01:82:1:8	vol01:82:1:9	rekey	先	0.9997
vol01:82:2:0	vol01:82:2:1	rekey	雨	0.9997
vol01:82:2:9	vol01:82:2:10	rekey	一	0.9999
vol01:82:2:10	vol01:82:2:11	rekey	級	0.9997
vol01:82:2:11	vol01:82:2:12	rekey	栢	0.9996
vol01:82:2:12	vol01:82:2:13	rekey	臺	0.9995
vol01:82:2:13	vol01:82:2:14	rekey	聯	0.9996
vol01:82:2:14	vol01:82:2:15	rekey	句	0.9996
vol01:82:2:16	vol01:82:2:17	rekey	鳳	0.9995
vol01:82:2:17	vol01:82:2:18	rekey	律	0.9996
vol01:82:2:18	vol01:82:2:19	rekey	之	0.9997
vol01:82:2:1	vol01:82:2:2	rekey	露	0.9995
vol01:82:2:19	vol01:82:2:20	rekey	新	0.9995
vol01:82:2:20	vol01:82:2:21	rekey	聲	0.9995
vol01:82:2:2	vol01:82:2:3	rekey	均	0.9996
vol01:82:2:3	vol01:82:2:4	rekey	滋	0.9996
vol01:82:2:4	vol01:82:2:5	rekey	中	0.9998
vol01:82:2:5	vol01:82:2:6	rekey	考	0.9997
vol01:82:2:6	vol01:82:2:7	rekey	亦	0.9996
vol01:82:2:7	vol01:82:2:8	rekey	賜	0.9996
vol01:82:2:8	vol01:82:2:9	rekey	以	0.9999
vol01:82:3:9	vol01:82:3:10	rekey	之	0.9998
vol01:82:3:10	vol01:82:3:11	rekey	故	0.9996
vol01:82:3:11	vol01:82:3:12	rekey	事	0.9996
vol01:82:3:12	vol01:82:3:13	rekey	墨	0.9995
vol01:82:3:13	vol01:82:3:14	rekey	勻	0.9996
vol01:82:3:14	vol01:82:3:15	rekey	蝶	0.9996
vol01:82:3:15	vol01:82:3:16	rekey	翅	0.9998
vol01:82:3:16	vol01:82:3:17	rekey	祖	0.999
vol01:82:3:17	vol01:82:3:18	rekey	帖	0.9996
vol01:82:3:18	vol01:82:3:19	rekey	雙	0.9997
vol01:82:3:19	vol01:82:3:20	rekey	鈎	0.9995
vol01:82:3:20	vol01:82:3:21	rekey	帙	0.999
vol01:82:3:2	vol01:82:3:3	rekey	芸	0.9997
vol01:82:3:3	vol01:82:3:4	rekey	署	0.9996
vol01:82:3:4	vol01:82:3:5	rekey	題	0.9996
vol01:82:3:5	vol01:82:3:6	rekey	名	0.9997
vol01:82:3:6	vol01:82:3:7	rekey	踵	0.9995
vol01:82:3:7	vol01:82:3:8	rekey	麟	0.9997
vol01:82:3:8	vol01:82:3:9	rekey	臺	0.9996
vol01:82:4:2	vol01:82:4:3	rekey	簇	0.9995
vol01:82:4:3	vol01:82:4:4	rekey	龍	0.9994
vol01:82:5:0	vol01:82:5:1	rekey	天	0.9995
vol01:82:5:9	vol01:82:5:10	rekey	魚	0.9997
vol01:82:5:10	vol01:82:5:11	rekey	子	0.9998
vol01:82:5:11	vol01:82:5:12	rekey	之	0.9998
vol01:82:5:12	vol01:82:5:13	rekey	華	0.9996
vol01:82:5:13	vol01:82:5:14	rekey	牋	0.9995
vol01:82:5:14	vol01:82:5:15	rekey	龍	0.9993
vol01:82:5:16	vol01:82:5:17	rekey	雕	0.9995
vol01:82:5:18	vol01:82:5:19	rekey	融	0.9993
vol01:82:5:1	vol01:82:5:2	rekey	書	0.9993
vol01:82:5:19	vol01:82:5:20	rekey	麝	0.9996
vol01:82:5:20	vol01:82:5:21	rekey	煤	0.999
vol01:82:5:2	vol01:82:5:3	rekey	五	0.9996
vol01:82:5:3	vol01:82:5:4	rekey	色	0.9994
vol01:82:5:4	vol01:82:5:5	rekey	猩	0.9995
vol01:82:5:5	vol01:82:5:6	rekey	毛	0.9997
vol01:82:5:6	vol01:82:5:7	rekey	擢	0.9994
vol01:82:5:7	vol01:82:5:8	rekey	頴	0.9995
vol01:82:5:8	vol01:82:5:9	rekey	膩	0.9995
vol01:82:6:9	vol01:82:6:10	rekey	細	0.9997
vol01:82:6:10	vol01:82:6:11	rekey	縈	0.9996
vol01:82:6:11	vol01:82:6:12	rekey	百	0.9996
vol01:82:6:12	vol01:82:6:13	rekey	和	0.9997
vol01:82:6:13	vol01:82:6:14	rekey	之	0.9997
vol01:82:6:14	vol01:82:6:15	rekey	香	0.9996
vol01:82:6:15	vol01:82:6:16	rekey	錦	0.9997
vol01:82:6:16	vol01:82:6:17	rekey	段	0.9994
vol01:82:6:17	vol01:82:6:18	rekey	香	0.9996
vol01:82:6:18	vol01:82:6:19	rekey	羅	0.9995
vol01:82:6:19	vol01:82:6:20	rekey	交	0.9995
vol01:82:6:20	vol01:82:6:21	rekey	映	0.9997
vol01:82:6:2	vol01:82:6:3	rekey	之	0.9997
vol01:82:6:3	vol01:82:6:4	rekey	芳	0.9994
vol01:82:6:4	vol01:82:6:5	rekey	氣	0.9996
vol01:82:6:5	vol01:82:6:6	rekey	銀	0.9997
vol01:82:6:6	vol01:82:6:7	rekey	罌	0.9997
vol01:82:6:7	vol01:82:6:8	rekey	翠	0.9996
vol01:82:6:8	vol01:82:6:9	rekey	管	0.9997
vol01:82:7:9	vol01:82:7:10	rekey	佩	0.999
vol01:82:7:12	vol01:82:7:13	rekey	朱	0.9996
vol01:82:7:13	vol01:82:7:14	rekey	提	0.9994
vol01:82:7:14	vol01:82:7:15	rekey	珍	0.9993
vol01:82:7:15	vol01:82:7:16	rekey	毳	0.9996
vol01:82:7:16	vol01:82:7:17	rekey	豐	0.9994
vol01:82:7:17	vol01:82:7:18	rekey	茸	0.9996
vol01:82:7:18	vol01:82:7:19	rekey	帕	0.9996
vol01:82:7:19	vol01:82:7:20	rekey	裁	0.9994
vol01:82:7:2	vol01:82:7:3	rekey	五	0.9997
vol01:82:7:3	vol01:82:7:4	rekey	明	0.9996
vol01:82:7:4	vol01:82:7:5	rekey	之	0.9997
vol01:82:7:5	vol01:82:7:6	rekey	扇	0.9994
vol01:82:7:6	vol01:82:7:7	rekey	繡	0.9993
vol01:82:7:8	vol01:82:7:9	rekey	委	0.9998
vol01:82:8:9	vol01:82:8:10	rekey	西	0.9997
vol01:82:8:10	vol01:82:8:11	rekey	域	0.9992
vol01:82:8:11	vol01:82:8:12	rekey	之	0.999
vol01:82:8:12	vol01:82:8:13	rekey	甘	0.9996
vol01:82:8:13	vol01:82:8:14	rekey	華	0.9997
vol01:82:8:14	vol01:82:8:15	rekey	俎	0.9993
vol01:82:8:15	vol01:82:8:16	rekey	嘗	0.9995
vol01:82:8:16	vol01:82:8:17	rekey	新	0.9994
vol01:82:8:17	vol01:82:8:18	rekey	瓜	0.9995
vol01:82:8:18	vol01:82:8:19	rekey	勝	0.9995
vol01:82:8:19	vol01:82:8:20	rekey	東	0.9996
vol01:82:8:20	vol01:82:8:21	rekey	陵	0.9993
vol01:82:8:3	vol01:82:8:4	rekey	雕	0.9993
vol01:82:8:4	vol01:82:8:5	rekey	盤	0.9993
vol01:82:8:5	vol01:82:8:6	rekey	列	0.9995
vol01:82:8:6	vol01:82:8:7	rekey	飣	0.9994
vol01:82:8:7	vol01:82:8:8	rekey	果	0.9996
vol01:82:8:8	vol01:82:8:9	rekey	分	0.9996
vol01:82:9:2	vol01:82:9:3	rekey	之	0.9996
vol01:82:9:3	vol01:82:9:4	rekey	種	0.9995
vol01:82:9:4	vol01:82:9:5	rekey	自	0.999
vol01:83:1:0	vol01:83:1:1	rekey	天	0.9997
vol01:83:1:9	vol01:83:1:10	rekey	無	0.9995
vol01:83:1:10	vol01:83:1:11	rekey	地	0.9995
vol01:83:1:2	vol01:83:1:3	rekey	賜	0.9993
vol01:83:1:3	vol01:83:1:4	rekey	多	0.9994
vol01:83:1:4	vol01:83:1:5	rekey	非	0.9998
vol01:83:1:6	vol01:83:1:7	rekey	寐	0.9994
vol01:83:1:7	vol01:83:1:8	rekey	所	0.9995
vol01:83:1:8	vol01:83:1:9	rekey	期	0.9995
vol01:83:2:0	vol01:83:2:1	rekey	恩	0.9992
vol01:83:2:9	vol01:83:2:10	rekey	始	0.9996
vol01:83:2:10	vol01:83:2:11	rekey	末	0.9997
vol01:83:2:11	vol01:83:2:12	rekey	擬	0.9993
vol01:83:2:12	vol01:83:2:13	rekey	勒	0.9996
vol01:83:2:13	vol01:83:2:14	rekey	長	0.9995
vol01:83:2:14	vol01:83:2:15	rekey	編	0.9994
vol01:83:2:15	vol01:83:2:16	rekey	别	0.9996
vol01:83:2:17	vol01:83:2:18	rekey	英	0.9996
vol01:83:2:18	vol01:83:2:19	rekey	華	0.9997
vol01:83:2:1	vol01:83:2:2	rekey	惟	0.9994
vol01:83:2:19	vol01:83:2:20	rekey	先	0.9996
vol01:83:2:20	vol01:83:2:21	rekey	爲	0.9995
vol01:83:2:2	vol01:83:2:3	rekey	以	0.9999
vol01:83:2:3	vol01:83:2:4	rekey	文	0.9997
vol01:83:2:4	vol01:83:2:5	rekey	章	0.9997
vol01:83:2:5	vol01:83:2:6	rekey	爲	0.9994
vol01:83:2:6	vol01:83:2:7	rekey	報	0.9995
vol01:83:2:7	vol01:83:2:8	rekey	周	0.9995
vol01:83:2:8	vol01:83:2:9	rekey	賅	0.9997
vol01:83:3:9	vol01:83:3:10	rekey	歲	0.9997
vol01:83:3:10	vol01:83:3:11	rekey	慶	0.9998
vol01:83:3:2	vol01:83:3:3	rekey	縮	0.9998
vol01:83:3:3	vol01:83:3:4	rekey	本	0.9995
vol01:83:3:4	vol01:83:3:5	rekey	曩	0.9952
vol01:83:3:5	vol01:83:3:6	rekey	長	0.9983
vol01:83:3:6	vol01:83:3:7	rekey	庚	0.9996
vol01:83:3:7	vol01:83:3:8	rekey	之	0.9998
vol01:83:3:8	vol01:83:3:9	rekey	紀	0.9994
vol01:83:4:0	vol01:83:4:1	rekey	嵩	0.999
vol01:83:4:9	vol01:83:4:10	rekey	符	0.9996
vol01:83:4:10	vol01:83:4:11	rekey	奎	0.9995
vol01:83:4:11	vol01:83:4:12	rekey	聚	0.9997
vol01:83:4:12	vol01:83:4:13	rekey	八	0.9996
vol01:83:4:13	vol01:83:4:14	rekey	年	0.9995
vol01:83:4:14	vol01:83:4:15	rekey	敬	0.9992
vol01:83:4:15	vol01:83:4:16	rekey	繕	0.9997
vol01:83:4:16	vol01:83:4:17	rekey	挹	0.9997
vol01:83:4:17	vol01:83:4:18	rekey	古	0.9996
vol01:83:4:18	vol01:83:4:19	rekey	今	0.9996
vol01:83:4:1	vol01:83:4:2	rekey	呼	0.9994
vol01:83:4:19	vol01:83:4:20	rekey	四	0.9995
vol01:83:4:20	vol01:83:4:21	rekey	庫	0.9995
vol01:83:4:2	vol01:83:4:3	rekey	屬	0.9996
vol01:83:4:4	vol01:83:4:5	rekey	乙	0.9998
vol01:83:4:5	vol01:83:4:6	rekey	之	0.9997
vol01:83:4:7	vol01:83:4:8	rekey	祥	0.9995
vol01:83:5:9	vol01:83:5:10	rekey	大	0.9998
vol01:83:5:10	vol01:83:5:11	rekey	小	0.9998
vol01:83:5:11	vol01:83:5:12	rekey	二	0.9999
vol01:83:5:12	vol01:83:5:13	rekey	山	0.9998
vol01:83:5:13	vol01:83:5:14	rekey	之	0.9997
vol01:83:5:14	vol01:83:5:15	rekey	數	0.9994
vol01:83:5:15	vol01:83:5:16	rekey	惟	0.9995
vol01:83:5:16	vol01:83:5:17	rekey	全	0.9998
vol01:83:5:17	vol01:83:5:18	rekey	書	0.9994
vol01:83:5:18	vol01:83:5:19	rekey	之	0.9996
vol01:83:5:19	vol01:83:5:20	rekey	浩	0.9995
vol01:83:5:20	vol01:83:5:21	rekey	博	0.9996
vol01:83:5:2	vol01:83:5:3	rekey	之	0.9997
vol01:83:5:3	vol01:83:5:4	rekey	精	0.9995
vol01:83:5:4	vol01:83:5:5	rekey	兩	0.9997
vol01:83:5:5	vol01:83:5:6	rekey	部	0.9995
vol01:83:5:6	vol01:83:5:7	rekey	分	0.9995
vol01:83:5:7	vol01:83:5:8	rekey	儲	0.9997
vol01:83:5:8	vol01:83:5:9	rekey	合	0.9995
vol01:83:6:9	vol01:83:6:10	rekey	以	0.9996
vol01:83:6:10	vol01:83:6:11	rekey	經	0.9993
vol01:83:6:11	vol01:83:6:12	rekey	營	0.9992
vol01:83:6:13	vol01:83:6:14	rekey	逾	0.9993
vol01:83:6:14	vol01:83:6:15	rekey	數	0.9993
vol01:83:6:15	vol01:83:6:16	rekey	載	0.9995
vol01:83:6:16	vol01:83:6:17	rekey	香	0.9996
vol01:83:6:17	vol01:83:6:18	rekey	薰	0.9991
vol01:83:6:18	vol01:83:6:19	rekey	蘭	0.9991
vol01:83:6:19	vol01:83:6:20	rekey	櫝	0.9993
vol01:83:6:20	vol01:83:6:21	rekey	方	0.9996
vol01:83:6:2	vol01:83:6:3	rekey	實	0.9993
vol01:83:6:3	vol01:83:6:4	rekey	括	0.9995
vol01:83:6:4	vol01:83:6:5	rekey	羣	0.9994
vol01:83:6:5	vol01:83:6:6	rekey	言	0.9993
vol01:83:6:6	vol01:83:6:7	rekey	合	0.9996
vol01:83:6:7	vol01:83:6:8	rekey	衆	0.9996
vol01:83:6:8	vol01:83:6:9	rekey	手	0.9993
vol01:83:7:9	vol01:83:7:10	rekey	雲	0.9993
vol01:83:7:10	vol01:83:7:11	rekey	楣	0.9993
vol01:83:7:12	vol01:83:7:13	rekey	先	0.9995
vol01:83:7:13	vol01:83:7:14	rekey	成	0.9997
vol01:83:7:14	vol01:83:7:15	rekey	以	0.9998
vol01:83:7:15	vol01:83:7:16	rekey	有	0.9995
vol01:83:7:16	vol01:83:7:17	rekey	待	0.9997
vol01:83:7:17	vol01:83:7:18	rekey	文	0.9997
vol01:83:7:18	vol01:83:7:19	rekey	河	0.9997
vol01:83:7:19	vol01:83:7:20	rekey	疏	0.9993
vol01:83:7:20	vol01:83:7:21	rekey	瀹	0.9997
vol01:83:7:2	vol01:83:7:3	rekey	粗	0.9996
vol01:83:7:3	vol01:83:7:4	rekey	就	0.9996
vol01:83:7:4	vol01:83:7:5	rekey	而	0.9994
vol01:83:7:5	vol01:83:7:6	rekey	未	0.9996
vol01:83:7:6	vol01:83:7:7	rekey	終	0.9995
vol01:83:7:7	vol01:83:7:8	rekey	閣	0.9992
vol01:83:7:8	vol01:83:7:9	rekey	聳	0.9991
vol01:83:8:9	vol01:83:8:10	rekey	海	0.9993
vol01:83:8:10	vol01:83:8:11	rekey	朝	0.9992
vol01:83:8:11	vol01:83:8:12	rekey	宗	0.9996
vol01:83:8:13	vol01:83:8:14	rekey	乃	0.9995
vol01:83:8:15	vol01:83:8:16	rekey	增	0.9993
vol01:83:8:16	vol01:83:8:17	rekey	以	0.9997
vol01:83:8:17	vol01:83:8:18	rekey	四	0.9996
vol01:83:8:18	vol01:83:8:19	rekey	望	0.9996
vol01:83:8:19	vol01:83:8:20	rekey	洋	0.9996
vol01:83:8:20	vol01:83:8:21	rekey	無	0.9997
vol01:83:8:2	vol01:83:8:3	rekey	初	0.9998
vol01:83:8:3	vol01:83:8:4	rekey	如	0.9995
vol01:83:8:4	vol01:83:8:5	rekey	江	0.9996
vol01:83:8:5	vol01:83:8:6	rekey	别	0.9996
vol01:83:8:6	vol01:83:8:7	rekey	爲	0.9997
vol01:83:8:7	vol01:83:8:8	rekey	三	0.9995
vol01:83:8:8	vol01:83:8:9	rekey	筆	0.9996
vol01:83:9:9	vol01:83:9:10	rekey	登	0.9995
vol01:83:9:10	vol01:83:9:11	rekey	岸	0.9994
vol01:83:9:11	vol01:83:9:12	rekey	有	0.9996
vol01:83:9:12	vol01:83:9:13	rekey	期	0.9996
vol01:83:9:13	vol01:83:9:14	rekey	幸	0.9998
vol01:83:9:14	vol01:83:9:15	rekey	觀	0.9994
vol01:83:9:15	vol01:83:9:16	rekey	成	0.9996
vol01:83:9:16	vol01:83:9:17	rekey	之	0.9997
vol01:83:9:17	vol01:83:9:18	rekey	可	0.9997
vol01:83:9:18	vol01:83:9:19	rekey	冀	0.9988
vol01:83:9:19	vol01:83:9:20	rekey	較	0.9993
vol01:83:9:20	vol01:83:9:21	rekey	刪	0.9997
vol01:83:9:2	vol01:83:9:3	rekey	際	0.9997
vol01:83:9:3	vol01:83:9:4	rekey	慮	0.9995
vol01:83:9:4	vol01:83:9:5	rekey	創	0.9998
vol01:83:9:5	vol01:83:9:6	rekey	始	0.9994
vol01:83:9:6	vol01:83:9:7	rekey	之	0.9998
vol01:83:9:7	vol01:83:9:8	rekey	爲	0.9996
vol01:83:9:8	vol01:83:9:9	rekey	難	0.9996
vol01:84:1:9	vol01:84:1:10	rekey	年	0.9996
vol01:84:1:10	vol01:84:1:11	rekey	勒	0.9998
vol01:84:1:11	vol01:84:1:12	rekey	總	0.999
vol01:84:1:13	vol01:84:1:14	rekey	之	0.9998
vol01:84:1:14	vol01:84:1:15	rekey	鴻	0.9996
vol01:84:1:15	vol01:84:1:16	rekey	裁	0.9995
vol01:84:1:17	vol01:84:1:18	rekey	盈	0.9994
vol01:84:1:18	vol01:84:1:19	rekey	一	1.0
vol01:84:1:19	vol01:84:1:20	rekey	部	0.9996
vol01:84:1:20	vol01:84:1:21	rekey	插	0.9995
vol01:84:1:2	vol01:84:1:3	rekey	繁	0.9994
vol01:84:1:3	vol01:84:1:4	rekey	之	0.9999
vol01:84:1:4	vol01:84:1:5	rekey	别	0.9996
vol01:84:1:5	vol01:84:1:6	rekey	帙	0.9993
vol01:84:1:6	vol01:84:1:7	rekey	又	0.9997
vol01:84:1:7	vol01:84:1:8	rekey	閱	0.9995
vol01:84:1:8	vol01:84:1:9	rekey	兩	0.9996
vol01:84:2:9	vol01:84:2:10	rekey	乙	0.9999
vol01:84:2:10	vol01:84:2:11	rekey	丙	0.9995
vol01:84:2:11	vol01:84:2:12	rekey	丁	0.9997
vol01:84:2:12	vol01:84:2:13	rekey	列	0.9996
vol01:84:2:13	vol01:84:2:14	rekey	架	0.9996
vol01:84:2:14	vol01:84:2:15	rekey	臚	0.9995
vol01:84:2:15	vol01:84:2:16	rekey	函	0.9996
vol01:84:2:16	vol01:84:2:17	rekey	色	0.9998
vol01:84:2:17	vol01:84:2:18	rekey	别	0.9997
vol01:84:2:18	vol01:84:2:19	rekey	其	0.9997
vol01:84:2:19	vol01:84:2:20	rekey	赤	0.9995
vol01:84:2:20	vol01:84:2:21	rekey	青	0.9994
vol01:84:2:3	vol01:84:2:4	rekey	分	0.9996
vol01:84:2:4	vol01:84:2:5	rekey	帙	0.9995
vol01:84:2:5	vol01:84:2:6	rekey	次	0.9997
vol01:84:2:6	vol01:84:2:7	rekey	按	0.9997
vol01:84:2:7	vol01:84:2:8	rekey	乎	0.9996
vol01:84:2:8	vol01:84:2:9	rekey	甲	0.9997
vol01:84:3:9	vol01:84:3:10	rekey	實	0.9994
vol01:84:3:10	vol01:84:3:11	rekey	徵	0.9997
vol01:84:3:11	vol01:84:3:12	rekey	而	0.9996
vol01:84:3:13	vol01:84:3:14	rekey	虛	0.9996
vol01:84:3:14	vol01:84:3:15	rekey	談	0.9992
vol01:84:3:15	vol01:84:3:16	rekey	史	0.9997
vol01:84:3:16	vol01:84:3:17	rekey	繫	0.9994
vol01:84:3:17	vol01:84:3:18	rekey	人	0.9997
vol01:84:3:18	vol01:84:3:19	rekey	心	0.9997
vol01:84:3:19	vol01:84:3:20	rekey	削	0.9995
vol01:84:3:20	vol01:84:3:21	rekey	誣	0.9995
vol01:84:3:2	vol01:84:3:3	rekey	白	0.9997
vol01:84:3:3	vol01:84:3:4	rekey	黑	0.9993
vol01:84:3:4	vol01:84:3:5	rekey	經	0.9994
vol01:84:3:5	vol01:84:3:6	rekey	崇	0.9996
vol01:84:3:6	vol01:84:3:7	rekey	世	0.9994
vol01:84:3:7	vol01:84:3:8	rekey	教	0.9992
vol01:84:3:8	vol01:84:3:9	rekey	貴	0.9967
vol01:84:4:9	vol01:84:4:10	rekey	子	0.9996
vol01:84:4:10	vol01:84:4:11	rekey	百	0.9996
vol01:84:4:11	vol01:84:4:12	rekey	家	0.9995
vol01:84:4:12	vol01:84:4:13	rekey	之	0.9996
vol01:84:4:13	vol01:84:4:14	rekey	粹	0.9992
vol01:84:4:14	vol01:84:4:15	rekey	博	0.9996
vol01:84:4:15	vol01:84:4:16	rekey	收	0.9992
vol01:84:4:16	vol01:84:4:17	rekey	而	0.9996
vol01:84:4:17	vol01:84:4:18	rekey	不	0.9997
vol01:84:4:18	vol01:84:4:19	rekey	悖	0.9996
vol01:84:4:19	vol01:84:4:20	rekey	聖	0.9989
vol01:84:4:20	vol01:84:4:21	rekey	賢	0.9995
vol01:84:4:2	vol01:84:4:3	rekey	詞	0.9994
vol01:84:4:3	vol01:84:4:4	rekey	而	0.9996
vol01:84:4:4	vol01:84:4:5	rekey	存	0.9996
vol01:84:4:5	vol01:84:4:6	rekey	公	0.9996
vol01:84:4:6	vol01:84:4:7	rekey	論	0.9995
vol01:84:4:7	vol01:84:4:8	rekey	選	0.9996
vol01:84:4:8	vol01:84:4:9	rekey	諸	0.9996
vol01:84:5:9	vol01:84:5:10	rekey	嚴	0.9994
vol01:84:5:10	vol01:84:5:11	rekey	汰	0.9995
vol01:84:5:11	vol01:84:5:12	rekey	而	0.9995
vol01:84:5:14	vol01:84:5:15	rekey	門	0.9996
vol01:84:5:15	vol01:84:5:16	rekey	戸	0.9996
vol01:84:5:16	vol01:84:5:17	rekey	上	0.9998
vol01:84:5:17	vol01:84:5:18	rekey	沿	0.9976
vol01:84:5:18	vol01:84:5:19	rekey	虞	0.9989
vol01:84:5:19	vol01:84:5:20	rekey	夏	0.9998
vol01:84:5:20	vol01:84:5:21	rekey	咸	0.9994
vol01:84:5:2	vol01:84:5:3	rekey	懲	0.9996
vol01:84:5:3	vol01:84:5:4	rekey	十	0.9998
vol01:84:5:4	vol01:84:5:5	rekey	人	0.9996
vol01:84:5:5	vol01:84:5:6	rekey	九	0.9996
vol01:84:5:6	vol01:84:5:7	rekey	集	0.9996
vol01:84:5:7	vol01:84:5:8	rekey	之	0.9997
vol01:84:5:8	vol01:84:5:9	rekey	非	0.9996
vol01:84:6:9	vol01:84:6:10	rekey	元	0.9996
vol01:84:6:10	vol01:84:6:11	rekey	明	0.9997
vol01:84:6:11	vol01:84:6:12	rekey	各	0.9996
vol01:84:6:12	vol01:84:6:13	rekey	披	0.9998
vol01:84:6:13	vol01:84:6:14	rekey	沙	0.9995
vol01:84:6:14	vol01:84:6:15	rekey	而	0.9995
vol01:84:6:15	vol01:84:6:16	rekey	見	0.9996
vol01:84:6:16	vol01:84:6:17	rekey	寶	0.9995
vol01:84:6:17	vol01:84:6:18	rekey	六	0.9995
vol01:84:6:18	vol01:84:6:19	rekey	千	0.9999
vol01:84:6:19	vol01:84:6:20	rekey	篋	0.9996
vol01:84:6:20	vol01:84:6:21	rekey	璋	0.9961
vol01:84:6:2	vol01:84:6:3	rekey	挹	0.9994
vol01:84:6:3	vol01:84:6:4	rekey	海	0.9997
vol01:84:6:4	vol01:84:6:5	rekey	以	0.9998
vol01:84:6:5	vol01:84:6:6	rekey	求	0.9996
vol01:84:6:6	vol01:84:6:7	rekey	珠	0.9995
vol01:84:6:7	vol01:84:6:8	rekey	下	0.9996
vol01:84:6:8	vol01:84:6:9	rekey	采	0.9999
vol01:84:7:9	vol01:84:7:10	rekey	二	0.9994
vol01:84:7:10	vol01:84:7:11	rekey	百	0.9992
vol01:84:7:11	vol01:84:7:12	rekey	卷	0.9996
vol01:84:7:12	vol01:84:7:13	rekey	部	0.9994
vol01:84:7:13	vol01:84:7:14	rekey	次	0.9989
vol01:84:7:14	vol01:84:7:15	rekey	州	0.9995
vol01:84:7:15	vol01:84:7:16	rekey	居	0.9993
vol01:84:7:16	vol01:84:7:17	rekey	崇	0.9991
vol01:84:7:17	vol01:84:7:18	rekey	文	0.9995
vol01:84:7:18	vol01:84:7:19	rekey	列	0.9997
vol01:84:7:19	vol01:84:7:20	rekey	目	0.9996
vol01:84:7:20	vol01:84:7:21	rekey	釋	0.9998
vol01:84:7:2	vol01:84:7:3	rekey	分	0.9996
vol01:84:7:3	vol01:84:7:4	rekey	圭	0.9997
vol01:84:7:4	vol01:84:7:5	rekey	合	0.9994
vol01:84:7:5	vol01:84:7:6	rekey	延	0.9995
vol01:84:7:6	vol01:84:7:7	rekey	閣	0.9996
vol01:84:7:7	vol01:84:7:8	rekey	儲	0.9997
vol01:84:7:8	vol01:84:7:9	rekey	珍	0.9994
vol01:84:8:9	vol01:84:8:10	rekey	解	0.9996
vol01:84:8:10	vol01:84:8:11	rekey	題	0.9996
vol01:84:8:11	vol01:84:8:12	rekey	考	0.9997
vol01:84:8:12	vol01:84:8:13	rekey	異	0.9993
vol01:84:8:13	vol01:84:8:14	rekey	參	0.9995
vol01:84:8:14	vol01:84:8:15	rekey	同	0.9995
vol01:84:8:15	vol01:84:8:16	rekey	近	0.9994
vol01:84:8:16	vol01:84:8:17	rekey	歐	0.9995
vol01:84:8:17	vol01:84:8:18	rekey	陽	0.9997
vol01:84:8:18	vol01:84:8:19	rekey	之	0.9995
vol01:84:8:19	vol01:84:8:20	rekey	集	0.9993
vol01:84:8:20	vol01:84:8:21	rekey	古	0.9994
vol01:84:8:2	vol01:84:8:3	rekey	名	0.9997
vol01:84:8:3	vol01:84:8:4	rekey	訓	0.9993
vol01:84:8:4	vol01:84:8:5	rekey	義	0.9995
vol01:84:8:5	vol01:84:8:6	rekey	因	0.9996
vol01:84:8:6	vol01:84:8:7	rekey	李	0.9996
vol01:84:8:7	vol01:84:8:8	rekey	肇	0.9995
vol01:84:8:8	vol01:84:8:9	rekey	之	0.9997
vol01:84:9:9	vol01:84:9:10	rekey	誤	0.9996
vol01:84:9:10	vol01:84:9:11	rekey	於	0.9996
vol01:84:9:11	vol01:84:9:12	rekey	樹	0.9995
vol01:84:9:12	vol01:84:9:13	rekey	萱	0.9997
vol01:84:9:13	vol01:84:9:14	rekey	詞	0.9995
vol01:84:9:14	vol01:84:9:15	rekey	取	0.9995
vol01:84:9:15	vol01:84:9:16	rekey	其	0.9994
vol01:84:9:16	vol01:84:9:17	rekey	詳	0.9992
vol01:84:9:17	vol01:84:9:18	rekey	求	0.9993
vol01:84:9:18	vol01:84:9:19	rekey	益	0.9995
vol01:84:9:19	vol01:84:9:20	rekey	非	0.9995
vol01:84:9:2	vol01:84:9:3	rekey	事	0.9993
vol01:84:9:3	vol01:84:9:4	rekey	稽	0.9997
vol01:84:9:4	vol01:84:9:5	rekey	其	0.9995
vol01:84:9:5	vol01:84:9:6	rekey	實	0.9995
vol01:84:9:6	vol01:84:9:7	rekey	循	0.9995
vol01:84:9:7	vol01:84:9:8	rekey	文	0.9996
vol01:84:9:8	vol01:84:9:9	rekey	防	0.9994
vol01:85:1:9	vol01:85:1:10	rekey	比	0.9997
vol01:85:1:10	vol01:85:1:11	rekey	量	0.9993
vol01:85:1:11	vol01:85:1:12	rekey	其	0.9992
vol01:85:1:12	vol01:85:1:13	rekey	尺	0.9995
vol01:85:1:13	vol01:85:1:14	rekey	短	0.9993
vol01:85:1:14	vol01:85:1:15	rekey	寸	0.9997
vol01:85:1:15	vol01:85:1:16	rekey	長	0.9994
vol01:85:1:16	vol01:85:1:17	rekey	語	0.9992
vol01:85:1:17	vol01:85:1:18	rekey	或	0.9994
vol01:85:1:18	vol01:85:1:19	rekey	微	0.9993
vol01:85:1:19	vol01:85:1:20	rekey	疵	0.9996
vol01:85:1:20	vol01:85:1:21	rekey	辨	0.9995
vol01:85:1:2	vol01:85:1:3	rekey	於	0.9998
vol01:85:1:3	vol01:85:1:4	rekey	買	0.9964
vol01:85:1:4	vol01:85:1:5	rekey	菜	0.9995
vol01:85:1:5	vol01:85:1:6	rekey	人	0.9997
vol01:85:1:6	vol01:85:1:7	rekey	無	0.9996
vol01:85:1:7	vol01:85:1:8	rekey	全	0.9995
vol01:85:1:8	vol01:85:1:9	rekey	美	0.9996
vol01:85:2:9	vol01:85:2:10	rekey	經	0.9996
vol01:85:2:10	vol01:85:2:11	rekey	採	0.9998
vol01:85:2:11	vol01:85:2:12	rekey	錄	0.9997
vol01:85:2:12	vol01:85:2:13	rekey	眞	0.9995
vol01:85:2:13	vol01:85:2:14	rekey	同	0.9999
vol01:85:2:14	vol01:85:2:15	rekey	鯉	0.9995
vol01:85:2:15	vol01:85:2:16	rekey	上	0.9999
vol01:85:2:16	vol01:85:2:17	rekey	龍	0.9994
vol01:85:2:17	vol01:85:2:18	rekey	門	0.9996
vol01:85:2:18	vol01:85:2:19	rekey	附	0.9999
vol01:85:2:19	vol01:85:2:20	rekey	載	0.9995
vol01:85:2:20	vol01:85:2:21	rekey	姓	0.9997
vol01:85:2:2	vol01:85:2:3	rekey	白	0.9997
vol01:85:2:3	vol01:85:2:4	rekey	其	0.9994
vol01:85:2:4	vol01:85:2:5	rekey	玉	0.9998
vol01:85:2:5	vol01:85:2:6	rekey	瑕	0.9997
vol01:85:2:6	vol01:85:2:7	rekey	珠	0.9997
vol01:85:2:7	vol01:85:2:8	rekey	纇	0.9995
vol01:85:2:8	vol01:85:2:9	rekey	一	0.9996
vol01:85:3:9	vol01:85:3:10	rekey	元	0.9995
vol01:85:3:10	vol01:85:3:11	rekey	元	0.9995
vol01:85:3:11	vol01:85:3:12	rekey	本	0.9996
vol01:85:3:12	vol01:85:3:13	rekey	本	0.9996
vol01:85:3:13	vol01:85:3:14	rekey	總	0.9994
vol01:85:3:14	vol01:85:3:15	rekey	歸	0.9997
vol01:85:3:2	vol01:85:3:3	rekey	名	0.9996
vol01:85:3:3	vol01:85:3:4	rekey	亦	0.9996
vol01:85:3:4	vol01:85:3:5	rekey	使	0.9996
vol01:85:3:5	vol01:85:3:6	rekey	蠅	0.9997
vol01:85:3:6	vol01:85:3:7	rekey	隨	0.9997
vol01:85:3:7	vol01:85:3:8	rekey	驥	0.9995
vol01:85:3:8	vol01:85:3:9	rekey	尾	0.9996
vol01:85:4:0	vol01:85:4:1	rekey	聖	0.9992
vol01:85:4:9	vol01:85:4:10	rekey	盡	0.9991
vol01:85:4:11	vol01:85:4:12	rekey	迂	0.9993
vol01:85:4:12	vol01:85:4:13	rekey	儒	0.9993
vol01:85:4:13	vol01:85:4:14	rekey	之	0.9997
vol01:85:4:14	vol01:85:4:15	rekey	膠	0.9994
vol01:85:4:15	vol01:85:4:16	rekey	柱	0.9994
vol01:85:4:16	vol01:85:4:17	rekey	至	0.9995
vol01:85:4:17	vol01:85:4:18	rekey	其	0.9996
vol01:85:4:18	vol01:85:4:19	rekey	盈	0.9995
vol01:85:4:1	vol01:85:4:2	rekey	主	0.9995
vol01:85:4:19	vol01:85:4:20	rekey	箱	0.9996
vol01:85:4:20	vol01:85:4:21	rekey	積	0.9993
vol01:85:4:2	vol01:85:4:3	rekey	之	0.9997
vol01:85:4:3	vol01:85:4:4	rekey	持	0.9995
vol01:85:4:4	vol01:85:4:5	rekey	衡	0.9994
vol01:85:4:5	vol01:85:4:6	rekey	是	0.9995
vol01:85:4:6	vol01:85:4:7	rekey	是	0.9993
vol01:85:4:7	vol01:85:4:8	rekey	非	0.9996
vol01:85:4:8	vol01:85:4:9	rekey	非	0.9995
vol01:85:5:9	vol01:85:5:10	rekey	復	0.9995
vol01:85:5:10	vol01:85:5:11	rekey	以	0.9998
vol01:85:5:11	vol01:85:5:12	rekey	提	0.9995
vol01:85:5:12	vol01:85:5:13	rekey	要	0.9995
vol01:85:5:13	vol01:85:5:14	rekey	鈎	0.9995
vol01:85:5:14	vol01:85:5:15	rekey	元	0.9998
vol01:85:5:15	vol01:85:5:16	rekey	期	0.9996
vol01:85:5:16	vol01:85:5:17	rekey	簡	0.9996
vol01:85:5:17	vol01:85:5:18	rekey	明	0.9994
vol01:85:5:18	vol01:85:5:19	rekey	而	0.9995
vol01:85:5:19	vol01:85:5:20	rekey	易	0.9994
vol01:85:5:2	vol01:85:5:3	rekey	案	0.9997
vol01:85:5:4	vol01:85:5:5	rekey	汗	0.9996
vol01:85:5:5	vol01:85:5:6	rekey	漫	0.9997
vol01:85:5:6	vol01:85:5:7	rekey	而	0.9997
vol01:85:5:7	vol01:85:5:8	rekey	難	0.9993
vol01:85:5:8	vol01:85:5:9	rekey	尋	0.9997
vol01:85:6:9	vol01:85:6:10	rekey	行	0.9997
vol01:85:6:10	vol01:85:6:11	rekey	小	0.9999
vol01:85:6:11	vol01:85:6:12	rekey	序	0.9995
vol01:85:6:12	vol01:85:6:13	rekey	之	0.9995
vol01:85:6:13	vol01:85:6:14	rekey	一	0.9999
vol01:85:6:14	vol01:85:6:15	rekey	篇	0.9996
vol01:85:6:15	vol01:85:6:16	rekey	類	0.9995
vol01:85:6:16	vol01:85:6:17	rekey	乎	0.9997
vol01:85:6:17	vol01:85:6:18	rekey	金	0.9995
vol01:85:6:18	vol01:85:6:19	rekey	石	0.9996
vol01:85:6:19	vol01:85:6:20	rekey	成	0.9996
vol01:85:6:20	vol01:85:6:21	rekey	書	0.999
vol01:85:6:3	vol01:85:6:4	rekey	諸	0.9993
vol01:85:6:4	vol01:85:6:5	rekey	典	0.9996
vol01:85:6:5	vol01:85:6:6	rekey	謨	0.9996
vol01:85:6:6	vol01:85:6:7	rekey	紀	0.9996
vol01:85:6:7	vol01:85:6:8	rekey	事	0.9996
vol01:85:6:8	vol01:85:6:9	rekey	别	0.9997
vol01:85:7:9	vol01:85:7:10	rekey	分	0.9995
vol01:85:7:10	vol01:85:7:11	rekey	綱	0.9995
vol01:85:7:11	vol01:85:7:12	rekey	列	0.9996
vol01:85:7:12	vol01:85:7:13	rekey	目	0.9996
vol01:85:7:13	vol01:85:7:14	rekey	見	0.9993
vol01:85:7:14	vol01:85:7:15	rekey	義	0.9995
vol01:85:7:15	vol01:85:7:16	rekey	例	0.9998
vol01:85:7:16	vol01:85:7:17	rekey	之	0.9998
vol01:85:7:17	vol01:85:7:18	rekey	有	0.9997
vol01:85:7:18	vol01:85:7:19	rekey	條	0.9996
vol01:85:7:19	vol01:85:7:20	rekey	按	0.9996
vol01:85:7:20	vol01:85:7:21	rekey	籍	0.9995
vol01:85:7:2	vol01:85:7:3	rekey	先	0.9995
vol01:85:7:3	vol01:85:7:4	rekey	列	0.9995
vol01:85:7:4	vol01:85:7:5	rekey	諸	0.9995
vol01:85:7:5	vol01:85:7:6	rekey	碑	0.9993
vol01:85:7:6	vol01:85:7:7	rekey	之	0.9995
vol01:85:7:7	vol01:85:7:8	rekey	十	0.9998
vol01:85:7:8	vol01:85:7:9	rekey	卷	0.9995
vol01:85:8:9	vol01:85:8:10	rekey	備	0.9997
vol01:85:8:10	vol01:85:8:11	rekey	水	0.9995
vol01:85:8:11	vol01:85:8:12	rekey	四	0.9994
vol01:85:8:12	vol01:85:8:13	rekey	瀛	0.9991
vol01:85:8:13	vol01:85:8:14	rekey	而	0.9995
vol01:85:8:14	vol01:85:8:15	rekey	山	0.9995
vol01:85:8:15	vol01:85:8:16	rekey	五	0.9995
vol01:85:8:16	vol01:85:8:17	rekey	岳	0.9997
vol01:85:8:18	vol01:85:8:19	rekey	此	0.9995
vol01:85:8:19	vol01:85:8:20	rekey	壯	0.9996
vol01:85:8:20	vol01:85:8:21	rekey	觀	0.9997
vol01:85:8:2	vol01:85:8:3	rekey	披	0.9996
vol01:85:8:3	vol01:85:8:4	rekey	圖	0.9993
vol01:85:8:4	vol01:85:8:5	rekey	信	0.9992
vol01:85:8:5	vol01:85:8:6	rekey	源	0.9995
vol01:85:8:6	vol01:85:8:7	rekey	流	0.9995
vol01:85:8:7	vol01:85:8:8	rekey	之	0.9995
vol01:85:8:8	vol01:85:8:9	rekey	大	0.9996
vol01:85:9:9	vol01:85:9:10	rekey	無	0.9993
vol01:85:9:10	vol01:85:9:11	rekey	斯	0.9992
vol01:85:9:11	vol01:85:9:12	rekey	巨	0.9996
vol01:85:9:12	vol01:85:9:13	rekey	帙	0.9992
vol01:85:9:14	vol01:85:9:15	rekey	非	0.9993
vol01:85:9:15	vol01:85:9:16	rekey	常	0.9997
vol01:85:9:16	vol01:85:9:17	rekey	之	0.9997
vol01:85:9:17	vol01:85:9:18	rekey	制	0.9993
vol01:85:9:18	vol01:85:9:19	rekey	作	0.9996
vol01:85:9:19	vol01:85:9:20	rekey	天	0.9996
vol01:85:9:20	vol01:85:9:21	rekey	如	0.9993
vol01:85:9:2	vol01:85:9:3	rekey	前	0.9995
vol01:85:9:4	vol01:85:9:5	rekey	古	0.9996
vol01:85:9:5	vol01:85:9:6	rekey	而	0.9994
vol01:85:9:6	vol01:85:9:7	rekey	後	0.9996
vol01:85:9:7	vol01:85:9:8	rekey	萬	0.9994
vol01:85:9:8	vol01:85:9:9	rekey	年	0.9996
vol01:86:1:9	vol01:86:1:10	rekey	之	0.9998
vol01:86:1:10	vol01:86:1:11	rekey	遭	0.9994
vol01:86:1:11	vol01:86:1:12	rekey	逢	0.9997
vol01:86:1:12	vol01:86:1:13	rekey	人	0.9995
vol01:86:1:13	vol01:86:1:14	rekey	乃	0.9995
vol01:86:1:14	vol01:86:1:15	rekey	躬	0.9995
vol01:86:1:15	vol01:86:1:16	rekey	當	0.9994
vol01:86:1:16	vol01:86:1:17	rekey	其	0.9996
vol01:86:1:2	vol01:86:1:3	rekey	留	0.9996
vol01:86:1:3	vol01:86:1:4	rekey	待	0.9996
vol01:86:1:4	vol01:86:1:5	rekey	於	0.9997
vol01:86:1:5	vol01:86:1:6	rekey	今	0.9997
vol01:86:1:6	vol01:86:1:7	rekey	而	0.9998
vol01:86:1:7	vol01:86:1:8	rekey	希	0.9995
vol01:86:1:8	vol01:86:1:9	rekey	有	0.9994
vol01:86:2:9	vol01:86:2:10	rekey	功	0.9996
vol01:86:2:10	vol01:86:2:11	rekey	謝	0.9994
vol01:86:2:11	vol01:86:2:12	rekey	囊	0.9995
vol01:86:2:12	vol01:86:2:13	rekey	螢	0.9994
vol01:86:2:13	vol01:86:2:14	rekey	識	0.9996
vol01:86:2:14	vol01:86:2:15	rekey	同	0.9996
vol01:86:2:15	vol01:86:2:16	rekey	闚	0.9992
vol01:86:2:16	vol01:86:2:17	rekey	豹	0.9995
vol01:86:2:17	vol01:86:2:18	rekey	鑽	0.9993
vol01:86:2:18	vol01:86:2:19	rekey	研	0.9995
vol01:86:2:2	vol01:86:2:3	rekey	錄	0.9995
vol01:86:2:3	vol01:86:2:4	rekey	實	0.9996
vol01:86:2:4	vol01:86:2:5	rekey	忝	0.9996
vol01:86:2:5	vol01:86:2:6	rekey	光	0.9995
vol01:86:2:6	vol01:86:2:7	rekey	榮	0.9997
vol01:86:2:7	vol01:86:2:8	rekey	臣	0.9995
vol01:86:2:8	vol01:86:2:9	rekey	等	0.9994
vol01:86:3:9	vol01:86:3:10	rekey	延	0.9993
vol01:86:3:12	vol01:86:3:13	rekey	時	0.9993
vol01:86:3:13	vol01:86:3:14	rekey	僅	0.9995
vol01:86:3:14	vol01:86:3:15	rekey	類	0.9992
vol01:86:3:15	vol01:86:3:16	rekey	鞠	0.9997
vol01:86:3:16	vol01:86:3:17	rekey	通	0.9996
vol01:86:3:17	vol01:86:3:18	rekey	之	0.9993
vol01:86:3:18	vol01:86:3:19	rekey	食	0.9996
vol01:86:3:2	vol01:86:3:3	rekey	未	0.9997
vol01:86:3:3	vol01:86:3:4	rekey	能	0.9995
vol01:86:3:5	vol01:86:3:6	rekey	望	0.9994
vol01:86:3:6	vol01:86:3:7	rekey	之	0.9997
vol01:86:3:7	vol01:86:3:8	rekey	通	0.9996
vol01:86:3:8	vol01:86:3:9	rekey	仙	0.9995
vol01:86:4:2	vol01:86:4:3	rekey	蒙	0.9998
vol01:86:5:9	vol01:86:5:10	rekey	荷	0.9995
vol01:86:5:1	vol01:86:5:2	rekey	示	0.9996
vol01:86:5:2	vol01:86:5:3	rekey	得	0.9995
vol01:86:5:3	vol01:86:5:4	rekey	聞	0.9994
vol01:86:5:4	vol01:86:5:5	rekey	六	0.9997
vol01:86:5:5	vol01:86:5:6	rekey	藝	0.9989
vol01:86:5:7	vol01:86:5:8	rekey	源	0.9991
vol01:86:5:8	vol01:86:5:9	rekey	曲	0.999
vol01:86:6:9	vol01:86:6:10	rekey	夫	0.9997
vol01:86:6:10	vol01:86:6:11	rekey	夫	0.9995
vol01:86:6:11	vol01:86:6:12	rekey	拾	0.9995
vol01:86:6:12	vol01:86:6:13	rekey	望	0.9994
vol01:86:6:13	vol01:86:6:14	rekey	學	0.9995
vol01:86:6:14	vol01:86:6:15	rekey	的	0.9996
vol01:86:6:15	vol01:86:6:16	rekey	而	0.9995
vol01:86:6:16	vol01:86:6:17	rekey	知	0.9997
vol01:86:6:17	vol01:86:6:18	rekey	歸	0.9995
vol01:86:6:18	vol01:86:6:19	rekey	一	0.9998
vol01:86:6:1	vol01:86:6:2	rekey	容	0.9996
vol01:86:6:2	vol01:86:6:3	rekey	許	0.9995
vol01:86:6:3	vol01:86:6:4	rekey	假	0.9997
vol01:86:6:4	vol01:86:6:5	rekey	十	0.9997
vol01:86:6:5	vol01:86:6:6	rekey	年	0.9996
vol01:86:6:6	vol01:86:6:7	rekey	之	0.9997
vol01:86:6:7	vol01:86:6:8	rekey	限	0.9996
vol01:86:6:8	vol01:86:6:9	rekey	百	0.9995
vol01:86:7:9	vol01:86:7:10	rekey	欣	0.9995
vol01:86:7:10	vol01:86:7:11	rekey	陳	0.9994
vol01:86:7:11	vol01:86:7:12	rekey	寶	0.9994
vol01:86:7:12	vol01:86:7:13	rekey	笈	0.9994
vol01:86:7:13	vol01:86:7:14	rekey	對	0.9991
vol01:86:7:2	vol01:86:7:3	rekey	山	0.9997
vol01:86:7:3	vol01:86:7:4	rekey	營	0.9994
vol01:86:7:4	vol01:86:7:5	rekey	書	0.9994
vol01:86:7:5	vol01:86:7:6	rekey	巖	0.9994
vol01:86:7:6	vol01:86:7:7	rekey	而	0.9995
vol01:86:7:7	vol01:86:7:8	rekey	幸	0.9996
vol01:86:7:8	vol01:86:7:9	rekey	就	0.9995
vol01:86:8:1	vol01:86:8:2	rekey	鏡	0.9995
vol01:86:8:2	vol01:86:8:3	rekey	之	0.9996
vol01:86:8:3	vol01:86:8:4	rekey	澄	0.9994
vol01:86:8:4	vol01:86:8:5	rekey	光	0.9997
vol01:86:8:5	vol01:86:8:6	rekey	恭	0.9995
vol01:86:8:6	vol01:86:8:7	rekey	進	0.9996
vol01:86:9:9	vol01:86:9:10	rekey	從	0.9996
vol01:86:9:10	vol01:86:9:11	rekey	此	0.9996
vol01:86:9:11	vol01:86:9:12	rekey	依	0.9996
vol01:86:9:12	vol01:86:9:13	rekey	模	0.999
vol01:86:9:13	vol01:86:9:14	rekey	笵	0.9991
vol01:86:9:14	vol01:86:9:15	rekey	狀	0.9995
vol01:86:9:15	vol01:86:9:16	rekey	若	0.9992
vol01:86:9:16	vol01:86:9:17	rekey	疊	0.9993
vol01:86:9:17	vol01:86:9:18	rekey	矩	0.9996
vol01:86:9:18	vol01:86:9:19	rekey	而	0.9996
vol01:86:9:1	vol01:86:9:2	rekey	瑤	0.9991
vol01:86:9:2	vol01:86:9:3	rekey	階	0.9994
vol01:86:9:3	vol01:86:9:4	rekey	同	0.9995
vol01:86:9:4	vol01:86:9:5	rekey	羲	0.9994
vol01:86:9:5	vol01:86:9:6	rekey	圖	0.9995
vol01:86:9:6	vol01:86:9:7	rekey	之	0.9997
vol01:86:9:7	vol01:86:9:8	rekey	永	0.9997
vol01:86:9:8	vol01:86:9:9	rekey	寶	0.9995
vol01:87:1:15	vol01:87:1:17	rekey	後	0.9995
vol01:87:1:19	vol01:87:1:21	rekey	可	0.9995
vol01:87:1:2	vol01:87:1:3	rekey	因	0.9996
vol01:87:1:3	vol01:87:1:4	rekey	之	0.9998
vol01:87:1:4	vol01:87:1:5	rekey	循	0.9996
vol01:87:1:6	vol01:87:1:7	rekey	知	0.9995
vol01:87:2:9	vol01:87:2:10	rekey	終	0.9993
vol01:87:2:10	vol01:87:2:11	rekey	百	0.9994
vol01:87:2:16	vol01:87:2:18	rekey	精	0.9993
vol01:87:2:17	vol01:87:2:19	rekey	心	0.9998
vol01:87:2:18	vol01:87:2:20	rekey	刊	0.9996
vol01:87:2:2	vol01:87:2:3	rekey	得	0.9996
vol01:87:2:5	vol01:87:2:6	rekey	三	0.9994
vol01:87:3:9	vol01:87:3:10	rekey	力	0.997
vol01:87:3:3	vol01:87:3:4	rekey	行	0.9997
vol01:87:3:6	vol01:87:3:7	rekey	朱	0.9996
vol01:87:3:8	vol01:87:3:9	rekey	協	0.9995
vol01:87:4:4	vol01:87:4:5	rekey	看	0.9995
vol01:87:4:5	vol01:87:4:6	rekey	四	0.9996
vol01:87:4:6	vol01:87:4:7	rekey	奏	0.9995
vol01:87:5:13	vol01:87:5:15	rekey	成	0.9994
vol01:87:5:4	vol01:87:5:5	rekey	先	0.9997
vol01:87:5:5	vol01:87:5:6	rekey	期	0.9994
vol01:87:5:6	vol01:87:5:7	rekey	不	0.9997
vol01:87:5:8	vol01:87:5:9	rekey	六	0.9997
vol01:87:6:1	vol01:87:6:2	rekey	機	0.9997
vol01:87:6:3	vol01:87:6:4	rekey	經	0.9993
vol01:87:6:4	vol01:87:6:5	rekey	緯	0.9997
vol01:87:6:5	vol01:87:6:6	rekey	之	0.9998
vol01:87:6:6	vol01:87:6:7	rekey	功	0.9995
vol01:87:7:1	vol01:87:7:2	rekey	極	0.999
vol01:87:7:2	vol01:87:7:3	rekey	敷	0.9996
vol01:87:7:3	vol01:87:7:4	rekey	言	0.9997
vol01:87:8:13	vol01:87:8:15	rekey	銀	0.9995
vol01:87:8:15	vol01:87:8:17	rekey	璇	0.9997
vol01:87:8:16	vol01:87:8:18	rekey	題	0.9995
vol01:87:8:17	vol01:87:8:19	rekey	方	0.9994
vol01:87:8:1	vol01:87:8:2	rekey	路	0.9997
vol01:87:8:18	vol01:87:8:20	rekey	策	0.9996
vol01:87:8:2	vol01:87:8:3	rekey	示	0.9995
vol01:87:8:4	vol01:87:8:5	rekey	歸	0.9995
vol01:87:8:5	vol01:87:8:6	rekey	之	0.9996
vol01:87:9:12	vol01:87:9:14	rekey	源	0.9994
vol01:87:9:14	vol01:87:9:16	rekey	津	0.9995
vol01:87:9:16	vol01:87:9:18	rekey	溯	0.9995
vol01:87:9:17	vol01:87:9:19	rekey	長	0.9996
vol01:87:9:18	vol01:87:9:20	rekey	流	0.9995
vol01:87:9:19	vol01:87:9:21	rekey	萬	0.9996
vol01:87:9:3	vol01:87:9:4	rekey	珍	0.9995
vol01:87:9:6	vol01:87:9:7	rekey	金	0.999
vol01:87:9:7	vol01:87:9:8	rekey	膏	0.9994
vol01:87:9:8	vol01:87:9:9	rekey	水	0.9995
vol01:88:2:5	vol01:88:2:6	rekey	以	0.9998
vol01:88:3:19	vol01:88:3:21	rekey	元	0.9997
vol01:88:8:2	vol01:88:8:3	rekey	以	0.9998
vol01:88:9:0	vol01:88:9:1	rekey	聞	0.9995
vol01:8:1:9	vol01:8:1:10	rekey	閱	0.9991
vol01:8:1:10	vol01:8:1:11	rekey	並	0.9995
vol01:8:1:11	vol01:8:1:12	rekey	將	0.9995
vol01:8:1:12	vol01:8:1:13	rekey	圖	0.9996
vol01:8:1:13	vol01:8:1:14	rekey	書	0.9995
vol01:8:1:14	vol01:8:1:15	rekey	集	0.9995
vol01:8:1:15	vol01:8:1:16	rekey	成	0.9996
vol01:8:1:16	vol01:8:1:17	rekey	互	0.9997
vol01:8:1:17	vol01:8:1:18	rekey	爲	0.9994
vol01:8:1:18	vol01:8:1:19	rekey	校	0.9993
vol01:8:1:1	vol01:8:1:2	rekey	查	0.9993
vol01:8:1:19	vol01:8:1:20	rekey	覈	0.9995
vol01:8:1:2	vol01:8:1:3	rekey	校	0.9994
vol01:8:1:3	vol01:8:1:4	rekey	將	0.9995
vol01:8:1:4	vol01:8:1:5	rekey	原	0.9994
vol01:8:1:5	vol01:8:1:6	rekey	書	0.9976
vol01:8:1:6	vol01:8:1:7	rekey	詳	0.9983
vol01:8:1:7	vol01:8:1:8	rekey	細	0.9993
vol01:8:1:8	vol01:8:1:9	rekey	檢	0.9998
vol01:8:2:9	vol01:8:2:10	rekey	流	0.9994
vol01:8:2:10	vol01:8:2:11	rekey	傳	0.9996
vol01:8:2:12	vol01:8:2:13	rekey	久	0.9993
vol01:8:2:13	vol01:8:2:14	rekey	尚	0.9996
vol01:8:2:14	vol01:8:2:15	rekey	可	0.9995
vol01:8:2:15	vol01:8:2:16	rekey	裒	0.9996
vol01:8:2:16	vol01:8:2:17	rekey	綴	0.9995
vol01:8:2:17	vol01:8:2:18	rekey	成	0.9995
vol01:8:2:18	vol01:8:2:19	rekey	編	0.9995
vol01:8:2:1	vol01:8:2:2	rekey	其	0.9989
vol01:8:2:2	vol01:8:2:3	rekey	未	0.9995
vol01:8:2:3	vol01:8:2:4	rekey	經	0.9991
vol01:8:2:4	vol01:8:2:5	rekey	採	0.9993
vol01:8:2:5	vol01:8:2:6	rekey	錄	0.9994
vol01:8:2:6	vol01:8:2:7	rekey	而	0.9995
vol01:8:2:7	vol01:8:2:8	rekey	實	0.9994
vol01:8:2:8	vol01:8:2:9	rekey	在	0.9994
vol01:8:3:9	vol01:8:3:10	rekey	朕	0.9994
vol01:8:3:10	vol01:8:3:11	rekey	裁	0.9995
vol01:8:3:11	vol01:8:3:12	rekey	定	0.9994
vol01:8:3:12	vol01:8:3:13	rekey	其	0.999
vol01:8:3:13	vol01:8:3:14	rekey	應	0.9993
vol01:8:3:14	vol01:8:3:15	rekey	如	0.9995
vol01:8:3:15	vol01:8:3:16	rekey	何	0.9996
vol01:8:3:16	vol01:8:3:17	rekey	酌	0.9996
vol01:8:3:17	vol01:8:3:18	rekey	定	0.9996
vol01:8:3:18	vol01:8:3:19	rekey	規	0.9995
vol01:8:3:1	vol01:8:3:2	rekey	行	0.9995
vol01:8:3:2	vol01:8:3:3	rekey	摘	0.9995
vol01:8:3:3	vol01:8:3:4	rekey	開	0.9995
vol01:8:3:4	vol01:8:3:5	rekey	目	0.9996
vol01:8:3:5	vol01:8:3:6	rekey	錄	0.9994
vol01:8:3:6	vol01:8:3:7	rekey	奏	0.9991
vol01:8:3:7	vol01:8:3:8	rekey	聞	0.9995
vol01:8:3:8	vol01:8:3:9	rekey	候	0.9993
vol01:8:4:9	vol01:8:4:10	rekey	議	0.9994
vol01:8:4:10	vol01:8:4:11	rekey	奏	0.9996
vol01:8:4:12	vol01:8:4:13	rekey	朱	0.9996
vol01:8:4:13	vol01:8:4:14	rekey	筠	0.9994
vol01:8:4:14	vol01:8:4:15	rekey	所	0.9995
vol01:8:4:15	vol01:8:4:16	rekey	奏	0.9992
vol01:8:4:16	vol01:8:4:17	rekey	每	0.9994
vol01:8:4:17	vol01:8:4:18	rekey	書	0.9994
vol01:8:4:18	vol01:8:4:19	rekey	必	0.9996
vol01:8:4:1	vol01:8:4:2	rekey	著	0.9986
vol01:8:4:2	vol01:8:4:3	rekey	派	0.9992
vol01:8:4:3	vol01:8:4:4	rekey	出	0.9994
vol01:8:4:4	vol01:8:4:5	rekey	之	0.9996
vol01:8:4:5	vol01:8:4:6	rekey	大	0.9995
vol01:8:4:6	vol01:8:4:7	rekey	臣	0.9996
vol01:8:4:7	vol01:8:4:8	rekey	詳	0.9994
vol01:8:4:8	vol01:8:4:9	rekey	悉	0.9996
vol01:8:5:9	vol01:8:5:10	rekey	本	0.9996
vol01:8:5:10	vol01:8:5:11	rekey	書	0.9995
vol01:8:5:11	vol01:8:5:12	rekey	卷	0.9993
vol01:8:5:12	vol01:8:5:13	rekey	首	0.9996
vol01:8:5:13	vol01:8:5:14	rekey	之	0.9995
vol01:8:5:14	vol01:8:5:15	rekey	處	0.9995
vol01:8:5:15	vol01:8:5:16	rekey	若	0.9994
vol01:8:5:16	vol01:8:5:17	rekey	欲	0.9996
vol01:8:5:17	vol01:8:5:18	rekey	悉	0.9993
vol01:8:5:18	vol01:8:5:19	rekey	仿	0.9997
vol01:8:5:1	vol01:8:5:2	rekey	得	0.9993
vol01:8:5:2	vol01:8:5:3	rekey	失	0.9996
vol01:8:5:3	vol01:8:5:4	rekey	撮	0.9993
vol01:8:5:4	vol01:8:5:5	rekey	舉	0.9994
vol01:8:5:5	vol01:8:5:6	rekey	大	0.9995
vol01:8:5:6	vol01:8:5:7	rekey	旨	0.9996
vol01:8:5:7	vol01:8:5:8	rekey	敘	0.9991
vol01:8:5:8	vol01:8:5:9	rekey	於	0.9991
vol01:8:6:9	vol01:8:6:10	rekey	過	0.9996
vol01:8:6:10	vol01:8:6:11	rekey	於	0.9995
vol01:8:6:11	vol01:8:6:12	rekey	繁	0.9993
vol01:8:6:12	vol01:8:6:13	rekey	冗	0.9995
vol01:8:6:13	vol01:8:6:14	rekey	但	0.9996
vol01:8:6:14	vol01:8:6:15	rekey	向	0.9997
vol01:8:6:15	vol01:8:6:16	rekey	閱	0.9994
vol01:8:6:16	vol01:8:6:17	rekey	内	0.9996
vol01:8:6:17	vol01:8:6:18	rekey	府	0.9993
vol01:8:6:18	vol01:8:6:19	rekey	所	0.9994
vol01:8:6:1	vol01:8:6:2	rekey	校	0.9951
vol01:8:6:3	vol01:8:6:4	rekey	序	0.9995
vol01:8:6:4	vol01:8:6:5	rekey	錄	0.9993
vol01:8:6:5	vol01:8:6:6	rekey	成	0.9995
vol01:8:6:6	vol01:8:6:7	rekey	規	0.9997
vol01:8:6:7	vol01:8:6:8	rekey	未	0.9996
vol01:8:6:8	vol01:8:6:9	rekey	免	0.9996
vol01:8:7:9	vol01:8:7:10	rekey	有	0.9993
vol01:8:7:10	vol01:8:7:11	rekey	摘	0.9997
vol01:8:7:11	vol01:8:7:12	rekey	敘	0.9993
vol01:8:7:12	vol01:8:7:13	rekey	簡	0.9993
vol01:8:7:13	vol01:8:7:14	rekey	明	0.9995
vol01:8:7:14	vol01:8:7:15	rekey	畧	0.9994
vol01:8:7:15	vol01:8:7:16	rekey	節	0.9996
vol01:8:7:16	vol01:8:7:17	rekey	附	0.9991
vol01:8:7:17	vol01:8:7:18	rekey	夾	0.9994
vol01:8:7:18	vol01:8:7:19	rekey	本	0.9993
vol01:8:7:1	vol01:8:7:2	rekey	熙	0.9992
vol01:8:7:2	vol01:8:7:3	rekey	年	0.9996
vol01:8:7:3	vol01:8:7:4	rekey	間	0.9995
vol01:8:7:4	vol01:8:7:5	rekey	舊	0.9994
vol01:8:7:5	vol01:8:7:6	rekey	藏	0.9992
vol01:8:7:6	vol01:8:7:7	rekey	書	0.999
vol01:8:7:7	vol01:8:7:8	rekey	籍	0.996
vol01:8:7:8	vol01:8:7:9	rekey	多	0.9991
vol01:8:8:9	vol01:8:8:10	rekey	益	0.9993
vol01:8:8:10	vol01:8:8:11	rekey	應	0.9995
vol01:8:8:11	vol01:8:8:12	rekey	俟	0.9993
vol01:8:8:12	vol01:8:8:13	rekey	移	0.9994
vol01:8:8:13	vol01:8:8:14	rekey	取	0.9997
vol01:8:8:14	vol01:8:8:15	rekey	各	0.9993
vol01:8:8:15	vol01:8:8:16	rekey	省	0.9994
vol01:8:8:16	vol01:8:8:17	rekey	購	0.9993
vol01:8:8:17	vol01:8:8:18	rekey	書	0.9993
vol01:8:8:18	vol01:8:8:19	rekey	全	0.9994
vol01:8:8:1	vol01:8:8:2	rekey	内	0.9994
vol01:8:8:2	vol01:8:8:3	rekey	者	0.9996
vol01:8:8:3	vol01:8:8:4	rekey	於	0.9995
vol01:8:8:4	vol01:8:8:5	rekey	檢	0.9995
vol01:8:8:5	vol01:8:8:6	rekey	查	0.9995
vol01:8:8:6	vol01:8:8:7	rekey	洵	0.9996
vol01:8:8:7	vol01:8:8:8	rekey	爲	0.9994
vol01:8:8:8	vol01:8:8:9	rekey	有	0.9995
vol01:8:9:9	vol01:8:9:10	rekey	中	0.9981
vol01:8:9:10	vol01:8:9:11	rekey	要	0.9994
vol01:8:9:13	vol01:8:9:14	rekey	括	0.9994
vol01:8:9:14	vol01:8:9:15	rekey	總	0.9996
vol01:8:9:15	vol01:8:9:16	rekey	敘	0.9995
vol01:8:9:16	vol01:8:9:17	rekey	厓	0.9992
vol01:8:9:17	vol01:8:9:18	rekey	畧	0.9995
vol01:8:9:18	vol01:8:9:19	rekey	粘	0.9993
vol01:8:9:1	vol01:8:9:2	rekey	卽	0.9995
vol01:8:9:19	vol01:8:9:20	rekey	開	0.9992
vol01:8:9:2	vol01:8:9:3	rekey	令	0.9996
vol01:8:9:3	vol01:8:9:4	rekey	承	0.9994
vol01:8:9:4	vol01:8:9:5	rekey	辦	0.9996
vol01:8:9:5	vol01:8:9:6	rekey	各	0.9996
vol01:8:9:6	vol01:8:9:7	rekey	員	0.9994
vol01:8:9:7	vol01:8:9:8	rekey	將	0.9995
vol01:8:9:8	vol01:8:9:9	rekey	書	0.9991
vol01:9:1:9	vol01:9:1:10	rekey	餘	0.9995
vol01:9:1:10	vol01:9:1:11	rekey	依	0.9996
vol01:9:1:11	vol01:9:1:12	rekey	議	0.9995
vol01:9:1:12	vol01:9:1:13	rekey	欽	0.9995
vol01:9:1:1	vol01:9:1:2	rekey	副	0.9996
vol01:9:1:2	vol01:9:1:3	rekey	頁	0.9994
vol01:9:1:3	vol01:9:1:4	rekey	右	0.9995
vol01:9:1:4	vol01:9:1:5	rekey	方	0.9995
vol01:9:1:5	vol01:9:1:6	rekey	用	0.9997
vol01:9:1:6	vol01:9:1:7	rekey	便	0.9995
vol01:9:1:7	vol01:9:1:8	rekey	觀	0.9996
vol01:9:1:8	vol01:9:1:9	rekey	覽	0.9993
vol01:9:2:9	vol01:9:2:10	rekey	月	0.9996
vol01:9:2:10	vol01:9:2:11	rekey	十	0.9999
vol01:9:2:11	vol01:9:2:12	rekey	一	0.9996
vol01:9:2:12	vol01:9:2:13	rekey	日	0.9998
vol01:9:2:13	vol01:9:2:14	rekey	奉	0.9996
vol01:9:2:2	vol01:9:2:3	rekey	乾	0.9995
vol01:9:2:3	vol01:9:2:4	rekey	隆	0.9996
vol01:9:2:6	vol01:9:2:7	rekey	八	0.9997
vol01:9:2:7	vol01:9:2:8	rekey	年	0.9995
vol01:9:2:8	vol01:9:2:9	rekey	二	0.9998
vol01:9:3:0	vol01:9:3:1	rekey	上	0.9995
vol01:9:3:9	vol01:9:3:10	rekey	覆	0.9995
vol01:9:3:10	vol01:9:3:11	rekey	朱	0.9995
vol01:9:3:11	vol01:9:3:12	rekey	筠	0.9996
vol01:9:3:12	vol01:9:3:13	rekey	條	0.9996
vol01:9:3:13	vol01:9:3:14	rekey	奏	0.9995
vol01:9:3:14	vol01:9:3:15	rekey	校	0.9996
vol01:9:3:16	vol01:9:3:17	rekey	永	0.9996
vol01:9:3:17	vol01:9:3:18	rekey	樂	0.9997
vol01:9:3:19	vol01:9:3:20	rekey	典	0.997
vol01:9:3:20	vol01:9:3:21	rekey	一	1.0
vol01:9:3:2	vol01:9:3:3	rekey	昨	0.9996
vol01:9:3:3	vol01:9:3:4	rekey	據	0.9997
vol01:9:3:4	vol01:9:3:5	rekey	軍	0.9997
vol01:9:3:5	vol01:9:3:6	rekey	機	0.9997
vol01:9:3:6	vol01:9:3:7	rekey	大	0.9996
vol01:9:3:7	vol01:9:3:8	rekey	臣	0.9997
vol01:9:3:8	vol01:9:3:9	rekey	議	0.9996
vol01:9:4:9	vol01:9:4:10	rekey	臣	0.9998
vol01:9:4:10	vol01:9:4:11	rekey	爲	0.9996
vol01:9:4:11	vol01:9:4:12	rekey	總	0.9995
vol01:9:4:12	vol01:9:4:13	rekey	裁	0.9996
vol01:9:4:13	vol01:9:4:14	rekey	揀	0.9996
vol01:9:4:14	vol01:9:4:15	rekey	選	0.9994
vol01:9:4:15	vol01:9:4:16	rekey	翰	0.9995
vol01:9:4:16	vol01:9:4:17	rekey	林	0.9996
vol01:9:4:17	vol01:9:4:18	rekey	等	0.9993
vol01:9:4:18	vol01:9:4:19	rekey	官	0.9995
vol01:9:4:1	vol01:9:4:2	rekey	摺	0.9997
vol01:9:4:19	vol01:9:4:20	rekey	詳	0.9995
vol01:9:4:20	vol01:9:4:21	rekey	定	0.9995
vol01:9:4:3	vol01:9:4:4	rekey	降	0.9997
vol01:9:4:4	vol01:9:4:5	rekey	旨	0.9996
vol01:9:4:5	vol01:9:4:6	rekey	派	0.9996
vol01:9:4:6	vol01:9:4:7	rekey	軍	0.9998
vol01:9:4:7	vol01:9:4:8	rekey	機	0.9997
vol01:9:4:8	vol01:9:4:9	rekey	大	0.9996
vol01:9:5:9	vol01:9:5:10	rekey	閱	0.9995
vol01:9:5:10	vol01:9:5:11	rekey	原	0.9992
vol01:9:5:11	vol01:9:5:12	rekey	書	0.9989
vol01:9:5:12	vol01:9:5:13	rekey	卷	0.9996
vol01:9:5:13	vol01:9:5:14	rekey	首	0.9996
vol01:9:5:14	vol01:9:5:15	rekey	序	0.9997
vol01:9:5:15	vol01:9:5:16	rekey	文	0.9995
vol01:9:5:16	vol01:9:5:17	rekey	其	0.9995
vol01:9:5:17	vol01:9:5:18	rekey	言	0.9996
vol01:9:5:18	vol01:9:5:19	rekey	採	0.9996
vol01:9:5:1	vol01:9:5:2	rekey	條	0.9997
vol01:9:5:19	vol01:9:5:20	rekey	掇	0.9994
vol01:9:5:2	vol01:9:5:3	rekey	規	0.9996
vol01:9:5:3	vol01:9:5:4	rekey	酌	0.9994
vol01:9:5:4	vol01:9:5:5	rekey	量	0.9997
vol01:9:5:5	vol01:9:5:6	rekey	辦	0.9994
vol01:9:5:6	vol01:9:5:7	rekey	理	0.9995
vol01:9:5:7	vol01:9:5:8	rekey	兹	0.9997
vol01:9:5:8	vol01:9:5:9	rekey	檢	0.9996
vol01:9:6:9	vol01:9:6:10	rekey	逮	0.9996
vol01:9:6:10	vol01:9:6:11	rekey	四	0.9997
vol01:9:6:11	vol01:9:6:12	rekey	庫	0.9997
vol01:9:6:12	vol01:9:6:13	rekey	及	0.9997
vol01:9:6:13	vol01:9:6:14	rekey	攷	0.9994
vol01:9:6:14	vol01:9:6:15	rekey	之	0.9997
vol01:9:6:15	vol01:9:6:16	rekey	書	0.9994
vol01:9:6:16	vol01:9:6:17	rekey	中	0.9996
vol01:9:6:17	vol01:9:6:18	rekey	別	0.9997
vol01:9:6:18	vol01:9:6:19	rekey	部	0.9995
vol01:9:6:1	vol01:9:6:2	rekey	羅	0.9996
vol01:9:6:19	vol01:9:6:20	rekey	區	0.9996
vol01:9:6:2	vol01:9:6:3	rekey	頗	0.9996
vol01:9:6:3	vol01:9:6:4	rekey	稱	0.9996
vol01:9:6:4	vol01:9:6:5	rekey	浩	0.9995
vol01:9:6:5	vol01:9:6:6	rekey	博	0.9997
vol01:9:6:6	vol01:9:6:7	rekey	謂	0.9995
vol01:9:6:7	vol01:9:6:8	rekey	足	0.9995
vol01:9:6:8	vol01:9:6:9	rekey	津	0.9995
vol01:9:7:9	vol01:9:7:10	rekey	務	0.9995
vol01:9:7:10	vol01:9:7:11	rekey	得	0.9997
vol01:9:7:11	vol01:9:7:12	rekey	不	0.9998
vol01:9:7:12	vol01:9:7:13	rekey	出	0.9999
vol01:9:7:13	vol01:9:7:14	rekey	類	0.9995
vol01:9:7:14	vol01:9:7:15	rekey	書	0.9995
vol01:9:7:15	vol01:9:7:16	rekey	窠	0.9994
vol01:9:7:16	vol01:9:7:17	rekey	臼	0.9999
vol01:9:7:17	vol01:9:7:18	rekey	是	0.9997
vol01:9:7:18	vol01:9:7:19	rekey	以	0.9997
vol01:9:7:1	vol01:9:7:2	rekey	編	0.9994
vol01:9:7:2	vol01:9:7:3	rekey	韻	0.9997
vol01:9:7:3	vol01:9:7:4	rekey	分	0.9996
vol01:9:7:4	vol01:9:7:5	rekey	字	0.9998
vol01:9:7:5	vol01:9:7:6	rekey	意	0.9996
vol01:9:7:6	vol01:9:7:7	rekey	在	0.9995
vol01:9:7:7	vol01:9:7:8	rekey	貪	0.9996
vol01:9:7:8	vol01:9:7:9	rekey	多	0.9994
vol01:9:8:9	vol01:9:8:10	rekey	協	0.9996
vol01:9:8:10	vol01:9:8:11	rekey	卽	0.9995
vol01:9:8:11	vol01:9:8:12	rekey	如	0.9997
vol01:9:8:12	vol01:9:8:13	rekey	所	0.9994
vol01:9:8:13	vol01:9:8:14	rekey	用	0.9997
vol01:9:8:14	vol01:9:8:15	rekey	韻	0.9994
vol01:9:8:15	vol01:9:8:16	rekey	次	0.9995
vol01:9:8:16	vol01:9:8:17	rekey	不	0.9997
vol01:9:8:17	vol01:9:8:18	rekey	依	0.9996
vol01:9:8:18	vol01:9:8:19	rekey	唐	0.9995
vol01:9:8:1	vol01:9:8:2	rekey	乖	0.9995
vol01:9:8:19	vol01:9:8:20	rekey	宋	0.9998
vol01:9:8:20	vol01:9:8:21	rekey	舊	0.9956
vol01:9:8:2	vol01:9:8:3	rekey	離	0.9997
vol01:9:8:3	vol01:9:8:4	rekey	於	0.9994
vol01:9:8:4	vol01:9:8:5	rekey	體	0.9996
vol01:9:8:5	vol01:9:8:6	rekey	例	0.9997
vol01:9:8:6	vol01:9:8:7	rekey	未	0.9997
vol01:9:8:7	vol01:9:8:8	rekey	能	0.9996
vol01:9:8:8	vol01:9:8:9	rekey	允	0.9995
vol01:9:9:9	vol01:9:9:10	rekey	斷	0.9996
vol01:9:9:11	vol01:9:9:12	rekey	覺	0.9996
vol01:9:9:12	vol01:9:9:13	rekey	凌	0.9996
vol01:9:9:13	vol01:9:9:14	rekey	雜	0.9993
vol01:9:9:14	vol01:9:9:15	rekey	不	0.9997
vol01:9:9:15	vol01:9:9:16	rekey	倫	0.9996
vol01:9:9:17	vol01:9:9:18	rekey	經	0.9996
vol01:9:9:18	vol01:9:9:19	rekey	訓	0.9974
vol01:9:9:1	vol01:9:9:2	rekey	部	0.9996
vol01:9:9:19	vol01:9:9:20	rekey	爲	0.9991
vol01:9:9:2	vol01:9:9:3	rekey	惟	0.9995
vol01:9:9:3	vol01:9:9:4	rekey	以	0.9997
vol01:9:9:4	vol01:9:9:5	rekey	洪	0.9996
vol01:9:9:5	vol01:9:9:6	rekey	武	0.9995
vol01:9:9:6	vol01:9:9:7	rekey	正	0.9994
vol01:9:9:7	vol01:9:9:8	rekey	韻	0.9996
vol01:9:9:8	vol01:9:9:9	rekey	爲	0.9997
vol01:137:6:20		evict_dup_of:v2:vol01:137:6:21	著	
vol01:32:1:4		evict_dup_of:v2:vol01:32:1:4	具	
vol01:32:3:2		evict_dup_of:v2:vol01:32:3:2	計	
vol01:32:7:10		evict_dup_of:v2:vol01:32:7:10	𠮓	
vol01:32:8:2		evict_dup_of:v2:vol01:32:8:2	可	
vol01:33:1:2		evict_dup_of:v2:vol01:33:1:2	朱	
vol01:33:3:2		evict_dup_of:v2:vol01:33:3:2	疏	
vol01:33:4:2		evict_dup_of:v2:vol01:33:4:2	酌	
vol01:33:4:21		evict_dup_of:v2:vol01:33:4:21	以	
vol01:33:5:3		evict_dup_of:v2:vol01:33:5:3	與	
vol01:33:5:9		evict_dup_of:v2:vol01:33:5:9	興	
vol01:33:7:0		evict_dup_of:v2:vol01:33:7:-1	天	
vol01:33:7:1		evict_dup_of:v2:vol01:33:7:1	而	
vol01:33:9:21		evict_dup_of:v2:vol01:33:9:21	原	
vol01:33:9:5		evict_dup_of:v2:vol01:33:9:5	内	
vol01:47:2:19		evict_dup_of:v2:vol01:47:2:18	内	
vol01:47:2:3		evict_dup_of:v2:vol01:47:2:2	諭	
vol01:47:5:6		evict_dup_of:v2:vol01:47:5:5	恭	
vol01:47:7:16		evict_dup_of:v2:vol01:47:7:15	内	
vol01:47:9:18		evict_dup_of:v2:vol01:47:9:17	次	
vol01:4:1:2		evict_dup_of:v2:vol01:4:1:3	復	
vol01:60:1:14		evict_dup_of:v2:vol01:60:1:16	興	
vol01:60:3:8		evict_dup_of:v2:vol01:60:3:10	漸	
vol01:60:5:15		evict_dup_of:v2:vol01:60:5:17	固	
vol01:60:7:17		evict_dup_of:v2:vol01:60:7:19	近	
vol01:60:9:14		evict_dup_of:v2:vol01:60:9:16	同	
vol01:10:7:10	v1:vol01:10:7:10	keep_v1:weak	古	
vol01:10:7:9	v1:vol01:10:7:9	keep_v1:match	實	
vol01:11:9:20	v1:vol01:11:9:20	keep_v1:match	告	
vol01:12:6:20	v1:vol01:12:6:20	keep_v1:weak	藏	
vol01:12:8:19	v1:vol01:12:8:19	keep_v1:match	室	
vol01:12:9:15	v1:vol01:12:9:15	keep_v1:match	以	
vol01:133:1:0	v1:vol01:133:1:0	keep_v1:match	欽	
vol01:133:4:0	v1:vol01:133:4:0	keep_v1:match	親	
vol01:133:5:0	v1:vol01:133:5:0	keep_v1:weak	天	
vol01:133:6:0	v1:vol01:133:6:0	keep_v1:match	權	
vol01:133:7:7	v1:vol01:133:7:7	keep_v1:match	臣	
vol01:135:7:0	v1:vol01:135:7:0	keep_v1:match	聖	
vol01:136:7:20	v1:vol01:136:7:20	keep_v1:weak	且	
vol01:137:6:2	v1:vol01:137:6:2	keep_v1:match	堂	
vol01:137:7:20	v1:vol01:137:7:20	keep_v1:match	堂	
vol01:137:8:4	v1:vol01:137:8:4	keep_v1:match	例	
vol01:138:6:11	v1:vol01:138:6:11	keep_v1:match	典	
vol01:139:3:18	v1:vol01:139:3:18	keep_v1:weak	四	
vol01:13:7:7	v1:vol01:13:7:7	keep_v1:match	或	
vol01:140:2:20	v1:vol01:140:2:20	keep_v1:match	札	
vol01:142:1:6	v1:vol01:142:1:6	keep_v1:match	志	
vol01:142:3:20	v1:vol01:142:3:20	keep_v1:weak	之	
vol01:142:9:3	v1:vol01:142:9:3	keep_v1:match	諸	
vol01:145:5:20	v1:vol01:145:5:20	keep_v1:match	於	
vol01:146:1:6	v1:vol01:146:1:6	keep_v1:match	成	
vol01:146:8:11b	v1:vol01:146:8:11b	keep_v1:no_map	朱	
vol01:146:8:12a	v1:vol01:146:8:12a	keep_v1:no_map	明	
vol01:146:8:12b	v1:vol01:146:8:12b	keep_v1:no_map	震	
vol01:146:8:13b	v1:vol01:146:8:13b	keep_v1:no_map	亨	
vol01:146:8:14a	v1:vol01:146:8:14a	keep_v1:no_map	原	
vol01:146:8:14b	v1:vol01:146:8:14b	keep_v1:no_map	金	
vol01:146:8:15b	v1:vol01:146:8:15b	keep_v1:no_map	匱	
vol01:146:8:16b	v1:vol01:146:8:16b	keep_v1:no_map	鈎	
vol01:146:8:17a	v1:vol01:146:8:17a	keep_v1:no_map	見	
vol01:146:8:17b	v1:vol01:146:8:17b	keep_v1:no_map	元	
vol01:146:8:18a	v1:vol01:146:8:18a	keep_v1:no_map	所	
vol01:146:8:18b	v1:vol01:146:8:18b	keep_v1:no_map	條	
vol01:146:8:19a	v1:vol01:146:8:19a	keep_v1:no_map	校	
vol01:146:8:19b	v1:vol01:146:8:19b	keep_v1:no_map	下	
vol01:146:8:20b	v1:vol01:146:8:20b	keep_v1:no_map	其	
vol01:146:9:4b	v1:vol01:146:9:4b	keep_v1:no_map	五	
vol01:146:9:6b	v1:vol01:146:9:6b	keep_v1:no_map	之	
vol01:146:9:7a	v1:vol01:146:9:7a	keep_v1:no_map	卷	
vol01:146:9:7b	v1:vol01:146:9:7b	keep_v1:no_map	類	
vol01:148:2:20	v1:vol01:148:2:20	keep_v1:weak	率	
vol01:149:2:3	v1:vol01:149:2:3	keep_v1:match	之	
vol01:149:2:7	v1:vol01:149:2:7	keep_v1:match	孝	
vol01:149:3:4	v1:vol01:149:3:4	keep_v1:match	等	
vol01:149:4:6	v1:vol01:149:4:6	keep_v1:match	屏	
vol01:149:5:3	v1:vol01:149:5:3	keep_v1:match	敦	
vol01:149:5:6	v1:vol01:149:5:6	keep_v1:match	教	
vol01:149:5:8	v1:vol01:149:5:8	keep_v1:match	正	
vol01:149:5:9	v1:vol01:149:5:9	keep_v1:match	典	
vol01:149:9:9	v1:vol01:149:9:9	keep_v1:weak	事	
vol01:151:2:19	v1:vol01:151:2:19	keep_v1:match	流	
vol01:152:2:20	v1:vol01:152:2:20	keep_v1:weak	之	
vol01:152:3:3	v1:vol01:152:3:3	keep_v1:match	至	
vol01:152:4:20	v1:vol01:152:4:20	keep_v1:match	道	
vol01:152:7:20	v1:vol01:152:7:20	keep_v1:match	道	
vol01:152:9:9	v1:vol01:152:9:9	keep_v1:weak	而	
vol01:153:1:20	v1:vol01:153:1:20	keep_v1:match	孝	
vol01:157:2:20	v1:vol01:157:2:20	keep_v1:match	舊	
vol01:15:1:1	v1:vol01:15:1:1	keep_v1:match	二	
vol01:15:2:10	v1:vol01:15:2:10	keep_v1:match	均	
vol01:16:5:1	v1:vol01:16:5:1	keep_v1:match	書	
vol01:16:8:13	v1:vol01:16:8:13	keep_v1:weak	可	
vol01:17:3:20	v1:vol01:17:3:20	keep_v1:match	蔣	
vol01:18:1:10	v1:vol01:18:1:10	keep_v1:match	二	
vol01:18:1:11	v1:vol01:18:1:11	keep_v1:match	十	
vol01:18:1:12	v1:vol01:18:1:12	keep_v1:match	五	
vol01:18:1:14	v1:vol01:18:1:14	keep_v1:match	奉	
vol01:18:1:2	v1:vol01:18:1:2	keep_v1:match	乾	
vol01:18:1:3	v1:vol01:18:1:3	keep_v1:match	隆	
vol01:18:1:4	v1:vol01:18:1:4	keep_v1:weak	三	
vol01:18:1:5	v1:vol01:18:1:5	keep_v1:match	十	
vol01:18:1:6	v1:vol01:18:1:6	keep_v1:match	九	
vol01:18:1:7	v1:vol01:18:1:7	keep_v1:match	年	
vol01:18:7:1	v1:vol01:18:7:1	keep_v1:weak	七	
vol01:19:2:6	v1:vol01:19:2:6	keep_v1:weak	所	
vol01:19:3:20	v1:vol01:19:3:20	keep_v1:weak	之	
vol01:19:9:2	v1:vol01:19:9:2	keep_v1:match	全	
vol01:20:1:2	v1:vol01:20:1:2	keep_v1:match	書	
vol01:20:8:3	v1:vol01:20:8:3	keep_v1:weak	四	
vol01:20:9:1	v1:vol01:20:9:1	keep_v1:match	進	
vol01:21:7:8	v1:vol01:21:7:8	keep_v1:match	窮	
vol01:22:5:20	v1:vol01:22:5:20	keep_v1:match	該	
vol01:22:9:4	v1:vol01:22:9:4	keep_v1:match	集	
vol01:23:2:2	v1:vol01:23:2:2	keep_v1:match	要	
vol01:23:2:3	v1:vol01:23:2:3	keep_v1:match	内	
vol01:26:3:20	v1:vol01:26:3:20	keep_v1:weak	遂	
vol01:27:1:1	v1:vol01:27:1:1	keep_v1:weak	所	
vol01:27:8:3	v1:vol01:27:8:3	keep_v1:match	附	
vol01:28:1:1	v1:vol01:28:1:1	keep_v1:match	書	
vol01:28:1:18	v1:vol01:28:1:18	keep_v1:match	足	
vol01:28:1:19	v1:vol01:28:1:19	keep_v1:match	以	
vol01:28:1:2	v1:vol01:28:1:2	keep_v1:match	訛	
vol01:28:1:20	v1:vol01:28:1:20	keep_v1:match	公	
vol01:28:1:6	v1:vol01:28:1:6	keep_v1:match	訂	
vol01:28:2:20	v1:vol01:28:2:20	keep_v1:match	提	
vol01:28:3:20	v1:vol01:28:3:20	keep_v1:match	另	
vol01:28:9:1	v1:vol01:28:9:1	keep_v1:match	陸	
vol01:28:9:19	v1:vol01:28:9:19	keep_v1:match	應	
vol01:29:1:20	v1:vol01:29:1:20	keep_v1:match	書	
vol01:29:7:15	v1:vol01:29:7:15	keep_v1:match	查	
vol01:30:1:20	v1:vol01:30:1:20	keep_v1:match	幹	
vol01:31:3:20	v1:vol01:31:3:20	keep_v1:match	違	
vol01:31:9:1	v1:vol01:31:9:1	keep_v1:match	料	
vol01:32:1:1	v1:vol01:32:1:1	keep_v1:weak	一	
vol01:32:2:21	v1:vol01:32:2:21	keep_v1:match	陰	
vol01:32:8:1	v1:vol01:32:8:1	keep_v1:weak	一	
vol01:32:9:0	v1:vol01:32:9:0	keep_v1:match	開	
vol01:33:1:21	v1:vol01:33:1:21	keep_v1:weak	言	
vol01:33:1:6	v1:vol01:33:1:6	keep_v1:weak	輯	
vol01:33:1:7	v1:vol01:33:1:7	keep_v1:weak	崇	
vol01:33:1:8	v1:vol01:33:1:8	keep_v1:match	禎	
vol01:33:1:9	v1:vol01:33:1:9	keep_v1:match	年	
vol01:33:3:21	v1:vol01:33:3:21	keep_v1:match	當	
vol01:33:9:0	v1:vol01:33:9:0	keep_v1:weak	一	
vol01:36:1:9	v1:vol01:36:1:9	keep_v1:match	靈	
vol01:36:5:20	v1:vol01:36:5:20	keep_v1:match	延	
vol01:36:9:20	v1:vol01:36:9:20	keep_v1:match	者	
vol01:37:6:20	v1:vol01:37:6:20	keep_v1:match	著	
vol01:38:9:19	v1:vol01:38:9:19	keep_v1:match	諱	
vol01:39:1:20	v1:vol01:39:1:20	keep_v1:weak	改	
vol01:39:7:20	v1:vol01:39:7:20	keep_v1:match	逐	
vol01:40:1:20	v1:vol01:40:1:20	keep_v1:match	查	
vol01:40:7:20	v1:vol01:40:7:20	keep_v1:match	疏	
vol01:40:8:1	v1:vol01:40:8:1	keep_v1:match	草	
vol01:40:8:20	v1:vol01:40:8:20	keep_v1:match	垣	
vol01:41:1:13	v1:vol01:41:1:13	keep_v1:match	垣	
vol01:41:1:20	v1:vol01:41:1:20	keep_v1:match	入	
vol01:41:4:17	v1:vol01:41:4:17	keep_v1:match	非	
vol01:41:6:20	v1:vol01:41:6:20	keep_v1:match	諸	
vol01:41:7:10	v1:vol01:41:7:10	keep_v1:match	立	
vol01:43:3:5	v1:vol01:43:3:5	keep_v1:weak	爲	
vol01:44:5:6	v1:vol01:44:5:6	keep_v1:match	主	
vol01:44:9:18	v1:vol01:44:9:18	keep_v1:weak	之	
vol01:45:7:8	v1:vol01:45:7:8	keep_v1:weak	書	
vol01:45:8:8	v1:vol01:45:8:8	keep_v1:match	墀	
vol01:46:7:17	v1:vol01:46:7:17	keep_v1:match	覽	
vol01:46:7:18	v1:vol01:46:7:18	keep_v1:match	是	
vol01:46:7:20	v1:vol01:46:7:20	keep_v1:match	者	
vol01:47:4:2	v1:vol01:47:4:2	keep_v1:match	義	
vol01:47:7:1	v1:vol01:47:7:1	keep_v1:weak	一	
vol01:48:3:0	v1:vol01:48:3:0	keep_v1:match	列	
vol01:48:4:16	v1:vol01:48:4:16	keep_v1:match	之	
vol01:48:4:17	v1:vol01:48:4:17	keep_v1:match	前	
vol01:49:1:2	v1:vol01:49:1:2	keep_v1:match	首	
vol01:49:3:15	v1:vol01:49:3:15	keep_v1:weak	諸	
vol01:4:1:6	v1:vol01:4:1:6	keep_v1:match	修	
vol01:50:1:1	v1:vol01:50:1:1	keep_v1:weak	定	
vol01:50:3:4	v1:vol01:50:3:4	keep_v1:weak	此	
vol01:50:5:16	v1:vol01:50:5:16	keep_v1:weak	中	
vol01:50:5:18	v1:vol01:50:5:18	keep_v1:match	集	
vol01:50:5:8	v1:vol01:50:5:8	keep_v1:weak	裁	
vol01:50:7:0	v1:vol01:50:7:0	keep_v1:match	我	
vol01:50:9:1	v1:vol01:50:9:1	keep_v1:match	御	
vol01:52:2:0	v1:vol01:52:2:0	keep_v1:weak	定	
vol01:52:5:20	v1:vol01:52:5:20	keep_v1:match	述	
vol01:52:7:0	v1:vol01:52:7:0	keep_v1:match	定	
vol01:53:4:20	v1:vol01:53:4:20	keep_v1:weak	書	
vol01:55:9:1	v1:vol01:55:9:1	keep_v1:match	神	
vol01:56:2:1	v1:vol01:56:2:1	keep_v1:match	者	
vol01:58:6:4	v1:vol01:58:6:4	keep_v1:match	刪	
vol01:59:1:20	v1:vol01:59:1:20	keep_v1:match	交	
vol01:59:8:9	v1:vol01:59:8:9	keep_v1:match	子	
vol01:5:2:13	v1:vol01:5:2:13	keep_v1:match	幛	
vol01:5:3:9	v1:vol01:5:3:9	keep_v1:match	馳	
vol01:5:4:12	v1:vol01:5:4:12	keep_v1:match	舊	
vol01:5:6:3	v1:vol01:5:6:3	keep_v1:match	典	
vol01:5:9:7	v1:vol01:5:9:7	keep_v1:match	輩	
vol01:60:1:10	v1:vol01:60:1:10	keep_v1:match	則	
vol01:60:1:11	v1:vol01:60:1:11	keep_v1:match	所	
vol01:60:1:17	v1:vol01:60:1:17	keep_v1:match	語	
vol01:60:2:1	v1:vol01:60:2:1	keep_v1:match	意	
vol01:60:2:12	v1:vol01:60:2:12	keep_v1:match	唐	
vol01:60:7:0	v1:vol01:60:7:0	keep_v1:weak	之	
vol01:60:7:1	v1:vol01:60:7:1	keep_v1:match	有	
vol01:60:7:11	v1:vol01:60:7:11	keep_v1:weak	詩	
vol01:60:7:8	v1:vol01:60:7:8	keep_v1:match	若	
vol01:60:8:10	v1:vol01:60:8:10	keep_v1:weak	詩	
vol01:60:9:13	v1:vol01:60:9:13	keep_v1:match	督	
vol01:60:9:4	v1:vol01:60:9:4	keep_v1:weak	有	
vol01:60:9:9	v1:vol01:60:9:9	keep_v1:weak	著	
vol01:64:1:20	v1:vol01:64:1:20	keep_v1:match	謨	
vol01:64:5:11	v1:vol01:64:5:11	keep_v1:match	畫	
vol01:64:8:2	v1:vol01:64:8:2	keep_v1:match	世	
vol01:65:4:12	v1:vol01:65:4:12	keep_v1:weak	書	
vol01:65:4:9	v1:vol01:65:4:9	keep_v1:match	五	
vol01:69:1:11	v1:vol01:69:1:11	keep_v1:match	宜	
vol01:6:1:13	v1:vol01:6:1:13	keep_v1:match	爲	
vol01:6:7:11	v1:vol01:6:7:11	keep_v1:weak	彚	
vol01:6:7:12	v1:vol01:6:7:12	keep_v1:match	齊	
vol01:72:7:8	v1:vol01:72:7:8	keep_v1:match	初	
vol01:73:7:6	v1:vol01:73:7:6	keep_v1:weak	之	
vol01:74:2:3	v1:vol01:74:2:3	keep_v1:match	奏	
vol01:74:2:4	v1:vol01:74:2:4	keep_v1:match	進	
vol01:74:9:2	v1:vol01:74:9:2	keep_v1:match	乎	
vol01:74:9:5	v1:vol01:74:9:5	keep_v1:match	前	
vol01:76:4:13	v1:vol01:76:4:13	keep_v1:match	存	
vol01:76:7:15	v1:vol01:76:7:15	keep_v1:match	漢	
vol01:76:8:5	v1:vol01:76:8:5	keep_v1:match	勝	
vol01:76:8:6	v1:vol01:76:8:6	keep_v1:weak	曹	
vol01:76:9:2	v1:vol01:76:9:2	keep_v1:match	帳	
vol01:76:9:9	v1:vol01:76:9:9	keep_v1:match	范	
vol01:77:1:3	v1:vol01:77:1:3	keep_v1:match	之	
vol01:77:4:11	v1:vol01:77:4:11	keep_v1:match	臚	
vol01:77:4:12	v1:vol01:77:4:12	keep_v1:match	登	
vol01:77:7:10	v1:vol01:77:7:10	keep_v1:match	慎	
vol01:77:7:4	v1:vol01:77:7:4	keep_v1:match	之	
vol01:77:7:9	v1:vol01:77:7:9	keep_v1:match	難	
vol01:78:5:20	v1:vol01:78:5:20	keep_v1:match	觜	
vol01:79:8:4	v1:vol01:79:8:4	keep_v1:match	是	
vol01:7:5:11	v1:vol01:7:5:11	keep_v1:match	編	
vol01:7:8:10	v1:vol01:7:8:10	keep_v1:match	室	
vol01:80:3:2	v1:vol01:80:3:2	keep_v1:match	齊	
vol01:80:3:3	v1:vol01:80:3:3	keep_v1:match	炙	
vol01:80:8:2	v1:vol01:80:8:2	keep_v1:match	無	
vol01:80:8:3	v1:vol01:80:8:3	keep_v1:match	遺	
vol01:82:1:10	v1:vol01:82:1:10	keep_v1:match	或	
vol01:82:7:7	v1:vol01:82:7:7	keep_v1:match	囊	
vol01:83:6:12	v1:vol01:83:6:12	keep_v1:match	倐	
vol01:84:5:12	v1:vol01:84:5:12	keep_v1:match	寧	
vol01:84:5:13	v1:vol01:84:5:13	keep_v1:weak	拘	
vol01:84:9:20	v1:vol01:84:9:20	keep_v1:weak	同	
vol01:85:5:20	v1:vol01:85:5:20	keep_v1:weak	覽	
vol01:85:5:3	v1:vol01:85:5:3	keep_v1:match	或	
vol01:85:9:3	v1:vol01:85:9:3	keep_v1:match	千	
vol01:87:1:16	v1:vol01:87:1:16	keep_v1:match	易	
vol01:87:5:0	v1:vol01:87:5:0	keep_v1:match	天	
vol01:87:6:0	v1:vol01:87:6:0	keep_v1:match	帝	
vol01:8:4:11	v1:vol01:8:4:11	keep_v1:match	至	
vol01:8:6:2	v1:vol01:8:6:2	keep_v1:weak	書	
vol01:8:9:11	v1:vol01:8:9:11	keep_v1:match	指	
vol01:9:1:13	v1:vol01:9:1:13	keep_v1:match	此	
vol01:9:3:18	v1:vol01:9:3:18	keep_v1:match	大	
vol01:149:2:20	v1:vol01:149:2:20	keep_v1:collide	小	
vol01:22:5:9	v1:vol01:22:5:9	keep_v1:collide	一	
vol01:44:7:14	v1:vol01:44:7:14	keep_v1:collide	有	
vol01:46:4:14	v1:vol01:46:4:14	keep_v1:collide	一	
vol01:47:4:1	v1:vol01:47:4:1	keep_v1:collide	聖	
vol01:49:4:20	v1:vol01:49:4:20	keep_v1:collide	書	
vol01:59:5:9	v1:vol01:59:5:9	keep_v1:collide	一	
vol01:148:5:18	v1:vol01:148:5:18	keep_v1:conflict_human	應	
vol01:148:5:8	v1:vol01:148:5:8	keep_v1:conflict_human	代	
vol01:148:6:11	v1:vol01:148:6:11	keep_v1:conflict_human	應	
vol01:52:6:2	v1:vol01:52:6:2	keep_v1:conflict_human	代	
vol01:53:2:15	v1:vol01:53:2:15	keep_v1:conflict_human	禮	
vol01:5:7:7	v1:vol01:5:7:7	keep_v1:conflict_human	代	
vol01:63:7:5	v1:vol01:63:7:5	keep_v1:conflict_human	林	
