# 合法字表（码位区间）。列：起	止	来源
U+348B	U+348B	corpus
U+34DC	U+34DC	corpus
U+3654	U+3654	corpus
U+3750	U+3750	corpus
U+3861	U+3861	corpus
U+3A41	U+3A41	corpus
U+3AE4	U+3AE4	corpus
U+3B0A	U+3B0A	corpus
U+3B9A	U+3B9A	corpus
U+3BAE	U+3BAE	corpus
U+3CFF	U+3CFF	corpus
U+3D36	U+3D36	corpus
U+3D9F	U+3D9F	corpus
U+3E01	U+3E01	corpus
U+3F49	U+3F49	corpus
U+3F63	U+3F63	corpus
U+3FEA	U+3FEA	corpus
U+40FE	U+40FE	corpus
U+417B	U+417B	corpus
U+4202	U+4202	corpus
U+42B7	U+42B7	corpus
U+4330	U+4330	corpus
U+4367	U+4367	corpus
U+4407	U+4407	corpus
U+44AB	U+44AB	corpus
U+4576	U+4576	corpus
U+4633	U+4633	corpus
U+47FD	U+47FD	corpus
U+48DB	U+48DB	corpus
U+4E00	U+4E01	corpus
U+4E03	U+4E03	corpus
U+4E08	U+4E0B	corpus
U+4E0D	U+4E0D	corpus
U+4E10	U+4E11	corpus
U+4E14	U+4E16	corpus
U+4E18	U+4E19	corpus
U+4E1E	U+4E1E	corpus
U+4E26	U+4E27	corpus
U+4E2A	U+4E2B	corpus
U+4E2D	U+4E2D	corpus
U+4E30	U+4E30	corpus
U+4E32	U+4E32	corpus
U+4E38	U+4E39	corpus
U+4E3B	U+4E3B	corpus
U+4E42	U+4E43	corpus
U+4E45	U+4E45	corpus
U+4E4B	U+4E4B	corpus
U+4E4D	U+4E4F	corpus
U+4E56	U+4E56	corpus
U+4E58	U+4E59	corpus
U+4E5D	U+4E5F	corpus
U+4E73	U+4E73	corpus
U+4E7E	U+4E7E	corpus
U+4E82	U+4E82	corpus
U+4E86	U+4E86	corpus
U+4E88	U+4E88	corpus
U+4E8B	U+4E8C	corpus
U+4E8E	U+4E8E	corpus
U+4E91	U+4E92	corpus
U+4E94	U+4E95	corpus
U+4E98	U+4E98	corpus
U+4E9E	U+4E9F	corpus
U+4EA1	U+4EA2	corpus
U+4EA4	U+4EA6	corpus
U+4EA8	U+4EA8	corpus
U+4EAB	U+4EAE	corpus
U+4EB3	U+4EB3	corpus
U+4EB6	U+4EB7	corpus
U+4EB9	U+4EBA	corpus
U+4EC0	U+4EC1	corpus
U+4EC4	U+4EC4	corpus
U+4EC7	U+4EC7	corpus
U+4ECA	U+4ECB	corpus
U+4ECD	U+4ECE	corpus
U+4ED5	U+4ED6	corpus
U+4ED8	U+4ED9	corpus
U+4EE3	U+4EE5	corpus
U+4EF0	U+4EF0	corpus
U+4EF2	U+4EF2	corpus
U+4EFB	U+4EFB	corpus
U+4EFD	U+4EFD	corpus
U+4EFF	U+4EFF	corpus
U+4F01	U+4F01	corpus
U+4F09	U+4F0B	corpus
U+4F0D	U+4F0D	corpus
U+4F0F	U+4F11	corpus
U+4F2F	U+4F2F	corpus
U+4F34	U+4F34	corpus
U+4F36	U+4F36	corpus
U+4F38	U+4F38	corpus
U+4F3C	U+4F3C	corpus
U+4F43	U+4F43	corpus
U+4F46	U+4F46	corpus
U+4F4D	U+4F4E	corpus
U+4F50	U+4F51	corpus
U+4F54	U+4F55	corpus
U+4F57	U+4F57	corpus
U+4F59	U+4F5C	corpus
U+4F5E	U+4F5E	corpus
U+4F69	U+4F69	corpus
U+4F73	U+4F73	corpus
U+4F75	U+4F76	corpus
U+4F7A	U+4F7C	corpus
U+4F7F	U+4F7F	corpus
U+4F83	U+4F83	corpus
U+4F86	U+4F86	corpus
U+4F88	U+4F88	corpus
U+4F8B	U+4F8B	corpus
U+4F8D	U+4F8D	corpus
U+4F8F	U+4F8F	corpus
U+4F91	U+4F91	corpus
U+4F94	U+4F94	corpus
U+4F9B	U+4F9B	corpus
U+4F9D	U+4F9D	corpus
U+4FAE	U+4FAF	corpus
U+4FB5	U+4FB5	corpus
U+4FBF	U+4FBF	corpus
U+4FC2	U+4FC2	corpus
U+4FCA	U+4FCA	corpus
U+4FCE	U+4FCE	corpus
U+4FD7	U+4FD8	corpus
U+4FDA	U+4FDA	corpus
U+4FDD	U+4FE1	corpus
U+4FEE	U+4FEF	corpus
U+4FF1	U+4FF1	corpus
U+4FF3	U+4FF3	corpus
U+4FF6	U+4FF6	corpus
U+4FFE	U+4FFE	corpus
U+5000	U+5000	corpus
U+5005	U+5005	corpus
U+5009	U+5009	corpus
U+500D	U+500D	corpus
U+5010	U+5010	corpus
U+5012	U+5012	corpus
U+5014	U+5014	corpus
U+5016	U+5016	corpus
U+5018	U+501A	corpus
U+501E	U+501F	corpus
U+5021	U+5021	corpus
U+5023	U+5023	corpus
U+5026	U+5026	corpus
U+5028	U+502D	corpus
U+5036	U+5036	corpus
U+503C	U+503C	corpus
U+5041	U+5041	corpus
U+5047	U+5049	corpus
U+504F	U+504F	corpus
U+5053	U+5053	corpus
U+5055	U+5055	corpus
U+505C	U+505C	corpus
U+5065	U+5065	corpus
U+506A	U+506A	corpus
U+5072	U+5072	corpus
U+5074	U+5074	corpus
U+5076	U+5076	corpus
U+5083	U+5083	corpus
U+5085	U+5085	corpus
U+508B	U+508B	corpus
U+508D	U+508E	corpus
U+5091	U+5091	corpus
U+5099	U+5099	corpus
U+50AC	U+50AD	corpus
U+50B3	U+50B3	corpus
U+50B7	U+50B7	corpus
U+50BE	U+50BE	corpus
U+50C5	U+50C5	corpus
U+50C9	U+50C9	corpus
U+50CE	U+50CF	corpus
U+50D1	U+50D1	corpus
U+50D5	U+50D6	corpus
U+50DA	U+50DA	corpus
U+50DE	U+50DE	corpus
U+50E3	U+50E3	corpus
U+50E5	U+50E7	corpus
U+50ED	U+50EE	corpus
U+50F9	U+50F9	corpus
U+50FB	U+50FB	corpus
U+5100	U+5100	corpus
U+5104	U+5104	corpus
U+5106	U+5106	corpus
U+5109	U+5109	corpus
U+5112	U+5115	corpus
U+5117	U+5118	corpus
U+511F	U+511F	corpus
U+5124	U+5124	corpus
U+512A	U+512A	corpus
U+5132	U+5132	corpus
U+5135	U+5135	corpus
U+5137	U+5137	corpus
U+513B	U+513C	corpus
U+5141	U+5141	corpus
U+5143	U+5146	corpus
U+5148	U+5149	corpus
U+514B	U+514D	corpus
U+5152	U+5152	corpus
U+5154	U+5154	corpus
U+5157	U+5157	corpus
U+515C	U+515C	corpus
U+5162	U+5162	corpus
U+5165	U+5165	corpus
U+5167	U+5169	corpus
U+516B	U+516E	corpus
U+5171	U+5171	corpus
U+5175	U+5179	corpus
U+517C	U+517C	corpus
U+5180	U+5180	corpus
U+5189	U+518A	corpus
U+518D	U+518D	corpus
U+518F	U+5190	corpus
U+5192	U+5193	corpus
U+5195	U+5195	corpus
U+5197	U+5197	corpus
U+51A0	U+51A0	corpus
U+51A2	U+51A2	corpus
U+51A4	U+51A5	corpus
U+51AC	U+51AC	corpus
U+51B0	U+51B0	corpus
U+51B2	U+51B3	corpus
U+51B5	U+51B5	corpus
U+51B7	U+51B7	corpus
U+51BA	U+51BA	corpus
U+51C6	U+51C6	corpus
U+51C9	U+51C9	corpus
U+51CC	U+51CC	corpus
U+51D1	U+51D1	corpus
U+51DB	U+51DB	corpus
U+51DD	U+51DD	corpus
U+51E0	U+51E1	corpus
U+51F0	U+51F1	corpus
U+51F5	U+51F6	corpus
U+51FA	U+51FA	corpus
U+51FD	U+51FD	corpus
U+5200	U+5201	corpus
U+5206	U+520A	corpus
U+5211	U+5211	corpus
U+5213	U+5213	corpus
U+5216	U+5217	corpus
U+521D	U+521D	corpus
U+5220	U+5220	corpus
U+5224	U+5226	corpus
U+5229	U+522A	corpus
U+5230	U+5230	corpus
U+5233	U+5233	corpus
U+5235	U+5236	corpus
U+523A	U+523C	corpus
U+5247	U+5247	corpus
U+524A	U+524D	corpus
U+524F	U+524F	corpus
U+5254	U+5254	corpus
U+5256	U+5257	corpus
U+525B	U+525B	corpus
U+525D	U+525F	corpus
U+5269	U+526A	corpus
U+526D	U+526D	corpus
U+526F	U+526F	corpus
U+5272	U+5275	corpus
U+5277	U+5277	corpus
U+527D	U+527D	corpus
U+527F	U+527F	corpus
U+5282	U+5282	corpus
U+5284	U+5284	corpus
U+5287	U+5287	corpus
U+5289	U+5289	corpus
U+528D	U+528D	corpus
U+5292	U+5293	corpus
U+5296	U+5296	corpus
U+529B	U+529B	corpus
U+529F	U+52A0	corpus
U+52A3	U+52A3	corpus
U+52A9	U+52A9	corpus
U+52AB	U+52AB	corpus
U+52AD	U+52AD	corpus
U+52B9	U+52B9	corpus
U+52BE	U+52BE	corpus
U+52C1	U+52C1	corpus
U+52C3	U+52C3	corpus
U+52C5	U+52C5	corpus
U+52C7	U+52C7	corpus
U+52C9	U+52C9	corpus
U+52D2	U+52D2	corpus
U+52D5	U+52D9	corpus
U+52DB	U+52DB	corpus
U+52DD	U+52DF	corpus
U+52E2	U+52E2	corpus
U+52E4	U+52E4	corpus
U+52E6	U+52E6	corpus
U+52F0	U+52F3	corpus
U+52F5	U+52F5	corpus
U+52F8	U+52F8	corpus
U+52FA	U+52FB	corpus
U+52FF	U+52FF	corpus
U+5305	U+5305	corpus
U+5308	U+5308	corpus
U+530F	U+530F	corpus
U+5315	U+5317	corpus
U+531A	U+531A	corpus
U+531C	U+531D	corpus
U+5320	U+5321	corpus
U+532A	U+532A	corpus
U+5331	U+5331	corpus
U+5339	U+5339	corpus
U+533D	U+533D	corpus
U+533F	U+5341	corpus
U+5343	U+5344	corpus
U+5347	U+534A	corpus
U+5351	U+5354	corpus
U+5357	U+5357	corpus
U+535A	U+535A	corpus
U+535C	U+535E	corpus
U+5360	U+5360	corpus
U+5363	U+5363	corpus
U+5366	U+5367	corpus
U+536D	U+5371	corpus
U+5373	U+5375	corpus
U+5377	U+5377	corpus
U+537B	U+537C	corpus
U+537F	U+537F	corpus
U+5382	U+5382	corpus
U+5393	U+5393	corpus
U+5396	U+5396	corpus
U+539A	U+539A	corpus
U+539F	U+539F	corpus
U+53A5	U+53A5	corpus
U+53A8	U+53A8	corpus
U+53AD	U+53AD	corpus
U+53B0	U+53B0	corpus
U+53B2	U+53B2	corpus
U+53BB	U+53BB	corpus
U+53C3	U+53C3	corpus
U+53C8	U+53C8	corpus
U+53CA	U+53CB	corpus
U+53CD	U+53CD	corpus
U+53D4	U+53D4	corpus
U+53D6	U+53D7	corpus
U+53D9	U+53D9	corpus
U+53DB	U+53DB	corpus
U+53DF	U+53E6	corpus
U+53E8	U+53EC	corpus
U+53EF	U+53F0	corpus
U+53F2	U+53F3	corpus
U+53F6	U+53F6	corpus
U+53F8	U+53F8	corpus
U+5401	U+5401	corpus
U+5404	U+5404	corpus
U+5408	U+5409	corpus
U+540C	U+5411	corpus
U+541B	U+541B	corpus
U+541D	U+5420	corpus
U+5426	U+5426	corpus
U+542B	U+542B	corpus
U+5433	U+5433	corpus
U+5439	U+5439	corpus
U+543B	U+543B	corpus
U+543E	U+543E	corpus
U+5442	U+5442	corpus
U+5446	U+5446	corpus
U+5448	U+5448	corpus
U+544A	U+544A	corpus
U+5468	U+5468	corpus
U+5473	U+5474	corpus
U+547B	U+547D	corpus
U+5488	U+5488	corpus
U+548C	U+548C	corpus
U+548E	U+548F	corpus
U+5492	U+5492	corpus
U+54A1	U+54A1	corpus
U+54A5	U+54A5	corpus
U+54A8	U+54A8	corpus
U+54AB	U+54AB	corpus
U+54AE	U+54AE	corpus
U+54B8	U+54B8	corpus
U+54BA	U+54BB	corpus
U+54C0	U+54C1	corpus
U+54C9	U+54C9	corpus
U+54E1	U+54E1	corpus
U+54E5	U+54E5	corpus
U+54ED	U+54ED	corpus
U+54F2	U+54F2	corpus
U+54FB	U+54FB	corpus
U+5507	U+5507	corpus
U+5510	U+5510	corpus
U+552E	U+552F	corpus
U+5531	U+5531	corpus
U+5546	U+5546	corpus
U+554F	U+5550	corpus
U+5553	U+5553	corpus
U+5556	U+5556	corpus
U+557B	U+557B	corpus
U+5584	U+5584	corpus
U+5586	U+5587	corpus
U+558F	U+558F	corpus
U+5599	U+559A	corpus
U+559C	U+559C	corpus
U+55A9	U+55AC	corpus
U+55AE	U+55AE	corpus
U+55BB	U+55BB	corpus
U+55C4	U+55C4	corpus
U+55C7	U+55C7	corpus
U+55D1	U+55D1	corpus
U+55DC	U+55DC	corpus
U+55DF	U+55DF	corpus
U+55E3	U+55E4	corpus
U+5606	U+5606	corpus
U+5609	U+5609	corpus
U+560F	U+560F	corpus
U+5617	U+5617	corpus
U+5637	U+5637	corpus
U+5649	U+5649	corpus
U+564E	U+564E	corpus
U+5668	U+5668	corpus
U+566C	U+566C	corpus
U+5685	U+5685	corpus
U+569A	U+569A	corpus
U+56AE	U+56AE	corpus
U+56B3	U+56B4	corpus
U+56B7	U+56B7	corpus
U+56BC	U+56BC	corpus
U+56C1	U+56C2	corpus
U+56CA	U+56CA	corpus
U+56DA	U+56DB	corpus
U+56DE	U+56DE	corpus
U+56E0	U+56E0	corpus
U+56F0	U+56F0	corpus
U+56FA	U+56FA	corpus
U+56FF	U+56FF	corpus
U+5703	U+5703	corpus
U+5708	U+5709	corpus
U+570B	U+570B	corpus
U+570D	U+570D	corpus
U+5712	U+5713	corpus
U+5716	U+5716	corpus
U+5718	U+5718	corpus
U+571C	U+571C	corpus
U+571F	U+571F	corpus
U+5728	U+5728	corpus
U+572C	U+572D	corpus
U+5730	U+5730	corpus
U+573B	U+573B	corpus
U+5740	U+5740	corpus
U+5747	U+5747	corpus
U+574A	U+574A	corpus
U+574C	U+574C	corpus
U+574E	U+574E	corpus
U+5750	U+5751	corpus
U+5761	U+5761	corpus
U+5764	U+5764	corpus
U+5766	U+5766	corpus
U+576B	U+576B	corpus
U+5773	U+5773	corpus
U+577B	U+577C	corpus
U+5782	U+5782	corpus
U+578B	U+578B	corpus
U+5793	U+5793	corpus
U+579A	U+579A	corpus
U+579E	U+579E	corpus
U+57A2	U+57A3	corpus
U+57CB	U+57CB	corpus
U+57CE	U+57CF	corpus
U+57DC	U+57DC	corpus
U+57DF	U+57DF	corpus
U+57E4	U+57E4	corpus
U+57F4	U+57F4	corpus
U+57F7	U+57F7	corpus
U+57F9	U+57FA	corpus
U+57FD	U+57FD	corpus
U+5802	U+5803	corpus
U+5805	U+5805	corpus
U+5807	U+5807	corpus
U+5809	U+5809	corpus
U+5819	U+5819	corpus
U+581E	U+581E	corpus
U+5821	U+5821	corpus
U+582A	U+582A	corpus
U+582F	U+5832	corpus
U+5834	U+5835	corpus
U+5848	U+5848	corpus
U+584B	U+584B	corpus
U+5852	U+5852	corpus
U+5857	U+5858	corpus
U+585E	U+585E	corpus
U+5864	U+5864	corpus
U+5868	U+5868	corpus
U+586B	U+586B	corpus
U+5872	U+5872	corpus
U+5875	U+5875	corpus
U+587E	U+587E	corpus
U+5880	U+5880	corpus
U+5883	U+5883	corpus
U+5889	U+5889	corpus
U+5893	U+5893	corpus
U+589C	U+589C	corpus
U+589E	U+589E	corpus
U+58A0	U+58A0	corpus
U+58A8	U+58A9	corpus
U+58AE	U+58AE	corpus
U+58B3	U+58B3	corpus
U+58BB	U+58BB	corpus
U+58C1	U+58C1	corpus
U+58C5	U+58C5	corpus
U+58C7	U+58C7	corpus
U+58CA	U+58CA	corpus
U+58D1	U+58D1	corpus
U+58D3	U+58D3	corpus
U+58D8	U+58D8	corpus
U+58DD	U+58DE	corpus
U+58E9	U+58E9	corpus
U+58EB	U+58EC	corpus
U+58EF	U+58EF	corpus
U+58F9	U+58FB	corpus
U+58FD	U+58FD	corpus
U+590F	U+590F	corpus
U+5914	U+5916	corpus
U+5919	U+591A	corpus
U+591C	U+591C	corpus
U+5922	U+5925	corpus
U+5927	U+5927	corpus
U+5929	U+592E	corpus
U+5931	U+5931	corpus
U+5937	U+5938	corpus
U+593E	U+593E	corpus
U+5944	U+5944	corpus
U+5947	U+5947	corpus
U+5949	U+5949	corpus
U+594E	U+5951	corpus
U+5954	U+5955	corpus
U+595A	U+595A	corpus
U+5960	U+5960	corpus
U+5965	U+5965	corpus
U+5967	U+5967	corpus
U+5969	U+596A	corpus
U+596C	U+596E	corpus
U+5973	U+5974	corpus
U+5978	U+5978	corpus
U+597D	U+597D	corpus
U+5982	U+5984	corpus
U+598D	U+598D	corpus
U+5996	U+5996	corpus
U+5999	U+5999	corpus
U+59A3	U+59A5	corpus
U+59A8	U+59A8	corpus
U+59B9	U+59B9	corpus
U+59BB	U+59BB	corpus
U+59BE	U+59BE	corpus
U+59C6	U+59C6	corpus
U+59CA	U+59CB	corpus
U+59D1	U+59D4	corpus
U+59DA	U+59DA	corpus
U+59DC	U+59DD	corpus
U+59E4	U+59E4	corpus
U+59E6	U+59E6	corpus
U+59E8	U+59E8	corpus
U+59EA	U+59EA	corpus
U+59EC	U+59EC	corpus
U+59FB	U+59FB	corpus
U+5A01	U+5A01	corpus
U+5A11	U+5A11	corpus
U+5A1B	U+5A1B	corpus
U+5A23	U+5A23	corpus
U+5A36	U+5A36	corpus
U+5A3C	U+5A3C	corpus
U+5A41	U+5A41	corpus
U+5A46	U+5A46	corpus
U+5A49	U+5A49	corpus
U+5A55	U+5A55	corpus
U+5A5A	U+5A5A	corpus
U+5A66	U+5A66	corpus
U+5A7A	U+5A7A	corpus
U+5A92	U+5A92	corpus
U+5A9A	U+5A9A	corpus
U+5A9F	U+5A9F	corpus
U+5AA7	U+5AA7	corpus
U+5AB5	U+5AB5	corpus
U+5AB8	U+5AB8	corpus
U+5ABE	U+5ABF	corpus
U+5AC1	U+5AC2	corpus
U+5AC4	U+5AC4	corpus
U+5ACC	U+5ACC	corpus
U+5ACF	U+5ACF	corpus
U+5AD3	U+5AD3	corpus
U+5ADA	U+5ADA	corpus
U+5AE1	U+5AE1	corpus
U+5AFB	U+5AFB	corpus
U+5B00	U+5B00	corpus
U+5B16	U+5B16	corpus
U+5B1B	U+5B1B	corpus
U+5B2A	U+5B2A	corpus
U+5B30	U+5B30	corpus
U+5B34	U+5B34	corpus
U+5B50	U+5B50	corpus
U+5B54	U+5B55	corpus
U+5B57	U+5B58	corpus
U+5B5A	U+5B5A	corpus
U+5B5C	U+5B5D	corpus
U+5B5F	U+5B5F	corpus
U+5B63	U+5B65	corpus
U+5B69	U+5B69	corpus
U+5B6B	U+5B6B	corpus
U+5B70	U+5B70	corpus
U+5B73	U+5B74	corpus
U+5B78	U+5B78	corpus
U+5B7A	U+5B7A	corpus
U+5B81	U+5B81	corpus
U+5B83	U+5B83	corpus
U+5B85	U+5B85	corpus
U+5B87	U+5B89	corpus
U+5B8B	U+5B8C	corpus
U+5B8F	U+5B8F	corpus
U+5B97	U+5B9C	corpus
U+5BA2	U+5BA7	corpus
U+5BAB	U+5BAB	corpus
U+5BB0	U+5BB0	corpus
U+5BB3	U+5BB6	corpus
U+5BB8	U+5BB9	corpus
U+5BBC	U+5BBC	corpus
U+5BBF	U+5BBF	corpus
U+5BC2	U+5BC7	corpus
U+5BCC	U+5BCC	corpus
U+5BD0	U+5BD0	corpus
U+5BD2	U+5BD3	corpus
U+5BD6	U+5BD8	corpus
U+5BDB	U+5BDB	corpus
U+5BDF	U+5BDF	corpus
U+5BE1	U+5BE2	corpus
U+5BE5	U+5BE7	corpus
U+5BE9	U+5BE9	corpus
U+5BEB	U+5BEC	corpus
U+5BEE	U+5BEE	corpus
U+5BF0	U+5BF0	corpus
U+5BF5	U+5BF6	corpus
U+5BF8	U+5BF8	corpus
U+5BFA	U+5BFA	corpus
U+5C01	U+5C01	corpus
U+5C04	U+5C05	corpus
U+5C07	U+5C0B	corpus
U+5C0D	U+5C0F	corpus
U+5C11	U+5C11	corpus
U+5C1A	U+5C1A	corpus
U+5C20	U+5C20	corpus
U+5C24	U+5C24	corpus
U+5C28	U+5C28	corpus
U+5C31	U+5C31	corpus
U+5C38	U+5C3A	corpus
U+5C3C	U+5C3C	corpus
U+5C3E	U+5C3E	corpus
U+5C40	U+5C40	corpus
U+5C45	U+5C46	corpus
U+5C48	U+5C48	corpus
U+5C4B	U+5C4B	corpus
U+5C4D	U+5C4D	corpus
U+5C4F	U+5C4F	corpus
U+5C51	U+5C51	corpus
U+5C55	U+5C55	corpus
U+5C60	U+5C60	corpus
U+5C62	U+5C62	corpus
U+5C64	U+5C65	corpus
U+5C68	U+5C68	corpus
U+5C6C	U+5C6C	corpus
U+5C6F	U+5C6F	corpus
U+5C71	U+5C71	corpus
U+5C8A	U+5C8A	corpus
U+5C8D	U+5C8D	corpus
U+5C90	U+5C90	corpus
U+5CA1	U+5CA1	corpus
U+5CA9	U+5CA9	corpus
U+5CAD	U+5CAD	corpus
U+5CB1	U+5CB1	corpus
U+5CB3	U+5CB3	corpus
U+5CB5	U+5CB5	corpus
U+5CB7	U+5CB8	corpus
U+5CE9	U+5CE9	corpus
U+5CEF	U+5CF0	corpus
U+5CF6	U+5CF6	corpus
U+5CFB	U+5CFB	corpus
U+5CFD	U+5CFD	corpus
U+5D07	U+5D07	corpus
U+5D0D	U+5D0D	corpus
U+5D10	U+5D11	corpus
U+5D14	U+5D14	corpus
U+5D16	U+5D16	corpus
U+5D19	U+5D19	corpus
U+5D27	U+5D27	corpus
U+5D36	U+5D36	corpus
U+5D47	U+5D47	corpus
U+5D4B	U+5D4B	corpus
U+5D4E	U+5D4E	corpus
U+5D50	U+5D50	corpus
U+5D52	U+5D52	corpus
U+5D69	U+5D69	corpus
U+5D6C	U+5D6C	corpus
U+5D82	U+5D82	corpus
U+5D93	U+5D93	corpus
U+5DA7	U+5DA7	corpus
U+5DB7	U+5DB7	corpus
U+5DBA	U+5DBA	corpus
U+5DBC	U+5DBD	corpus
U+5DCB	U+5DCB	corpus
U+5DCD	U+5DCD	corpus
U+5DD2	U+5DD2	corpus
U+5DD6	U+5DD6	corpus
U+5DD8	U+5DD8	corpus
U+5DDB	U+5DDB	corpus
U+5DDD	U+5DDF	corpus
U+5DE1	U+5DE2	corpus
U+5DE5	U+5DE8	corpus
U+5DEB	U+5DEB	corpus
U+5DEE	U+5DEE	corpus
U+5DF1	U+5DF5	corpus
U+5DF7	U+5DF7	corpus
U+5DFD	U+5DFE	corpus
U+5E02	U+5E03	corpus
U+5E06	U+5E06	corpus
U+5E0C	U+5E0C	corpus
U+5E11	U+5E11	corpus
U+5E15	U+5E16	corpus
U+5E19	U+5E19	corpus
U+5E1B	U+5E1B	corpus
U+5E1D	U+5E1D	corpus
U+5E25	U+5E25	corpus
U+5E2B	U+5E2D	corpus
U+5E33	U+5E33	corpus
U+5E36	U+5E38	corpus
U+5E3D	U+5E3D	corpus
U+5E43	U+5E45	corpus
U+5E50	U+5E50	corpus
U+5E53	U+5E55	corpus
U+5E57	U+5E57	corpus
U+5E5B	U+5E5B	corpus
U+5E63	U+5E63	corpus
U+5E66	U+5E66	corpus
U+5E68	U+5E68	corpus
U+5E72	U+5E79	corpus
U+5E7B	U+5E7E	corpus
U+5E80	U+5E80	corpus
U+5E87	U+5E87	corpus
U+5E8B	U+5E8B	corpus
U+5E8F	U+5E8F	corpus
U+5E95	U+5E96	corpus
U+5E9A	U+5E9A	corpus
U+5E9C	U+5E9C	corpus
U+5EA0	U+5EA0	corpus
U+5EA6	U+5EA6	corpus
U+5EAB	U+5EAB	corpus
U+5EAD	U+5EAD	corpus
U+5EB3	U+5EB3	corpus
U+5EB5	U+5EB8	corpus
U+5EBE	U+5EBE	corpus
U+5EC1	U+5EC2	corpus
U+5EC9	U+5ECA	corpus
U+5ECC	U+5ECC	corpus
U+5ED0	U+5ED0	corpus
U+5ED3	U+5ED3	corpus
U+5ED5	U+5ED6	corpus
U+5ED9	U+5ED9	corpus
U+5EDB	U+5EDB	corpus
U+5EDF	U+5EDF	corpus
U+5EE1	U+5EE3	corpus
U+5EE8	U+5EEA	corpus
U+5EEC	U+5EEC	corpus
U+5EF3	U+5EF3	corpus
U+5EF5	U+5EF8	corpus
U+5EFA	U+5EFA	corpus
U+5F01	U+5F01	corpus
U+5F04	U+5F04	corpus
U+5F06	U+5F07	corpus
U+5F0A	U+5F0B	corpus
U+5F0F	U+5F0F	corpus
U+5F13	U+5F15	corpus
U+5F17	U+5F17	corpus
U+5F1B	U+5F1B	corpus
U+5F1F	U+5F1F	corpus
U+5F23	U+5F23	corpus
U+5F26	U+5F27	corpus
U+5F31	U+5F31	corpus
U+5F35	U+5F35	corpus
U+5F37	U+5F37	corpus
U+5F3C	U+5F3C	corpus
U+5F48	U+5F48	corpus
U+5F4A	U+5F4A	corpus
U+5F4C	U+5F4C	corpus
U+5F56	U+5F56	corpus
U+5F58	U+5F59	corpus
U+5F5B	U+5F5D	corpus
U+5F62	U+5F62	corpus
U+5F64	U+5F66	corpus
U+5F69	U+5F6D	corpus
U+5F70	U+5F71	corpus
U+5F79	U+5F79	corpus
U+5F7C	U+5F7C	corpus
U+5F7F	U+5F82	corpus
U+5F85	U+5F85	corpus
U+5F87	U+5F87	corpus
U+5F8B	U+5F8C	corpus
U+5F90	U+5F92	corpus
U+5F97	U+5F97	corpus
U+5F99	U+5F99	corpus
U+5F9E	U+5F9E	corpus
U+5FA1	U+5FA1	corpus
U+5FA4	U+5FA4	corpus
U+5FA7	U+5FA7	corpus
U+5FA9	U+5FAA	corpus
U+5FAD	U+5FAF	corpus
U+5FB5	U+5FB5	corpus
U+5FB7	U+5FB7	corpus
U+5FB9	U+5FB9	corpus
U+5FBD	U+5FBD	corpus
U+5FC3	U+5FC3	corpus
U+5FC5	U+5FC5	corpus
U+5FCC	U+5FCD	corpus
U+5FD2	U+5FD2	corpus
U+5FD7	U+5FD8	corpus
U+5FDD	U+5FDD	corpus
U+5FE0	U+5FE0	corpus
U+5FE4	U+5FE4	corpus
U+5FED	U+5FEE	corpus
U+5FF1	U+5FF1	corpus
U+5FF5	U+5FF5	corpus
U+5FFD	U+5FFD	corpus
U+5FFF	U+5FFF	corpus
U+6012	U+6012	corpus
U+6019	U+6019	corpus
U+601D	U+601D	corpus
U+6020	U+6021	corpus
U+6025	U+6025	corpus
U+6027	U+6028	corpus
U+602A	U+602A	corpus
U+6033	U+6033	corpus
U+6042	U+6043	corpus
U+604D	U+604D	corpus
U+6050	U+6050	corpus
U+6052	U+6052	corpus
U+6055	U+6055	corpus
U+6059	U+605A	corpus
U+6060	U+6060	corpus
U+6062	U+6065	corpus
U+6068	U+606A	corpus
U+606C	U+606D	corpus
U+606F	U+6071	corpus
U+6085	U+6085	corpus
U+6089	U+608A	corpus
U+608C	U+608D	corpus
U+6094	U+6094	corpus
U+6096	U+6096	corpus
U+609E	U+60A0	corpus
U+60A3	U+60A3	corpus
U+60B2	U+60B3	corpus
U+60B6	U+60B6	corpus
U+60BC	U+60BC	corpus
U+60C5	U+60C5	corpus
U+60C7	U+60C7	corpus
U+60CE	U+60CE	corpus
U+60D1	U+60D1	corpus
U+60D3	U+60D3	corpus
U+60D5	U+60D5	corpus
U+60DA	U+60DA	corpus
U+60DC	U+60DD	corpus
U+60DF	U+60E2	corpus
U+60F0	U+60F0	corpus
U+60F3	U+60F3	corpus
U+60FA	U+60FA	corpus
U+6101	U+6101	corpus
U+6106	U+6106	corpus
U+6108	U+6108	corpus
U+610D	U+610D	corpus
U+610F	U+610F	corpus
U+6115	U+6115	corpus
U+611A	U+611C	corpus
U+611E	U+611F	corpus
U+6127	U+6127	corpus
U+612B	U+612B	corpus
U+6146	U+6146	corpus
U+6148	U+6148	corpus
U+614B	U+614B	corpus
U+614D	U+614E	corpus
U+6155	U+6155	corpus
U+6159	U+615A	corpus
U+6164	U+6164	corpus
U+6168	U+6168	corpus
U+616E	U+616E	corpus
U+6170	U+6170	corpus
U+6176	U+6177	corpus
U+617E	U+617E	corpus
U+6182	U+6182	corpus
U+618A	U+618A	corpus
U+618E	U+618E	corpus
U+6190	U+6191	corpus
U+619A	U+619A	corpus
U+61A4	U+61A4	corpus
U+61AB	U+61AC	corpus
U+61AE	U+61AE	corpus
U+61B2	U+61B2	corpus
U+61B6	U+61B6	corpus
U+61B8	U+61B8	corpus
U+61BE	U+61BE	corpus
U+61C7	U+61C7	corpus
U+61C9	U+61C9	corpus
U+61CB	U+61CC	corpus
U+61D0	U+61D0	corpus
U+61DF	U+61DF	corpus
U+61E3	U+61E3	corpus
U+61EE	U+61EE	corpus
U+61F2	U+61F2	corpus
U+61F4	U+61F4	corpus
U+61F7	U+61F8	corpus
U+61FC	U+61FF	corpus
U+6208	U+6208	corpus
U+620A	U+620A	corpus
U+620C	U+620E	corpus
U+6210	U+6212	corpus
U+6216	U+6216	corpus
U+621A	U+621B	corpus
U+6221	U+6221	corpus
U+6229	U+622A	corpus
U+622E	U+622E	corpus
U+6230	U+6230	corpus
U+6232	U+6232	corpus
U+6234	U+6234	corpus
U+6236	U+6237	corpus
U+623E	U+6241	corpus
U+6243	U+6243	corpus
U+6246	U+6249	corpus
U+624B	U+624B	corpus
U+624D	U+624E	corpus
U+6250	U+6250	corpus
U+6253	U+6253	corpus
U+6258	U+6258	corpus
U+6271	U+6271	corpus
U+6276	U+6276	corpus
U+6279	U+627A	corpus
U+627F	U+6280	corpus
U+6284	U+6284	corpus
U+6289	U+628A	corpus
U+6291	U+6292	corpus
U+6295	U+6295	corpus
U+6297	U+6298	corpus
U+629B	U+629B	corpus
U+629D	U+629D	corpus
U+62A8	U+62A8	corpus
U+62AB	U+62AB	corpus
U+62B1	U+62B1	corpus
U+62B5	U+62B5	corpus
U+62BD	U+62BD	corpus
U+62C2	U+62C2	corpus
U+62C4	U+62C4	corpus
U+62C6	U+62C8	corpus
U+62D2	U+62D2	corpus
U+62D4	U+62D4	corpus
U+62D8	U+62D9	corpus
U+62DB	U+62DC	corpus
U+62EC	U+62EC	corpus
U+62F1	U+62F1	corpus
U+62FE	U+62FE	corpus
U+6301	U+6302	corpus
U+6307	U+6309	corpus
U+632F	U+632F	corpus
U+6339	U+633A	corpus
U+633D	U+633E	corpus
U+6343	U+6343	corpus
U+6349	U+6349	corpus
U+6350	U+6350	corpus
U+6355	U+6355	corpus
U+635C	U+635C	corpus
U+6365	U+6365	corpus
U+6367	U+6367	corpus
U+6369	U+6369	corpus
U+636B	U+636B	corpus
U+636E	U+636E	corpus
U+6372	U+6372	corpus
U+6377	U+6377	corpus
U+6383	U+6384	corpus
U+6387	U+638A	corpus
U+638C	U+638C	corpus
U+638F	U+638F	corpus
U+6392	U+6392	corpus
U+6396	U+6396	corpus
U+6398	U+6398	corpus
U+639B	U+639B	corpus
U+63A0	U+63A2	corpus
U+63A5	U+63A5	corpus
U+63A8	U+63AA	corpus
U+63AC	U+63AC	corpus
U+63BE	U+63BE	corpus
U+63C0	U+63C0	corpus
U+63C6	U+63C6	corpus
U+63C9	U+63C9	corpus
U+63CF	U+63D0	corpus
U+63D2	U+63D2	corpus
U+63D6	U+63D6	corpus
U+63DA	U+63DA	corpus
U+63DC	U+63DC	corpus
U+63E1	U+63E1	corpus
U+63E3	U+63E3	corpus
U+63ED	U+63EE	corpus
U+63F2	U+63F2	corpus
U+63F4	U+63F4	corpus
U+6406	U+6406	corpus
U+6409	U+6409	corpus
U+640D	U+640D	corpus
U+640F	U+640F	corpus
U+6416	U+6416	corpus
U+641C	U+641C	corpus
U+6422	U+6422	corpus
U+6428	U+6428	corpus
U+6434	U+6434	corpus
U+643A	U+643A	corpus
U+6449	U+6449	corpus
U+6458	U+6458	corpus
U+6467	U+6467	corpus
U+6469	U+6469	corpus
U+646D	U+646D	corpus
U+646F	U+6470	corpus
U+6476	U+6476	corpus
U+6478	U+647A	corpus
U+647D	U+647D	corpus
U+6492	U+6493	corpus
U+649D	U+649D	corpus
U+64A4	U+64A5	corpus
U+64AB	U+64AB	corpus
U+64AD	U+64AE	corpus
U+64B0	U+64B0	corpus
U+64B2	U+64B2	corpus
U+64BC	U+64BC	corpus
U+64BF	U+64BF	corpus
U+64C1	U+64C1	corpus
U+64C5	U+64C5	corpus
U+64C7	U+64C7	corpus
U+64CA	U+64CA	corpus
U+64CD	U+64CD	corpus
U+64D4	U+64D4	corpus
U+64D8	U+64D8	corpus
U+64DA	U+64DA	corpus
U+64E0	U+64E0	corpus
U+64E2	U+64E2	corpus
U+64E5	U+64E5	corpus
U+64EC	U+64EC	corpus
U+64EF	U+64EF	corpus
U+64F2	U+64F2	corpus
U+64F4	U+64F4	corpus
U+64F7	U+64F7	corpus
U+64FA	U+64FA	corpus
U+64FE	U+64FE	corpus
U+6500	U+6500	corpus
U+6504	U+6504	corpus
U+6516	U+6516	corpus
U+6518	U+6519	corpus
U+651C	U+651D	corpus
U+651F	U+651F	corpus
U+6523	U+6523	corpus
U+652C	U+652C	corpus
U+652F	U+652F	corpus
U+6536	U+6539	corpus
U+653B	U+653B	corpus
U+653D	U+653F	corpus
U+6545	U+6545	corpus
U+6548	U+6549	corpus
U+654D	U+654D	corpus
U+654F	U+654F	corpus
U+6551	U+6551	corpus
U+6555	U+6559	corpus
U+655D	U+655E	corpus
U+6562	U+6563	corpus
U+6566	U+6566	corpus
U+656C	U+656C	corpus
U+6572	U+6572	corpus
U+6574	U+6578	corpus
U+657A	U+657A	corpus
U+6582	U+6582	corpus
U+6587	U+6587	corpus
U+6591	U+6591	corpus
U+6597	U+6597	corpus
U+6599	U+6599	corpus
U+659C	U+659C	corpus
U+659F	U+659F	corpus
U+65A4	U+65A5	corpus
U+65A7	U+65A7	corpus
U+65AC	U+65AC	corpus
U+65AF	U+65B0	corpus
U+65B7	U+65B7	corpus
U+65B9	U+65B9	corpus
U+65BC	U+65BD	corpus
U+65C1	U+65C5	corpus
U+65CB	U+65CC	corpus
U+65CF	U+65CF	corpus
U+65D2	U+65D2	corpus
U+65D7	U+65D7	corpus
U+65DB	U+65DC	corpus
U+65E0	U+65E0	corpus
U+65E2	U+65E2	corpus
U+65E5	U+65E6	corpus
U+65E8	U+65E9	corpus
U+65EC	U+65ED	corpus
U+65F1	U+65F1	corpus
U+65FA	U+65FC	corpus
U+6600	U+6600	corpus
U+6602	U+6602	corpus
U+6604	U+6604	corpus
U+6606	U+6607	corpus
U+6609	U+660A	corpus
U+660C	U+660C	corpus
U+660E	U+660F	corpus
U+6613	U+6615	corpus
U+661F	U+6620	corpus
U+6625	U+6625	corpus
U+6627	U+6628	corpus
U+662B	U+662B	corpus
U+662D	U+662D	corpus
U+662F	U+662F	corpus
U+6631	U+6631	corpus
U+6634	U+6636	corpus
U+663A	U+663A	corpus
U+6641	U+6643	corpus
U+6649	U+6649	corpus
U+664F	U+664F	corpus
U+665A	U+665A	corpus
U+665D	U+665D	corpus
U+665F	U+665F	corpus
U+6664	U+6664	corpus
U+6666	U+6666	corpus
U+6668	U+6669	corpus
U+666B	U+666B	corpus
U+666E	U+6670	corpus
U+6673	U+6674	corpus
U+6676	U+6677	corpus
U+667A	U+667A	corpus
U+6687	U+6687	corpus
U+6689	U+6689	corpus
U+668C	U+668C	corpus
U+6691	U+6691	corpus
U+6696	U+6696	corpus
U+6698	U+6698	corpus
U+669D	U+669D	corpus
U+66A2	U+66A2	corpus
U+66A8	U+66A8	corpus
U+66AE	U+66AE	corpus
U+66B4	U+66B5	corpus
U+66C6	U+66C6	corpus
U+66C9	U+66C9	corpus
U+66DC	U+66DD	corpus
U+66E0	U+66E0	corpus
U+66E6	U+66E6	corpus
U+66E9	U+66E9	corpus
U+66F0	U+66F0	corpus
U+66F2	U+66F4	corpus
U+66F7	U+66F9	corpus
U+66FC	U+66FC	corpus
U+66FE	U+6700	corpus
U+6702	U+6703	corpus
U+6705	U+6705	corpus
U+6708	U+6709	corpus
U+670B	U+670B	corpus
U+670D	U+670D	corpus
U+670F	U+670F	corpus
U+6714	U+6715	corpus
U+6717	U+6717	corpus
U+671B	U+671B	corpus
U+671D	U+671D	corpus
U+671F	U+671F	corpus
U+6728	U+6728	corpus
U+672A	U+672D	corpus
U+6731	U+6731	corpus
U+6734	U+6734	corpus
U+673D	U+673D	corpus
U+673F	U+673F	corpus
U+674C	U+674C	corpus
U+674E	U+6751	corpus
U+6753	U+6753	corpus
U+6755	U+6756	corpus
U+675C	U+675C	corpus
U+675E	U+675F	corpus
U+676A	U+676A	corpus
U+676D	U+676D	corpus
U+676F	U+6771	corpus
U+6773	U+6773	corpus
U+677C	U+677C	corpus
U+677E	U+677F	corpus
U+6789	U+6789	corpus
U+678B	U+678C	corpus
U+6790	U+6790	corpus
U+6795	U+6795	corpus
U+6797	U+6798	corpus
U+679A	U+679A	corpus
U+679C	U+679D	corpus
U+67AF	U+67AF	corpus
U+67B5	U+67B6	corpus
U+67C4	U+67C4	corpus
U+67CE	U+67D0	corpus
U+67D3	U+67D4	corpus
U+67DE	U+67DF	corpus
U+67E2	U+67E2	corpus
U+67E5	U+67E5	corpus
U+67E9	U+67E9	corpus
U+67EC	U+67EC	corpus
U+67EF	U+67F1	corpus
U+67F3	U+67F4	corpus
U+6817	U+6817	corpus
U+681D	U+681D	corpus
U+6821	U+6822	corpus
U+682A	U+682A	corpus
U+6835	U+6835	corpus
U+6838	U+6839	corpus
U+683B	U+683C	corpus
U+6840	U+6843	corpus
U+6848	U+6848	corpus
U+6850	U+6851	corpus
U+6853	U+6853	corpus
U+6877	U+6877	corpus
U+6881	U+6881	corpus
U+6885	U+6885	corpus
U+6893	U+6893	corpus
U+6897	U+6897	corpus
U+689D	U+689D	corpus
U+689F	U+68A0	corpus
U+68A7	U+68A8	corpus
U+68AD	U+68AD	corpus
U+68B0	U+68B0	corpus
U+68B3	U+68B3	corpus
U+68C4	U+68C4	corpus
U+68CA	U+68CA	corpus
U+68D0	U+68D0	corpus
U+68D7	U+68D8	corpus
U+68DC	U+68DC	corpus
U+68DF	U+68E0	corpus
U+68E3	U+68E3	corpus
U+68E7	U+68E8	corpus
U+68EB	U+68EB	corpus
U+68EE	U+68EE	corpus
U+68F1	U+68F2	corpus
U+68FA	U+68FC	corpus
U+6905	U+6905	corpus
U+690D	U+690E	corpus
U+6912	U+6913	corpus
U+693F	U+693F	corpus
U+694A	U+694A	corpus
U+6953	U+6953	corpus
U+6958	U+6958	corpus
U+695A	U+695B	corpus
U+695E	U+695E	corpus
U+6960	U+6960	corpus
U+6963	U+6963	corpus
U+6968	U+6968	corpus
U+696B	U+696B	corpus
U+696D	U+696E	corpus
U+6973	U+6973	corpus
U+6975	U+6975	corpus
U+6977	U+6977	corpus
U+6979	U+6979	corpus
U+6982	U+6982	corpus
U+6986	U+6986	corpus
U+6994	U+6996	corpus
U+6998	U+6998	corpus
U+699B	U+699C	corpus
U+69A6	U+69A6	corpus
U+69AD	U+69AE	corpus
U+69B4	U+69B4	corpus
U+69B7	U+69B7	corpus
U+69C0	U+69C0	corpus
U+69C3	U+69C3	corpus
U+69CB	U+69CB	corpus
U+69D0	U+69D0	corpus
U+69D8	U+69D8	corpus
U+69E7	U+69E9	corpus
U+69F7	U+69F7	corpus
U+6A02	U+6A02	corpus
U+6A0A	U+6A0A	corpus
U+6A13	U+6A13	corpus
U+6A17	U+6A17	corpus
U+6A19	U+6A19	corpus
U+6A1B	U+6A1B	corpus
U+6A1E	U+6A1E	corpus
U+6A21	U+6A21	corpus
U+6A23	U+6A23	corpus
U+6A35	U+6A35	corpus
U+6A38	U+6A39	corpus
U+6A3D	U+6A3E	corpus
U+6A4B	U+6A4B	corpus
U+6A52	U+6A52	corpus
U+6A58	U+6A58	corpus
U+6A5A	U+6A5A	corpus
U+6A5F	U+6A5F	corpus
U+6A6B	U+6A6B	corpus
U+6A80	U+6A80	corpus
U+6A83	U+6A83	corpus
U+6A87	U+6A87	corpus
U+6A89	U+6A89	corpus
U+6A90	U+6A90	corpus
U+6A92	U+6A92	corpus
U+6A9C	U+6A9C	corpus
U+6AA2	U+6AA2	corpus
U+6AC4	U+6AC4	corpus
U+6ADB	U+6ADB	corpus
U+6ADD	U+6ADD	corpus
U+6ADF	U+6ADF	corpus
U+6AFD	U+6AFD	corpus
U+6B0A	U+6B0A	corpus
U+6B12	U+6B12	corpus
U+6B20	U+6B21	corpus
U+6B23	U+6B23	corpus
U+6B32	U+6B32	corpus
U+6B35	U+6B35	corpus
U+6B3A	U+6B3A	corpus
U+6B3D	U+6B3E	corpus
U+6B46	U+6B46	corpus
U+6B49	U+6B49	corpus
U+6B4C	U+6B4C	corpus
U+6B4E	U+6B4E	corpus
U+6B50	U+6B50	corpus
U+6B59	U+6B59	corpus
U+6B5B	U+6B5B	corpus
U+6B5F	U+6B5F	corpus
U+6B61	U+6B67	corpus
U+6B72	U+6B73	corpus
U+6B77	U+6B78	corpus
U+6B7B	U+6B7B	corpus
U+6B80	U+6B81	corpus
U+6B86	U+6B86	corpus
U+6B89	U+6B8A	corpus
U+6B96	U+6B96	corpus
U+6B98	U+6B98	corpus
U+6B9B	U+6B9B	corpus
U+6BA4	U+6BA4	corpus
U+6BAB	U+6BAB	corpus
U+6BAE	U+6BAF	corpus
U+6BB5	U+6BB5	corpus
U+6BB7	U+6BB7	corpus
U+6BBA	U+6BBA	corpus
U+6BBF	U+6BC1	corpus
U+6BC5	U+6BC5	corpus
U+6BCB	U+6BCB	corpus
U+6BCD	U+6BCD	corpus
U+6BCF	U+6BCF	corpus
U+6BD2	U+6BD4	corpus
U+6BD6	U+6BD6	corpus
U+6BD8	U+6BD8	corpus
U+6BDB	U+6BDB	corpus
U+6BEB	U+6BEB	corpus
U+6BF3	U+6BF3	corpus
U+6C02	U+6C02	corpus
U+6C0A	U+6C0A	corpus
U+6C0F	U+6C0F	corpus
U+6C11	U+6C11	corpus
U+6C13	U+6C13	corpus
U+6C23	U+6C23	corpus
U+6C34	U+6C34	corpus
U+6C38	U+6C38	corpus
U+6C40	U+6C42	corpus
U+6C4E	U+6C4E	corpus
U+6C57	U+6C57	corpus
U+6C5A	U+6C5A	corpus
U+6C5C	U+6C5D	corpus
U+6C5F	U+6C60	corpus
U+6C68	U+6C68	corpus
U+6C6A	U+6C6A	corpus
U+6C6D	U+6C6D	corpus
U+6C70	U+6C70	corpus
U+6C72	U+6C74	corpus
U+6C76	U+6C76	corpus
U+6C78	U+6C78	corpus
U+6C7A	U+6C7A	corpus
U+6C7E	U+6C7E	corpus
U+6C82	U+6C83	corpus
U+6C85	U+6C88	corpus
U+6C8C	U+6C8C	corpus
U+6C90	U+6C90	corpus
U+6C92	U+6C94	corpus
U+6C96	U+6C96	corpus
U+6C99	U+6C9B	corpus
U+6CA1	U+6CA1	corpus
U+6CAE	U+6CAE	corpus
U+6CB1	U+6CB1	corpus
U+6CB3	U+6CB3	corpus
U+6CB8	U+6CB9	corpus
U+6CBB	U+6CBB	corpus
U+6CBF	U+6CBF	corpus
U+6CC1	U+6CC1	corpus
U+6CC9	U+6CCA	corpus
U+6CCC	U+6CCC	corpus
U+6CD3	U+6CD3	corpus
U+6CD5	U+6CD5	corpus
U+6CD7	U+6CD7	corpus
U+6CDB	U+6CDB	corpus
U+6CDD	U+6CDD	corpus
U+6CE2	U+6CE3	corpus
U+6CE5	U+6CE5	corpus
U+6CE8	U+6CE8	corpus
U+6CEE	U+6CF0	corpus
U+6CF2	U+6CF3	corpus
U+6D0B	U+6D0B	corpus
U+6D0E	U+6D0E	corpus
U+6D12	U+6D13	corpus
U+6D17	U+6D17	corpus
U+6D19	U+6D1B	corpus
U+6D1E	U+6D1E	corpus
U+6D25	U+6D25	corpus
U+6D27	U+6D27	corpus
U+6D29	U+6D2B	corpus
U+6D2E	U+6D2E	corpus
U+6D32	U+6D32	corpus
U+6D35	U+6D35	corpus
U+6D38	U+6D38	corpus
U+6D3B	U+6D3B	corpus
U+6D3D	U+6D3E	corpus
U+6D41	U+6D41	corpus
U+6D59	U+6D5A	corpus
U+6D63	U+6D63	corpus
U+6D66	U+6D66	corpus
U+6D69	U+6D6A	corpus
U+6D6E	U+6D6E	corpus
U+6D74	U+6D74	corpus
U+6D77	U+6D79	corpus
U+6D82	U+6D82	corpus
U+6D87	U+6D89	corpus
U+6D8D	U+6D8D	corpus
U+6D93	U+6D98	corpus
U+6DAA	U+6DAA	corpus
U+6DAF	U+6DAF	corpus
U+6DB2	U+6DB2	corpus
U+6DB5	U+6DB5	corpus
U+6DB8	U+6DB8	corpus
U+6DBC	U+6DBC	corpus
U+6DC4	U+6DC4	corpus
U+6DC6	U+6DC7	corpus
U+6DD1	U+6DD1	corpus
U+6DD9	U+6DDB	corpus
U+6DE0	U+6DE2	corpus
U+6DE8	U+6DE8	corpus
U+6DEA	U+6DEB	corpus
U+6DEE	U+6DEE	corpus
U+6DF1	U+6DF1	corpus
U+6DF3	U+6DF3	corpus
U+6DF5	U+6DF5	corpus
U+6DF7	U+6DF7	corpus
U+6DF9	U+6DFB	corpus
U+6E05	U+6E05	corpus
U+6E12	U+6E12	corpus
U+6E19	U+6E1B	corpus
U+6E1D	U+6E1D	corpus
U+6E20	U+6E22	corpus
U+6E24	U+6E26	corpus
U+6E29	U+6E29	corpus
U+6E2B	U+6E2D	corpus
U+6E38	U+6E38	corpus
U+6E3A	U+6E3A	corpus
U+6E3E	U+6E3E	corpus
U+6E43	U+6E44	corpus
U+6E46	U+6E46	corpus
U+6E4A	U+6E4A	corpus
U+6E56	U+6E56	corpus
U+6E58	U+6E58	corpus
U+6E5B	U+6E5C	corpus
U+6E6B	U+6E6B	corpus
U+6E6E	U+6E6F	corpus
U+6E89	U+6E89	corpus
U+6E8D	U+6E8E	corpus
U+6E90	U+6E90	corpus
U+6E96	U+6E96	corpus
U+6E9D	U+6E9D	corpus
U+6E9F	U+6E9F	corpus
U+6EA2	U+6EA2	corpus
U+6EA5	U+6EA5	corpus
U+6EA7	U+6EA7	corpus
U+6EAA	U+6EAB	corpus
U+6EAF	U+6EAF	corpus
U+6EB1	U+6EB1	corpus
U+6EB6	U+6EB7	corpus
U+6EBA	U+6EBA	corpus
U+6EC1	U+6EC2	corpus
U+6EC4	U+6EC5	corpus
U+6EC7	U+6EC7	corpus
U+6ECB	U+6ECC	corpus
U+6ECE	U+6ECE	corpus
U+6ED4	U+6ED5	corpus
U+6ED9	U+6ED9	corpus
U+6EDB	U+6EDB	corpus
U+6EEE	U+6EEF	corpus
U+6EF1	U+6EF1	corpus
U+6EF4	U+6EF4	corpus
U+6EFE	U+6EFF	corpus
U+6F01	U+6F01	corpus
U+6F06	U+6F06	corpus
U+6F08	U+6F08	corpus
U+6F0B	U+6F0B	corpus
U+6F0F	U+6F0F	corpus
U+6F14	U+6F15	corpus
U+6F22	U+6F23	corpus
U+6F2B	U+6F2B	corpus
U+6F2F	U+6F2F	corpus
U+6F33	U+6F33	corpus
U+6F35	U+6F36	corpus
U+6F38	U+6F38	corpus
U+6F3E	U+6F3F	corpus
U+6F41	U+6F41	corpus
U+6F44	U+6F44	corpus
U+6F54	U+6F54	corpus
U+6F58	U+6F59	corpus
U+6F5B	U+6F5C	corpus
U+6F62	U+6F62	corpus
U+6F64	U+6F64	corpus
U+6F67	U+6F67	corpus
U+6F6D	U+6F70	corpus
U+6F7C	U+6F7C	corpus
U+6F81	U+6F81	corpus
U+6F84	U+6F84	corpus
U+6F86	U+6F86	corpus
U+6F88	U+6F88	corpus
U+6F8D	U+6F8E	corpus
U+6F90	U+6F90	corpus
U+6F94	U+6F94	corpus
U+6F97	U+6F97	corpus
U+6FA4	U+6FA5	corpus
U+6FA7	U+6FA8	corpus
U+6FAE	U+6FAE	corpus
U+6FB3	U+6FB3	corpus
U+6FB9	U+6FB9	corpus
U+6FC0	U+6FC0	corpus
U+6FC2	U+6FC2	corpus
U+6FDB	U+6FDB	corpus
U+6FDF	U+6FE1	corpus
U+6FE4	U+6FE4	corpus
U+6FE9	U+6FE9	corpus
U+6FEB	U+6FEC	corpus
U+6FEE	U+6FF1	corpus
U+6FF5	U+6FF6	corpus
U+7006	U+7006	corpus
U+700B	U+700B	corpus
U+700D	U+700D	corpus
U+701A	U+701B	corpus
U+701D	U+701D	corpus
U+7026	U+7026	corpus
U+7039	U+7039	corpus
U+703E	U+703E	corpus
U+7043	U+7043	corpus
U+7049	U+7049	corpus
U+704B	U+704C	corpus
U+7051	U+7051	corpus
U+7064	U+7064	corpus
U+706B	U+706C	corpus
U+7070	U+7070	corpus
U+7078	U+7078	corpus
U+707C	U+707E	corpus
U+708A	U+708A	corpus
U+708E	U+708E	corpus
U+7099	U+7099	corpus
U+70A4	U+70A4	corpus
U+70AB	U+70AF	corpus
U+70B1	U+70B1	corpus
U+70B3	U+70B3	corpus
U+70C8	U+70C8	corpus
U+70CF	U+70CF	corpus
U+70D2	U+70D2	corpus
U+70DC	U+70DD	corpus
U+70DF	U+70DF	corpus
U+70F1	U+70F1	corpus
U+70FA	U+70FA	corpus
U+70FD	U+70FD	corpus
U+7109	U+7109	corpus
U+711A	U+711A	corpus
U+711E	U+711E	corpus
U+7121	U+7121	corpus
U+7126	U+7126	corpus
U+712F	U+7130	corpus
U+7136	U+7136	corpus
U+7147	U+7147	corpus
U+7149	U+7149	corpus
U+714C	U+714C	corpus
U+7152	U+7153	corpus
U+7159	U+7159	corpus
U+715C	U+715C	corpus
U+715E	U+715E	corpus
U+7162	U+7162	corpus
U+7164	U+7167	corpus
U+7169	U+7169	corpus
U+716E	U+716E	corpus
U+717D	U+717D	corpus
U+7184	U+7184	corpus
U+718A	U+718A	corpus
U+718F	U+718F	corpus
U+7192	U+7192	corpus
U+7199	U+7199	corpus
U+719F	U+719F	corpus
U+71AC	U+71AC	corpus
U+71B9	U+71B9	corpus
U+71BE	U+71BE	corpus
U+71C4	U+71C4	corpus
U+71C8	U+71C8	corpus
U+71CE	U+71CE	corpus
U+71D0	U+71D0	corpus
U+71D4	U+71D5	corpus
U+71DF	U+71E0	corpus
U+71E6	U+71E7	corpus
U+71EC	U+71EE	corpus
U+71F9	U+71F9	corpus
U+71FC	U+71FC	corpus
U+71FE	U+71FF	corpus
U+7210	U+7210	corpus
U+721A	U+721B	corpus
U+7228	U+7228	corpus
U+722C	U+722D	corpus
U+7230	U+7230	corpus
U+7232	U+7232	corpus
U+7235	U+7236	corpus
U+723B	U+723E	corpus
U+7240	U+7240	corpus
U+7242	U+7242	corpus
U+7246	U+7248	corpus
U+724B	U+724B	corpus
U+7252	U+7253	corpus
U+7256	U+7256	corpus
U+7258	U+7259	corpus
U+725B	U+725B	corpus
U+725D	U+725D	corpus
U+725F	U+725F	corpus
U+7261	U+7262	corpus
U+7267	U+7267	corpus
U+7269	U+7269	corpus
U+7271	U+7272	corpus
U+7274	U+7274	corpus
U+7279	U+7279	corpus
U+727D	U+727E	corpus
U+7281	U+7282	corpus
U+7285	U+7286	corpus
U+7289	U+7289	corpus
U+728D	U+728D	corpus
U+72A2	U+72A2	corpus
U+72A7	U+72A8	corpus
U+72AF	U+72AF	corpus
U+72B6	U+72B6	corpus
U+72C0	U+72C2	corpus
U+72C4	U+72C4	corpus
U+72CE	U+72CE	corpus
U+72D0	U+72D0	corpus
U+72D7	U+72D7	corpus
U+72E0	U+72E1	corpus
U+72E5	U+72E5	corpus
U+72E9	U+72E9	corpus
U+72F9	U+72FA	corpus
U+7317	U+7317	corpus
U+731B	U+731B	corpus
U+731D	U+731D	corpus
U+7325	U+7325	corpus
U+7329	U+732A	corpus
U+7336	U+7337	corpus
U+7344	U+7344	corpus
U+734E	U+734E	corpus
U+7352	U+7352	corpus
U+7358	U+7358	corpus
U+7368	U+7368	corpus
U+7372	U+7372	corpus
U+7375	U+7375	corpus
U+7378	U+7378	corpus
U+737B	U+737B	corpus
U+7381	U+7381	corpus
U+7387	U+7387	corpus
U+7389	U+7389	corpus
U+738B	U+738B	corpus
U+7397	U+7397	corpus
U+73A0	U+73A0	corpus
U+73A3	U+73A3	corpus
U+73A9	U+73A9	corpus
U+73BB	U+73BB	corpus
U+73C2	U+73C2	corpus
U+73C5	U+73C5	corpus
U+73C8	U+73CA	corpus
U+73CD	U+73CD	corpus
U+73D3	U+73D3	corpus
U+73D9	U+73D9	corpus
U+73E0	U+73E0	corpus
U+73E5	U+73E5	corpus
U+73EA	U+73EB	corpus
U+73ED	U+73ED	corpus
U+73FA	U+73FA	corpus
U+73FD	U+73FE	corpus
U+7403	U+7403	corpus
U+7405	U+7406	corpus
U+740A	U+740A	corpus
U+741B	U+741B	corpus
U+7422	U+7422	corpus
U+7426	U+7426	corpus
U+7428	U+7428	corpus
U+742A	U+742A	corpus
U+742C	U+742C	corpus
U+742E	U+7430	corpus
U+7433	U+7434	corpus
U+7441	U+7441	corpus
U+7444	U+7444	corpus
U+7446	U+7446	corpus
U+7455	U+7455	corpus
U+7457	U+7457	corpus
U+745A	U+745C	corpus
U+745E	U+745F	corpus
U+7462	U+7464	corpus
U+7469	U+7469	corpus
U+746E	U+746F	corpus
U+7474	U+7474	corpus
U+747E	U+747E	corpus
U+7483	U+7483	corpus
U+7487	U+7487	corpus
U+7489	U+7489	corpus
U+748B	U+748B	corpus
U+7490	U+7490	corpus
U+7498	U+7498	corpus
U+749C	U+749C	corpus
U+749E	U+749E	corpus
U+74A0	U+74A0	corpus
U+74A3	U+74A3	corpus
U+74A7	U+74A7	corpus
U+74A9	U+74A9	corpus
U+74AB	U+74AB	corpus
U+74B0	U+74B0	corpus
U+74B2	U+74B2	corpus
U+74B5	U+74B5	corpus
U+74B8	U+74B9	corpus
U+74BD	U+74BD	corpus
U+74BF	U+74BF	corpus
U+74CA	U+74CA	corpus
U+74D8	U+74D8	corpus
U+74DA	U+74DA	corpus
U+74DC	U+74DC	corpus
U+74E0	U+74E0	corpus
U+74E2	U+74E2	corpus
U+74E6	U+74E6	corpus
U+74FF	U+74FF	corpus
U+7504	U+7504	corpus
U+750E	U+750E	corpus
U+7511	U+7512	corpus
U+7515	U+7515	corpus
U+7517	U+7518	corpus
U+751A	U+751A	corpus
U+751D	U+751D	corpus
U+751F	U+751F	corpus
U+7521	U+7522	corpus
U+7525	U+7525	corpus
U+7528	U+7528	corpus
U+752B	U+752B	corpus
U+752F	U+7533	corpus
U+7537	U+7538	corpus
U+753E	U+753E	corpus
U+7546	U+7546	corpus
U+754A	U+754A	corpus
U+754C	U+754C	corpus
U+754F	U+754F	corpus
U+7554	U+7554	corpus
U+7559	U+7559	corpus
U+755B	U+755E	corpus
U+7562	U+7562	corpus
U+7565	U+7565	corpus
U+7567	U+7567	corpus
U+756A	U+756C	corpus
U+7570	U+7570	corpus
U+7576	U+7576	corpus
U+7578	U+7578	corpus
U+757A	U+757A	corpus
U+757F	U+757F	corpus
U+7586	U+7587	corpus
U+758A	U+758B	corpus
U+758E	U+758F	corpus
U+7591	U+7591	corpus
U+759A	U+759A	corpus
U+75A3	U+75A3	corpus
U+75AB	U+75AB	corpus
U+75B4	U+75B5	corpus
U+75BE	U+75BE	corpus
U+75C5	U+75C5	corpus
U+75D5	U+75D5	corpus
U+75DB	U+75DB	corpus
U+7600	U+7600	corpus
U+761E	U+761E	corpus
U+7634	U+7634	corpus
U+7642	U+7642	corpus
U+7649	U+7649	corpus
U+7656	U+7656	corpus
U+7678	U+7678	corpus
U+767B	U+767E	corpus
U+7684	U+7684	corpus
U+7686	U+7687	corpus
U+768B	U+768B	corpus
U+768D	U+768D	corpus
U+7690	U+7690	corpus
U+76A5	U+76A6	corpus
U+76AE	U+76AE	corpus
U+76BE	U+76BE	corpus
U+76C8	U+76C8	corpus
U+76CA	U+76CA	corpus
U+76CE	U+76CE	corpus
U+76D6	U+76D6	corpus
U+76DB	U+76DD	corpus
U+76DF	U+76DF	corpus
U+76E1	U+76E1	corpus
U+76E3	U+76E5	corpus
U+76E7	U+76E7	corpus
U+76EA	U+76EA	corpus
U+76EE	U+76EE	corpus
U+76F1	U+76F2	corpus
U+76F4	U+76F4	corpus
U+76F8	U+76F8	corpus
U+76FE	U+76FE	corpus
U+7701	U+7701	corpus
U+7709	U+7709	corpus
U+770B	U+770B	corpus
U+7719	U+771A	corpus
U+771F	U+771F	corpus
U+7728	U+7729	corpus
U+773C	U+773C	corpus
U+7740	U+7740	corpus
U+7746	U+7746	corpus
U+774D	U+774D	corpus
U+7762	U+7763	corpus
U+7765	U+7766	corpus
U+7768	U+7768	corpus
U+776B	U+776B	corpus
U+7779	U+7779	corpus
U+777D	U+777D	corpus
U+777F	U+7780	corpus
U+778D	U+778D	corpus
U+77AD	U+77AD	corpus
U+77BB	U+77BB	corpus
U+77BD	U+77BD	corpus
U+77BF	U+77BF	corpus
U+77C7	U+77C7	corpus
U+77CD	U+77CD	corpus
U+77DB	U+77DC	corpus
U+77E2	U+77E3	corpus
U+77E5	U+77E5	corpus
U+77E9	U+77E9	corpus
U+77ED	U+77ED	corpus
U+77EF	U+77EF	corpus
U+77F3	U+77F3	corpus
U+7814	U+7814	corpus
U+7825	U+7825	corpus
U+782D	U+782D	corpus
U+7834	U+7834	corpus
U+7843	U+7843	corpus
U+784F	U+784F	corpus
U+786F	U+786F	corpus
U+788D	U+788E	corpus
U+7891	U+7891	corpus
U+789E	U+789E	corpus
U+78A3	U+78A3	corpus
U+78A7	U+78A7	corpus
U+78A9	U+78A9	corpus
U+78BA	U+78BA	corpus
U+78C1	U+78C1	corpus
U+78D0	U+78D0	corpus
U+78D4	U+78D4	corpus
U+78E8	U+78E8	corpus
U+78EC	U+78EC	corpus
U+78EF	U+78EF	corpus
U+78F5	U+78F5	corpus
U+78FE	U+78FE	corpus
U+790E	U+790E	corpus
U+7919	U+7919	corpus
U+7926	U+7926	corpus
U+792B	U+792B	corpus
U+7931	U+7932	corpus
U+793A	U+793A	corpus
U+793E	U+7941	corpus
U+7947	U+7949	corpus
U+794F	U+7950	corpus
U+7953	U+7957	corpus
U+795A	U+7960	corpus
U+7965	U+7965	corpus
U+7967	U+7967	corpus
U+796B	U+796B	corpus
U+796D	U+796D	corpus
U+797A	U+797A	corpus
U+797C	U+797C	corpus
U+797F	U+7982	corpus
U+7986	U+7986	corpus
U+798B	U+798B	corpus
U+798D	U+798F	corpus
U+7993	U+7996	corpus
U+7998	U+7998	corpus
U+799C	U+799C	corpus
U+79A6	U+79A8	corpus
U+79AA	U+79AB	corpus
U+79AD	U+79AE	corpus
U+79B0	U+79B1	corpus
U+79B3	U+79B4	corpus
U+79B9	U+79BA	corpus
U+79BD	U+79BE	corpus
U+79C0	U+79C1	corpus
U+79C9	U+79C9	corpus
U+79CB	U+79CB	corpus
U+79CD	U+79CD	corpus
U+79D1	U+79D1	corpus
U+79D5	U+79D6	corpus
U+79D8	U+79D8	corpus
U+79E3	U+79E3	corpus
U+79E6	U+79E6	corpus
U+79E9	U+79E9	corpus
U+79FB	U+79FB	corpus
U+7A00	U+7A00	corpus
U+7A05	U+7A05	corpus
U+7A0B	U+7A0B	corpus
U+7A0D	U+7A0D	corpus
U+7A14	U+7A14	corpus
U+7A17	U+7A17	corpus
U+7A1A	U+7A1A	corpus
U+7A1C	U+7A1C	corpus
U+7A1F	U+7A21	corpus
U+7A2E	U+7A2E	corpus
U+7A31	U+7A31	corpus
U+7A37	U+7A37	corpus
U+7A3B	U+7A40	corpus
U+7A46	U+7A46	corpus
U+7A48	U+7A48	corpus
U+7A4D	U+7A4E	corpus
U+7A57	U+7A57	corpus
U+7A5C	U+7A5C	corpus
U+7A60	U+7A62	corpus
U+7A69	U+7A69	corpus
U+7A6B	U+7A6B	corpus
U+7A70	U+7A70	corpus
U+7A74	U+7A74	corpus
U+7A76	U+7A76	corpus
U+7A7A	U+7A7A	corpus
U+7A7F	U+7A7F	corpus
U+7A81	U+7A81	corpus
U+7A85	U+7A85	corpus
U+7A88	U+7A88	corpus
U+7A8A	U+7A8C	corpus
U+7A92	U+7A92	corpus
U+7A94	U+7A95	corpus
U+7A9F	U+7AA0	corpus
U+7AA9	U+7AA9	corpus
U+7AAE	U+7AAE	corpus
U+7AB3	U+7AB3	corpus
U+7AB6	U+7AB6	corpus
U+7ABA	U+7ABB	corpus
U+7ABD	U+7ABE	corpus
U+7AC4	U+7AC5	corpus
U+7AC7	U+7AC8	corpus
U+7ACA	U+7ACB	corpus
U+7AD1	U+7AD1	corpus
U+7ADA	U+7ADA	corpus
U+7ADF	U+7AE0	corpus
U+7AE3	U+7AE3	corpus
U+7AE5	U+7AE5	corpus
U+7AED	U+7AED	corpus
U+7AEF	U+7AEF	corpus
U+7AF5	U+7AF6	corpus
U+7AF9	U+7AF9	corpus
U+7B04	U+7B04	corpus
U+7B08	U+7B08	corpus
U+7B0F	U+7B0F	corpus
U+7B11	U+7B11	corpus
U+7B19	U+7B19	corpus
U+7B1B	U+7B1B	corpus
U+7B20	U+7B20	corpus
U+7B25	U+7B26	corpus
U+7B2C	U+7B2C	corpus
U+7B2E	U+7B2E	corpus
U+7B31	U+7B31	corpus
U+7B35	U+7B35	corpus
U+7B46	U+7B46	corpus
U+7B49	U+7B49	corpus
U+7B4C	U+7B4D	corpus
U+7B4F	U+7B50	corpus
U+7B53	U+7B54	corpus
U+7B56	U+7B56	corpus
U+7B60	U+7B60	corpus
U+7B69	U+7B69	corpus
U+7B6E	U+7B6F	corpus
U+7B74	U+7B75	corpus
U+7B87	U+7B87	corpus
U+7B8B	U+7B8B	corpus
U+7B95	U+7B95	corpus
U+7B97	U+7B97	corpus
U+7B9D	U+7B9D	corpus
U+7BA1	U+7BA1	corpus
U+7BAD	U+7BAD	corpus
U+7BB1	U+7BB1	corpus
U+7BB4	U+7BB4	corpus
U+7BC0	U+7BC1	corpus
U+7BC4	U+7BC4	corpus
U+7BC6	U+7BC7	corpus
U+7BC9	U+7BC9	corpus
U+7BCB	U+7BCB	corpus
U+7BDB	U+7BDB	corpus
U+7BDD	U+7BDD	corpus
U+7BE1	U+7BE1	corpus
U+7BE4	U+7BE4	corpus
U+7BF3	U+7BF3	corpus
U+7C00	U+7C00	corpus
U+7C02	U+7C02	corpus
U+7C07	U+7C07	corpus
U+7C0B	U+7C0B	corpus
U+7C11	U+7C11	corpus
U+7C14	U+7C14	corpus
U+7C1E	U+7C21	corpus
U+7C23	U+7C23	corpus
U+7C2B	U+7C2B	corpus
U+7C38	U+7C38	corpus
U+7C3D	U+7C40	corpus
U+7C4C	U+7C4D	corpus
U+7C53	U+7C53	corpus
U+7C55	U+7C56	corpus
U+7C59	U+7C59	corpus
U+7C5B	U+7C5C	corpus
U+7C60	U+7C60	corpus
U+7C64	U+7C65	corpus
U+7C69	U+7C69	corpus
U+7C73	U+7C73	corpus
U+7C83	U+7C83	corpus
U+7C89	U+7C89	corpus
U+7C92	U+7C92	corpus
U+7C95	U+7C95	corpus
U+7C97	U+7C98	corpus
U+7C9F	U+7C9F	corpus
U+7CA2	U+7CA2	corpus
U+7CA4	U+7CA7	corpus
U+7CB2	U+7CB2	corpus
U+7CB9	U+7CB9	corpus
U+7CBB	U+7CBB	corpus
U+7CBE	U+7CBE	corpus
U+7CC5	U+7CC5	corpus
U+7CD7	U+7CD7	corpus
U+7CDA	U+7CDA	corpus
U+7CDC	U+7CDD	corpus
U+7CDF	U+7CDF	corpus
U+7CFB	U+7CFB	corpus
U+7CFE	U+7CFE	corpus
U+7D00	U+7D00	corpus
U+7D02	U+7D02	corpus
U+7D04	U+7D05	corpus
U+7D0A	U+7D0B	corpus
U+7D0D	U+7D0D	corpus
U+7D0F	U+7D10	corpus
U+7D12	U+7D12	corpus
U+7D14	U+7D15	corpus
U+7D19	U+7D1C	corpus
U+7D20	U+7D22	corpus
U+7D29	U+7D2C	corpus
U+7D2F	U+7D31	corpus
U+7D33	U+7D33	corpus
U+7D39	U+7D3A	corpus
U+7D3F	U+7D40	corpus
U+7D42	U+7D45	corpus
U+7D4D	U+7D4D	corpus
U+7D50	U+7D50	corpus
U+7D55	U+7D55	corpus
U+7D58	U+7D58	corpus
U+7D5B	U+7D5E	corpus
U+7D61	U+7D62	corpus
U+7D66	U+7D66	corpus
U+7D70	U+7D73	corpus
U+7D7A	U+7D7A	corpus
U+7D83	U+7D83	corpus
U+7D85	U+7D86	corpus
U+7D88	U+7D88	corpus
U+7D8C	U+7D8C	corpus
U+7D8F	U+7D8F	corpus
U+7D93	U+7D93	corpus
U+7D96	U+7D96	corpus
U+7D9C	U+7D9C	corpus
U+7DA0	U+7DA0	corpus
U+7DA2	U+7DA2	corpus
U+7DA6	U+7DA6	corpus
U+7DAB	U+7DAE	corpus
U+7DB1	U+7DB2	corpus
U+7DB4	U+7DB4	corpus
U+7DB8	U+7DB8	corpus
U+7DBA	U+7DBA	corpus
U+7DBD	U+7DBD	corpus
U+7DBF	U+7DBF	corpus
U+7DC6	U+7DC7	corpus
U+7DCB	U+7DCB	corpus
U+7DCE	U+7DCE	corpus
U+7DD2	U+7DD2	corpus
U+7DD7	U+7DD8	corpus
U+7DDA	U+7DDA	corpus
U+7DDD	U+7DDD	corpus
U+7DE0	U+7DE1	corpus
U+7DE3	U+7DE3	corpus
U+7DE6	U+7DE6	corpus
U+7DE8	U+7DE9	corpus
U+7DEF	U+7DEF	corpus
U+7DF4	U+7DF4	corpus
U+7DF7	U+7DF7	corpus
U+7DF9	U+7DF9	corpus
U+7DFB	U+7DFB	corpus
U+7E08	U+7E0A	corpus
U+7E13	U+7E13	corpus
U+7E15	U+7E15	corpus
U+7E17	U+7E17	corpus
U+7E1A	U+7E1B	corpus
U+7E1E	U+7E23	corpus
U+7E2B	U+7E2B	corpus
U+7E2E	U+7E2E	corpus
U+7E31	U+7E31	corpus
U+7E35	U+7E37	corpus
U+7E39	U+7E39	corpus
U+7E3D	U+7E3E	corpus
U+7E41	U+7E41	corpus
U+7E45	U+7E47	corpus
U+7E52	U+7E52	corpus
U+7E54	U+7E55	corpus
U+7E59	U+7E5A	corpus
U+7E5E	U+7E5E	corpus
U+7E61	U+7E62	corpus
U+7E69	U+7E6B	corpus
U+7E6D	U+7E6D	corpus
U+7E73	U+7E73	corpus
U+7E78	U+7E79	corpus
U+7E7C	U+7E7C	corpus
U+7E7F	U+7E7F	corpus
U+7E81	U+7E82	corpus
U+7E87	U+7E87	corpus
U+7E8C	U+7E8F	corpus
U+7E93	U+7E94	corpus
U+7E96	U+7E96	corpus
U+7E98	U+7E98	corpus
U+7E9A	U+7E9B	corpus
U+7F36	U+7F36	corpus
U+7F3A	U+7F3A	corpus
U+7F45	U+7F45	corpus
U+7F4C	U+7F4D	corpus
U+7F51	U+7F51	corpus
U+7F54	U+7F55	corpus
U+7F5F	U+7F5F	corpus
U+7F63	U+7F63	corpus
U+7F69	U+7F6B	corpus
U+7F6D	U+7F6E	corpus
U+7F70	U+7F70	corpus
U+7F72	U+7F72	corpus
U+7F75	U+7F75	corpus
U+7F77	U+7F77	corpus
U+7F79	U+7F79	corpus
U+7F83	U+7F83	corpus
U+7F85	U+7F85	corpus
U+7F88	U+7F88	corpus
U+7F8A	U+7F8A	corpus
U+7F8C	U+7F8C	corpus
U+7F8E	U+7F8E	corpus
U+7F91	U+7F91	corpus
U+7F94	U+7F94	corpus
U+7F9D	U+7F9E	corpus
U+7FA1	U+7FA1	corpus
U+7FA3	U+7FA3	corpus
U+7FA8	U+7FA9	corpus
U+7FAE	U+7FAF	corpus
U+7FB2	U+7FB2	corpus
U+7FB9	U+7FB9	corpus
U+7FBD	U+7FBF	corpus
U+7FC1	U+7FC1	corpus
U+7FC5	U+7FC5	corpus
U+7FCA	U+7FCA	corpus
U+7FCC	U+7FCC	corpus
U+7FD2	U+7FD2	corpus
U+7FD4	U+7FD5	corpus
U+7FDF	U+7FE0	corpus
U+7FE5	U+7FE6	corpus
U+7FEC	U+7FEC	corpus
U+7FF0	U+7FF0	corpus
U+7FF3	U+7FF3	corpus
U+7FF9	U+7FF9	corpus
U+7FFB	U+7FFC	corpus
U+7FFF	U+8001	corpus
U+8003	U+8006	corpus
U+800B	U+800C	corpus
U+8011	U+8012	corpus
U+8014	U+8015	corpus
U+8017	U+8018	corpus
U+801C	U+801C	corpus
U+8026	U+8026	corpus
U+8028	U+8028	corpus
U+8033	U+8033	corpus
U+8036	U+8036	corpus
U+803D	U+803D	corpus
U+803F	U+803F	corpus
U+8043	U+8043	corpus
U+8046	U+8046	corpus
U+804A	U+804A	corpus
U+8056	U+8056	corpus
U+8058	U+8058	corpus
U+805A	U+805A	corpus
U+805E	U+805E	corpus
U+806F	U+8073	corpus
U+8076	U+8077	corpus
U+807D	U+807F	corpus
U+8084	U+8087	corpus
U+8089	U+8089	corpus
U+808C	U+808C	corpus
U+8093	U+8093	corpus
U+8096	U+8096	corpus
U+8098	U+8098	corpus
U+809C	U+809D	corpus
U+80A1	U+80A1	corpus
U+80A5	U+80A5	corpus
U+80A9	U+80A9	corpus
U+80AB	U+80AB	corpus
U+80AF	U+80AF	corpus
U+80B2	U+80B2	corpus
U+80B4	U+80B5	corpus
U+80BA	U+80BA	corpus
U+80C3	U+80C4	corpus
U+80CC	U+80CC	corpus
U+80D9	U+80D9	corpus
U+80E1	U+80E1	corpus
U+80E5	U+80E5	corpus
U+80ED	U+80ED	corpus
U+80EF	U+80EF	corpus
U+80F8	U+80F8	corpus
U+80FD	U+80FD	corpus
U+8102	U+8102	corpus
U+8105	U+8105	corpus
U+8108	U+810A	corpus
U+8117	U+8117	corpus
U+811E	U+811E	corpus
U+8123	U+8124	corpus
U+8129	U+8129	corpus
U+812B	U+812B	corpus
U+812F	U+8130	corpus
U+813E	U+813E	corpus
U+814A	U+814B	corpus
U+814E	U+814E	corpus
U+8150	U+8151	corpus
U+8154	U+8155	corpus
U+8165	U+8165	corpus
U+8170	U+8170	corpus
U+8173	U+8174	corpus
U+8178	U+8179	corpus
U+8189	U+8189	corpus
U+818D	U+818D	corpus
U+818F	U+818F	corpus
U+819A	U+819A	corpus
U+81A0	U+81A0	corpus
U+81A9	U+81A9	corpus
U+81B0	U+81B0	corpus
U+81B3	U+81B3	corpus
U+81BA	U+81BA	corpus
U+81BD	U+81BE	corpus
U+81C0	U+81C0	corpus
U+81C2	U+81C2	corpus
U+81C6	U+81C6	corpus
U+81D1	U+81D1	corpus
U+81D8	U+81D8	corpus
U+81DA	U+81DA	corpus
U+81DF	U+81DF	corpus
U+81E3	U+81E3	corpus
U+81E7	U+81E8	corpus
U+81EA	U+81EA	corpus
U+81EC	U+81ED	corpus
U+81EF	U+81EF	corpus
U+81F2	U+81F4	corpus
U+81FA	U+81FA	corpus
U+81FC	U+81FC	corpus
U+81FE	U+81FE	corpus
U+8202	U+8202	corpus
U+8205	U+8205	corpus
U+8207	U+820A	corpus
U+820C	U+820D	corpus
U+8212	U+8212	corpus
U+821B	U+821C	corpus
U+821E	U+821F	corpus
U+8221	U+8221	corpus
U+822A	U+822A	corpus
U+822C	U+822C	corpus
U+8235	U+8235	corpus
U+8239	U+8239	corpus
U+8258	U+8258	corpus
U+826E	U+826F	corpus
U+8271	U+8272	corpus
U+8276	U+8276	corpus
U+8278	U+8278	corpus
U+827E	U+827E	corpus
U+8289	U+8289	corpus
U+8291	U+8291	corpus
U+829D	U+829D	corpus
U+829F	U+829F	corpus
U+82A3	U+82A3	corpus
U+82A5	U+82A5	corpus
U+82AC	U+82AC	corpus
U+82AE	U+82AE	corpus
U+82B1	U+82B1	corpus
U+82B3	U+82B3	corpus
U+82B8	U+82B9	corpus
U+82BB	U+82BE	corpus
U+82D0	U+82D1	corpus
U+82D3	U+82D3	corpus
U+82D5	U+82D5	corpus
U+82D7	U+82D7	corpus
U+82DB	U+82DB	corpus
U+82DE	U+82DF	corpus
U+82E2	U+82E2	corpus
U+82E5	U+82E6	corpus
U+82F1	U+82F1	corpus
U+82F4	U+82F4	corpus
U+82FB	U+82FB	corpus
U+8302	U+8303	corpus
U+8305	U+8305	corpus
U+831D	U+831D	corpus
U+8328	U+8328	corpus
U+832A	U+832B	corpus
U+8332	U+8332	corpus
U+8336	U+8339	corpus
U+8340	U+8340	corpus
U+8343	U+8343	corpus
U+8345	U+8347	corpus
U+8349	U+8349	corpus
U+834F	U+834F	corpus
U+8352	U+8352	corpus
U+8354	U+8354	corpus
U+8377	U+8377	corpus
U+837B	U+837C	corpus
U+8385	U+8386	corpus
U+838A	U+838A	corpus
U+838E	U+838E	corpus
U+8392	U+8392	corpus
U+8398	U+8398	corpus
U+839A	U+839A	corpus
U+83AA	U+83AB	corpus
U+83BD	U+83BD	corpus
U+83C0	U+83C1	corpus
U+83C5	U+83C5	corpus
U+83C9	U+83CA	corpus
U+83CF	U+83CF	corpus
U+83DC	U+83DC	corpus
U+83EF	U+83F0	corpus
U+83F2	U+83F2	corpus
U+83F4	U+83F4	corpus
U+83F9	U+83F9	corpus
U+83FC	U+83FD	corpus
U+8403	U+8403	corpus
U+8407	U+8407	corpus
U+840A	U+840A	corpus
U+840C	U+840C	corpus
U+8429	U+8429	corpus
U+842C	U+842C	corpus
U+8431	U+8431	corpus
U+843C	U+843D	corpus
U+8446	U+8447	corpus
U+8449	U+8449	corpus
U+8451	U+8451	corpus
U+8457	U+8457	corpus
U+845B	U+845B	corpus
U+8462	U+8463	corpus
U+8466	U+8466	corpus
U+846C	U+846D	corpus
U+8471	U+8471	corpus
U+8475	U+8475	corpus
U+847A	U+847A	corpus
U+8482	U+8482	corpus
U+8490	U+8490	corpus
U+8499	U+8499	corpus
U+849C	U+849C	corpus
U+84AF	U+84AF	corpus
U+84B2	U+84B2	corpus
U+84B8	U+84B9	corpus
U+84BC	U+84BC	corpus
U+84BF	U+84BF	corpus
U+84C1	U+84C1	corpus
U+84C4	U+84C4	corpus
U+84CD	U+84CD	corpus
U+84E1	U+84E1	corpus
U+84EC	U+84EC	corpus
U+84EE	U+84EE	corpus
U+84F0	U+84F0	corpus
U+84F7	U+84F7	corpus
U+84FC	U+84FC	corpus
U+8511	U+8511	corpus
U+8513	U+8513	corpus
U+851A	U+851A	corpus
U+851E	U+851E	corpus
U+8521	U+8521	corpus
U+8523	U+8523	corpus
U+852C	U+852E	corpus
U+853D	U+853D	corpus
U+8543	U+8543	corpus
U+8546	U+8546	corpus
U+8549	U+8549	corpus
U+8552	U+8552	corpus
U+8559	U+8559	corpus
U+8561	U+8561	corpus
U+8564	U+8564	corpus
U+8568	U+856A	corpus
U+856D	U+856D	corpus
U+8584	U+8584	corpus
U+8587	U+8588	corpus
U+858A	U+858A	corpus
U+8591	U+8591	corpus
U+8599	U+8599	corpus
U+859B	U+859C	corpus
U+85A6	U+85A6	corpus
U+85A8	U+85A8	corpus
U+85AA	U+85AA	corpus
U+85B0	U+85B0	corpus
U+85B3	U+85B3	corpus
U+85C1	U+85C1	corpus
U+85C9	U+85C9	corpus
U+85CB	U+85CB	corpus
U+85CD	U+85D0	corpus
U+85DC	U+85DD	corpus
U+85DF	U+85DF	corpus
U+85E4	U+85E5	corpus
U+85E9	U+85EA	corpus
U+85F4	U+85F4	corpus
U+85FB	U+85FB	corpus
U+8604	U+8607	corpus
U+860A	U+860B	corpus
U+8616	U+8617	corpus
U+8629	U+8629	corpus
U+862D	U+862D	corpus
U+863F	U+8640	corpus
U+864E	U+864E	corpus
U+8650	U+8650	corpus
U+8654	U+8656	corpus
U+8659	U+8659	corpus
U+865B	U+865B	corpus
U+865E	U+865F	corpus
U+8662	U+8662	corpus
U+866B	U+866B	corpus
U+8671	U+8671	corpus
U+8679	U+867A	corpus
U+868A	U+868C	corpus
U+86A4	U+86A4	corpus
U+86AA	U+86AA	corpus
U+86C7	U+86C7	corpus
U+86C9	U+86C9	corpus
U+86D1	U+86D1	corpus
U+86DF	U+86DF	corpus
U+86E4	U+86E4	corpus
U+86FE	U+86FE	corpus
U+8700	U+8700	corpus
U+8703	U+8703	corpus
U+871C	U+871C	corpus
U+8721	U+8721	corpus
U+872E	U+872E	corpus
U+8740	U+8740	corpus
U+8743	U+8743	corpus
U+874C	U+874C	corpus
U+8755	U+8755	corpus
U+8759	U+8759	corpus
U+8760	U+8760	corpus
U+8764	U+8764	corpus
U+8766	U+8766	corpus
U+8768	U+8768	corpus
U+8776	U+8776	corpus
U+8782	U+8782	corpus
U+878D	U+878D	corpus
U+879F	U+879F	corpus
U+87A2	U+87A2	corpus
U+87AD	U+87AD	corpus
U+87B3	U+87B3	corpus
U+87BA	U+87BB	corpus
U+87BD	U+87BD	corpus
U+87C0	U+87C0	corpus
U+87C4	U+87C4	corpus
U+87C6	U+87C6	corpus
U+87C8	U+87C8	corpus
U+87CB	U+87CB	corpus
U+87E0	U+87E0	corpus
U+87EC	U+87EC	corpus
U+87F2	U+87F2	corpus
U+87FB	U+87FB	corpus
U+87FE	U+87FE	corpus
U+8803	U+8803	corpus
U+8805	U+8805	corpus
U+8819	U+8819	corpus
U+8821	U+8821	corpus
U+8827	U+8827	corpus
U+882D	U+882D	corpus
U+8831	U+8832	corpus
U+8836	U+8836	corpus
U+8839	U+8839	corpus
U+883B	U+883B	corpus
U+8840	U+8840	corpus
U+8842	U+8842	corpus
U+8846	U+8846	corpus
U+8848	U+8848	corpus
U+884C	U+884D	corpus
U+8853	U+8853	corpus
U+8857	U+8857	corpus
U+8859	U+8859	corpus
U+885B	U+885B	corpus
U+885D	U+885E	corpus
U+8861	U+8863	corpus
U+8868	U+8868	corpus
U+886B	U+886B	corpus
U+886E	U+886E	corpus
U+8870	U+8870	corpus
U+8872	U+8872	corpus
U+8877	U+8877	corpus
U+887D	U+887D	corpus
U+887F	U+8882	corpus
U+888D	U+888D	corpus
U+8892	U+8892	corpus
U+8896	U+8896	corpus
U+889E	U+889E	corpus
U+88A0	U+88A0	corpus
U+88A4	U+88A4	corpus
U+88AA	U+88AB	corpus
U+88B4	U+88B5	corpus
U+88BA	U+88BA	corpus
U+88C1	U+88C2	corpus
U+88CE	U+88CF	corpus
U+88D2	U+88D2	corpus
U+88D4	U+88D5	corpus
U+88D8	U+88D9	corpus
U+88DC	U+88DD	corpus
U+88E7	U+88E8	corpus
U+88F3	U+88F4	corpus
U+88F8	U+88F8	corpus
U+88FC	U+88FE	corpus
U+8907	U+8907	corpus
U+890E	U+890E	corpus
U+8910	U+8910	corpus
U+8912	U+8912	corpus
U+8915	U+8916	corpus
U+8918	U+8918	corpus
U+891A	U+891A	corpus
U+8923	U+8923	corpus
U+8930	U+8930	corpus
U+8938	U+8938	corpus
U+893B	U+893B	corpus
U+8943	U+8944	corpus
U+894D	U+894D	corpus
U+895A	U+895C	corpus
U+895F	U+895F	corpus
U+8966	U+8966	corpus
U+896D	U+896D	corpus
U+896F	U+896F	corpus
U+8972	U+8972	corpus
U+897F	U+897F	corpus
U+8981	U+8981	corpus
U+8983	U+8983	corpus
U+8986	U+8988	corpus
U+898B	U+898B	corpus
U+898F	U+898F	corpus
U+8994	U+8994	corpus
U+8996	U+8996	corpus
U+89A9	U+89AA	corpus
U+89AF	U+89AF	corpus
U+89B2	U+89B2	corpus
U+89BA	U+89BA	corpus
U+89BD	U+89BD	corpus
U+89C0	U+89C0	corpus
U+89D2	U+89D2	corpus
U+89DA	U+89DA	corpus
U+89DC	U+89DC	corpus
U+89E3	U+89E3	corpus
U+89E5	U+89E5	corpus
U+89F3	U+89F4	corpus
U+89F6	U+89F6	corpus
U+89F8	U+89F8	corpus
U+8A00	U+8A00	corpus
U+8A02	U+8A02	corpus
U+8A08	U+8A08	corpus
U+8A0A	U+8A0A	corpus
U+8A0C	U+8A0C	corpus
U+8A0E	U+8A10	corpus
U+8A13	U+8A13	corpus
U+8A16	U+8A18	corpus
U+8A1B	U+8A1B	corpus
U+8A1F	U+8A1F	corpus
U+8A23	U+8A23	corpus
U+8A25	U+8A25	corpus
U+8A2A	U+8A2A	corpus
U+8A2D	U+8A2D	corpus
U+8A31	U+8A31	corpus
U+8A36	U+8A36	corpus
U+8A3B	U+8A3C	corpus
U+8A3E	U+8A3E	corpus
U+8A40	U+8A41	corpus
U+8A46	U+8A46	corpus
U+8A48	U+8A48	corpus
U+8A50	U+8A50	corpus
U+8A54	U+8A55	corpus
U+8A5B	U+8A5B	corpus
U+8A5E	U+8A5E	corpus
U+8A60	U+8A63	corpus
U+8A66	U+8A66	corpus
U+8A69	U+8A69	corpus
U+8A6C	U+8A6E	corpus
U+8A70	U+8A73	corpus
U+8A75	U+8A75	corpus
U+8A79	U+8A79	corpus
U+8A85	U+8A85	corpus
U+8A87	U+8A87	corpus
U+8A8C	U+8A8D	corpus
U+8A91	U+8A91	corpus
U+8A93	U+8A93	corpus
U+8A95	U+8A95	corpus
U+8A98	U+8A98	corpus
U+8A9A	U+8A9A	corpus
U+8A9E	U+8A9E	corpus
U+8AA0	U+8AA1	corpus
U+8AA3	U+8AA6	corpus
U+8AA8	U+8AA8	corpus
U+8AAA	U+8AAA	corpus
U+8AB0	U+8AB0	corpus
U+8AB2	U+8AB2	corpus
U+8ABC	U+8ABC	corpus
U+8ABF	U+8ABF	corpus
U+8AC2	U+8AC2	corpus
U+8AC7	U+8AC7	corpus
U+8AC9	U+8AC9	corpus
U+8ACB	U+8ACB	corpus
U+8AD2	U+8AD2	corpus
U+8AD6	U+8AD6	corpus
U+8ADB	U+8ADB	corpus
U+8AE1	U+8AE1	corpus
U+8AE4	U+8AE4	corpus
U+8AE6	U+8AE7	corpus
U+8AEB	U+8AEB	corpus
U+8AED	U+8AED	corpus
U+8AF1	U+8AF1	corpus
U+8AF3	U+8AF3	corpus
U+8AF6	U+8AF8	corpus
U+8AFA	U+8AFA	corpus
U+8B00	U+8B02	corpus
U+8B04	U+8B04	corpus
U+8B10	U+8B10	corpus
U+8B17	U+8B17	corpus
U+8B19	U+8B19	corpus
U+8B1B	U+8B1B	corpus
U+8B1D	U+8B1D	corpus
U+8B20	U+8B20	corpus
U+8B28	U+8B29	corpus
U+8B2B	U+8B2C	corpus
U+8B33	U+8B33	corpus
U+8B39	U+8B39	corpus
U+8B41	U+8B41	corpus
U+8B49	U+8B49	corpus
U+8B4C	U+8B4C	corpus
U+8B4E	U+8B4F	corpus
U+8B58	U+8B5A	corpus
U+8B5C	U+8B5C	corpus
U+8B66	U+8B66	corpus
U+8B6C	U+8B6C	corpus
U+8B6F	U+8B70	corpus
U+8B74	U+8B74	corpus
U+8B77	U+8B78	corpus
U+8B7D	U+8B7D	corpus
U+8B80	U+8B80	corpus
U+8B8A	U+8B8B	corpus
U+8B90	U+8B90	corpus
U+8B92	U+8B93	corpus
U+8B95	U+8B96	corpus
U+8B9A	U+8B9A	corpus
U+8B9C	U+8B9C	corpus
U+8B9E	U+8B9E	corpus
U+8C37	U+8C37	corpus
U+8C3F	U+8C3F	corpus
U+8C46	U+8C46	corpus
U+8C48	U+8C48	corpus
U+8C4E	U+8C4E	corpus
U+8C50	U+8C50	corpus
U+8C55	U+8C55	corpus
U+8C59	U+8C5A	corpus
U+8C5D	U+8C5D	corpus
U+8C61	U+8C61	corpus
U+8C6A	U+8C6C	corpus
U+8C73	U+8C73	corpus
U+8C78	U+8C79	corpus
U+8C89	U+8C8A	corpus
U+8C8C	U+8C8D	corpus
U+8C9D	U+8C9E	corpus
U+8CA0	U+8CA2	corpus
U+8CA7	U+8CAC	corpus
U+8CAF	U+8CAF	corpus
U+8CB3	U+8CB4	corpus
U+8CB6	U+8CB8	corpus
U+8CBB	U+8CBD	corpus
U+8CC0	U+8CC2	corpus
U+8CC4	U+8CC5	corpus
U+8CC7	U+8CC8	corpus
U+8CCA	U+8CCA	corpus
U+8CD2	U+8CD3	corpus
U+8CDA	U+8CDA	corpus
U+8CDC	U+8CDC	corpus
U+8CDE	U+8CDE	corpus
U+8CE1	U+8CE4	corpus
U+8CE6	U+8CE6	corpus
U+8CEA	U+8CEA	corpus
U+8CED	U+8CED	corpus
U+8CF4	U+8CF5	corpus
U+8CF8	U+8CF8	corpus
U+8CFB	U+8CFC	corpus
U+8CFE	U+8CFE	corpus
U+8D04	U+8D05	corpus
U+8D08	U+8D0B	corpus
U+8D0D	U+8D0D	corpus
U+8D0F	U+8D0F	corpus
U+8D17	U+8D17	corpus
U+8D1B	U+8D1B	corpus
U+8D64	U+8D64	corpus
U+8D6B	U+8D6B	corpus
U+8D70	U+8D70	corpus
U+8D74	U+8D74	corpus
U+8D77	U+8D77	corpus
U+8D85	U+8D85	corpus
U+8D8A	U+8D8A	corpus
U+8D8D	U+8D8D	corpus
U+8D99	U+8D99	corpus
U+8DA3	U+8DA3	corpus
U+8DA8	U+8DA8	corpus
U+8DB2	U+8DB3	corpus
U+8DBE	U+8DBE	corpus
U+8DC2	U+8DC2	corpus
U+8DCB	U+8DCB	corpus
U+8DD6	U+8DD7	corpus
U+8DDD	U+8DDD	corpus
U+8DE1	U+8DE1	corpus
U+8DE8	U+8DE8	corpus
U+8DEF	U+8DEF	corpus
U+8DF3	U+8DF3	corpus
U+8E08	U+8E08	corpus
U+8E0A	U+8E0A	corpus
U+8E10	U+8E10	corpus
U+8E1E	U+8E1E	corpus
U+8E30	U+8E30	corpus
U+8E33	U+8E35	corpus
U+8E44	U+8E44	corpus
U+8E47	U+8E48	corpus
U+8E4A	U+8E4A	corpus
U+8E4C	U+8E4C	corpus
U+8E59	U+8E59	corpus
U+8E5F	U+8E5F	corpus
U+8E64	U+8E64	corpus
U+8E72	U+8E72	corpus
U+8E76	U+8E76	corpus
U+8E81	U+8E81	corpus
U+8E8B	U+8E8B	corpus
U+8E8D	U+8E8D	corpus
U+8E90	U+8E90	corpus
U+8E94	U+8E94	corpus
U+8EA1	U+8EA1	corpus
U+8EAB	U+8EAD	corpus
U+8EC0	U+8EC0	corpus
U+8ECA	U+8ECD	corpus
U+8ED2	U+8ED3	corpus
U+8EE8	U+8EE8	corpus
U+8EEB	U+8EEB	corpus
U+8EF7	U+8EF9	corpus
U+8EFC	U+8EFC	corpus
U+8EFE	U+8EFE	corpus
U+8F03	U+8F03	corpus
U+8F05	U+8F05	corpus
U+8F08	U+8F09	corpus
U+8F12	U+8F15	corpus
U+8F19	U+8F19	corpus
U+8F1D	U+8F1D	corpus
U+8F1F	U+8F1F	corpus
U+8F22	U+8F22	corpus
U+8F24	U+8F24	corpus
U+8F28	U+8F2A	corpus
U+8F2F	U+8F2F	corpus
U+8F34	U+8F34	corpus
U+8F36	U+8F36	corpus
U+8F38	U+8F39	corpus
U+8F3B	U+8F3B	corpus
U+8F3E	U+8F3F	corpus
U+8F42	U+8F42	corpus
U+8F44	U+8F45	corpus
U+8F47	U+8F47	corpus
U+8F49	U+8F49	corpus
U+8F4D	U+8F4D	corpus
U+8F50	U+8F50	corpus
U+8F55	U+8F55	corpus
U+8F5D	U+8F5D	corpus
U+8F61	U+8F61	corpus
U+8F9B	U+8F9C	corpus
U+8F9F	U+8F9F	corpus
U+8FA6	U+8FA6	corpus
U+8FA8	U+8FA8	corpus
U+8FAD	U+8FAD	corpus
U+8FAF	U+8FB3	corpus
U+8FC2	U+8FC2	corpus
U+8FC4	U+8FC5	corpus
U+8FCE	U+8FCE	corpus
U+8FD1	U+8FD1	corpus
U+8FD4	U+8FD5	corpus
U+8FE2	U+8FE2	corpus
U+8FE4	U+8FE6	corpus
U+8FE8	U+8FE8	corpus
U+8FEA	U+8FEB	corpus
U+8FED	U+8FED	corpus
U+8FF0	U+8FF0	corpus
U+8FF4	U+8FF4	corpus
U+8FF7	U+8FF7	corpus
U+8FF9	U+8FF9	corpus
U+8FFD	U+8FFD	corpus
U+9000	U+9003	corpus
U+9006	U+9006	corpus
U+9008	U+9008	corpus
U+900B	U+900D	corpus
U+9010	U+9011	corpus
U+9013	U+9015	corpus
U+9019	U+901A	corpus
U+901D	U+9020	corpus
U+9022	U+9023	corpus
U+902E	U+902F	corpus
U+9032	U+9032	corpus
U+9035	U+9035	corpus
U+9038	U+9039	corpus
U+903C	U+903C	corpus
U+903E	U+903E	corpus
U+9041	U+9042	corpus
U+9047	U+9047	corpus
U+904A	U+904B	corpus
U+904D	U+904F	corpus
U+9051	U+9051	corpus
U+9053	U+9055	corpus
U+9058	U+9059	corpus
U+905C	U+905C	corpus
U+905E	U+905E	corpus
U+9060	U+9061	corpus
U+9063	U+9063	corpus
U+9065	U+9065	corpus
U+9069	U+9069	corpus
U+906D	U+906D	corpus
U+906F	U+906F	corpus
U+9072	U+9072	corpus
U+9074	U+9075	corpus
U+9077	U+9078	corpus
U+907A	U+907A	corpus
U+907C	U+907D	corpus
U+907F	U+9081	corpus
U+9083	U+9085	corpus
U+9087	U+9088	corpus
U+908A	U+908A	corpus
U+908D	U+908D	corpus
U+9091	U+9091	corpus
U+9095	U+9095	corpus
U+909B	U+909B	corpus
U+90A0	U+90A0	corpus
U+90A2	U+90A3	corpus
U+90A6	U+90A6	corpus
U+90AA	U+90AA	corpus
U+90AF	U+90B2	corpus
U+90B5	U+90B6	corpus
U+90B8	U+90B8	corpus
U+90BE	U+90BE	corpus
U+90C1	U+90C1	corpus
U+90C5	U+90C5	corpus
U+90C7	U+90C8	corpus
U+90CA	U+90CA	corpus
U+90CE	U+90CE	corpus
U+90D5	U+90D5	corpus
U+90D7	U+90D7	corpus
U+90DB	U+90DD	corpus
U+90E1	U+90E2	corpus
U+90E8	U+90E8	corpus
U+90ED	U+90ED	corpus
U+90F5	U+90F5	corpus
U+90FD	U+90FD	corpus
U+9102	U+9102	corpus
U+9106	U+9106	corpus
U+9109	U+9109	corpus
U+9112	U+9112	corpus
U+9118	U+9119	corpus
U+911E	U+911E	corpus
U+9120	U+9120	corpus
U+9122	U+9122	corpus
U+9124	U+9124	corpus
U+9127	U+9127	corpus
U+912D	U+912D	corpus
U+912F	U+9132	corpus
U+9134	U+9134	corpus
U+9136	U+9136	corpus
U+9145	U+9145	corpus
U+9147	U+9149	corpus
U+914C	U+914D	corpus
U+914F	U+914F	corpus
U+9152	U+9152	corpus
U+9162	U+9162	corpus
U+916C	U+916C	corpus
U+9173	U+9173	corpus
U+9177	U+9177	corpus
U+9186	U+9187	corpus
U+9189	U+9189	corpus
U+918D	U+918D	corpus
U+9192	U+9193	corpus
U+919C	U+919C	corpus
U+91A2	U+91A2	corpus
U+91AB	U+91AC	corpus
U+91AE	U+91AF	corpus
U+91B2	U+91B5	corpus
U+91C1	U+91C1	corpus
U+91C7	U+91C7	corpus
U+91CB	U+91D1	corpus
U+91D7	U+91D7	corpus
U+91DD	U+91DD	corpus
U+91E1	U+91E1	corpus
U+91E3	U+91E3	corpus
U+91F4	U+91F4	corpus
U+9207	U+9207	corpus
U+920D	U+920E	corpus
U+9210	U+9210	corpus
U+9214	U+9214	corpus
U+9217	U+9217	corpus
U+921E	U+921E	corpus
U+922B	U+922B	corpus
U+9233	U+9234	corpus
U+923F	U+923F	corpus
U+9245	U+9245	corpus
U+9249	U+9249	corpus
U+9257	U+9257	corpus
U+925B	U+925B	corpus
U+925E	U+925E	corpus
U+9264	U+9264	corpus
U+9276	U+9277	corpus
U+9280	U+9280	corpus
U+9285	U+9285	corpus
U+9291	U+9291	corpus
U+9293	U+9293	corpus
U+9296	U+9296	corpus
U+9298	U+9298	corpus
U+929C	U+929C	corpus
U+92B3	U+92B3	corpus
U+92B7	U+92B7	corpus
U+92CC	U+92CC	corpus
U+92D0	U+92D0	corpus
U+92D2	U+92D2	corpus
U+92DF	U+92DF	corpus
U+92E4	U+92E4	corpus
U+92EA	U+92EA	corpus
U+92F9	U+92F9	corpus
U+9304	U+9304	corpus
U+9310	U+9310	corpus
U+9319	U+931A	corpus
U+931F	U+931F	corpus
U+9322	U+9322	corpus
U+9326	U+9326	corpus
U+932B	U+932B	corpus
U+932E	U+932F	corpus
U+934A	U+934A	corpus
U+9354	U+9354	corpus
U+935B	U+935B	corpus
U+9375	U+9375	corpus
U+937C	U+937C	corpus
U+937E	U+937E	corpus
U+9394	U+9394	corpus
U+93A1	U+93A1	corpus
U+93A7	U+93A7	corpus
U+93AC	U+93AC	corpus
U+93AE	U+93AE	corpus
U+93B0	U+93B0	corpus
U+93B8	U+93B8	corpus
U+93CA	U+93CA	corpus
U+93D0	U+93D0	corpus
U+93DC	U+93DC	corpus
U+93DE	U+93DE	corpus
U+93E1	U+93E1	corpus
U+93E4	U+93E4	corpus
U+9414	U+9414	corpus
U+9418	U+9419	corpus
U+942B	U+942B	corpus
U+9435	U+9435	corpus
U+9438	U+9438	corpus
U+9444	U+9444	corpus
U+9451	U+9452	corpus
U+945B	U+945B	corpus
U+9463	U+9463	corpus
U+946A	U+946A	corpus
U+9470	U+9470	corpus
U+947D	U+947D	corpus
U+947F	U+947F	corpus
U+9577	U+9577	corpus
U+9580	U+9580	corpus
U+9589	U+9589	corpus
U+958B	U+958C	corpus
U+958E	U+958F	corpus
U+9591	U+9594	corpus
U+95A3	U+95A3	corpus
U+95A8	U+95A9	corpus
U+95AB	U+95AB	corpus
U+95AD	U+95AD	corpus
U+95B1	U+95B2	corpus
U+95B6	U+95B6	corpus
U+95B9	U+95B9	corpus
U+95BB	U+95BE	corpus
U+95C7	U+95C8	corpus
U+95CA	U+95CC	corpus
U+95D0	U+95D1	corpus
U+95D5	U+95D6	corpus
U+95DA	U+95DA	corpus
U+95DC	U+95DC	corpus
U+95E1	U+95E2	corpus
U+961C	U+961C	corpus
U+9621	U+9621	corpus
U+962E	U+962E	corpus
U+9632	U+9632	corpus
U+963B	U+963D	corpus
U+963F	U+963F	corpus
U+9642	U+9642	corpus
U+9644	U+9644	corpus
U+964B	U+964D	corpus
U+9650	U+9650	corpus
U+9654	U+9654	corpus
U+9658	U+9658	corpus
U+965B	U+965C	corpus
U+965E	U+965F	corpus
U+9662	U+9664	corpus
U+966A	U+966A	corpus
U+966C	U+966C	corpus
U+9670	U+9670	corpus
U+9673	U+9673	corpus
U+9675	U+9678	corpus
U+967D	U+967D	corpus
U+9683	U+9683	corpus
U+9685	U+9686	corpus
U+968A	U+968B	corpus
U+968E	U+968E	corpus
U+9694	U+9695	corpus
U+9698	U+9699	corpus
U+969B	U+969C	corpus
U+96A3	U+96A4	corpus
U+96A7	U+96A8	corpus
U+96AA	U+96AA	corpus
U+96B0	U+96B4	corpus
U+96B7	U+96B8	corpus
U+96BB	U+96BC	corpus
U+96C0	U+96C1	corpus
U+96C4	U+96C6	corpus
U+96C9	U+96C9	corpus
U+96CB	U+96CE	corpus
U+96D2	U+96D2	corpus
U+96D5	U+96D6	corpus
U+96D9	U+96DE	corpus
U+96E2	U+96E3	corpus
U+96E8	U+96EA	corpus
U+96EF	U+96EF	corpus
U+96F1	U+96F2	corpus
U+96F6	U+96F7	corpus
U+96F9	U+96F9	corpus
U+96FB	U+96FB	corpus
U+9700	U+9700	corpus
U+9704	U+9707	corpus
U+970D	U+970D	corpus
U+970F	U+970F	corpus
U+9711	U+9711	corpus
U+9716	U+9716	corpus
U+971C	U+971C	corpus
U+971E	U+971E	corpus
U+9724	U+9724	corpus
U+9727	U+9727	corpus
U+9732	U+9732	corpus
U+9738	U+9738	corpus
U+973D	U+973D	corpus
U+9744	U+9744	corpus
U+9748	U+9748	corpus
U+9752	U+9752	corpus
U+9756	U+9756	corpus
U+9759	U+9759	corpus
U+975C	U+975C	corpus
U+975E	U+975E	corpus
U+9761	U+9762	corpus
U+9766	U+9766	corpus
U+9769	U+9769	corpus
U+9773	U+9773	corpus
U+977E	U+977E	corpus
U+9785	U+9785	corpus
U+978F	U+978F	corpus
U+97A0	U+97A0	corpus
U+97AB	U+97AC	corpus
U+97AE	U+97AE	corpus
U+97B6	U+97B6	corpus
U+97C7	U+97C7	corpus
U+97CB	U+97CB	corpus
U+97CE	U+97CE	corpus
U+97D0	U+97D0	corpus
U+97D3	U+97D3	corpus
U+97D9	U+97D9	corpus
U+97DE	U+97DE	corpus
U+97E0	U+97E1	corpus
U+97E3	U+97E3	corpus
U+97ED	U+97ED	corpus
U+97F3	U+97F3	corpus
U+97F6	U+97F6	corpus
U+97FB	U+97FB	corpus
U+97FF	U+97FF	corpus
U+9801	U+9808	corpus
U+980A	U+980A	corpus
U+980C	U+980D	corpus
U+980F	U+9813	corpus
U+9816	U+9818	corpus
U+9821	U+9821	corpus
U+9823	U+9824	corpus
U+982B	U+982B	corpus
U+982D	U+982D	corpus
U+9830	U+9830	corpus
U+9832	U+9832	corpus
U+9834	U+9834	corpus
U+9838	U+9838	corpus
U+983A	U+983D	corpus
U+9848	U+9848	corpus
U+984C	U+984D	corpus
U+984F	U+984F	corpus
U+9852	U+9854	corpus
U+9857	U+9858	corpus
U+985B	U+985B	corpus
U+985E	U+985E	corpus
U+9862	U+9862	corpus
U+9865	U+9865	corpus
U+9867	U+9867	corpus
U+986F	U+986F	corpus
U+987D	U+987D	corpus
U+98A8	U+98A8	corpus
U+98BA	U+98BA	corpus
U+98DB	U+98DB	corpus
U+98DF	U+98DF	corpus
U+98E2	U+98E3	corpus
U+98EB	U+98EB	corpus
U+98ED	U+98EF	corpus
U+98F1	U+98F2	corpus
U+98F4	U+98F4	corpus
U+98F6	U+98F6	corpus
U+98FD	U+98FE	corpus
U+9908	U+990A	corpus
U+990C	U+990C	corpus
U+9910	U+9910	corpus
U+9915	U+9919	corpus
U+9928	U+9928	corpus
U+993C	U+993C	corpus
U+9940	U+9940	corpus
U+994B	U+994C	corpus
U+994E	U+994E	corpus
U+9951	U+9952	corpus
U+9954	U+9954	corpus
U+9957	U+9957	corpus
U+9996	U+9996	corpus
U+9999	U+9999	corpus
U+99A3	U+99A5	corpus
U+99A8	U+99A8	corpus
U+99AC	U+99AF	corpus
U+99B3	U+99B4	corpus
U+99C1	U+99C1	corpus
U+99C9	U+99C9	corpus
U+99D0	U+99D0	corpus
U+99D2	U+99D2	corpus
U+99D5	U+99D5	corpus
U+99D8	U+99D9	corpus
U+99E2	U+99E2	corpus
U+99ED	U+99EE	corpus
U+99F4	U+99F4	corpus
U+99F8	U+99F8	corpus
U+99FF	U+99FF	corpus
U+9A01	U+9A02	corpus
U+9A04	U+9A04	corpus
U+9A0B	U+9A0B	corpus
U+9A0E	U+9A0E	corpus
U+9A10	U+9A10	corpus
U+9A16	U+9A16	corpus
U+9A2D	U+9A2D	corpus
U+9A30	U+9A30	corpus
U+9A36	U+9A37	corpus
U+9A42	U+9A42	corpus
U+9A45	U+9A45	corpus
U+9A4E	U+9A4E	corpus
U+9A57	U+9A57	corpus
U+9A5A	U+9A5B	corpus
U+9A5F	U+9A5F	corpus
U+9A62	U+9A62	corpus
U+9A64	U+9A65	corpus
U+9A6A	U+9A6A	corpus
U+9AA8	U+9AA8	corpus
U+9AC0	U+9AC0	corpus
U+9AD4	U+9AD4	corpus
U+9AD8	U+9AD8	corpus
U+9AE2	U+9AE3	corpus
U+9AE6	U+9AE6	corpus
U+9AEA	U+9AEA	corpus
U+9AED	U+9AEE	corpus
U+9AF3	U+9AF4	corpus
U+9AFB	U+9AFB	corpus
U+9AFD	U+9AFD	corpus
U+9B28	U+9B28	corpus
U+9B2C	U+9B2D	corpus
U+9B2F	U+9B34	corpus
U+9B3B	U+9B3C	corpus
U+9B41	U+9B42	corpus
U+9B44	U+9B44	corpus
U+9B4F	U+9B4F	corpus
U+9B5A	U+9B5A	corpus
U+9B6F	U+9B6F	corpus
U+9B91	U+9B92	corpus
U+9BAA	U+9BAA	corpus
U+9BAE	U+9BAE	corpus
U+9BBF	U+9BC1	corpus
U+9BC9	U+9BC9	corpus
U+9BE4	U+9BE4	corpus
U+9BE8	U+9BE8	corpus
U+9BFD	U+9BFD	corpus
U+9C13	U+9C13	corpus
U+9C25	U+9C25	corpus
U+9C50	U+9C50	corpus
U+9C52	U+9C53	corpus
U+9C57	U+9C58	corpus
U+9C63	U+9C63	corpus
U+9CE5	U+9CE5	corpus
U+9CE9	U+9CE9	corpus
U+9CEC	U+9CEC	corpus
U+9CF2	U+9CF4	corpus
U+9D1E	U+9D1F	corpus
U+9D28	U+9D28	corpus
U+9D3B	U+9D3B	corpus
U+9D3F	U+9D3F	corpus
U+9D53	U+9D53	corpus
U+9D5C	U+9D5C	corpus
U+9D6C	U+9D6C	corpus
U+9D6F	U+9D6F	corpus
U+9D72	U+9D72	corpus
U+9D89	U+9D89	corpus
U+9D9A	U+9D9A	corpus
U+9DAF	U+9DAF	corpus
U+9DB4	U+9DB4	corpus
U+9DC4	U+9DC4	corpus
U+9DD6	U+9DD6	corpus
U+9DDF	U+9DDF	corpus
U+9DE2	U+9DE2	corpus
U+9DE6	U+9DE6	corpus
U+9DEE	U+9DEF	corpus
U+9DF9	U+9DFA	corpus
U+9E0E	U+9E0E	corpus
U+9E1D	U+9E1E	corpus
U+9E7D	U+9E7D	corpus
U+9E7F	U+9E7F	corpus
U+9E88	U+9E88	corpus
U+9E8B	U+9E8B	corpus
U+9E90	U+9E90	corpus
U+9E92	U+9E93	corpus
U+9E95	U+9E95	corpus
U+9E97	U+9E97	corpus
U+9E9D	U+9E9D	corpus
U+9E9F	U+9E9F	corpus
U+9EA4	U+9EA4	corpus
U+9EBB	U+9EBB	corpus
U+9EC3	U+9EC3	corpus
U+9ECC	U+9ECE	corpus
U+9ED1	U+9ED1	corpus
U+9ED4	U+9ED4	corpus
U+9ED8	U+9ED8	corpus
U+9EDC	U+9EDC	corpus
U+9EDE	U+9EDF	corpus
U+9EE5	U+9EE5	corpus
U+9EE8	U+9EE8	corpus
U+9EF7	U+9EF7	corpus
U+9EF9	U+9EF9	corpus
U+9EFB	U+9EFC	corpus
U+9F07	U+9F07	corpus
U+9F0E	U+9F10	corpus
U+9F13	U+9F14	corpus
U+9F20	U+9F20	corpus
U+9F2F	U+9F2F	corpus
U+9F4A	U+9F4B	corpus
U+9F4E	U+9F4E	corpus
U+9F52	U+9F52	corpus
U+9F55	U+9F55	corpus
U+9F57	U+9F57	corpus
U+9F5F	U+9F5F	corpus
U+9F61	U+9F61	corpus
U+9F6C	U+9F6C	corpus
U+9F6E	U+9F6E	corpus
U+9F8D	U+9F8D	corpus
U+9F90	U+9F90	corpus
U+9F94	U+9F95	corpus
U+9F9C	U+9F9C	corpus
U+20201	U+20201	corpus
U+203C9	U+203C9	corpus
U+20DD3	U+20DD3	corpus
U+20DE3	U+20DE3	corpus
U+220B9	U+220B9	corpus
U+221EE	U+221EE	corpus
U+229A4	U+229A4	corpus
U+2333E	U+2333E	corpus
U+23555	U+23555	corpus
U+23657	U+23657	corpus
U+23C41	U+23C41	corpus
U+23D60	U+23D60	corpus
U+23ECE	U+23ECE	corpus
U+2410A	U+2410A	corpus
U+241CD	U+241CD	corpus
U+241F4	U+241F4	corpus
U+242B9	U+242B9	corpus
U+24C51	U+24C51	corpus
U+2528D	U+2528D	corpus
U+25650	U+25650	corpus
U+25BA5	U+25BA5	corpus
U+25CFD	U+25CFD	corpus
U+26050	U+26050	corpus
U+26150	U+26150	corpus
U+26295	U+26295	corpus
U+262A8	U+262A8	corpus
U+26416	U+26416	corpus
U+264BF	U+264BF	corpus
U+26BF3	U+26BF3	corpus
U+270F2	U+270F2	corpus
U+2774E	U+2774E	corpus
U+2775E	U+2775E	corpus
U+283F5	U+283F5	corpus
U+284DC	U+284DC	corpus
U+298E1	U+298E1	corpus
U+2A3C6	U+2A3C6	corpus
U+2A434	U+2A434	corpus
U+2B0DF	U+2B0DF	corpus
U+2D946	U+2D946	corpus
U+2E281	U+2E281	corpus
U+2E46E	U+2E46E	corpus
U+2E665	U+2E665	corpus
U+2EB3B	U+2EB3B	corpus
U+32133	U+32133	corpus
U+3400	U+4DBF	font:*
U+4E00	U+9FFF	font:*
U+F92C	U+F92C	font:*
U+F979	U+F979	font:*
U+F995	U+F995	font:*
U+F9E7	U+F9E7	font:*
U+F9F1	U+F9F1	font:*
U+FA0C	U+FA0F	font:*
U+FA11	U+FA11	font:*
U+FA13	U+FA14	font:*
U+FA18	U+FA18	font:*
U+FA1F	U+FA21	font:*
U+FA23	U+FA24	font:*
U+FA27	U+FA29	font:*
U+20000	U+2A6DF	font:*
U+2A700	U+2B739	font:*
U+2B740	U+2B81D	font:*
U+2B820	U+2CEA1	font:*
U+2CEB0	U+2EBE0	font:*
U+2EBF0	U+2EE5D	font:*
U+2F800	U+2FA1D	font:*
U+309C6	U+309C6	font:*
U+315AC	U+315AC	font:*
U+31BBE	U+31BBE	font:*
U+31EFC	U+31EFC	font:*
U+32DB5	U+32DB5	font:*
U+32E93	U+32E93	font:*
U+330E0	U+330E0	font:*
U+3314B	U+3314B	font:*
U+3317D	U+3317D	font:*
U+3400	U+4DBF	font:FS001
U+4E00	U+9FFF	font:FS001
U+F92C	U+F92C	font:FS001
U+F979	U+F979	font:FS001
U+F995	U+F995	font:FS001
U+F9E7	U+F9E7	font:FS001
U+F9F1	U+F9F1	font:FS001
U+FA0C	U+FA0F	font:FS001
U+FA11	U+FA11	font:FS001
U+FA13	U+FA14	font:FS001
U+FA18	U+FA18	font:FS001
U+FA1F	U+FA21	font:FS001
U+FA23	U+FA24	font:FS001
U+FA27	U+FA29	font:FS001
U+20087	U+20087	font:FS001
U+20089	U+20089	font:FS001
U+200CC	U+200CC	font:FS001
U+20164	U+20164	font:FS001
U+20509	U+20509	font:FS001
U+20676	U+20676	font:FS001
U+2099D	U+2099D	font:FS001
U+20CD0	U+20CD0	font:FS001
U+2139A	U+2139A	font:FS001
U+21413	U+21413	font:FS001
U+215D7	U+215D7	font:FS001
U+2298F	U+2298F	font:FS001
U+235CB	U+235CB	font:FS001
U+23C97	U+23C98	font:FS001
U+23E23	U+23E23	font:FS001
U+241FE	U+241FE	font:FS001
U+249DB	U+249DB	font:FS001
U+24A7D	U+24A7D	font:FS001
U+24AC9	U+24AC9	font:FS001
U+25532	U+25532	font:FS001
U+25562	U+25562	font:FS001
U+255A8	U+255A8	font:FS001
U+25ED7	U+25ED7	font:FS001
U+26221	U+26221	font:FS001
U+2648D	U+2648D	font:FS001
U+26676	U+26676	font:FS001
U+2677C	U+2677C	font:FS001
U+26B5C	U+26B5C	font:FS001
U+26C21	U+26C21	font:FS001
U+27FF9	U+27FF9	font:FS001
U+28408	U+28408	font:FS001
U+28678	U+28678	font:FS001
U+28695	U+28695	font:FS001
U+287E0	U+287E0	font:FS001
U+28B49	U+28B49	font:FS001
U+28C47	U+28C47	font:FS001
U+28C4F	U+28C4F	font:FS001
U+28C51	U+28C51	font:FS001
U+28C54	U+28C54	font:FS001
U+28E99	U+28E99	font:FS001
U+29F7E	U+29F7E	font:FS001
U+29F83	U+29F83	font:FS001
U+29F8C	U+29F8C	font:FS001
U+2A7DD	U+2A7DD	font:FS001
U+2A8FB	U+2A8FB	font:FS001
U+2A917	U+2A917	font:FS001
U+2AA30	U+2AA30	font:FS001
U+2AA36	U+2AA36	font:FS001
U+2AA58	U+2AA58	font:FS001
U+2AFA2	U+2AFA2	font:FS001
U+2B127	U+2B128	font:FS001
U+2B137	U+2B138	font:FS001
U+2B1ED	U+2B1ED	font:FS001
U+2B300	U+2B300	font:FS001
U+2B363	U+2B363	font:FS001
U+2B36F	U+2B36F	font:FS001
U+2B372	U+2B372	font:FS001
U+2B37D	U+2B37D	font:FS001
U+2B404	U+2B404	font:FS001
U+2B410	U+2B410	font:FS001
U+2B413	U+2B413	font:FS001
U+2B461	U+2B461	font:FS001
U+2B4E7	U+2B4E7	font:FS001
U+2B4EF	U+2B4EF	font:FS001
U+2B4F6	U+2B4F6	font:FS001
U+2B4F9	U+2B4F9	font:FS001
U+2B50D	U+2B50E	font:FS001
U+2B536	U+2B536	font:FS001
U+2B5AE	U+2B5AF	font:FS001
U+2B5B3	U+2B5B3	font:FS001
U+2B5E7	U+2B5E7	font:FS001
U+2B5F4	U+2B5F4	font:FS001
U+2B61C	U+2B61D	font:FS001
U+2B626	U+2B628	font:FS001
U+2B62A	U+2B62A	font:FS001
U+2B62C	U+2B62C	font:FS001
U+2B695	U+2B696	font:FS001
U+2B6AD	U+2B6AD	font:FS001
U+2B6ED	U+2B6ED	font:FS001
U+2B7A9	U+2B7A9	font:FS001
U+2B7C5	U+2B7C5	font:FS001
U+2B7E6	U+2B7E6	font:FS001
U+2B7F9	U+2B7F9	font:FS001
U+2B7FC	U+2B7FC	font:FS001
U+2B806	U+2B806	font:FS001
U+2B80A	U+2B80A	font:FS001
U+2B81C	U+2B81C	font:FS001
U+2B8B8	U+2B8B8	font:FS001
U+2BAC7	U+2BAC7	font:FS001
U+2BB5F	U+2BB5F	font:FS001
U+2BB62	U+2BB62	font:FS001
U+2BB7C	U+2BB7C	font:FS001
U+2BB83	U+2BB83	font:FS001
U+2BC1B	U+2BC1B	font:FS001
U+2BD77	U+2BD77	font:FS001
U+2BD87	U+2BD87	font:FS001
U+2BDF7	U+2BDF7	font:FS001
U+2BE29	U+2BE29	font:FS001
U+2C029	U+2C02A	font:FS001
U+2C0A9	U+2C0A9	font:FS001
U+2C0CA	U+2C0CA	font:FS001
U+2C1D5	U+2C1D5	font:FS001
U+2C1D9	U+2C1D9	font:FS001
U+2C1F9	U+2C1F9	font:FS001
U+2C27C	U+2C27C	font:FS001
U+2C288	U+2C288	font:FS001
U+2C2A4	U+2C2A4	font:FS001
U+2C317	U+2C317	font:FS001
U+2C35B	U+2C35B	font:FS001
U+2C361	U+2C361	font:FS001
U+2C364	U+2C364	font:FS001
U+2C488	U+2C488	font:FS001
U+2C494	U+2C494	font:FS001
U+2C497	U+2C497	font:FS001
U+2C542	U+2C542	font:FS001
U+2C613	U+2C613	font:FS001
U+2C618	U+2C618	font:FS001
U+2C621	U+2C621	font:FS001
U+2C629	U+2C629	font:FS001
U+2C62B	U+2C62D	font:FS001
U+2C62F	U+2C62F	font:FS001
U+2C642	U+2C642	font:FS001
U+2C64A	U+2C64B	font:FS001
U+2C72C	U+2C72C	font:FS001
U+2C72F	U+2C72F	font:FS001
U+2C79F	U+2C79F	font:FS001
U+2C7C1	U+2C7C1	font:FS001
U+2C7FD	U+2C7FD	font:FS001
U+2C8D9	U+2C8D9	font:FS001
U+2C8DE	U+2C8DE	font:FS001
U+2C8E1	U+2C8E1	font:FS001
U+2C8F3	U+2C8F3	font:FS001
U+2C907	U+2C907	font:FS001
U+2C90A	U+2C90A	font:FS001
U+2C91D	U+2C91D	font:FS001
U+2CA02	U+2CA02	font:FS001
U+2CA0E	U+2CA0E	font:FS001
U+2CA7D	U+2CA7D	font:FS001
U+2CAA9	U+2CAA9	font:FS001
U+2CB29	U+2CB29	font:FS001
U+2CB2D	U+2CB2E	font:FS001
U+2CB31	U+2CB31	font:FS001
U+2CB38	U+2CB39	font:FS001
U+2CB3B	U+2CB3B	font:FS001
U+2CB3F	U+2CB3F	font:FS001
U+2CB41	U+2CB41	font:FS001
U+2CB4A	U+2CB4A	font:FS001
U+2CB4E	U+2CB4E	font:FS001
U+2CB5A	U+2CB5B	font:FS001
U+2CB64	U+2CB64	font:FS001
U+2CB69	U+2CB69	font:FS001
U+2CB6C	U+2CB6C	font:FS001
U+2CB6F	U+2CB6F	font:FS001
U+2CB73	U+2CB73	font:FS001
U+2CB76	U+2CB76	font:FS001
U+2CB78	U+2CB78	font:FS001
U+2CB7C	U+2CB7C	font:FS001
U+2CBB1	U+2CBB1	font:FS001
U+2CBBF	U+2CBC0	font:FS001
U+2CBCE	U+2CBCE	font:FS001
U+2CC56	U+2CC56	font:FS001
U+2CC5F	U+2CC5F	font:FS001
U+2CCF5	U+2CCF6	font:FS001
U+2CCFD	U+2CCFD	font:FS001
U+2CCFF	U+2CCFF	font:FS001
U+2CD02	U+2CD03	font:FS001
U+2CD0A	U+2CD0A	font:FS001
U+2CD8B	U+2CD8B	font:FS001
U+2CD8D	U+2CD8D	font:FS001
U+2CD8F	U+2CD90	font:FS001
U+2CD9F	U+2CDA0	font:FS001
U+2CDA8	U+2CDA8	font:FS001
U+2CDAD	U+2CDAE	font:FS001
U+2CDD5	U+2CDD5	font:FS001
U+2CE18	U+2CE18	font:FS001
U+2CE1A	U+2CE1A	font:FS001
U+2CE23	U+2CE23	font:FS001
U+2CE26	U+2CE26	font:FS001
U+2CE2A	U+2CE2A	font:FS001
U+2CE7C	U+2CE7C	font:FS001
U+2CE88	U+2CE88	font:FS001
U+2CE93	U+2CE93	font:FS001
U+20000	U+2A6DF	font:FS002
U+2A700	U+2B739	font:FS002
U+2B740	U+2B81D	font:FS002
U+2B820	U+2CEA1	font:FS002
U+2CEB0	U+2EBE0	font:FS002
U+2EBF0	U+2EE5D	font:FS002
U+2F800	U+2FA1D	font:FS002
U+309C6	U+309C6	font:FS002
U+315AC	U+315AC	font:FS002
U+31BBE	U+31BBE	font:FS002
U+31EFC	U+31EFC	font:FS002
U+32DB5	U+32DB5	font:FS002
U+32E93	U+32E93	font:FS002
U+330E0	U+330E0	font:FS002
U+3314B	U+3314B	font:FS002
U+3317D	U+3317D	font:FS002
U+3402	U+3402	ocr
U+3431	U+3431	ocr
U+365F	U+365F	ocr
U+3D2A	U+3D2A	ocr
U+3E03	U+3E03	ocr
U+459D	U+459D	ocr
U+4749	U+4749	ocr
U+4E00	U+4E01	ocr
U+4E03	U+4E04	ocr
U+4E07	U+4E0B	ocr
U+4E0D	U+4E0E	ocr
U+4E10	U+4E11	ocr
U+4E13	U+4E16	ocr
U+4E18	U+4E1E	ocr
U+4E21	U+4E22	ocr
U+4E24	U+4E25	ocr
U+4E27	U+4E28	ocr
U+4E2A	U+4E2B	ocr
U+4E2D	U+4E2D	ocr
U+4E30	U+4E30	ocr
U+4E32	U+4E32	ocr
U+4E34	U+4E34	ocr
U+4E36	U+4E36	ocr
U+4E38	U+4E3F	ocr
U+4E43	U+4E43	ocr
U+4E45	U+4E45	ocr
U+4E48	U+4E49	ocr
U+4E4B	U+4E50	ocr
U+4E52	U+4E54	ocr
U+4E56	U+4E56	ocr
U+4E58	U+4E5A	ocr
U+4E5C	U+4E61	ocr
U+4E66	U+4E66	ocr
U+4E70	U+4E71	ocr
U+4E73	U+4E73	ocr
U+4E78	U+4E78	ocr
U+4E7E	U+4E7E	ocr
U+4E86	U+4E86	ocr
U+4E88	U+4E89	ocr
U+4E8B	U+4E8F	ocr
U+4E91	U+4E95	ocr
U+4E98	U+4E98	ocr
U+4E9A	U+4E9C	ocr
U+4E9E	U+4E9F	ocr
U+4EA1	U+4EA2	ocr
U+4EA4	U+4EA9	ocr
U+4EAB	U+4EAE	ocr
U+4EB2	U+4EB3	ocr
U+4EB5	U+4EB5	ocr
U+4EBA	U+4EBB	ocr
U+4EBF	U+4EC1	ocr
U+4EC3	U+4EC7	ocr
U+4ECA	U+4ECB	ocr
U+4ECD	U+4ECE	ocr
U+4ED1	U+4ED1	ocr
U+4ED3	U+4ED9	ocr
U+4EDD	U+4EDF	ocr
U+4EE1	U+4EE1	ocr
U+4EE3	U+4EE5	ocr
U+4EE8	U+4EE8	ocr
U+4EEA	U+4EEA	ocr
U+4EEC	U+4EEC	ocr
U+4EF0	U+4EF0	ocr
U+4EF2	U+4EF2	ocr
U+4EF6	U+4EF7	ocr
U+4EFA	U+4EFB	ocr
U+4EFD	U+4EFD	ocr
U+4EFF	U+4EFF	ocr
U+4F01	U+4F01	ocr
U+4F08	U+4F0A	ocr
U+4F0D	U+4F11	ocr
U+4F17	U+4F1A	ocr
U+4F1E	U+4F20	ocr
U+4F22	U+4F22	ocr
U+4F24	U+4F24	ocr
U+4F26	U+4F26	ocr
U+4F2A	U+4F2B	ocr
U+4F2F	U+4F31	ocr
U+4F34	U+4F34	ocr
U+4F36	U+4F36	ocr
U+4F38	U+4F38	ocr
U+4F3A	U+4F3A	ocr
U+4F3C	U+4F3D	ocr
U+4F43	U+4F43	ocr
U+4F46	U+4F46	ocr
U+4F4D	U+4F51	ocr
U+4F53	U+4F53	ocr
U+4F55	U+4F55	ocr
U+4F57	U+4F60	ocr
U+4F63	U+4F64	ocr
U+4F67	U+4F67	ocr
U+4F69	U+4F69	ocr
U+4F6C	U+4F6C	ocr
U+4F6F	U+4F70	ocr
U+4F73	U+4F73	ocr
U+4F76	U+4F76	ocr
U+4F7C	U+4F7C	ocr
U+4F7F	U+4F7F	ocr
U+4F83	U+4F84	ocr
U+4F86	U+4F86	ocr
U+4F88	U+4F88	ocr
U+4F8B	U+4F8B	ocr
U+4F8D	U+4F8D	ocr
U+4F8F	U+4F8F	ocr
U+4F91	U+4F91	ocr
U+4F97	U+4F97	ocr
U+4F9B	U+4F9B	ocr
U+4F9D	U+4F9D	ocr
U+4FA0	U+4FA0	ocr
U+4FA3	U+4FA3	ocr
U+4FA5	U+4FA9	ocr
U+4FAC	U+4FAC	ocr
U+4FAE	U+4FAF	ocr
U+4FB5	U+4FB5	ocr
U+4FBF	U+4FBF	ocr
U+4FC2	U+4FC4	ocr
U+4FCA	U+4FCA	ocr
U+4FCE	U+4FD1	ocr
U+4FD7	U+4FD8	ocr
U+4FDA	U+4FDA	ocr
U+4FDD	U+4FDF	ocr
U+4FE1	U+4FE1	ocr
U+4FE8	U+4FEF	ocr
U+4FF1	U+4FF1	ocr
U+4FF5	U+4FF5	ocr
U+4FF8	U+4FF8	ocr
U+4FFA	U+4FFA	ocr
U+4FFE	U+4FFE	ocr
U+5006	U+5006	ocr
U+5009	U+5009	ocr
U+500B	U+500D	ocr
U+500F	U+500F	ocr
U+5011	U+5012	ocr
U+5014	U+5014	ocr
U+5018	U+501A	ocr
U+501C	U+501C	ocr
U+501F	U+501F	ocr
U+5021	U+5021	ocr
U+5026	U+5026	ocr
U+5029	U+502D	ocr
U+503A	U+503A	ocr
U+503C	U+503C	ocr
U+503E	U+503E	ocr
U+5043	U+5043	ocr
U+5047	U+5049	ocr
U+504C	U+504C	ocr
U+504E	U+504F	ocr
U+5055	U+5055	ocr
U+505A	U+505A	ocr
U+505C	U+505C	ocr
U+5065	U+5065	ocr
U+5076	U+5077	ocr
U+507B	U+507B	ocr
U+507D	U+507D	ocr
U+507F	U+5080	ocr
U+5085	U+5085	ocr
U+5088	U+5088	ocr
U+508D	U+508D	ocr
U+5098	U+5099	ocr
U+50A2	U+50A3	ocr
U+50A5	U+50A5	ocr
U+50A8	U+50A9	ocr
U+50AC	U+50AC	ocr
U+50B2	U+50B3	ocr
U+50B7	U+50B7	ocr
U+50BB	U+50BB	ocr
U+50CF	U+50CF	ocr
U+50D1	U+50D1	ocr
U+50DA	U+50DA	ocr
U+50E7	U+50E7	ocr
U+50EE	U+50EE	ocr
U+50F3	U+50F3	ocr
U+50F5	U+50F5	ocr
U+50F9	U+50F9	ocr
U+50FB	U+50FB	ocr
U+5100	U+5100	ocr
U+5104	U+5104	ocr
U+510B	U+510B	ocr
U+5112	U+5112	ocr
U+5121	U+5121	ocr
U+5125	U+5125	ocr
U+512A	U+512A	ocr
U+5131	U+5131	ocr
U+513F	U+5141	ocr
U+5143	U+5146	ocr
U+5148	U+5149	ocr
U+514B	U+514B	ocr
U+514D	U+514D	ocr
U+5151	U+5152	ocr
U+5154	U+5154	ocr
U+5156	U+5156	ocr
U+515A	U+515A	ocr
U+515C	U+515C	ocr
U+5162	U+5162	ocr
U+5165	U+5165	ocr
U+5167	U+5169	ocr
U+516B	U+516E	ocr
U+5170	U+5171	ocr
U+5173	U+5179	ocr
U+517B	U+517D	ocr
U+517F	U+5180	ocr
U+5185	U+5185	ocr
U+5188	U+5189	ocr
U+518C	U+518D	ocr
U+518F	U+518F	ocr
U+5192	U+5192	ocr
U+5195	U+5195	ocr
U+5197	U+5197	ocr
U+5199	U+519C	ocr
U+51A0	U+51A0	ocr
U+51A2	U+51A2	ocr
U+51A4	U+51A5	ocr
U+51AC	U+51AC	ocr
U+51AE	U+51B0	ocr
U+51B2	U+51B3	ocr
U+51B5	U+51B7	ocr
U+51BB	U+51BD	ocr
U+51C0	U+51C0	ocr
U+51C4	U+51C4	ocr
U+51C6	U+51C9	ocr
U+51CB	U+51CD	ocr
U+51CF	U+51CF	ocr
U+51D1	U+51D1	ocr
U+51D6	U+51D6	ocr
U+51DB	U+51DB	ocr
U+51DD	U+51DD	ocr
U+51E0	U+51E1	ocr
U+51E4	U+51E4	ocr
U+51E6	U+51E6	ocr
U+51EC	U+51ED	ocr
U+51EF	U+51F1	ocr
U+51F3	U+51F3	ocr
U+51F6	U+51F6	ocr
U+51F8	U+51FB	ocr
U+51FD	U+51FD	ocr
U+51FF	U+5203	ocr
U+5206	U+5208	ocr
U+520A	U+520A	ocr
U+520D	U+520D	ocr
U+5211	U+5212	ocr
U+5217	U+521B	ocr
U+521D	U+521D	ocr
U+5220	U+5220	ocr
U+5224	U+5224	ocr
U+5228	U+522B	ocr
U+522E	U+522E	ocr
U+5230	U+5230	ocr
U+5236	U+523B	ocr
U+523F	U+523F	ocr
U+5241	U+5243	ocr
U+524A	U+524A	ocr
U+524C	U+524E	ocr
U+5250	U+5251	ocr
U+5254	U+5254	ocr
U+5256	U+5256	ocr
U+525B	U+525B	ocr
U+5261	U+5261	ocr
U+5265	U+5265	ocr
U+5267	U+5267	ocr
U+5269	U+526A	ocr
U+526F	U+526F	ocr
U+5272	U+5272	ocr
U+5275	U+5275	ocr
U+527D	U+527D	ocr
U+527F	U+527F	ocr
U+5283	U+5283	ocr
U+5287	U+5289	ocr
U+528D	U+528D	ocr
U+5291	U+5291	ocr
U+529B	U+529B	ocr
U+529D	U+52A1	ocr
U+52A3	U+52A3	ocr
U+52A8	U+52AB	ocr
U+52AD	U+52AD	ocr
U+52B1	U+52B3	ocr
U+52B5	U+52B5	ocr
U+52BE	U+52BF	ocr
U+52C1	U+52C1	ocr
U+52C3	U+52C3	ocr
U+52C5	U+52C5	ocr
U+52C7	U+52C7	ocr
U+52C9	U+52C9	ocr
U+52CB	U+52CB	ocr
U+52D0	U+52D2	ocr
U+52D5	U+52D5	ocr
U+52D8	U+52D9	ocr
U+52DD	U+52DD	ocr
U+52DF	U+52DF	ocr
U+52E2	U+52E2	ocr
U+52E4	U+52E4	ocr
U+52F0	U+52F0	ocr
U+52FA	U+52FA	ocr
U+52FE	U+5300	ocr
U+5305	U+5306	ocr
U+5308	U+5308	ocr
U+530B	U+530B	ocr
U+530D	U+530D	ocr
U+5310	U+5310	ocr
U+5315	U+5317	ocr
U+5319	U+5319	ocr
U+531D	U+531D	ocr
U+5320	U+5321	ocr
U+5323	U+5323	ocr
U+532A	U+532A	ocr
U+532E	U+532F	ocr
U+5339	U+533B	ocr
U+533E	U+5341	ocr
U+5343	U+5343	ocr
U+5345	U+5345	ocr
U+5347	U+534A	ocr
U+534E	U+534F	ocr
U+5351	U+5357	ocr
U+535A	U+535A	ocr
U+535C	U+535C	ocr
U+535E	U+5362	ocr
U+5364	U+5364	ocr
U+5366	U+5367	ocr
U+5369	U+5369	ocr
U+536B	U+536B	ocr
U+536F	U+5371	ocr
U+5373	U+5375	ocr
U+5377	U+5378	ocr
U+537F	U+537F	ocr
U+5382	U+5382	ocr
U+5384	U+5386	ocr
U+5389	U+5389	ocr
U+538B	U+538D	ocr
U+5395	U+5395	ocr
U+5398	U+5398	ocr
U+539A	U+539A	ocr
U+539D	U+539D	ocr
U+539F	U+539F	ocr
U+53A2	U+53A2	ocr
U+53A5	U+53A6	ocr
U+53A8	U+53A9	ocr
U+53AE	U+53AE	ocr
U+53BB	U+53BB	ocr
U+53BF	U+53BF	ocr
U+53C1	U+53C3	ocr
U+53C8	U+53CD	ocr
U+53D1	U+53D1	ocr
U+53D4	U+53D4	ocr
U+53D6	U+53D9	ocr
U+53DB	U+53DB	ocr
U+53DF	U+53E0	ocr
U+53E2	U+53E6	ocr
U+53E8	U+53F3	ocr
U+53F6	U+53F9	ocr
U+53FB	U+53FD	ocr
U+5401	U+5401	ocr
U+5403	U+5404	ocr
U+5406	U+5406	ocr
U+5408	U+5413	ocr
U+5415	U+5417	ocr
U+541B	U+541B	ocr
U+541D	U+5421	ocr
U+5426	U+5429	ocr
U+542B	U+542F	ocr
U+5431	U+5432	ocr
U+5434	U+5435	ocr
U+5438	U+5439	ocr
U+543B	U+543C	ocr
U+543E	U+543E	ocr
U+5440	U+5440	ocr
U+5443	U+5443	ocr
U+5446	U+5446	ocr
U+5448	U+5448	ocr
U+544A	U+544B	ocr
U+5450	U+5450	ocr
U+5453	U+5453	ocr
U+5455	U+5455	ocr
U+5457	U+5459	ocr
U+545B	U+545C	ocr
U+5462	U+5462	ocr
U+5464	U+5464	ocr
U+5466	U+5466	ocr
U+5468	U+5468	ocr
U+5471	U+5471	ocr
U+5473	U+5473	ocr
U+5475	U+5475	ocr
U+5477	U+5478	ocr
U+547B	U+547D	ocr
U+5480	U+5480	ocr
U+5482	U+5482	ocr
U+5484	U+5486	ocr
U+548B	U+548C	ocr
U+548E	U+5490	ocr
U+5492	U+5492	ocr
U+5494	U+5496	ocr
U+5499	U+549B	ocr
U+54A3	U+54A4	ocr
U+54A6	U+54AD	ocr
U+54AF	U+54AF	ocr
U+54B1	U+54B1	ocr
U+54B3	U+54B3	ocr
U+54B8	U+54B8	ocr
U+54BB	U+54BB	ocr
U+54BD	U+54BD	ocr
U+54BF	U+54C1	ocr
U+54C4	U+54C4	ocr
U+54C6	U+54C9	ocr
U+54CC	U+54CE	ocr
U+54D1	U+54D4	ocr
U+54D7	U+54D7	ocr
U+54DA	U+54DA	ocr
U+54DD	U+54DF	ocr
U+54E1	U+54E1	ocr
U+54E5	U+54EA	ocr
U+54ED	U+54EE	ocr
U+54F2	U+54F2	ocr
U+54FA	U+54FA	ocr
U+54FC	U+54FD	ocr
U+5501	U+5501	ocr
U+5506	U+5507	ocr
U+5509	U+5509	ocr
U+550F	U+5511	ocr
U+5514	U+5514	ocr
U+5518	U+5518	ocr
U+551B	U+551B	ocr
U+5520	U+5520	ocr
U+5522	U+5522	ocr
U+5524	U+5524	ocr
U+5527	U+5527	ocr
U+552C	U+552C	ocr
U+552E	U+5531	ocr
U+5533	U+5533	ocr
U+5537	U+5537	ocr
U+553B	U+553B	ocr
U+553E	U+553E	ocr
U+5543	U+5544	ocr
U+5546	U+5546	ocr
U+5549	U+554A	ocr
U+554F	U+554F	ocr
U+5553	U+5553	ocr
U+5555	U+5556	ocr
U+555C	U+555C	ocr
U+555F	U+555F	ocr
U+5561	U+5561	ocr
U+5564	U+5567	ocr
U+556A	U+556C	ocr
U+556E	U+556E	ocr
U+5570	U+5570	ocr
U+5575	U+5576	ocr
U+5578	U+5578	ocr
U+557B	U+557C	ocr
U+557E	U+557E	ocr
U+5580	U+5580	ocr
U+5582	U+5584	ocr
U+5586	U+5587	ocr
U+5589	U+558B	ocr
U+558F	U+558F	ocr
U+5594	U+5594	ocr
U+5598	U+5599	ocr
U+559C	U+559D	ocr
U+55A7	U+55A7	ocr
U+55AB	U+55AC	ocr
U+55AE	U+55AE	ocr
U+55B0	U+55B1	ocr
U+55B3	U+55B3	ocr
U+55B5	U+55B5	ocr
U+55B7	U+55B7	ocr
U+55B9	U+55B9	ocr
U+55BB	U+55BB	ocr
U+55BD	U+55BD	ocr
U+55C5	U+55C5	ocr
U+55C9	U+55C9	ocr
U+55D1	U+55D4	ocr
U+55D6	U+55D6	ocr
U+55DC	U+55DF	ocr
U+55E1	U+55E1	ocr
U+55E3	U+55E4	ocr
U+55E6	U+55E6	ocr
U+55E8	U+55E8	ocr
U+55EA	U+55EA	ocr
U+55EC	U+55EC	ocr
U+55EE	U+55EF	ocr
U+55F2	U+55F3	ocr
U+55F7	U+55F7	ocr
U+55FD	U+55FD	ocr
U+5600	U+5600	ocr
U+5608	U+5609	ocr
U+560C	U+560C	ocr
U+560E	U+560E	ocr
U+5618	U+5618	ocr
U+561B	U+561B	ocr
U+561E	U+561F	ocr
U+5622	U+5624	ocr
U+5627	U+5627	ocr
U+562C	U+562C	ocr
U+5631	U+5632	ocr
U+5634	U+5634	ocr
U+5636	U+5636	ocr
U+5639	U+5639	ocr
U+563B	U+563B	ocr
U+563F	U+563F	ocr
U+5641	U+5641	ocr
U+564C	U+564C	ocr
U+564E	U+564E	ocr
U+5657	U+5657	ocr
U+565C	U+565C	ocr
U+5662	U+5662	ocr
U+5664	U+5664	ocr
U+5668	U+566A	ocr
U+566C	U+566C	ocr
U+5671	U+5671	ocr
U+5676	U+5676	ocr
U+567B	U+567C	ocr
U+568E	U+568F	ocr
U+5692	U+5693	ocr
U+569E	U+569E	ocr
U+56A3	U+56A3	ocr
U+56B4	U+56B4	ocr
U+56B7	U+56B7	ocr
U+56BC	U+56BC	ocr
U+56CA	U+56CA	ocr
U+56CD	U+56CD	ocr
U+56D4	U+56D4	ocr
U+56D7	U+56D7	ocr
U+56DA	U+56DB	ocr
U+56DE	U+56E2	ocr
U+56E4	U+56E4	ocr
U+56ED	U+56ED	ocr
U+56F0	U+56F1	ocr
U+56F4	U+56F4	ocr
U+56F9	U+56FA	ocr
U+56FD	U+56FF	ocr
U+5703	U+5703	ocr
U+5706	U+5706	ocr
U+5708	U+5708	ocr
U+570B	U+570B	ocr
U+570D	U+570D	ocr
U+5712	U+5712	ocr
U+5716	U+5718	ocr
U+571C	U+571C	ocr
U+571F	U+571F	ocr
U+5723	U+5723	ocr
U+5727	U+5729	ocr
U+572D	U+572D	ocr
U+5730	U+5730	ocr
U+5733	U+5733	ocr
U+5739	U+573B	ocr
U+573E	U+573E	ocr
U+5740	U+5740	ocr
U+5742	U+5742	ocr
U+5747	U+5747	ocr
U+574A	U+574B	ocr
U+574D	U+5751	ocr
U+5757	U+5757	ocr
U+575A	U+575B	ocr
U+575D	U+5761	ocr
U+5764	U+5764	ocr
U+5766	U+5766	ocr
U+5768	U+576B	ocr
U+576D	U+576D	ocr
U+576F	U+576F	ocr
U+5773	U+5773	ocr
U+5776	U+5777	ocr
U+577B	U+577B	ocr
U+5782	U+5785	ocr
U+578B	U+578C	ocr
U+5792	U+5793	ocr
U+579A	U+579B	ocr
U+579F	U+57A3	ocr
U+57A6	U+57A6	ocr
U+57A9	U+57A9	ocr
U+57AB	U+57AB	ocr
U+57AD	U+57AE	ocr
U+57B8	U+57B8	ocr
U+57C2	U+57C3	ocr
U+57CB	U+57CC	ocr
U+57CE	U+57CE	ocr
U+57D4	U+57D5	ocr
U+57D7	U+57D7	ocr
U+57DA	U+57DA	ocr
U+57DF	U+57E0	ocr
U+57ED	U+57ED	ocr
U+57F7	U+57F7	ocr
U+57F9	U+57FA	ocr
U+5800	U+5800	ocr
U+5802	U+5803	ocr
U+5806	U+5807	ocr
U+5811	U+5811	ocr
U+5815	U+5815	ocr
U+5821	U+5821	ocr
U+5824	U+5824	ocr
U+582A	U+582A	ocr
U+5830	U+5831	ocr
U+5834	U+5835	ocr
U+5837	U+5837	ocr
U+584A	U+584A	ocr
U+584C	U+584D	ocr
U+5851	U+5851	ocr
U+5854	U+5854	ocr
U+5857	U+5858	ocr
U+585E	U+585E	ocr
U+586B	U+586C	ocr
U+587E	U+587E	ocr
U+5883	U+5883	ocr
U+5885	U+5885	ocr
U+5889	U+588A	ocr
U+5892	U+5893	ocr
U+5899	U+5899	ocr
U+589E	U+589F	ocr
U+58A8	U+58A9	ocr
U+58C1	U+58C1	ocr
U+58C5	U+58C5	ocr
U+58C7	U+58C7	ocr
U+58D0	U+58D1	ocr
U+58D3	U+58D3	ocr
U+58D5	U+58D5	ocr
U+58E4	U+58E4	ocr
U+58EB	U+58EC	ocr
U+58EE	U+58EE	ocr
U+58F0	U+58F0	ocr
U+58F3	U+58F4	ocr
U+58F6	U+58F6	ocr
U+58F9	U+58F9	ocr
U+58FD	U+58FD	ocr
U+5900	U+5900	ocr
U+5904	U+5904	ocr
U+5906	U+5907	ocr
U+590B	U+590D	ocr
U+590F	U+590F	ocr
U+5914	U+5916	ocr
U+5919	U+591A	ocr
U+591C	U+591C	ocr
U+591F	U+591F	ocr
U+5922	U+5922	ocr
U+5925	U+5925	ocr
U+5927	U+5927	ocr
U+5929	U+592F	ocr
U+5931	U+5931	ocr
U+5934	U+5934	ocr
U+5937	U+593A	ocr
U+5942	U+5942	ocr
U+5944	U+5944	ocr
U+5947	U+5949	ocr
U+594B	U+594B	ocr
U+594E	U+594F	ocr
U+5951	U+5951	ocr
U+5953	U+5958	ocr
U+595A	U+595A	ocr
U+5960	U+5960	ocr
U+5962	U+5962	ocr
U+5965	U+5965	ocr
U+5967	U+5967	ocr
U+596A	U+596A	ocr
U+5973	U+5974	ocr
U+5976	U+5976	ocr
U+5978	U+5979	ocr
U+597D	U+597D	ocr
U+5982	U+5984	ocr
U+5986	U+5988	ocr
U+598A	U+598A	ocr
U+598D	U+598D	ocr
U+5992	U+5993	ocr
U+5996	U+5997	ocr
U+5999	U+5999	ocr
U+599D	U+599E	ocr
U+59A4	U+59A5	ocr
U+59A8	U+59AB	ocr
U+59AE	U+59AF	ocr
U+59B2	U+59B3	ocr
U+59B9	U+59B9	ocr
U+59BB	U+59BB	ocr
U+59BE	U+59BE	ocr
U+59C6	U+59C6	ocr
U+59CA	U+59CC	ocr
U+59D0	U+59D4	ocr
U+59D7	U+59D8	ocr
U+59DA	U+59DA	ocr
U+59DC	U+59DD	ocr
U+59E3	U+59E3	ocr
U+59E5	U+59E5	ocr
U+59E8	U+59E8	ocr
U+59EC	U+59EC	ocr
U+59F9	U+59F9	ocr
U+59FB	U+59FB	ocr
U+59FF	U+59FF	ocr
U+5A01	U+5A01	ocr
U+5A03	U+5A09	ocr
U+5A0C	U+5A0C	ocr
U+5A11	U+5A11	ocr
U+5A13	U+5A13	ocr
U+5A18	U+5A18	ocr
U+5A1C	U+5A1C	ocr
U+5A1F	U+5A20	ocr
U+5A23	U+5A23	ocr
U+5A25	U+5A25	ocr
U+5A29	U+5A29	ocr
U+5A31	U+5A32	ocr
U+5A34	U+5A34	ocr
U+5A36	U+5A36	ocr
U+5A3C	U+5A3D	ocr
U+5A40	U+5A40	ocr
U+5A46	U+5A46	ocr
U+5A49	U+5A4A	ocr
U+5A55	U+5A55	ocr
U+5A5A	U+5A5A	ocr
U+5A62	U+5A62	ocr
U+5A66	U+5A67	ocr
U+5A6A	U+5A6A	ocr
U+5A6D	U+5A6D	ocr
U+5A74	U+5A77	ocr
U+5A7A	U+5A7A	ocr
U+5A7F	U+5A7F	ocr
U+5A84	U+5A84	ocr
U+5A92	U+5A92	ocr
U+5A9A	U+5A9B	ocr
U+5AB2	U+5AB3	ocr
U+5ABD	U+5ABE	ocr
U+5AC1	U+5AC2	ocr
U+5AC9	U+5AC9	ocr
U+5ACC	U+5ACC	ocr
U+5AD2	U+5AD2	ocr
U+5AD4	U+5AD4	ocr
U+5AD6	U+5AD6	ocr
U+5ADA	U+5ADA	ocr
U+5AE1	U+5AE1	ocr
U+5AE3	U+5AE3	ocr
U+5AE6	U+5AE6	ocr
U+5AE9	U+5AE9	ocr
U+5B09	U+5B09	ocr
U+5B17	U+5B17	ocr
U+5B30	U+5B30	ocr
U+5B34	U+5B34	ocr
U+5B37	U+5B37	ocr
U+5B43	U+5B43	ocr
U+5B50	U+5B51	ocr
U+5B53	U+5B5D	ocr
U+5B5F	U+5B5F	ocr
U+5B62	U+5B64	ocr
U+5B66	U+5B66	ocr
U+5B69	U+5B6C	ocr
U+5B70	U+5B70	ocr
U+5B73	U+5B73	ocr
U+5B75	U+5B75	ocr
U+5B78	U+5B78	ocr
U+5B7A	U+5B7A	ocr
U+5B7D	U+5B7D	ocr
U+5B80	U+5B81	ocr
U+5B83	U+5B85	ocr
U+5B87	U+5B89	ocr
U+5B8B	U+5B8C	ocr
U+5B8F	U+5B8F	ocr
U+5B93	U+5B93	ocr
U+5B95	U+5B95	ocr
U+5B97	U+5B9E	ocr
U+5BA0	U+5BA6	ocr
U+5BAA	U+5BAB	ocr
U+5BB0	U+5BB0	ocr
U+5BB3	U+5BB6	ocr
U+5BB8	U+5BB9	ocr
U+5BBD	U+5BBF	ocr
U+5BC2	U+5BC2	ocr
U+5BC4	U+5BC7	ocr
U+5BCC	U+5BCC	ocr
U+5BD0	U+5BD0	ocr
U+5BD2	U+5BD3	ocr
U+5BD5	U+5BD5	ocr
U+5BDD	U+5BDF	ocr
U+5BE1	U+5BE1	ocr
U+5BE4	U+5BE8	ocr
U+5BEB	U+5BEC	ocr
U+5BEE	U+5BEE	ocr
U+5BF0	U+5BF0	ocr
U+5BF3	U+5BF3	ocr
U+5BF5	U+5BF6	ocr
U+5BF8	U+5BFC	ocr
U+5BFE	U+5BFF	ocr
U+5C01	U+5C04	ocr
U+5C06	U+5C0A	ocr
U+5C0D	U+5C11	ocr
U+5C13	U+5C16	ocr
U+5C18	U+5C1A	ocr
U+5C1D	U+5C1D	ocr
U+5C24	U+5C24	ocr
U+5C27	U+5C28	ocr
U+5C2C	U+5C2C	ocr
U+5C31	U+5C31	ocr
U+5C34	U+5C34	ocr
U+5C37	U+5C42	ocr
U+5C45	U+5C46	ocr
U+5C48	U+5C4C	ocr
U+5C4E	U+5C51	ocr
U+5C55	U+5C55	ocr
U+5C5E	U+5C5E	ocr
U+5C60	U+5C61	ocr
U+5C64	U+5C65	ocr
U+5C6F	U+5C6F	ocr
U+5C71	U+5C71	ocr
U+5C79	U+5C79	ocr
U+5C7F	U+5C7F	ocr
U+5C81	U+5C82	ocr
U+5C8C	U+5C8C	ocr
U+5C90	U+5C91	ocr
U+5C94	U+5C94	ocr
U+5C96	U+5C9B	ocr
U+5CA2	U+5CA2	ocr
U+5CA9	U+5CA9	ocr
U+5CAB	U+5CAB	ocr
U+5CAD	U+5CAD	ocr
U+5CB1	U+5CB1	ocr
U+5CB3	U+5CB3	ocr
U+5CB7	U+5CB8	ocr
U+5CBD	U+5CBD	ocr
U+5CBF	U+5CBF	ocr
U+5CC1	U+5CC1	ocr
U+5CC4	U+5CC4	ocr
U+5CCB	U+5CCB	ocr
U+5CD2	U+5CD2	ocr
U+5CD9	U+5CD9	ocr
U+5CE1	U+5CE1	ocr
U+5CE4	U+5CE6	ocr
U+5CE8	U+5CEA	ocr
U+5CED	U+5CED	ocr
U+5CEF	U+5CF0	ocr
U+5CF6	U+5CF6	ocr
U+5CFB	U+5CFB	ocr
U+5D02	U+5D03	ocr
U+5D06	U+5D07	ocr
U+5D0B	U+5D0B	ocr
U+5D0E	U+5D0E	ocr
U+5D14	U+5D14	ocr
U+5D16	U+5D16	ocr
U+5D1B	U+5D1B	ocr
U+5D24	U+5D24	ocr
U+5D27	U+5D27	ocr
U+5D29	U+5D29	ocr
U+5D2C	U+5D2E	ocr
U+5D34	U+5D34	ocr
U+5D3D	U+5D3D	ocr
U+5D47	U+5D47	ocr
U+5D4A	U+5D4C	ocr
U+5D50	U+5D50	ocr
U+5D58	U+5D58	ocr
U+5D69	U+5D69	ocr
U+5D6C	U+5D6C	ocr
U+5D6F	U+5D6F	ocr
U+5D82	U+5D82	ocr
U+5D99	U+5D99	ocr
U+5DAA	U+5DAA	ocr
U+5DBA	U+5DBA	ocr
U+5DBD	U+5DBD	ocr
U+5DC5	U+5DC5	ocr
U+5DCD	U+5DCD	ocr
U+5DDD	U+5DDE	ocr
U+5DE1	U+5DE2	ocr
U+5DE5	U+5DE9	ocr
U+5DEB	U+5DEB	ocr
U+5DEE	U+5DEF	ocr
U+5DF1	U+5DF4	ocr
U+5DF7	U+5DF7	ocr
U+5DFD	U+5DFE	ocr
U+5E01	U+5E03	ocr
U+5E05	U+5E06	ocr
U+5E08	U+5E08	ocr
U+5E0C	U+5E0C	ocr
U+5E0F	U+5E11	ocr
U+5E15	U+5E16	ocr
U+5E18	U+5E18	ocr
U+5E1A	U+5E1D	ocr
U+5E25	U+5E27	ocr
U+5E2B	U+5E2B	ocr
U+5E2D	U+5E30	ocr
U+5E36	U+5E38	ocr
U+5E3C	U+5E3D	ocr
U+5E42	U+5E42	ocr
U+5E44	U+5E45	ocr
U+5E4C	U+5E4C	ocr
U+5E54	U+5E55	ocr
U+5E5A	U+5E5B	ocr
U+5E61	U+5E62	ocr
U+5E72	U+5E74	ocr
U+5E76	U+5E76	ocr
U+5E78	U+5E7D	ocr
U+5E7F	U+5E7F	ocr
U+5E84	U+5E84	ocr
U+5E86	U+5E87	ocr
U+5E8A	U+5E8A	ocr
U+5E8F	U+5E90	ocr
U+5E93	U+5E97	ocr
U+5E99	U+5E9A	ocr
U+5E9C	U+5E9C	ocr
U+5E9E	U+5EA0	ocr
U+5EA5	U+5EA7	ocr
U+5EAB	U+5EAB	ocr
U+5EAD	U+5EAD	ocr
U+5EB5	U+5EB9	ocr
U+5EBE	U+5EBE	ocr
U+5EC9	U+5ECA	ocr
U+5ED3	U+5ED3	ocr
U+5ED6	U+5ED6	ocr
U+5EDA	U+5EDA	ocr
U+5EE0	U+5EE0	ocr
U+5EE3	U+5EE3	ocr
U+5EF0	U+5EF0	ocr
U+5EF3	U+5EF3	ocr
U+5EF6	U+5EF7	ocr
U+5EFA	U+5EFA	ocr
U+5EFF	U+5F00	ocr
U+5F02	U+5F04	ocr
U+5F08	U+5F08	ocr
U+5F0A	U+5F0B	ocr
U+5F0D	U+5F0D	ocr
U+5F0F	U+5F0F	ocr
U+5F11	U+5F11	ocr
U+5F13	U+5F13	ocr
U+5F15	U+5F15	ocr
U+5F17	U+5F18	ocr
U+5F1B	U+5F1B	ocr
U+5F1F	U+5F20	ocr
U+5F25	U+5F27	ocr
U+5F29	U+5F29	ocr
U+5F2D	U+5F2D	ocr
U+5F2F	U+5F2F	ocr
U+5F31	U+5F31	ocr
U+5F35	U+5F35	ocr
U+5F37	U+5F37	ocr
U+5F39	U+5F3A	ocr
U+5F3C	U+5F3C	ocr
U+5F48	U+5F48	ocr
U+5F4C	U+5F4C	ocr
U+5F50	U+5F50	ocr
U+5F52	U+5F53	ocr
U+5F55	U+5F55	ocr
U+5F57	U+5F57	ocr
U+5F5D	U+5F5D	ocr
U+5F62	U+5F62	ocr
U+5F64	U+5F64	ocr
U+5F66	U+5F67	ocr
U+5F69	U+5F6A	ocr
U+5F6C	U+5F6D	ocr
U+5F70	U+5F71	ocr
U+5F73	U+5F73	ocr
U+5F77	U+5F77	ocr
U+5F79	U+5F79	ocr
U+5F7B	U+5F7C	ocr
U+5F80	U+5F81	ocr
U+5F84	U+5F85	ocr
U+5F87	U+5F8C	ocr
U+5F90	U+5F90	ocr
U+5F92	U+5F92	ocr
U+5F95	U+5F95	ocr
U+5F97	U+5F99	ocr
U+5F9C	U+5F9C	ocr
U+5FA1	U+5FA1	ocr
U+5FA8	U+5FAA	ocr
U+5FAE	U+5FAE	ocr
U+5FB3	U+5FB3	ocr
U+5FB5	U+5FB5	ocr
U+5FB7	U+5FB7	ocr
U+5FB9	U+5FB9	ocr
U+5FBD	U+5FBD	ocr
U+5FC3	U+5FC6	ocr
U+5FCC	U+5FCD	ocr
U+5FCF	U+5FD2	ocr
U+5FD6	U+5FD9	ocr
U+5FDC	U+5FDC	ocr
U+5FE0	U+5FE1	ocr
U+5FE7	U+5FE7	ocr
U+5FEB	U+5FEB	ocr
U+5FF1	U+5FF1	ocr
U+5FF5	U+5FF5	ocr
U+5FFB	U+5FFB	ocr
U+5FFD	U+5FFD	ocr
U+5FFF	U+6002	ocr
U+6005	U+6006	ocr
U+600E	U+600F	ocr
U+6012	U+6012	ocr
U+6014	U+6016	ocr
U+601C	U+601D	ocr
U+6020	U+6021	ocr
U+6025	U+6028	ocr
U+602A	U+602A	ocr
U+602F	U+602F	ocr
U+603B	U+603B	ocr
U+6041	U+6043	ocr
U+604B	U+604B	ocr
U+604D	U+604D	ocr
U+6050	U+6050	ocr
U+6052	U+6052	ocr
U+6055	U+6055	ocr
U+6059	U+6059	ocr
U+6062	U+6064	ocr
U+6068	U+606A	ocr
U+606C	U+606D	ocr
U+606F	U+6070	ocr
U+6073	U+6073	ocr
U+6076	U+6076	ocr
U+6078	U+607D	ocr
U+607F	U+607F	ocr
U+6084	U+6085	ocr
U+6089	U+6089	ocr
U+608C	U+608D	ocr
U+6094	U+6094	ocr
U+6096	U+6096	ocr
U+609A	U+609A	ocr
U+609F	U+60A0	ocr
U+60A3	U+60A3	ocr
U+60A6	U+60A6	ocr
U+60A8	U+60A8	ocr
U+60AC	U+60AC	ocr
U+60AF	U+60AF	ocr
U+60B1	U+60B2	ocr
U+60B4	U+60B6	ocr
U+60B8	U+60B8	ocr
U+60BB	U+60BC	ocr
U+60C5	U+60C6	ocr
U+60CA	U+60CB	ocr
U+60D1	U+60D1	ocr
U+60D5	U+60D5	ocr
U+60D8	U+60D8	ocr
U+60DA	U+60DA	ocr
U+60DC	U+60DC	ocr
U+60DF	U+60E1	ocr
U+60E6	U+60E9	ocr
U+60EB	U+60F0	ocr
U+60F3	U+60F4	ocr
U+60F6	U+60F6	ocr
U+60F9	U+60FA	ocr
U+6101	U+6101	ocr
U+6108	U+6109	ocr
U+610F	U+610F	ocr
U+6115	U+6115	ocr
U+611A	U+611B	ocr
U+611F	U+611F	ocr
U+6123	U+6124	ocr
U+6127	U+6127	ocr
U+612B	U+612B	ocr
U+613F	U+613F	ocr
U+6148	U+6148	ocr
U+614B	U+614C	ocr
U+614E	U+614E	ocr
U+6151	U+6151	ocr
U+6155	U+6155	ocr
U+6162	U+6162	ocr
U+6167	U+6168	ocr
U+6170	U+6170	ocr
U+6175	U+6177	ocr
U+618B	U+618B	ocr
U+618E	U+618E	ocr
U+6194	U+6194	ocr
U+61A7	U+61A9	ocr
U+61AC	U+61AC	ocr
U+61B6	U+61B6	ocr
U+61BE	U+61BE	ocr
U+61C2	U+61C2	ocr
U+61C8	U+61CB	ocr
U+61D2	U+61D2	ocr
U+61E6	U+61E6	ocr
U+61EE	U+61EE	ocr
U+61F5	U+61F5	ocr
U+61F7	U+61F7	ocr
U+61FF	U+6200	ocr
U+6208	U+6208	ocr
U+620A	U+6212	ocr
U+6216	U+6216	ocr
U+6218	U+6218	ocr
U+621A	U+621B	ocr
U+621F	U+621F	ocr
U+6222	U+6222	ocr
U+622A	U+622A	ocr
U+622C	U+622C	ocr
U+622E	U+622E	ocr
U+6233	U+6234	ocr
U+6236	U+6237	ocr
U+623E	U+6241	ocr
U+6247	U+6249	ocr
U+624B	U+624E	ocr
U+6251	U+6254	ocr
U+6258	U+6259	ocr
U+625B	U+625B	ocr
U+625E	U+625E	ocr
U+6263	U+6263	ocr
U+6266	U+6267	ocr
U+6269	U+6270	ocr
U+6273	U+6273	ocr
U+6276	U+6276	ocr
U+6279	U+6279	ocr
U+627C	U+627C	ocr
U+627E	U+6280	ocr
U+6284	U+6284	ocr
U+6289	U+628A	ocr
U+6291	U+6293	ocr
U+6295	U+6298	ocr
U+629A	U+629B	ocr
U+62A0	U+62A2	ocr
U+62A4	U+62A5	ocr
U+62A8	U+62A8	ocr
U+62AB	U+62AC	ocr
U+62B1	U+62B1	ocr
U+62B5	U+62B5	ocr
U+62B9	U+62B9	ocr
U+62BB	U+62BD	ocr
U+62BF	U+62BF	ocr
U+62C2	U+62C2	ocr
U+62C4	U+62C9	ocr
U+62CC	U+62CE	ocr
U+62D0	U+62D0	ocr
U+62D2	U+62D4	ocr
U+62D6	U+62DC	ocr
U+62DF	U+62DF	ocr
U+62E2	U+62E3	ocr
U+62E5	U+62E9	ocr
U+62EC	U+62EF	ocr
U+62F1	U+62F1	ocr
U+62F3	U+62F4	ocr
U+62F7	U+62F7	ocr
U+62FC	U+62FF	ocr
U+6301	U+6302	ocr
U+6307	U+6307	ocr
U+6309	U+6309	ocr
U+630E	U+630E	ocr
U+6311	U+6311	ocr
U+6316	U+6316	ocr
U+631A	U+631B	ocr
U+631D	U+6321	ocr
U+6323	U+6325	ocr
U+6328	U+6328	ocr
U+632A	U+632B	ocr
U+632F	U+632F	ocr
U+6332	U+6332	ocr
U+633A	U+633A	ocr
U+633D	U+633D	ocr
U+6342	U+6342	ocr
U+6345	U+6346	ocr
U+6349	U+6349	ocr
U+634B	U+6350	ocr
U+6355	U+6355	ocr
U+635E	U+635F	ocr
U+6361	U+6363	ocr
U+6367	U+6367	ocr
U+636E	U+636E	ocr
U+6372	U+6372	ocr
U+6376	U+6377	ocr
U+637A	U+637B	ocr
U+6380	U+6380	ocr
U+6382	U+6382	ocr
U+6387	U+638A	ocr
U+638C	U+638C	ocr
U+638F	U+6390	ocr
U+6392	U+6392	ocr
U+6396	U+6396	ocr
U+6398	U+6398	ocr
U+63A0	U+63A0	ocr
U+63A2	U+63A3	ocr
U+63A5	U+63A5	ocr
U+63A7	U+63AA	ocr
U+63AC	U+63AC	ocr
U+63B0	U+63B0	ocr
U+63B3	U+63B4	ocr
U+63B7	U+63B8	ocr
U+63BA	U+63BA	ocr
U+63C9	U+63C9	ocr
U+63CD	U+63CD	ocr
U+63CF	U+63D0	ocr
U+63D2	U+63D2	ocr
U+63D6	U+63D6	ocr
U+63DA	U+63DB	ocr
U+63E1	U+63E1	ocr
U+63E3	U+63E3	ocr
U+63E9	U+63EA	ocr
U+63ED	U+63ED	ocr
U+63F4	U+63F4	ocr
U+63F8	U+63F8	ocr
U+63FD	U+63FD	ocr
U+6400	U+6402	ocr
U+6405	U+6405	ocr
U+640D	U+640D	ocr
U+640F	U+6410	ocr
U+6413	U+6414	ocr
U+641C	U+641C	ocr
U+641E	U+641E	ocr
U+642A	U+642A	ocr
U+642C	U+642D	ocr
U+6434	U+6434	ocr
U+643A	U+643A	ocr
U+643D	U+643D	ocr
U+6441	U+6441	ocr
U+6444	U+6444	ocr
U+6446	U+6448	ocr
U+644A	U+644A	ocr
U+6452	U+6452	ocr
U+6454	U+6454	ocr
U+6458	U+6458	ocr
U+645E	U+645E	ocr
U+6467	U+6467	ocr
U+6469	U+6469	ocr
U+6478	U+6479	ocr
U+6482	U+6483	ocr
U+6485	U+6485	ocr
U+6487	U+6487	ocr
U+6491	U+6492	ocr
U+6495	U+6495	ocr
U+649E	U+649E	ocr
U+64A4	U+64A4	ocr
U+64A9	U+64A9	ocr
U+64AC	U+64AE	ocr
U+64B0	U+64B0	ocr
U+64B5	U+64B5	ocr
U+64B7	U+64B8	ocr
U+64BB	U+64BC	ocr
U+64C0	U+64C0	ocr
U+64C2	U+64C2	ocr
U+64C5	U+64C5	ocr
U+64CD	U+64CE	ocr
U+64D2	U+64D2	ocr
U+64D8	U+64D8	ocr
U+64DA	U+64DA	ocr
U+64DE	U+64DE	ocr
U+64E2	U+64E2	ocr
U+64E6	U+64E6	ocr
U+6500	U+6500	ocr
U+6512	U+6512	ocr
U+6518	U+6518	ocr
U+651D	U+651D	ocr
U+6525	U+6525	ocr
U+652B	U+652B	ocr
U+652F	U+652F	ocr
U+6535	U+6536	ocr
U+6538	U+6539	ocr
U+653B	U+653B	ocr
U+653E	U+653F	ocr
U+6545	U+6545	ocr
U+6548	U+6548	ocr
U+654C	U+654C	ocr
U+654F	U+654F	ocr
U+6551	U+6551	ocr
U+6555	U+6556	ocr
U+6559	U+6559	ocr
U+655B	U+655B	ocr
U+655D	U+655F	ocr
U+6562	U+6563	ocr
U+6566	U+6566	ocr
U+656C	U+656C	ocr
U+6570	U+6570	ocr
U+6572	U+6572	ocr
U+6574	U+6574	ocr
U+6577	U+6578	ocr
U+6587	U+6587	ocr
U+658B	U+658C	ocr
U+6590	U+6591	ocr
U+6593	U+6593	ocr
U+6597	U+6597	ocr
U+6599	U+6599	ocr
U+659B	U+659C	ocr
U+659F	U+659F	ocr
U+65A1	U+65A1	ocr
U+65A4	U+65A5	ocr
U+65A7	U+65A7	ocr
U+65A9	U+65A9	ocr
U+65AD	U+65AD	ocr
U+65AF	U+65B0	ocr
U+65B9	U+65B9	ocr
U+65BC	U+65BD	ocr
U+65C1	U+65C1	ocr
U+65C5	U+65C5	ocr
U+65CB	U+65CC	ocr
U+65CE	U+65CF	ocr
U+65D6	U+65D7	ocr
U+65E0	U+65E0	ocr
U+65E2	U+65E2	ocr
U+65E5	U+65E9	ocr
U+65EC	U+65EF	ocr
U+65F1	U+65F1	ocr
U+65F6	U+65F8	ocr
U+65FA	U+65FA	ocr
U+6600	U+6600	ocr
U+6602	U+6602	ocr
U+6606	U+6607	ocr
U+660A	U+660A	ocr
U+660C	U+660C	ocr
U+660E	U+660F	ocr
U+6613	U+6615	ocr
U+6619	U+6619	ocr
U+661D	U+661D	ocr
U+661F	U+6620	ocr
U+6625	U+6625	ocr
U+6627	U+6628	ocr
U+662D	U+662D	ocr
U+662F	U+662F	ocr
U+6631	U+6631	ocr
U+6634	U+6636	ocr
U+663C	U+663E	ocr
U+6641	U+6643	ocr
U+664B	U+664C	ocr
U+664F	U+664F	ocr
U+6652	U+6657	ocr
U+665A	U+665A	ocr
U+665E	U+665F	ocr
U+6664	U+6664	ocr
U+6666	U+6668	ocr
U+666E	U+6670	ocr
U+6673	U+6674	ocr
U+6676	U+6677	ocr
U+667A	U+667A	ocr
U+667E	U+667E	ocr
U+6682	U+6684	ocr
U+6687	U+6687	ocr
U+6691	U+6691	ocr
U+6696	U+6697	ocr
U+66A2	U+66A2	ocr
U+66A7	U+66A8	ocr
U+66AE	U+66AE	ocr
U+66B4	U+66B4	ocr
U+66B9	U+66B9	ocr
U+66C9	U+66C9	ocr
U+66D9	U+66D9	ocr
U+66DC	U+66DD	ocr
U+66E6	U+66E6	ocr
U+66EC	U+66EC	ocr
U+66F0	U+66F0	ocr
U+66F2	U+66F4	ocr
U+66F8	U+66F9	ocr
U+66FC	U+66FC	ocr
U+66FE	U+6700	ocr
U+6703	U+6703	ocr
U+6708	U+6709	ocr
U+670B	U+670B	ocr
U+670D	U+670D	ocr
U+6710	U+6710	ocr
U+6714	U+6715	ocr
U+6717	U+6717	ocr
U+671B	U+671B	ocr
U+671D	U+671D	ocr
U+671F	U+671F	ocr
U+6726	U+6726	ocr
U+6728	U+6728	ocr
U+672A	U+672D	ocr
U+672F	U+672F	ocr
U+6731	U+6731	ocr
U+6734	U+6735	ocr
U+673A	U+673A	ocr
U+673D	U+673D	ocr
U+673F	U+6740	ocr
U+6742	U+6743	ocr
U+6746	U+6746	ocr
U+6748	U+6749	ocr
U+674B	U+674B	ocr
U+674E	U+6751	ocr
U+6756	U+6756	ocr
U+675C	U+675C	ocr
U+675E	U+6761	ocr
U+6765	U+6765	ocr
U+6768	U+6769	ocr
U+676D	U+676D	ocr
U+676F	U+6773	ocr
U+6775	U+6775	ocr
U+6777	U+6777	ocr
U+677E	U+677F	ocr
U+6781	U+6781	ocr
U+6784	U+6784	ocr
U+6787	U+6787	ocr
U+6789	U+6789	ocr
U+678B	U+678B	ocr
U+6790	U+6790	ocr
U+6795	U+6795	ocr
U+6797	U+6797	ocr
U+679A	U+679A	ocr
U+679C	U+679E	ocr
U+67A2	U+67A3	ocr
U+67AA	U+67AB	ocr
U+67AD	U+67AD	ocr
U+67AF	U+67B1	ocr
U+67B3	U+67B3	ocr
U+67B6	U+67B8	ocr
U+67BC	U+67BC	ocr
U+67C4	U+67C4	ocr
U+67CF	U+67D4	ocr
U+67D8	U+67D8	ocr
U+67DA	U+67DA	ocr
U+67DC	U+67DC	ocr
U+67DE	U+67DE	ocr
U+67E0	U+67E0	ocr
U+67E5	U+67E5	ocr
U+67E9	U+67E9	ocr
U+67EC	U+67EC	ocr
U+67EF	U+67EF	ocr
U+67F1	U+67F1	ocr
U+67F3	U+67F4	ocr
U+67FF	U+6800	ocr
U+6805	U+6805	ocr
U+6807	U+6809	ocr
U+680B	U+680B	ocr
U+680E	U+680F	ocr
U+6811	U+6811	ocr
U+6813	U+6813	ocr
U+6816	U+6817	ocr
U+6821	U+6822	ocr
U+6829	U+682A	ocr
U+6837	U+6839	ocr
U+683C	U+683E	ocr
U+6840	U+6843	ocr
U+6845	U+6846	ocr
U+6848	U+6849	ocr
U+684C	U+684C	ocr
U+684E	U+684E	ocr
U+6850	U+6851	ocr
U+6853	U+6854	ocr
U+6856	U+6856	ocr
U+6860	U+6863	ocr
U+6865	U+6869	ocr
U+6876	U+6877	ocr
U+687C	U+687C	ocr
U+6881	U+6881	ocr
U+6885	U+6886	ocr
U+688F	U+688F	ocr
U+6893	U+6893	ocr
U+6897	U+6897	ocr
U+689D	U+689D	ocr
U+68A2	U+68A2	ocr
U+68A6	U+68A8	ocr
U+68AD	U+68AD	ocr
U+68AF	U+68B0	ocr
U+68B3	U+68B3	ocr
U+68B5	U+68B5	ocr
U+68C0	U+68C0	ocr
U+68C9	U+68C9	ocr
U+68CB	U+68CB	ocr
U+68CD	U+68CD	ocr
U+68D2	U+68D2	ocr
U+68D5	U+68D5	ocr
U+68D8	U+68D8	ocr
U+68DA	U+68DB	ocr
U+68DF	U+68E0	ocr
U+68E3	U+68E3	ocr
U+68EE	U+68EE	ocr
U+68F0	U+68F1	ocr
U+68F5	U+68F5	ocr
U+68FA	U+68FA	ocr
U+68FD	U+68FD	ocr
U+6901	U+6901	ocr
U+6905	U+6905	ocr
U+690B	U+690B	ocr
U+690D	U+690E	ocr
U+6910	U+6910	ocr
U+6912	U+6912	ocr
U+6924	U+6924	ocr
U+692D	U+692D	ocr
U+6930	U+6930	ocr
U+6934	U+6934	ocr
U+6939	U+6939	ocr
U+693D	U+693D	ocr
U+693F	U+693F	ocr
U+6942	U+6942	ocr
U+694A	U+694A	ocr
U+6953	U+6954	ocr
U+6957	U+6957	ocr
U+695A	U+695A	ocr
U+695D	U+695E	ocr
U+6960	U+6960	ocr
U+6963	U+6963	ocr
U+6966	U+6966	ocr
U+696D	U+696D	ocr
U+6975	U+6975	ocr
U+6977	U+6979	ocr
U+697C	U+697D	ocr
U+697F	U+697F	ocr
U+6982	U+6982	ocr
U+6984	U+6984	ocr
U+6986	U+6986	ocr
U+6988	U+6989	ocr
U+6994	U+6995	ocr
U+699B	U+699C	ocr
U+699E	U+699E	ocr
U+69A7	U+69A8	ocr
U+69AB	U+69AB	ocr
U+69AD	U+69AE	ocr
U+69B4	U+69B4	ocr
U+69B7	U+69B7	ocr
U+69BB	U+69BB	ocr
U+69CB	U+69CE	ocr
U+69D0	U+69D0	ocr
U+69D7	U+69D8	ocr
U+69DB	U+69DB	ocr
U+69DF	U+69DF	ocr
U+69F2	U+69F2	ocr
U+69FD	U+69FD	ocr
U+69FF	U+69FF	ocr
U+6A02	U+6A02	ocr
U+6A0A	U+6A0A	ocr
U+6A13	U+6A13	ocr
U+6A19	U+6A19	ocr
U+6A1F	U+6A1F	ocr
U+6A21	U+6A21	ocr
U+6A23	U+6A23	ocr
U+6A28	U+6A28	ocr
U+6A2A	U+6A2A	ocr
U+6A31	U+6A31	ocr
U+6A35	U+6A35	ocr
U+6A38	U+6A39	ocr
U+6A3D	U+6A3E	ocr
U+6A44	U+6A44	ocr
U+6A47	U+6A47	ocr
U+6A4B	U+6A4B	ocr
U+6A58	U+6A59	ocr
U+6A5F	U+6A5F	ocr
U+6A61	U+6A61	ocr
U+6A6A	U+6A6A	ocr
U+6A71	U+6A71	ocr
U+6A79	U+6A79	ocr
U+6A7C	U+6A7C	ocr
U+6A80	U+6A80	ocr
U+6A90	U+6A90	ocr
U+6A94	U+6A94	ocr
U+6A97	U+6A97	ocr
U+6AA9	U+6AA9	ocr
U+6AAB	U+6AAC	ocr
U+6AB8	U+6AB8	ocr
U+6AE5	U+6AE5	ocr
U+6B0A	U+6B0A	ocr
U+6B20	U+6B23	ocr
U+6B27	U+6B27	ocr
U+6B32	U+6B32	ocr
U+6B3A	U+6B3A	ocr
U+6B3E	U+6B3E	ocr
U+6B46	U+6B47	ocr
U+6B49	U+6B49	ocr
U+6B4C	U+6B4C	ocr
U+6B50	U+6B50	ocr
U+6B53	U+6B53	ocr
U+6B59	U+6B59	ocr
U+6B61	U+6B67	ocr
U+6B6A	U+6B6A	ocr
U+6B77	U+6B79	ocr
U+6B7B	U+6B7C	ocr
U+6B81	U+6B81	ocr
U+6B83	U+6B83	ocr
U+6B86	U+6B87	ocr
U+6B89	U+6B8B	ocr
U+6B92	U+6B92	ocr
U+6B96	U+6B96	ocr
U+6B9A	U+6B9A	ocr
U+6BA1	U+6BA1	ocr
U+6BB4	U+6BB5	ocr
U+6BB7	U+6BB7	ocr
U+6BBA	U+6BBC	ocr
U+6BBF	U+6BBF	ocr
U+6BC1	U+6BC2	ocr
U+6BC5	U+6BC5	ocr
U+6BCB	U+6BCB	ocr
U+6BCD	U+6BCD	ocr
U+6BCF	U+6BCF	ocr
U+6BD2	U+6BD5	ocr
U+6BD7	U+6BD7	ocr
U+6BD9	U+6BD9	ocr
U+6BDB	U+6BDB	ocr
U+6BE1	U+6BE1	ocr
U+6BEB	U+6BEB	ocr
U+6BEF	U+6BEF	ocr
U+6BFD	U+6BFD	ocr
U+6C0F	U+6C11	ocr
U+6C13	U+6C14	ocr
U+6C16	U+6C1B	ocr
U+6C1F	U+6C1F	ocr
U+6C21	U+6C24	ocr
U+6C26	U+6C2A	ocr
U+6C2E	U+6C30	ocr
U+6C32	U+6C32	ocr
U+6C34	U+6C35	ocr
U+6C38	U+6C38	ocr
U+6C3D	U+6C3D	ocr
U+6C40	U+6C42	ocr
U+6C47	U+6C47	ocr
U+6C49	U+6C4A	ocr
U+6C50	U+6C50	ocr
U+6C55	U+6C55	ocr
U+6C57	U+6C57	ocr
U+6C5B	U+6C5B	ocr
U+6C5D	U+6C61	ocr
U+6C64	U+6C64	ocr
U+6C68	U+6C6A	ocr
U+6C70	U+6C70	ocr
U+6C72	U+6C72	ocr
U+6C74	U+6C74	ocr
U+6C76	U+6C76	ocr
U+6C79	U+6C7A	ocr
U+6C7D	U+6C7E	ocr
U+6C81	U+6C83	ocr
U+6C85	U+6C85	ocr
U+6C88	U+6C89	ocr
U+6C8C	U+6C8C	ocr
U+6C8F	U+6C90	ocr
U+6C93	U+6C94	ocr
U+6C99	U+6C99	ocr
U+6C9B	U+6C9B	ocr
U+6C9F	U+6C9F	ocr
U+6CA1	U+6CA1	ocr
U+6CA3	U+6CA7	ocr
U+6CAA	U+6CAB	ocr
U+6CAD	U+6CAE	ocr
U+6CB1	U+6CB1	ocr
U+6CB3	U+6CB3	ocr
U+6CB8	U+6CB9	ocr
U+6CBB	U+6CBF	ocr
U+6CC4	U+6CC5	ocr
U+6CC9	U+6CCA	ocr
U+6CCC	U+6CCC	ocr
U+6CD3	U+6CD5	ocr
U+6CD7	U+6CD7	ocr
U+6CDB	U+6CDB	ocr
U+6CDE	U+6CDE	ocr
U+6CE0	U+6CE3	ocr
U+6CE5	U+6CE5	ocr
U+6CE8	U+6CEB	ocr
U+6CEE	U+6CF1	ocr
U+6CF3	U+6CF3	ocr
U+6CF5	U+6CF5	ocr
U+6CF7	U+6CF8	ocr
U+6CFA	U+6CFE	ocr
U+6D01	U+6D01	ocr
U+6D04	U+6D04	ocr
U+6D0B	U+6D0B	ocr
U+6D12	U+6D12	ocr
U+6D17	U+6D17	ocr
U+6D19	U+6D19	ocr
U+6D1B	U+6D1B	ocr
U+6D1E	U+6D1E	ocr
U+6D25	U+6D25	ocr
U+6D2A	U+6D2A	ocr
U+6D2E	U+6D2E	ocr
U+6D31	U+6D33	ocr
U+6D35	U+6D35	ocr
U+6D3A	U+6D3E	ocr
U+6D41	U+6D41	ocr
U+6D43	U+6D43	ocr
U+6D45	U+6D48	ocr
U+6D4A	U+6D4B	ocr
U+6D4D	U+6D54	ocr
U+6D59	U+6D5A	ocr
U+6D5C	U+6D5C	ocr
U+6D60	U+6D60	ocr
U+6D63	U+6D63	ocr
U+6D65	U+6D66	ocr
U+6D69	U+6D6A	ocr
U+6D6E	U+6D6E	ocr
U+6D74	U+6D74	ocr
U+6D77	U+6D78	ocr
U+6D7C	U+6D7C	ocr
U+6D82	U+6D82	ocr
U+6D85	U+6D85	ocr
U+6D87	U+6D89	ocr
U+6D8C	U+6D8C	ocr
U+6D8E	U+6D8E	ocr
U+6D91	U+6D91	ocr
U+6D93	U+6D95	ocr
U+6D9B	U+6D9B	ocr
U+6D9D	U+6DA1	ocr
U+6DA3	U+6DA4	ocr
U+6DA6	U+6DAB	ocr
U+6DAE	U+6DAF	ocr
U+6DB2	U+6DB2	ocr
U+6DB5	U+6DB5	ocr
U+6DB8	U+6DB8	ocr
U+6DBF	U+6DC0	ocr
U+6DC4	U+6DC7	ocr
U+6DCB	U+6DCC	ocr
U+6DD1	U+6DD1	ocr
U+6DD6	U+6DD6	ocr
U+6DD8	U+6DDA	ocr
U+6DDD	U+6DDE	ocr
U+6DE1	U+6DE1	ocr
U+6DE4	U+6DE4	ocr
U+6DE6	U+6DE6	ocr
U+6DE8	U+6DE9	ocr
U+6DEB	U+6DEC	ocr
U+6DEE	U+6DEE	ocr
U+6DF1	U+6DF1	ocr
U+6DF3	U+6DF3	ocr
U+6DF7	U+6DF7	ocr
U+6DF9	U+6DF9	ocr
U+6DFB	U+6DFC	ocr
U+6E05	U+6E05	ocr
U+6E0A	U+6E0A	ocr
U+6E0C	U+6E0E	ocr
U+6E10	U+6E11	ocr
U+6E14	U+6E14	ocr
U+6E17	U+6E17	ocr
U+6E1A	U+6E1B	ocr
U+6E1D	U+6E1D	ocr
U+6E20	U+6E21	ocr
U+6E23	U+6E25	ocr
U+6E29	U+6E29	ocr
U+6E2C	U+6E2D	ocr
U+6E2F	U+6E2F	ocr
U+6E32	U+6E32	ocr
U+6E34	U+6E34	ocr
U+6E38	U+6E38	ocr
U+6E3A	U+6E3A	ocr
U+6E43	U+6E44	ocr
U+6E4D	U+6E4D	ocr
U+6E53	U+6E53	ocr
U+6E56	U+6E56	ocr
U+6E58	U+6E58	ocr
U+6E5B	U+6E5B	ocr
U+6E5F	U+6E5F	ocr
U+6E6B	U+6E6B	ocr
U+6E6E	U+6E6F	ocr
U+6E7E	U+6E7F	ocr
U+6E83	U+6E83	ocr
U+6E85	U+6E87	ocr
U+6E89	U+6E89	ocr
U+6E8F	U+6E90	ocr
U+6E9C	U+6E9D	ocr
U+6E9F	U+6E9F	ocr
U+6EA2	U+6EA2	ocr
U+6EA5	U+6EA5	ocr
U+6EA7	U+6EA7	ocr
U+6EAA	U+6EAB	ocr
U+6EAF	U+6EAF	ocr
U+6EB1	U+6EB1	ocr
U+6EB4	U+6EB4	ocr
U+6EB6	U+6EB6	ocr
U+6EBA	U+6EBA	ocr
U+6EC1	U+6EC2	ocr
U+6EC7	U+6EC7	ocr
U+6ECB	U+6ECB	ocr
U+6ECF	U+6ECF	ocr
U+6ED1	U+6ED1	ocr
U+6ED3	U+6ED5	ocr
U+6ED8	U+6EDA	ocr
U+6EDE	U+6EDF	ocr
U+6EE1	U+6EE2	ocr
U+6EE4	U+6EE6	ocr
U+6EE8	U+6EE9	ocr
U+6EEC	U+6EEC	ocr
U+6EF4	U+6EF4	ocr
U+6EFF	U+6EFF	ocr
U+6F01	U+6F02	ocr
U+6F06	U+6F06	ocr
U+6F09	U+6F09	ocr
U+6F0F	U+6F0F	ocr
U+6F13	U+6F15	ocr
U+6F20	U+6F20	ocr
U+6F22	U+6F22	ocr
U+6F29	U+6F2B	ocr
U+6F2F	U+6F2F	ocr
U+6F31	U+6F31	ocr
U+6F33	U+6F33	ocr
U+6F3E	U+6F3E	ocr
U+6F47	U+6F47	ocr
U+6F4B	U+6F4B	ocr
U+6F4D	U+6F4D	ocr
U+6F54	U+6F54	ocr
U+6F58	U+6F58	ocr
U+6F5C	U+6F5C	ocr
U+6F5E	U+6F5E	ocr
U+6F62	U+6F62	ocr
U+6F64	U+6F64	ocr
U+6F66	U+6F66	ocr
U+6F6D	U+6F6E	ocr
U+6F74	U+6F74	ocr
U+6F78	U+6F78	ocr
U+6F7A	U+6F7A	ocr
U+6F7C	U+6F7C	ocr
U+6F84	U+6F84	ocr
U+6F88	U+6F88	ocr
U+6F8D	U+6F8E	ocr
U+6F9C	U+6F9C	ocr
U+6FA1	U+6FA1	ocr
U+6FA4	U+6FA4	ocr
U+6FA7	U+6FA7	ocr
U+6FB3	U+6FB3	ocr
U+6FB6	U+6FB6	ocr
U+6FB9	U+6FB9	ocr
U+6FC0	U+6FC0	ocr
U+6FC2	U+6FC3	ocr
U+6FC9	U+6FC9	ocr
U+6FD1	U+6FD2	ocr
U+6FD5	U+6FD5	ocr
U+6FDB	U+6FDB	ocr
U+6FDE	U+6FE1	ocr
U+6FE4	U+6FE4	ocr
U+6FEE	U+6FEF	ocr
U+6FF1	U+6FF1	ocr
U+7011	U+7011	ocr
U+7018	U+7018	ocr
U+701A	U+701B	ocr
U+7023	U+7023	ocr
U+7035	U+7035	ocr
U+7039	U+7039	ocr
U+704C	U+704C	ocr
U+704F	U+704F	ocr
U+705E	U+705E	ocr
U+7061	U+7061	ocr
U+7063	U+7063	ocr
U+706B	U+706D	ocr
U+706F	U+7070	ocr
U+7075	U+7076	ocr
U+7078	U+7078	ocr
U+707C	U+707C	ocr
U+707E	U+7080	ocr
U+7085	U+7085	ocr
U+7089	U+708A	ocr
U+708E	U+708E	ocr
U+7092	U+7092	ocr
U+7094	U+7096	ocr
U+7099	U+7099	ocr
U+709C	U+709D	ocr
U+70A3	U+70A3	ocr
U+70AB	U+70AF	ocr
U+70B3	U+70B3	ocr
U+70B8	U+70BA	ocr
U+70BC	U+70BD	ocr
U+70C1	U+70C3	ocr
U+70C8	U+70C8	ocr
U+70CA	U+70CA	ocr
U+70CF	U+70CF	ocr
U+70D8	U+70D9	ocr
U+70DB	U+70DC	ocr
U+70DF	U+70DF	ocr
U+70E4	U+70E4	ocr
U+70E6	U+70E9	ocr
U+70EB	U+70ED	ocr
U+70EF	U+70EF	ocr
U+70F7	U+70F7	ocr
U+70F9	U+70FA	ocr
U+70FD	U+70FD	ocr
U+7109	U+710A	ocr
U+7115	U+711A	ocr
U+7121	U+7121	ocr
U+7126	U+7126	ocr
U+712F	U+7131	ocr
U+7136	U+7136	ocr
U+713C	U+713C	ocr
U+7145	U+7145	ocr
U+714A	U+714A	ocr
U+714C	U+714C	ocr
U+714E	U+714E	ocr
U+7156	U+7156	ocr
U+7159	U+7159	ocr
U+715C	U+715C	ocr
U+715E	U+715E	ocr
U+7164	U+7168	ocr
U+716E	U+716E	ocr
U+7172	U+7172	ocr
U+7178	U+7178	ocr
U+717D	U+717D	ocr
U+7184	U+7184	ocr
U+718A	U+718A	ocr
U+718F	U+718F	ocr
U+7194	U+7194	ocr
U+7198	U+7199	ocr
U+719F	U+71A0	ocr
U+71A5	U+71A5	ocr
U+71A8	U+71A8	ocr
U+71AC	U+71AC	ocr
U+71B1	U+71B1	ocr
U+71B3	U+71B3	ocr
U+71B5	U+71B5	ocr
U+71B9	U+71B9	ocr
U+71C1	U+71C1	ocr
U+71C3	U+71C3	ocr
U+71C8	U+71C8	ocr
U+71CE	U+71CE	ocr
U+71D2	U+71D2	ocr
U+71D5	U+71D5	ocr
U+71D8	U+71DA	ocr
U+71DC	U+71DC	ocr
U+71DF	U+71DF	ocr
U+71E5	U+71E7	ocr
U+71EE	U+71EE	ocr
U+71F4	U+71F4	ocr
U+7206	U+7206	ocr
U+720D	U+720D	ocr
U+7210	U+7210	ocr
U+7228	U+7228	ocr
U+722A	U+722A	ocr
U+722C	U+722D	ocr
U+722F	U+7232	ocr
U+7235	U+723B	ocr
U+723D	U+723E	ocr
U+7247	U+7248	ocr
U+724C	U+724D	ocr
U+7252	U+7252	ocr
U+7259	U+7259	ocr
U+725B	U+725B	ocr
U+725F	U+725F	ocr
U+7261	U+7262	ocr
U+7266	U+7267	ocr
U+7269	U+7269	ocr
U+726F	U+726F	ocr
U+7272	U+7272	ocr
U+7275	U+7275	ocr
U+7279	U+727A	ocr
U+7280	U+7281	ocr
U+7287	U+7287	ocr
U+728A	U+728A	ocr
U+728D	U+728D	ocr
U+729F	U+729F	ocr
U+72AC	U+72AC	ocr
U+72AF	U+72AF	ocr
U+72B6	U+72B9	ocr
U+72C0	U+72C0	ocr
U+72C2	U+72C2	ocr
U+72C4	U+72C4	ocr
U+72C8	U+72C8	ocr
U+72CD	U+72CD	ocr
U+72D0	U+72D0	ocr
U+72D2	U+72D2	ocr
U+72D7	U+72D7	ocr
U+72D9	U+72D9	ocr
U+72DE	U+72DE	ocr
U+72E0	U+72E1	ocr
U+72E9	U+72E9	ocr
U+72EC	U+72EE	ocr
U+72F0	U+72F1	ocr
U+72F8	U+72F8	ocr
U+72FC	U+72FC	ocr
U+730E	U+730E	ocr
U+7315	U+7317	ocr
U+731B	U+731D	ocr
U+7325	U+7325	ocr
U+7329	U+732C	ocr
U+732E	U+732E	ocr
U+7334	U+7334	ocr
U+7337	U+7337	ocr
U+733E	U+733F	ocr
U+7345	U+7345	ocr
U+7350	U+7350	ocr
U+7352	U+7352	ocr
U+7357	U+7357	ocr
U+7360	U+7360	ocr
U+7368	U+7368	ocr
U+736D	U+736D	ocr
U+7372	U+7372	ocr
U+7374	U+7374	ocr
U+7378	U+7378	ocr
U+737B	U+737B	ocr
U+7384	U+7384	ocr
U+7387	U+7387	ocr
U+7389	U+7389	ocr
U+738B	U+738B	ocr
U+7391	U+7391	ocr
U+7396	U+7396	ocr
U+739B	U+739B	ocr
U+739F	U+739F	ocr
U+73A5	U+73A5	ocr
U+73A9	U+73A9	ocr
U+73AB	U+73AB	ocr
U+73AE	U+73B0	ocr
U+73B2	U+73B3	ocr
U+73B7	U+73B7	ocr
U+73BA	U+73BB	ocr
U+73C0	U+73C0	ocr
U+73C2	U+73C2	ocr
U+73C8	U+73CA	ocr
U+73CD	U+73CD	ocr
U+73CF	U+73D1	ocr
U+73D9	U+73D9	ocr
U+73DE	U+73DE	ocr
U+73E0	U+73E0	ocr
U+73E3	U+73E3	ocr
U+73E5	U+73E5	ocr
U+73E9	U+73E9	ocr
U+73ED	U+73ED	ocr
U+73F2	U+73F2	ocr
U+73FA	U+73FA	ocr
U+73FE	U+73FE	ocr
U+7403	U+7403	ocr
U+7405	U+7406	ocr
U+7409	U+740A	ocr
U+740F	U+7410	ocr
U+741A	U+741B	ocr
U+7422	U+7422	ocr
U+7425	U+7426	ocr
U+7428	U+7428	ocr
U+742A	U+742A	ocr
U+742C	U+742C	ocr
U+742E	U+7430	ocr
U+7433	U+7436	ocr
U+743C	U+743C	ocr
U+7441	U+7441	ocr
U+7444	U+7445	ocr
U+7455	U+7455	ocr
U+7457	U+7457	ocr
U+7459	U+745C	ocr
U+745E	U+745F	ocr
U+7469	U+746A	ocr
U+746D	U+746D	ocr
U+7470	U+7470	ocr
U+7476	U+7477	ocr
U+747E	U+747E	ocr
U+7480	U+7481	ocr
U+7483	U+7483	ocr
U+7487	U+7488	ocr
U+748B	U+748B	ocr
U+748E	U+748E	ocr
U+7490	U+7490	ocr
U+749C	U+749C	ocr
U+749E	U+749F	ocr
U+74A7	U+74A9	ocr
U+74B0	U+74B0	ocr
U+74BA	U+74BA	ocr
U+74D2	U+74D2	ocr
U+74DC	U+74DC	ocr
U+74E0	U+74E0	ocr
U+74E2	U+74E4	ocr
U+74E6	U+74E6	ocr
U+74EE	U+74EF	ocr
U+74F4	U+74F4	ocr
U+74F6	U+74F7	ocr
U+74FF	U+74FF	ocr
U+7504	U+7504	ocr
U+7518	U+751A	ocr
U+751C	U+751C	ocr
U+751F	U+751F	ocr
U+7522	U+7523	ocr
U+7525	U+7525	ocr
U+7528	U+7529	ocr
U+752B	U+752D	ocr
U+752F	U+7533	ocr
U+7535	U+7535	ocr
U+7537	U+753B	ocr
U+753E	U+753E	ocr
U+7545	U+7545	ocr
U+7548	U+7548	ocr
U+754C	U+754C	ocr
U+754F	U+7550	ocr
U+7554	U+7554	ocr
U+7559	U+7559	ocr
U+755C	U+755C	ocr
U+7565	U+7566	ocr
U+756A	U+756B	ocr
U+7572	U+7572	ocr
U+7574	U+7576	ocr
U+7578	U+7579	ocr
U+757F	U+757F	ocr
U+7583	U+7583	ocr
U+7586	U+7586	ocr
U+758C	U+758C	ocr
U+758F	U+758F	ocr
U+7591	U+7591	ocr
U+7596	U+7597	ocr
U+7599	U+759A	ocr
U+759D	U+759D	ocr
U+759F	U+759F	ocr
U+75A1	U+75A1	ocr
U+75A3	U+75A5	ocr
U+75AB	U+75AB	ocr
U+75AE	U+75AF	ocr
U+75B1	U+75B3	ocr
U+75B5	U+75B5	ocr
U+75B8	U+75B9	ocr
U+75BC	U+75BE	ocr
U+75C2	U+75C2	ocr
U+75C5	U+75C5	ocr
U+75C7	U+75CA	ocr
U+75D2	U+75D2	ocr
U+75D4	U+75D5	ocr
U+75D8	U+75D8	ocr
U+75DB	U+75DB	ocr
U+75DE	U+75DE	ocr
U+75E0	U+75E0	ocr
U+75E2	U+75E4	ocr
U+75E7	U+75E8	ocr
U+75EA	U+75EB	ocr
U+75F0	U+75F1	ocr
U+75F4	U+75F4	ocr
U+75F9	U+75F9	ocr
U+75FC	U+75FC	ocr
U+75FF	U+7601	ocr
U+760A	U+760B	ocr
U+7618	U+7619	ocr
U+761F	U+7620	ocr
U+7622	U+7622	ocr
U+7624	U+7624	ocr
U+7626	U+7626	ocr
U+7629	U+762B	ocr
U+7634	U+7634	ocr
U+7638	U+7638	ocr
U+763E	U+763F	ocr
U+7642	U+7642	ocr
U+764C	U+764C	ocr
U+7654	U+7654	ocr
U+7656	U+7656	ocr
U+765C	U+765C	ocr
U+765E	U+765E	ocr
U+7663	U+7663	ocr
U+766B	U+766B	ocr
U+7678	U+7678	ocr
U+767B	U+767E	ocr
U+7682	U+7682	ocr
U+7684	U+7684	ocr
U+7686	U+7688	ocr
U+768B	U+768B	ocr
U+768E	U+768E	ocr
U+7691	U+7691	ocr
U+7693	U+7693	ocr
U+7696	U+7696	ocr
U+7699	U+7699	ocr
U+76AE	U+76AE	ocr
U+76B1	U+76B2	ocr
U+76B4	U+76B4	ocr
U+76BA	U+76BA	ocr
U+76BF	U+76BF	ocr
U+76C2	U+76C2	ocr
U+76C5	U+76C6	ocr
U+76C8	U+76C8	ocr
U+76CA	U+76CA	ocr
U+76CE	U+76D2	ocr
U+76D4	U+76D4	ocr
U+76D6	U+76D8	ocr
U+76DB	U+76DC	ocr
U+76DF	U+76DF	ocr
U+76E4	U+76E5	ocr
U+76EE	U+76EF	ocr
U+76F1	U+76F2	ocr
U+76F4	U+76F4	ocr
U+76F8	U+76F9	ocr
U+76FC	U+76FC	ocr
U+76FE	U+76FE	ocr
U+7701	U+7701	ocr
U+7708	U+7709	ocr
U+770B	U+770B	ocr
U+7719	U+7719	ocr
U+771E	U+7720	ocr
U+7726	U+7726	ocr
U+7728	U+7729	ocr
U+772D	U+772D	ocr
U+772F	U+772F	ocr
U+7736	U+7738	ocr
U+773A	U+773A	ocr
U+773C	U+773C	ocr
U+7740	U+7741	ocr
U+7747	U+7747	ocr
U+7750	U+7751	ocr
U+775B	U+775B	ocr
U+7761	U+7763	ocr
U+7766	U+7766	ocr
U+7768	U+7768	ocr
U+776B	U+776C	ocr
U+7779	U+7779	ocr
U+777D	U+777F	ocr
U+7784	U+7785	ocr
U+778C	U+778C	ocr
U+778E	U+778E	ocr
U+7791	U+7793	ocr
U+779F	U+77A0	ocr
U+77A5	U+77A5	ocr
U+77A7	U+77A7	ocr
U+77A9	U+77AA	ocr
U+77AC	U+77AD	ocr
U+77B0	U+77B0	ocr
U+77B3	U+77B3	ocr
U+77BB	U+77BB	ocr
U+77BF	U+77BF	ocr
U+77D7	U+77D7	ocr
U+77DB	U+77DC	ocr
U+77DE	U+77DE	ocr
U+77E2	U+77E3	ocr
U+77E5	U+77E5	ocr
U+77E9	U+77E9	ocr
U+77EB	U+77EB	ocr
U+77ED	U+77EE	ocr
U+77F3	U+77F3	ocr
U+77F6	U+77F6	ocr
U+77F8	U+77F8	ocr
U+77FD	U+7802	ocr
U+780B	U+780D	ocr
U+7812	U+7812	ocr
U+7814	U+7814	ocr
U+7816	U+7816	ocr
U+781A	U+781A	ocr
U+781C	U+781D	ocr
U+7823	U+7823	ocr
U+7825	U+7827	ocr
U+782C	U+782D	ocr
U+7830	U+7830	ocr
U+7834	U+7834	ocr
U+7837	U+7838	ocr
U+783A	U+783C	ocr
U+783E	U+783E	ocr
U+7840	U+7840	ocr
U+7842	U+7842	ocr
U+7845	U+7845	ocr
U+7852	U+7852	ocr
U+7855	U+7856	ocr
U+785A	U+785A	ocr
U+785D	U+785D	ocr
U+786A	U+786C	ocr
U+786E	U+786E	ocr
U+7877	U+7877	ocr
U+787C	U+787C	ocr
U+7881	U+7881	ocr
U+7887	U+7887	ocr
U+7889	U+7889	ocr
U+788C	U+788E	ocr
U+7891	U+7891	ocr
U+7893	U+7893	ocr
U+7897	U+7898	ocr
U+789A	U+789A	ocr
U+789F	U+789F	ocr
U+78A3	U+78A3	ocr
U+78A7	U+78A7	ocr
U+78A9	U+78A9	ocr
U+78B0	U+78B4	ocr
U+78B6	U+78B6	ocr
U+78BA	U+78BA	ocr
U+78BC	U+78BC	ocr
U+78BE	U+78BE	ocr
U+78C1	U+78C1	ocr
U+78C5	U+78C5	ocr
U+78CA	U+78CB	ocr
U+78D0	U+78D0	ocr
U+78D5	U+78D5	ocr
U+78DA	U+78DA	ocr
U+78E8	U+78E8	ocr
U+78EC	U+78EC	ocr
U+78F4	U+78F4	ocr
U+78F7	U+78F7	ocr
U+78FA	U+78FA	ocr
U+7901	U+7901	ocr
U+7934	U+7934	ocr
U+793A	U+793C	ocr
U+793E	U+793E	ocr
U+7940	U+7941	ocr
U+7948	U+7949	ocr
U+794E	U+794E	ocr
U+7950	U+7950	ocr
U+7956	U+7957	ocr
U+7959	U+7960	ocr
U+7962	U+7962	ocr
U+7965	U+7965	ocr
U+7968	U+7968	ocr
U+796D	U+796D	ocr
U+796F	U+796F	ocr
U+7977	U+7978	ocr
U+797A	U+797A	ocr
U+797C	U+797C	ocr
U+7980	U+7981	ocr
U+7984	U+7985	ocr
U+798F	U+798F	ocr
U+79A6	U+79A7	ocr
U+79AA	U+79AA	ocr
U+79AE	U+79AE	ocr
U+79B9	U+79BB	ocr
U+79BD	U+79BE	ocr
U+79C0	U+79C1	ocr
U+79C3	U+79C3	ocr
U+79C6	U+79C6	ocr
U+79C9	U+79C9	ocr
U+79CB	U+79CB	ocr
U+79CD	U+79CD	ocr
U+79D1	U+79D2	ocr
U+79D5	U+79D5	ocr
U+79D8	U+79D8	ocr
U+79DF	U+79DF	ocr
U+79E3	U+79E4	ocr
U+79E6	U+79E7	ocr
U+79E9	U+79E9	ocr
U+79ED	U+79ED	ocr
U+79EF	U+79F0	ocr
U+79F8	U+79F8	ocr
U+79FB	U+79FB	ocr
U+79FD	U+79FD	ocr
U+7A00	U+7A00	ocr
U+7A0B	U+7A0B	ocr
U+7A0D	U+7A0E	ocr
U+7A14	U+7A14	ocr
U+7A17	U+7A17	ocr
U+7A1A	U+7A1A	ocr
U+7A1E	U+7A1E	ocr
U+7A20	U+7A20	ocr
U+7A23	U+7A23	ocr
U+7A2E	U+7A2E	ocr
U+7A33	U+7A33	ocr
U+7A37	U+7A37	ocr
U+7A39	U+7A39	ocr
U+7A3B	U+7A3D	ocr
U+7A3F	U+7A3F	ocr
U+7A42	U+7A42	ocr
U+7A46	U+7A46	ocr
U+7A57	U+7A57	ocr
U+7A69	U+7A69	ocr
U+7A70	U+7A70	ocr
U+7A74	U+7A7A	ocr
U+7A7F	U+7A7F	ocr
U+7A81	U+7A81	ocr
U+7A83	U+7A84	ocr
U+7A88	U+7A88	ocr
U+7A8D	U+7A8D	ocr
U+7A91	U+7A92	ocr
U+7A95	U+7A98	ocr
U+7A9C	U+7A9D	ocr
U+7A9F	U+7AA0	ocr
U+7AA5	U+7AA6	ocr
U+7AA8	U+7AA8	ocr
U+7ABF	U+7ABF	ocr
U+7ACB	U+7ACB	ocr
U+7AD6	U+7AD6	ocr
U+7AD9	U+7AD9	ocr
U+7ADE	U+7AE0	ocr
U+7AE3	U+7AE3	ocr
U+7AE5	U+7AE5	ocr
U+7AED	U+7AED	ocr
U+7AEF	U+7AEF	ocr
U+7AF6	U+7AF6	ocr
U+7AF9	U+7AFA	ocr
U+7AFD	U+7AFD	ocr
U+7AFF	U+7AFF	ocr
U+7B03	U+7B03	ocr
U+7B06	U+7B06	ocr
U+7B08	U+7B08	ocr
U+7B0B	U+7B0B	ocr
U+7B0F	U+7B0F	ocr
U+7B11	U+7B11	ocr
U+7B14	U+7B15	ocr
U+7B19	U+7B19	ocr
U+7B1B	U+7B1B	ocr
U+7B20	U+7B20	ocr
U+7B26	U+7B26	ocr
U+7B28	U+7B28	ocr
U+7B2B	U+7B2C	ocr
U+7B3A	U+7B3A	ocr
U+7B3C	U+7B3C	ocr
U+7B46	U+7B46	ocr
U+7B49	U+7B49	ocr
U+7B4B	U+7B4B	ocr
U+7B4F	U+7B52	ocr
U+7B54	U+7B54	ocr
U+7B56	U+7B56	ocr
U+7B5B	U+7B5B	ocr
U+7B5D	U+7B5D	ocr
U+7B60	U+7B60	ocr
U+7B71	U+7B71	ocr
U+7B75	U+7B75	ocr
U+7B77	U+7B77	ocr
U+7B79	U+7B79	ocr
U+7B7E	U+7B7E	ocr
U+7B80	U+7B80	ocr
U+7B8D	U+7B8D	ocr
U+7B90	U+7B90	ocr
U+7B94	U+7B95	ocr
U+7B97	U+7B97	ocr
U+7BA1	U+7BA1	ocr
U+7BA9	U+7BA9	ocr
U+7BAB	U+7BAD	ocr
U+7BB1	U+7BB1	ocr
U+7BB4	U+7BB4	ocr
U+7BB8	U+7BB8	ocr
U+7BC0	U+7BC1	ocr
U+7BC6	U+7BC7	ocr
U+7BC9	U+7BC9	ocr
U+7BD1	U+7BD1	ocr
U+7BD3	U+7BD3	ocr
U+7BD9	U+7BD9	ocr
U+7BDD	U+7BDD	ocr
U+7BE1	U+7BE1	ocr
U+7BE6	U+7BE6	ocr
U+7BEA	U+7BEA	ocr
U+7BEE	U+7BEE	ocr
U+7BF1	U+7BF1	ocr
U+7BF7	U+7BF7	ocr
U+7C07	U+7C07	ocr
U+7C0B	U+7C0C	ocr
U+7C21	U+7C21	ocr
U+7C27	U+7C27	ocr
U+7C2A	U+7C2A	ocr
U+7C38	U+7C38	ocr
U+7C3F	U+7C3F	ocr
U+7C41	U+7C41	ocr
U+7C43	U+7C43	ocr
U+7C4D	U+7C4D	ocr
U+7C63	U+7C64	ocr
U+7C73	U+7C73	ocr
U+7C7B	U+7C7D	ocr
U+7C89	U+7C89	ocr
U+7C91	U+7C92	ocr
U+7C95	U+7C95	ocr
U+7C97	U+7C98	ocr
U+7C9F	U+7C9F	ocr
U+7CA2	U+7CA2	ocr
U+7CA4	U+7CA5	ocr
U+7CA7	U+7CA7	ocr
U+7CAA	U+7CAA	ocr
U+7CAE	U+7CAE	ocr
U+7CB1	U+7CB3	ocr
U+7CB5	U+7CB5	ocr
U+7CB9	U+7CB9	ocr
U+7CBC	U+7CBF	ocr
U+7CC1	U+7CC1	ocr
U+7CC5	U+7CC5	ocr
U+7CCA	U+7CCA	ocr
U+7CCD	U+7CCD	ocr
U+7CD5	U+7CD7	ocr
U+7CD9	U+7CD9	ocr
U+7CDC	U+7CDD	ocr
U+7CDF	U+7CE0	ocr
U+7CEF	U+7CEF	ocr
U+7CFB	U+7CFB	ocr
U+7D00	U+7D00	ocr
U+7D04	U+7D05	ocr
U+7D0A	U+7D0B	ocr
U+7D0D	U+7D0D	ocr
U+7D14	U+7D14	ocr
U+7D17	U+7D17	ocr
U+7D1A	U+7D1A	ocr
U+7D20	U+7D22	ocr
U+7D27	U+7D27	ocr
U+7D2B	U+7D2B	ocr
U+7D2F	U+7D30	ocr
U+7D39	U+7D39	ocr
U+7D42	U+7D42	ocr
U+7D44	U+7D44	ocr
U+7D50	U+7D50	ocr
U+7D61	U+7D61	ocr
U+7D66	U+7D66	ocr
U+7D6E	U+7D6E	ocr
U+7D71	U+7D72	ocr
U+7D76	U+7D76	ocr
U+7D81	U+7D81	ocr
U+7D89	U+7D89	ocr
U+7D93	U+7D93	ocr
U+7DA6	U+7DA6	ocr
U+7DAB	U+7DAB	ocr
U+7DAD	U+7DAD	ocr
U+7DB1	U+7DB2	ocr
U+7DD1	U+7DD1	ocr
U+7DD6	U+7DD6	ocr
U+7DDA	U+7DDA	ocr
U+7DE3	U+7DE3	ocr
U+7DEF	U+7DEF	ocr
U+7DF9	U+7DF9	ocr
U+7DFB	U+7DFB	ocr
U+7E23	U+7E24	ocr
U+7E2B	U+7E2B	ocr
U+7E2E	U+7E2E	ocr
U+7E3D	U+7E3D	ocr
U+7E41	U+7E41	ocr
U+7E54	U+7E54	ocr
U+7E61	U+7E61	ocr
U+7E6A	U+7E6A	ocr
U+7E79	U+7E79	ocr
U+7E82	U+7E82	ocr
U+7E8C	U+7E8C	ocr
U+7E9B	U+7E9B	ocr
U+7E9F	U+7EA0	ocr
U+7EA2	U+7EA4	ocr
U+7EA6	U+7EA8	ocr
U+7EAA	U+7EAD	ocr
U+7EAF	U+7EB3	ocr
U+7EB5	U+7EBA	ocr
U+7EBD	U+7ED5	ocr
U+7ED7	U+7EE3	ocr
U+7EE5	U+7EEB	ocr
U+7EED	U+7EF8	ocr
U+7EFA	U+7F09	ocr
U+7F0D	U+7F0E	ocr
U+7F10	U+7F10	ocr
U+7F13	U+7F16	ocr
U+7F18	U+7F1A	ocr
U+7F1C	U+7F1D	ocr
U+7F20	U+7F20	ocr
U+7F22	U+7F22	ocr
U+7F24	U+7F26	ocr
U+7F28	U+7F2E	ocr
U+7F30	U+7F30	ocr
U+7F34	U+7F34	ocr
U+7F38	U+7F38	ocr
U+7F3A	U+7F3A	ocr
U+7F42	U+7F42	ocr
U+7F44	U+7F44	ocr
U+7F50	U+7F51	ocr
U+7F54	U+7F55	ocr
U+7F57	U+7F58	ocr
U+7F5A	U+7F5A	ocr
U+7F61	U+7F62	ocr
U+7F69	U+7F6A	ocr
U+7F6E	U+7F6E	ocr
U+7F71	U+7F72	ocr
U+7F79	U+7F79	ocr
U+7F81	U+7F81	ocr
U+7F85	U+7F85	ocr
U+7F8A	U+7F8A	ocr
U+7F8C	U+7F8C	ocr
U+7F8E	U+7F8E	ocr
U+7F94	U+7F94	ocr
U+7F99	U+7F9A	ocr
U+7F9E	U+7F9F	ocr
U+7FA1	U+7FA1	ocr
U+7FA4	U+7FA4	ocr
U+7FA7	U+7FA7	ocr
U+7FA9	U+7FA9	ocr
U+7FAF	U+7FB0	ocr
U+7FB2	U+7FB2	ocr
U+7FB8	U+7FB9	ocr
U+7FBD	U+7FBD	ocr
U+7FBF	U+7FBF	ocr
U+7FC1	U+7FC1	ocr
U+7FC5	U+7FC5	ocr
U+7FCA	U+7FCA	ocr
U+7FCC	U+7FCC	ocr
U+7FCE	U+7FCF	ocr
U+7FD2	U+7FD2	ocr
U+7FD4	U+7FD4	ocr
U+7FD8	U+7FD8	ocr
U+7FDF	U+7FE1	ocr
U+7FE5	U+7FE6	ocr
U+7FE9	U+7FE9	ocr
U+7FF0	U+7FF1	ocr
U+7FF3	U+7FF3	ocr
U+7FFB	U+7FFC	ocr
U+8000	U+8001	ocr
U+8003	U+8006	ocr
U+800C	U+800D	ocr
U+8010	U+8012	ocr
U+8015	U+8015	ocr
U+8017	U+8019	ocr
U+801C	U+801C	ocr
U+8026	U+8027	ocr
U+8031	U+8031	ocr
U+8033	U+8033	ocr
U+8035	U+8038	ocr
U+803B	U+803B	ocr
U+803D	U+803D	ocr
U+803F	U+803F	ocr
U+8042	U+8042	ocr
U+8046	U+8046	ocr
U+804A	U+804C	ocr
U+8054	U+8054	ocr
U+8056	U+8056	ocr
U+8058	U+8058	ocr
U+805A	U+805A	ocr
U+805E	U+805E	ocr
U+8068	U+8068	ocr
U+806A	U+806A	ocr
U+806F	U+806F	ocr
U+8072	U+8072	ocr
U+8077	U+8077	ocr
U+807F	U+807F	ocr
U+8083	U+8084	ocr
U+8086	U+8087	ocr
U+8089	U+8089	ocr
U+808B	U+808C	ocr
U+8093	U+8093	ocr
U+8096	U+8096	ocr
U+8098	U+8098	ocr
U+809A	U+809B	ocr
U+809D	U+809D	ocr
U+809F	U+80A2	ocr
U+80A4	U+80A5	ocr
U+80A9	U+80AA	ocr
U+80AE	U+80AF	ocr
U+80B1	U+80B2	ocr
U+80B4	U+80B4	ocr
U+80BA	U+80BA	ocr
U+80BC	U+80C1	ocr
U+80C3	U+80C4	ocr
U+80C6	U+80C6	ocr
U+80CC	U+80CE	ocr
U+80D6	U+80D7	ocr
U+80DA	U+80DC	ocr
U+80DE	U+80DE	ocr
U+80E1	U+80E1	ocr
U+80E4	U+80E5	ocr
U+80E7	U+80E7	ocr
U+80EA	U+80ED	ocr
U+80EF	U+80F1	ocr
U+80F3	U+80F4	ocr
U+80F6	U+80F6	ocr
U+80F8	U+80F8	ocr
U+80FA	U+80FA	ocr
U+80FD	U+80FD	ocr
U+8102	U+8102	ocr
U+8106	U+8106	ocr
U+8109	U+810A	ocr
U+810D	U+810D	ocr
U+810F	U+8113	ocr
U+8116	U+8116	ocr
U+8118	U+8118	ocr
U+811A	U+811A	ocr
U+812F	U+812F	ocr
U+8131	U+8132	ocr
U+8138	U+8138	ocr
U+813E	U+813E	ocr
U+8146	U+8146	ocr
U+8148	U+8148	ocr
U+814A	U+814C	ocr
U+814E	U+814E	ocr
U+8150	U+8151	ocr
U+8153	U+8155	ocr
U+8165	U+8166	ocr
U+8169	U+8169	ocr
U+816D	U+816E	ocr
U+8170	U+8171	ocr
U+8174	U+8174	ocr
U+8178	U+817C	ocr
U+817E	U+8180	ocr
U+8188	U+8188	ocr
U+818A	U+818A	ocr
U+818F	U+818F	ocr
U+8198	U+8198	ocr
U+819A	U+819D	ocr
U+81A0	U+81A0	ocr
U+81A6	U+81A6	ocr
U+81A8	U+81A8	ocr
U+81B3	U+81B3	ocr
U+81BA	U+81BB	ocr
U+81C0	U+81C0	ocr
U+81C2	U+81C3	ocr
U+81C6	U+81C6	ocr
U+81CA	U+81CA	ocr
U+81D8	U+81D8	ocr
U+81E3	U+81E3	ocr
U+81E7	U+81E8	ocr
U+81EA	U+81EA	ocr
U+81ED	U+81ED	ocr
U+81F3	U+81F4	ocr
U+81FA	U+81FC	ocr
U+81FE	U+81FE	ocr
U+8200	U+8200	ocr
U+8205	U+8208	ocr
U+820A	U+820A	ocr
U+820C	U+820D	ocr
U+8212	U+8212	ocr
U+8214	U+8214	ocr
U+8216	U+8216	ocr
U+821B	U+821C	ocr
U+821E	U+821F	ocr
U+822A	U+822C	ocr
U+8230	U+8231	ocr
U+8235	U+8239	ocr
U+8244	U+8244	ocr
U+8247	U+8247	ocr
U+8258	U+8258	ocr
U+8266	U+8266	ocr
U+826E	U+8270	ocr
U+8272	U+8273	ocr
U+8276	U+8277	ocr
U+8279	U+827A	ocr
U+827E	U+827F	ocr
U+8282	U+8283	ocr
U+828A	U+828B	ocr
U+828D	U+828E	ocr
U+8292	U+8292	ocr
U+8297	U+8299	ocr
U+829C	U+829D	ocr
U+82A1	U+82A1	ocr
U+82A5	U+82A6	ocr
U+82A9	U+82AF	ocr
U+82B1	U+82B1	ocr
U+82B3	U+82B3	ocr
U+82B7	U+82B9	ocr
U+82BD	U+82BE	ocr
U+82C1	U+82C1	ocr
U+82C4	U+82C4	ocr
U+82C7	U+82C7	ocr
U+82CB	U+82CB	ocr
U+82CD	U+82CF	ocr
U+82D1	U+82D5	ocr
U+82D7	U+82D8	ocr
U+82DB	U+82DF	ocr
U+82E1	U+82E1	ocr
U+82E3	U+82E3	ocr
U+82E5	U+82E6	ocr
U+82EA	U+82EB	ocr
U+82EF	U+82EF	ocr
U+82F1	U+82F1	ocr
U+82F4	U+82F4	ocr
U+82F7	U+82F7	ocr
U+82F9	U+82F9	ocr
U+82FC	U+82FC	ocr
U+8301	U+8306	ocr
U+8309	U+8309	ocr
U+830C	U+830C	ocr
U+830E	U+830F	ocr
U+8317	U+8317	ocr
U+831C	U+831C	ocr
U+8327	U+8328	ocr
U+832B	U+832D	ocr
U+832F	U+832F	ocr
U+8331	U+8331	ocr
U+8334	U+8336	ocr
U+8338	U+8339	ocr
U+833C	U+833C	ocr
U+8340	U+8340	ocr
U+8343	U+8343	ocr
U+8346	U+8346	ocr
U+8349	U+8349	ocr
U+834F	U+8350	ocr
U+8352	U+8352	ocr
U+8354	U+8354	ocr
U+8358	U+8358	ocr
U+835A	U+835A	ocr
U+835E	U+8361	ocr
U+8363	U+8365	ocr
U+8367	U+8368	ocr
U+836A	U+836D	ocr
U+836F	U+836F	ocr
U+8377	U+8378	ocr
U+837B	U+837D	ocr
U+8385	U+8386	ocr
U+8389	U+838A	ocr
U+838E	U+838E	ocr
U+8392	U+8393	ocr
U+8398	U+8398	ocr
U+839C	U+839C	ocr
U+839E	U+839E	ocr
U+83A0	U+83A0	ocr
U+83A8	U+83A8	ocr
U+83AA	U+83AB	ocr
U+83B1	U+83B4	ocr
U+83B7	U+83B7	ocr
U+83B9	U+83BA	ocr
U+83BC	U+83BD	ocr
U+83C0	U+83C1	ocr
U+83C5	U+83C5	ocr
U+83C7	U+83C7	ocr
U+83CA	U+83CA	ocr
U+83CC	U+83CC	ocr
U+83CF	U+83CF	ocr
U+83D3	U+83D3	ocr
U+83D6	U+83D6	ocr
U+83D8	U+83D8	ocr
U+83DC	U+83DC	ocr
U+83DF	U+83E1	ocr
U+83E9	U+83EA	ocr
U+83EF	U+83EF	ocr
U+83F1	U+83F2	ocr
U+83FD	U+83FD	ocr
U+8401	U+8401	ocr
U+8403	U+8404	ocr
U+840A	U+840E	ocr
U+8418	U+8418	ocr
U+841C	U+841D	ocr
U+8424	U+8428	ocr
U+842C	U+842D	ocr
U+8431	U+8431	ocr
U+8438	U+8438	ocr
U+843C	U+843D	ocr
U+8446	U+8446	ocr
U+8449	U+8449	ocr
U+8451	U+8452	ocr
U+8457	U+8457	ocr
U+845A	U+845B	ocr
U+8461	U+8461	ocr
U+8463	U+8463	ocr
U+8469	U+8469	ocr
U+846B	U+846D	ocr
U+8471	U+8471	ocr
U+8473	U+8473	ocr
U+8475	U+8475	ocr
U+847A	U+847A	ocr
U+8482	U+8482	ocr
U+8484	U+8484	ocr
U+848B	U+848C	ocr
U+8499	U+8499	ocr
U+849C	U+849C	ocr
U+849F	U+849F	ocr
U+84A1	U+84A1	ocr
U+84A4	U+84A4	ocr
U+84B2	U+84B2	ocr
U+84B8	U+84B8	ocr
U+84BB	U+84BB	ocr
U+84BD	U+84BD	ocr
U+84BF	U+84BF	ocr
U+84C4	U+84C4	ocr
U+84C9	U+84C9	ocr
U+84CB	U+84CB	ocr
U+84D1	U+84D1	ocr
U+84D3	U+84D3	ocr
U+84D6	U+84D6	ocr
U+84DD	U+84DD	ocr
U+84DF	U+84DF	ocr
U+84E5	U+84E6	ocr
U+84EC	U+84EC	ocr
U+84EE	U+84EE	ocr
U+84FC	U+84FC	ocr
U+84FF	U+84FF	ocr
U+8511	U+8511	ocr
U+8513	U+8513	ocr
U+8517	U+8517	ocr
U+851A	U+851A	ocr
U+851F	U+851F	ocr
U+8521	U+8521	ocr
U+852B	U+852C	ocr
U+8537	U+8538	ocr
U+853A	U+853D	ocr
U+8543	U+8543	ocr
U+8548	U+854A	ocr
U+8552	U+8552	ocr
U+8559	U+8559	ocr
U+855F	U+855F	ocr
U+8564	U+8564	ocr
U+8568	U+8568	ocr
U+8572	U+8572	ocr
U+8574	U+8574	ocr
U+8579	U+8579	ocr
U+857E	U+857E	ocr
U+8584	U+8584	ocr
U+8587	U+8588	ocr
U+858F	U+858F	ocr
U+859B	U+859B	ocr
U+85A1	U+85A1	ocr
U+85A6	U+85A6	ocr
U+85A9	U+85AA	ocr
U+85AC	U+85AC	ocr
U+85AF	U+85B0	ocr
U+85B9	U+85B9	ocr
U+85C1	U+85C1	ocr
U+85C9	U+85C9	ocr
U+85CD	U+85CD	ocr
U+85CF	U+85D0	ocr
U+85D3	U+85D5	ocr
U+85DC	U+85DD	ocr
U+85E4	U+85E5	ocr
U+85E9	U+85E9	ocr
U+85FB	U+85FB	ocr
U+85FF	U+85FF	ocr
U+8606	U+8607	ocr
U+8611	U+8611	ocr
U+8616	U+8616	ocr
U+862D	U+862D	ocr
U+8638	U+8638	ocr
U+863C	U+863C	ocr
U+864E	U+8651	ocr
U+8654	U+8655	ocr
U+865A	U+865A	ocr
U+865E	U+865F	ocr
U+8662	U+8662	ocr
U+866B	U+866C	ocr
U+8671	U+8671	ocr
U+8679	U+8679	ocr
U+867B	U+867B	ocr
U+867D	U+867E	ocr
U+8680	U+8682	ocr
U+868A	U+868A	ocr
U+868C	U+868C	ocr
U+8693	U+8693	ocr
U+8695	U+8695	ocr
U+869C	U+869D	ocr
U+86A3	U+86A4	ocr
U+86A7	U+86AA	ocr
U+86AC	U+86AC	ocr
U+86AF	U+86AF	ocr
U+86B1	U+86B1	ocr
U+86B4	U+86B4	ocr
U+86B6	U+86B6	ocr
U+86C0	U+86C0	ocr
U+86C6	U+86C7	ocr
U+86CA	U+86CB	ocr
U+86CE	U+86D0	ocr
U+86D4	U+86D4	ocr
U+86D9	U+86D9	ocr
U+86DB	U+86DB	ocr
U+86DF	U+86DF	ocr
U+86E4	U+86E4	ocr
U+86ED	U+86EE	ocr
U+86F0	U+86F0	ocr
U+86F2	U+86F4	ocr
U+86F9	U+86F9	ocr
U+86FE	U+86FE	ocr
U+8700	U+8700	ocr
U+8702	U+8703	ocr
U+8707	U+8708	ocr
U+870A	U+870A	ocr
U+870D	U+870D	ocr
U+8712	U+8713	ocr
U+8715	U+8715	ocr
U+8717	U+8718	ocr
U+871A	U+871C	ocr
U+8721	U+8721	ocr
U+8725	U+8725	ocr
U+8731	U+8731	ocr
U+8734	U+8734	ocr
U+8737	U+8737	ocr
U+873B	U+873B	ocr
U+873F	U+873F	ocr
U+8747	U+8749	ocr
U+874C	U+874C	ocr
U+874E	U+874E	ocr
U+8757	U+8757	ocr
U+8759	U+8759	ocr
U+8760	U+8760	ocr
U+8774	U+8774	ocr
U+8776	U+8776	ocr
U+877D	U+877E	ocr
U+8782	U+8783	ocr
U+8788	U+8788	ocr
U+878D	U+878D	ocr
U+879F	U+879F	ocr
U+87A8	U+87A8	ocr
U+87AF	U+87AF	ocr
U+87B3	U+87B3	ocr
U+87BA	U+87BA	ocr
U+87C0	U+87C0	ocr
U+87C6	U+87C6	ocr
U+87CB	U+87CB	ocr
U+87D1	U+87D2	ocr
U+87E0	U+87E0	ocr
U+87F9	U+87F9	ocr
U+87FE	U+87FE	ocr
U+8804	U+8804	ocr
U+8813	U+8816	ocr
U+8821	U+8822	ocr
U+8839	U+8839	ocr
U+8840	U+8840	ocr
U+8845	U+8846	ocr
U+884C	U+884D	ocr
U+8853	U+8854	ocr
U+8856	U+8857	ocr
U+8859	U+8859	ocr
U+885B	U+885B	ocr
U+8861	U+8863	ocr
U+8865	U+8865	ocr
U+8868	U+8869	ocr
U+886B	U+886C	ocr
U+886E	U+886E	ocr
U+8870	U+8870	ocr
U+8872	U+8872	ocr
U+8877	U+8877	ocr
U+887E	U+887F	ocr
U+8881	U+8882	ocr
U+8884	U+8886	ocr
U+8888	U+8888	ocr
U+888B	U+888B	ocr
U+888D	U+888D	ocr
U+8892	U+8892	ocr
U+8896	U+8896	ocr
U+889C	U+889C	ocr
U+88A4	U+88A4	ocr
U+88AA	U+88AB	ocr
U+88AD	U+88AD	ocr
U+88B1	U+88B1	ocr
U+88C1	U+88C2	ocr
U+88C5	U+88C6	ocr
U+88D4	U+88D5	ocr
U+88D8	U+88D9	ocr
U+88DC	U+88DD	ocr
U+88DF	U+88DF	ocr
U+88E1	U+88E1	ocr
U+88E4	U+88E4	ocr
U+88E8	U+88E8	ocr
U+88F1	U+88F1	ocr
U+88F3	U+88F4	ocr
U+88F8	U+88F9	ocr
U+88FD	U+88FD	ocr
U+8900	U+8900	ocr
U+8902	U+8902	ocr
U+8907	U+8907	ocr
U+8910	U+8910	ocr
U+8912	U+8914	ocr
U+891A	U+891A	ocr
U+8925	U+8925	ocr
U+892A	U+892A	ocr
U+8930	U+8930	ocr
U+8932	U+8932	ocr
U+8936	U+8936	ocr
U+8941	U+8941	ocr
U+8944	U+8944	ocr
U+895F	U+895F	ocr
U+897F	U+897F	ocr
U+8981	U+8981	ocr
U+8983	U+8983	ocr
U+8986	U+8986	ocr
U+898B	U+898C	ocr
U+8996	U+8996	ocr
U+89AA	U+89AA	ocr
U+89BA	U+89BA	ocr
U+89C0	U+89C2	ocr
U+89C4	U+89CA	ocr
U+89CE	U+89CE	ocr
U+89D0	U+89D2	ocr
U+89DE	U+89DE	ocr
U+89E3	U+89E3	ocr
U+89E6	U+89E6	ocr
U+89F8	U+89F8	ocr
U+8A00	U+8A00	ocr
U+8A02	U+8A02	ocr
U+8A08	U+8A08	ocr
U+8A0A	U+8A0A	ocr
U+8A13	U+8A13	ocr
U+8A18	U+8A18	ocr
U+8A23	U+8A23	ocr
U+8A2A	U+8A2A	ocr
U+8A2D	U+8A2D	ocr
U+8A31	U+8A31	ocr
U+8A3A	U+8A3A	ocr
U+8A3E	U+8A3E	ocr
U+8A62	U+8A62	ocr
U+8A66	U+8A66	ocr
U+8A69	U+8A69	ocr
U+8A71	U+8A72	ocr
U+8A79	U+8A79	ocr
U+8A89	U+8A89	ocr
U+8A8C	U+8A8C	ocr
U+8A93	U+8A93	ocr
U+8A98	U+8A98	ocr
U+8A9E	U+8A9E	ocr
U+8AA0	U+8AA0	ocr
U+8AAC	U+8AAC	ocr
U+8AB2	U+8AB2	ocr
U+8ABF	U+8ABF	ocr
U+8ACB	U+8ACB	ocr
U+8AFE	U+8AFE	ocr
U+8B07	U+8B07	ocr
U+8B1B	U+8B1B	ocr
U+8B1D	U+8B1D	ocr
U+8B22	U+8B22	ocr
U+8B39	U+8B39	ocr
U+8B49	U+8B49	ocr
U+8B58	U+8B58	ocr
U+8B5C	U+8B5C	ocr
U+8B66	U+8B66	ocr
U+8B6C	U+8B6C	ocr
U+8B77	U+8B77	ocr
U+8B80	U+8B80	ocr
U+8B8A	U+8B8A	ocr
U+8BA0	U+8BA5	ocr
U+8BA8	U+8BAB	ocr
U+8BAD	U+8BB0	ocr
U+8BB2	U+8BB4	ocr
U+8BB6	U+8BBA	ocr
U+8BBC	U+8BC1	ocr
U+8BC3	U+8BC6	ocr
U+8BC8	U+8BCB	ocr
U+8BCD	U+8BCD	ocr
U+8BCF	U+8BCF	ocr
U+8BD1	U+8BD2	ocr
U+8BD5	U+8BD5	ocr
U+8BD7	U+8BDB	ocr
U+8BDD	U+8BE7	ocr
U+8BE9	U+8BE9	ocr
U+8BEB	U+8BED	ocr
U+8BEF	U+8BF2	ocr
U+8BF4	U+8BF8	ocr
U+8BFA	U+8BFB	ocr
U+8BFD	U+8C01	ocr
U+8C03	U+8C06	ocr
U+8C08	U+8C08	ocr
U+8C0A	U+8C15	ocr
U+8C17	U+8C1C	ocr
U+8C1F	U+8C1F	ocr
U+8C21	U+8C2A	ocr
U+8C2C	U+8C2D	ocr
U+8C2F	U+8C31	ocr
U+8C34	U+8C34	ocr
U+8C37	U+8C37	ocr
U+8C41	U+8C41	ocr
U+8C46	U+8C47	ocr
U+8C49	U+8C4A	ocr
U+8C4C	U+8C4C	ocr
U+8C50	U+8C50	ocr
U+8C55	U+8C55	ocr
U+8C5A	U+8C5A	ocr
U+8C61	U+8C61	ocr
U+8C6A	U+8C6B	ocr
U+8C79	U+8C7A	ocr
U+8C82	U+8C82	ocr
U+8C85	U+8C85	ocr
U+8C89	U+8C8A	ocr
U+8C8C	U+8C8C	ocr
U+8C94	U+8C94	ocr
U+8C9D	U+8C9D	ocr
U+8CA0	U+8CA2	ocr
U+8CA8	U+8CA9	ocr
U+8CAD	U+8CAD	ocr
U+8CB4	U+8CB4	ocr
U+8CB7	U+8CB7	ocr
U+8CBB	U+8CBC	ocr
U+8CBF	U+8CC0	ocr
U+8CC7	U+8CC7	ocr
U+8CD3	U+8CD3	ocr
U+8CDC	U+8CDC	ocr
U+8CE0	U+8CE0	ocr
U+8CE2	U+8CE3	ocr
U+8CEA	U+8CEA	ocr
U+8CF4	U+8CF4	ocr
U+8CFC	U+8CFC	ocr
U+8D08	U+8D08	ocr
U+8D0F	U+8D0F	ocr
U+8D1D	U+8D1F	ocr
U+8D21	U+8D32	ocr
U+8D34	U+8D35	ocr
U+8D37	U+8D3C	ocr
U+8D3E	U+8D3F	ocr
U+8D41	U+8D45	ocr
U+8D48	U+8D4C	ocr
U+8D4E	U+8D50	ocr
U+8D53	U+8D54	ocr
U+8D56	U+8D56	ocr
U+8D58	U+8D58	ocr
U+8D5A	U+8D5B	ocr
U+8D5D	U+8D5E	ocr
U+8D60	U+8D64	ocr
U+8D66	U+8D66	ocr
U+8D6B	U+8D6B	ocr
U+8D6D	U+8D6D	ocr
U+8D70	U+8D70	ocr
U+8D73	U+8D77	ocr
U+8D81	U+8D81	ocr
U+8D85	U+8D85	ocr
U+8D8A	U+8D8B	ocr
U+8D99	U+8D99	ocr
U+8D9F	U+8D9F	ocr
U+8DA3	U+8DA3	ocr
U+8DB3	U+8DB5	ocr
U+8DB8	U+8DB8	ocr
U+8DBE	U+8DBE	ocr
U+8DC3	U+8DC4	ocr
U+8DC6	U+8DC6	ocr
U+8DCB	U+8DCC	ocr
U+8DCE	U+8DCE	ocr
U+8DD1	U+8DD1	ocr
U+8DD6	U+8DD6	ocr
U+8DDA	U+8DDB	ocr
U+8DDD	U+8DDD	ocr
U+8DDF	U+8DDF	ocr
U+8DE4	U+8DE4	ocr
U+8DE8	U+8DE8	ocr
U+8DEA	U+8DEA	ocr
U+8DEF	U+8DEF	ocr
U+8DF3	U+8DF3	ocr
U+8DF5	U+8DF5	ocr
U+8DF7	U+8DF7	ocr
U+8DFA	U+8DFB	ocr
U+8E09	U+8E0A	ocr
U+8E0C	U+8E0C	ocr
U+8E0F	U+8E0F	ocr
U+8E1D	U+8E1E	ocr
U+8E22	U+8E22	ocr
U+8E29	U+8E2A	ocr
U+8E2E	U+8E2E	ocr
U+8E31	U+8E31	ocr
U+8E35	U+8E35	ocr
U+8E39	U+8E3A	ocr
U+8E42	U+8E42	ocr
U+8E44	U+8E44	ocr
U+8E47	U+8E4B	ocr
U+8E51	U+8E52	ocr
U+8E59	U+8E59	ocr
U+8E66	U+8E66	ocr
U+8E6C	U+8E6D	ocr
U+8E72	U+8E72	ocr
U+8E74	U+8E74	ocr
U+8E76	U+8E76	ocr
U+8E7C	U+8E7C	ocr
U+8E7F	U+8E7F	ocr
U+8E81	U+8E81	ocr
U+8E87	U+8E87	ocr
U+8E8F	U+8E8F	ocr
U+8EAB	U+8EAC	ocr
U+8EAF	U+8EAF	ocr
U+8EB2	U+8EB2	ocr
U+8EBA	U+8EBA	ocr
U+8ECA	U+8ECA	ocr
U+8ECC	U+8ECE	ocr
U+8ED2	U+8ED2	ocr
U+8EFD	U+8EFD	ocr
U+8F09	U+8F09	ocr
U+8F15	U+8F15	ocr
U+8F1D	U+8F1D	ocr
U+8F2A	U+8F2A	ocr
U+8F2F	U+8F2F	ocr
U+8F38	U+8F38	ocr
U+8F49	U+8F49	ocr
U+8F66	U+8F69	ocr
U+8F6C	U+8F72	ocr
U+8F74	U+8F74	ocr
U+8F76	U+8F76	ocr
U+8F7B	U+8F7D	ocr
U+8F7F	U+8F7F	ocr
U+8F83	U+8F86	ocr
U+8F88	U+8F8B	ocr
U+8F8D	U+8F8D	ocr
U+8F90	U+8F91	ocr
U+8F93	U+8F93	ocr
U+8F95	U+8F99	ocr
U+8F9B	U+8F9C	ocr
U+8F9E	U+8F9F	ocr
U+8FA3	U+8FA3	ocr
U+8FA6	U+8FA9	ocr
U+8FAB	U+8FAB	ocr
U+8FB0	U+8FB2	ocr
U+8FB9	U+8FB9	ocr
U+8FBD	U+8FBE	ocr
U+8FC1	U+8FC2	ocr
U+8FC4	U+8FC5	ocr
U+8FC7	U+8FC8	ocr
U+8FCE	U+8FCE	ocr
U+8FD0	U+8FD1	ocr
U+8FD4	U+8FD4	ocr
U+8FD8	U+8FD9	ocr
U+8FDB	U+8FDF	ocr
U+8FE2	U+8FE2	ocr
U+8FE4	U+8FE6	ocr
U+8FE9	U+8FEB	ocr
U+8FED	U+8FEE	ocr
U+8FF0	U+8FF0	ocr
U+8FF3	U+8FF3	ocr
U+8FF7	U+8FF9	ocr
U+8FFD	U+8FFD	ocr
U+9000	U+9006	ocr
U+9009	U+900A	ocr
U+900D	U+900D	ocr
U+900F	U+9012	ocr
U+9014	U+9014	ocr
U+9017	U+9017	ocr
U+9019	U+901B	ocr
U+901D	U+9020	ocr
U+9022	U+9023	ocr
U+902D	U+902F	ocr
U+9032	U+9032	ocr
U+9035	U+9035	ocr
U+9038	U+903C	ocr
U+903E	U+903E	ocr
U+9041	U+9042	ocr
U+9047	U+9047	ocr
U+904B	U+904B	ocr
U+904D	U+9050	ocr
U+9052	U+9054	ocr
U+9057	U+9057	ocr
U+905B	U+905B	ocr
U+9060	U+9060	ocr
U+9062	U+9063	ocr
U+9065	U+9065	ocr
U+9068	U+9069	ocr
U+906D	U+906E	ocr
U+9074	U+9075	ocr
U+9078	U+9078	ocr
U+907F	U+9080	ocr
U+9082	U+9084	ocr
U+9088	U+9088	ocr
U+908B	U+908B	ocr
U+908F	U+908F	ocr
U+9091	U+9091	ocr
U+9093	U+9093	ocr
U+9095	U+9095	ocr
U+9097	U+9097	ocr
U+909B	U+909B	ocr
U+909D	U+909D	ocr
U+90A1	U+90A3	ocr
U+90A6	U+90A6	ocr
U+90A8	U+90A8	ocr
U+90AA	U+90AA	ocr
U+90AC	U+90AC	ocr
U+90AE	U+90B1	ocr
U+90B3	U+90B5	ocr
U+90B8	U+90BB	ocr
U+90C1	U+90C1	ocr
U+90C5	U+90C5	ocr
U+90CA	U+90CA	ocr
U+90CE	U+90CF	ocr
U+90D1	U+90D1	ocr
U+90D3	U+90D3	ocr
U+90D7	U+90D7	ocr
U+90DB	U+90DD	ocr
U+90E1	U+90E2	ocr
U+90E6	U+90E8	ocr
U+90EB	U+90EB	ocr
U+90ED	U+90ED	ocr
U+90EF	U+90EF	ocr
U+90F4	U+90F5	ocr
U+90F8	U+90F8	ocr
U+90FD	U+90FE	ocr
U+9102	U+9102	ocr
U+9104	U+9104	ocr
U+9109	U+9109	ocr
U+9119	U+9119	ocr
U+911E	U+911E	ocr
U+9122	U+9123	ocr
U+912D	U+912D	ocr
U+912F	U+912F	ocr
U+9131	U+9131	ocr
U+913A	U+913A	ocr
U+9149	U+914D	ocr
U+9150	U+9150	ocr
U+9152	U+9152	ocr
U+9157	U+9157	ocr
U+915A	U+915A	ocr
U+915D	U+915E	ocr
U+9161	U+9161	ocr
U+9163	U+9163	ocr
U+9165	U+9165	ocr
U+916A	U+916A	ocr
U+916C	U+916C	ocr
U+916E	U+9171	ocr
U+9175	U+9178	ocr
U+917F	U+917F	ocr
U+9187	U+9187	ocr
U+9189	U+9189	ocr
U+918B	U+918D	ocr
U+9190	U+9190	ocr
U+9192	U+9192	ocr
U+919A	U+919C	ocr
U+91AA	U+91AC	ocr
U+91B4	U+91B4	ocr
U+91BA	U+91BA	ocr
U+91C0	U+91C0	ocr
U+91C7	U+91C7	ocr
U+91C9	U+91CA	ocr
U+91CC	U+91CF	ocr
U+91D1	U+91D1	ocr
U+91DC	U+91DD	ocr
U+91E3	U+91E3	ocr
U+9234	U+9234	ocr
U+923A	U+923A	ocr
U+9244	U+9245	ocr
U+924C	U+924C	ocr
U+9274	U+9274	ocr
U+9280	U+9280	ocr
U+9291	U+9291	ocr
U+9298	U+9298	ocr
U+92AD	U+92AE	ocr
U+92B7	U+92B7	ocr
U+92EA	U+92EA	ocr
U+92FC	U+92FC	ocr
U+9304	U+9304	ocr
U+9326	U+9326	ocr
U+932F	U+932F	ocr
U+9336	U+9336	ocr
U+934A	U+934B	ocr
U+9375	U+9375	ocr
U+938F	U+938F	ocr
U+9396	U+9396	ocr
U+93A2	U+93A2	ocr
U+93AE	U+93AE	ocr
U+93BB	U+93BB	ocr
U+93D6	U+93D6	ocr
U+93DC	U+93DC	ocr
U+93E1	U+93E2	ocr
U+9418	U+9418	ocr
U+9421	U+9421	ocr
U+9435	U+9435	ocr
U+9452	U+9452	ocr
U+946B	U+946B	ocr
U+947D	U+947D	ocr
U+9485	U+9485	ocr
U+9487	U+948A	ocr
U+948E	U+948F	ocr
U+9492	U+9493	ocr
U+9495	U+9495	ocr
U+9497	U+9497	ocr
U+9499	U+94A3	ocr
U+94A5	U+94A9	ocr
U+94AC	U+94AC	ocr
U+94AE	U+94B1	ocr
U+94B3	U+94B5	ocr
U+94BA	U+94C6	ocr
U+94C8	U+94CE	ocr
U+94D0	U+94D2	ocr
U+94D4	U+94D6	ocr
U+94DB	U+94E4	ocr
U+94E7	U+94E8	ocr
U+94EA	U+94EA	ocr
U+94EC	U+94EE	ocr
U+94F0	U+94F2	ocr
U+94F5	U+94F6	ocr
U+94F8	U+94F8	ocr
U+94FA	U+94FA	ocr
U+94FE	U+9502	ocr
U+9504	U+9506	ocr
U+9508	U+9509	ocr
U+950B	U+950C	ocr
U+950F	U+9511	ocr
U+9514	U+9515	ocr
U+9517	U+951B	ocr
U+951D	U+951D	ocr
U+951F	U+951F	ocr
U+9521	U+9526	ocr
U+9528	U+9528	ocr
U+952D	U+9530	ocr
U+9532	U+9532	ocr
U+9534	U+9537	ocr
U+9539	U+953B	ocr
U+953D	U+953D	ocr
U+9540	U+9542	ocr
U+9547	U+9547	ocr
U+9549	U+954A	ocr
U+954C	U+954D	ocr
U+9550	U+9554	ocr
U+9556	U+9557	ocr
U+955B	U+955D	ocr
U+9563	U+9563	ocr
U+9566	U+9567	ocr
U+956D	U+956D	ocr
U+956F	U+9571	ocr
U+9573	U+9573	ocr
U+9576	U+9577	ocr
U+957F	U+9580	ocr
U+9583	U+9583	ocr
U+958B	U+958B	ocr
U+958F	U+958F	ocr
U+9591	U+9591	ocr
U+9593	U+9593	ocr
U+959F	U+959F	ocr
U+95A2	U+95A3	ocr
U+95A5	U+95A5	ocr
U+95A9	U+95A9	ocr
U+95DC	U+95DC	ocr
U+95E8	U+95E8	ocr
U+95EA	U+95EB	ocr
U+95ED	U+95F5	ocr
U+95F7	U+95FB	ocr
U+95FD	U+9602	ocr
U+9604	U+9606	ocr
U+9608	U+960A	ocr
U+960E	U+960E	ocr
U+9610	U+9611	ocr
U+9614	U+9617	ocr
U+9619	U+961A	ocr
U+961C	U+961D	ocr
U+961F	U+961F	ocr
U+9621	U+9621	ocr
U+962A	U+962A	ocr
U+962E	U+962E	ocr
U+9631	U+9636	ocr
U+963B	U+963B	ocr
U+963F	U+9640	ocr
U+9642	U+9642	ocr
U+9644	U+9649	ocr
U+964B	U+964D	ocr
U+9650	U+9650	ocr
U+9655	U+9655	ocr
U+965B	U+965B	ocr
U+965F	U+965F	ocr
U+9661	U+9664	ocr
U+9668	U+966A	ocr
U+9670	U+9670	ocr
U+9672	U+9673	ocr
U+9675	U+9677	ocr
U+967D	U+967D	ocr
U+9685	U+9686	ocr
U+968B	U+968B	ocr
U+968D	U+968D	ocr
U+968F	U+9690	ocr
U+9694	U+9694	ocr
U+9697	U+9699	ocr
U+969B	U+969C	ocr
U+96A7	U+96A8	ocr
U+96B6	U+96B6	ocr
U+96B9	U+96B9	ocr
U+96BC	U+96BE	ocr
U+96C0	U+96C1	ocr
U+96C4	U+96C7	ocr
U+96C9	U+96C9	ocr
U+96CC	U+96CF	ocr
U+96D2	U+96D2	ocr
U+96D5	U+96D5	ocr
U+96D9	U+96D9	ocr
U+96DC	U+96DC	ocr
U+96DE	U+96DE	ocr
U+96E2	U+96E3	ocr
U+96E8	U+96E8	ocr
U+96EA	U+96EA	ocr
U+96EF	U+96EF	ocr
U+96F2	U+96F3	ocr
U+96F6	U+96F7	ocr
U+96F9	U+96F9	ocr
U+96FB	U+96FB	ocr
U+96FE	U+96FE	ocr
U+9700	U+9701	ocr
U+9704	U+9704	ocr
U+9706	U+9707	ocr
U+9709	U+9709	ocr
U+970D	U+970F	ocr
U+9713	U+9713	ocr
U+9716	U+9716	ocr
U+971C	U+971C	ocr
U+971E	U+971E	ocr
U+972D	U+972D	ocr
U+9730	U+9730	ocr
U+9732	U+9732	ocr
U+9738	U+9739	ocr
U+973E	U+973E	ocr
U+9748	U+9748	ocr
U+9751	U+9753	ocr
U+9756	U+9756	ocr
U+9759	U+9759	ocr
U+975B	U+975C	ocr
U+975E	U+975E	ocr
U+9760	U+9762	ocr
U+9765	U+9765	ocr
U+9769	U+9769	ocr
U+9773	U+9774	ocr
U+9776	U+9776	ocr
U+9785	U+9785	ocr
U+978B	U+978B	ocr
U+978D	U+978D	ocr
U+9791	U+9791	ocr
U+9798	U+9798	ocr
U+97A0	U+97A0	ocr
U+97A3	U+97A3	ocr
U+97AD	U+97AD	ocr
U+97D3	U+97D3	ocr
U+97E6	U+97E7	ocr
U+97E9	U+97E9	ocr
U+97EB	U+97ED	ocr
U+97F3	U+97F3	ocr
U+97F5	U+97F6	ocr
U+97FB	U+97FB	ocr
U+97FF	U+97FF	ocr
U+9802	U+9802	ocr
U+9806	U+9806	ocr
U+9813	U+9814	ocr
U+9821	U+9821	ocr
U+9824	U+9824	ocr
U+982D	U+982D	ocr
U+9830	U+9830	ocr
U+984C	U+984C	ocr
U+984F	U+984F	ocr
U+9854	U+9854	ocr
U+985E	U+985E	ocr
U+9867	U+9867	ocr
U+986F	U+986F	ocr
U+9875	U+9877	ocr
U+9879	U+987B	ocr
U+987D	U+987F	ocr
U+9881	U+9882	ocr
U+9884	U+988A	ocr
U+988C	U+988D	ocr
U+9890	U+9891	ocr
U+9893	U+9894	ocr
U+9896	U+9898	ocr
U+989A	U+989E	ocr
U+98A0	U+98A2	ocr
U+98A4	U+98A4	ocr
U+98A6	U+98A8	ocr
U+98C4	U+98C4	ocr
U+98CE	U+98CE	ocr
U+98D2	U+98D3	ocr
U+98D5	U+98D5	ocr
U+98D8	U+98DB	ocr
U+98DE	U+98DF	ocr
U+98E8	U+98E8	ocr
U+98EC	U+98EC	ocr
U+98EE	U+98EF	ocr
U+98F2	U+98F2	ocr
U+98FC	U+98FC	ocr
U+98FE	U+98FE	ocr
U+9905	U+9905	ocr
U+990A	U+990A	ocr
U+9910	U+9910	ocr
U+9918	U+9918	ocr
U+9920	U+9920	ocr
U+9928	U+9928	ocr
U+992E	U+992E	ocr
U+9943	U+9943	ocr
U+9945	U+9945	ocr
U+9955	U+9955	ocr
U+9963	U+9963	ocr
U+9965	U+9966	ocr
U+9968	U+9968	ocr
U+996A	U+996A	ocr
U+996C	U+9972	ocr
U+9974	U+997A	ocr
U+997C	U+997D	ocr
U+997F	U+9981	ocr
U+9984	U+9986	ocr
U+9988	U+9988	ocr
U+998A	U+998B	ocr
U+998D	U+998D	ocr
U+998F	U+998F	ocr
U+9992	U+9992	ocr
U+9995	U+9997	ocr
U+9999	U+9999	ocr
U+99A5	U+99A5	ocr
U+99A8	U+99A8	ocr
U+99AC	U+99AC	ocr
U+99AE	U+99AE	ocr
U+99B4	U+99B4	ocr
U+99D5	U+99D5	ocr
U+99FF	U+99FF	ocr
U+9A30	U+9A30	ocr
U+9A37	U+9A37	ocr
U+9A4A	U+9A4A	ocr
U+9A57	U+9A57	ocr
U+9A6C	U+9A71	ocr
U+9A73	U+9A74	ocr
U+9A76	U+9A79	ocr
U+9A7B	U+9A7F	ocr
U+9A81	U+9A82	ocr
U+9A84	U+9A87	ocr
U+9A8A	U+9A8C	ocr
U+9A8F	U+9A91	ocr
U+9A93	U+9A93	ocr
U+9A97	U+9A97	ocr
U+9A9A	U+9A9E	ocr
U+9AA0	U+9AA1	ocr
U+9AA4	U+9AA5	ocr
U+9AA7	U+9AA8	ocr
U+9AB0	U+9AB0	ocr
U+9AB6	U+9AB8	ocr
U+9ABA	U+9ABA	ocr
U+9ABC	U+9ABC	ocr
U+9AC1	U+9AC2	ocr
U+9AC5	U+9AC5	ocr
U+9ACB	U+9ACC	ocr
U+9AD3	U+9AD4	ocr
U+9AD8	U+9AD9	ocr
U+9AE6	U+9AE6	ocr
U+9AEA	U+9AEA	ocr
U+9AEE	U+9AEF	ocr
U+9AFB	U+9AFB	ocr
U+9B03	U+9B03	ocr
U+9B13	U+9B13	ocr
U+9B1F	U+9B1F	ocr
U+9B23	U+9B23	ocr
U+9B32	U+9B32	ocr
U+9B3C	U+9B3C	ocr
U+9B41	U+9B42	ocr
U+9B44	U+9B45	ocr
U+9B47	U+9B47	ocr
U+9B49	U+9B49	ocr
U+9B4F	U+9B4F	ocr
U+9B54	U+9B54	ocr
U+9B5A	U+9B5A	ocr
U+9BAE	U+9BAE	ocr
U+9BC9	U+9BC9	ocr
U+9BE8	U+9BE8	ocr
U+9BFD	U+9BFD	ocr
U+9C6C	U+9C6C	ocr
U+9C78	U+9C78	ocr
U+9C7B	U+9C7C	ocr
U+9C7F	U+9C7F	ocr
U+9C81	U+9C82	ocr
U+9C85	U+9C88	ocr
U+9C8D	U+9C8D	ocr
U+9C91	U+9C91	ocr
U+9C9B	U+9C9C	ocr
U+9C9F	U+9C9F	ocr
U+9CA2	U+9CA2	ocr
U+9CA4	U+9CA4	ocr
U+9CA8	U+9CA9	ocr
U+9CAB	U+9CAB	ocr
U+9CAE	U+9CAE	ocr
U+9CB1	U+9CB3	ocr
U+9CB5	U+9CB8	ocr
U+9CBD	U+9CBD	ocr
U+9CC3	U+9CC5	ocr
U+9CCC	U+9CCE	ocr
U+9CD0	U+9CD0	ocr
U+9CD5	U+9CD7	ocr
U+9CD9	U+9CD9	ocr
U+9CDC	U+9CDF	ocr
U+9CE5	U+9CE5	ocr
U+9CEF	U+9CEF	ocr
U+9CF3	U+9CF3	ocr
U+9D28	U+9D28	ocr
U+9D3B	U+9D3B	ocr
U+9D3F	U+9D3F	ocr
U+9D6C	U+9D6C	ocr
U+9D8F	U+9D8F	ocr
U+9DB4	U+9DB4	ocr
U+9DC4	U+9DC4	ocr
U+9DD7	U+9DD7	ocr
U+9DF9	U+9DFA	ocr
U+9E1F	U+9E23	ocr
U+9E25	U+9E26	ocr
U+9E28	U+9E28	ocr
U+9E2A	U+9E2A	ocr
U+9E2C	U+9E2D	ocr
U+9E2F	U+9E2F	ocr
U+9E33	U+9E33	ocr
U+9E35	U+9E35	ocr
U+9E3D	U+9E3F	ocr
U+9E42	U+9E45	ocr
U+9E49	U+9E4A	ocr
U+9E4C	U+9E4C	ocr
U+9E4F	U+9E4F	ocr
U+9E51	U+9E51	ocr
U+9E57	U+9E57	ocr
U+9E5C	U+9E5C	ocr
U+9E5E	U+9E5E	ocr
U+9E64	U+9E64	ocr
U+9E66	U+9E67	ocr
U+9E6B	U+9E6B	ocr
U+9E6D	U+9E6D	ocr
U+9E70	U+9E70	ocr
U+9E73	U+9E73	ocr
U+9E7D	U+9E7D	ocr
U+9E7F	U+9E7F	ocr
U+9E82	U+9E82	ocr
U+9E8B	U+9E8B	ocr
U+9E92	U+9E93	ocr
U+9E97	U+9E97	ocr
U+9E9D	U+9E9D	ocr
U+9E9F	U+9E9F	ocr
U+9EA5	U+9EA6	ocr
U+9EAF	U+9EAF	ocr
U+9EB5	U+9EB5	ocr
U+9EB8	U+9EB8	ocr
U+9EBA	U+9EBB	ocr
U+9EBD	U+9EBE	ocr
U+9EC3	U+9EC4	ocr
U+9ECD	U+9ECF	ocr
U+9ED1	U+9ED2	ocr
U+9ED4	U+9ED4	ocr
U+9ED8	U+9ED8	ocr
U+9EDB	U+9EE0	ocr
U+9EEF	U+9EEF	ocr
U+9F0E	U+9F0E	ocr
U+9F13	U+9F13	ocr
U+9F19	U+9F19	ocr
U+9F20	U+9F20	ocr
U+9F2C	U+9F2C	ocr
U+9F3B	U+9F3B	ocr
U+9F3D	U+9F3E	ocr
U+9F4A	U+9F4B	ocr
U+9F50	U+9F50	ocr
U+9F7F	U+9F7F	ocr
U+9F84	U+9F84	ocr
U+9F88	U+9F88	ocr
U+9F8A	U+9F8D	ocr
U+9F99	U+9F9B	ocr
U+9F9F	U+9F9F	ocr
U+9FA2	U+9FA2	ocr
U+F92C	U+F92C	ocr
U+F979	U+F979	ocr
U+231C9	U+231C9	ocr
U+3400	U+4DBF	unihan
U+4E00	U+9FFF	unihan
U+F900	U+FA6D	unihan
U+FA70	U+FAD9	unihan
U+20000	U+2A6DF	unihan
U+2A700	U+2B81D	unihan
U+2B820	U+2CEAD	unihan
U+2CEB0	U+2EBE0	unihan
U+2EBF0	U+2EE5D	unihan
U+2F800	U+2FA1D	unihan
U+30000	U+3134A	unihan
U+31350	U+33479	unihan
