book,page,gold,rule_type,rule_policy,ink,txt_ink,n_vline,n_glyph,glyph_h,glyph_w,x_cover,y_cover,n_cols,colw_cv,colw_med_rel,n_head_raise,bend_w80_med,bend_w80_max,top_outer_none,bottom_outer_none,top_single,bottom_single,n_segmented,col_ink_mean,col_ink_cv,col_ink_min,col_ink_max,col_empty_n,col_cover_mean,col_cover_min,col_updown,col_first_rel,col_last_rel,col_updown_min,period_rel,period_strength,col_period_cv
vol01,1,cover,cover,skip,0.86461,0.08977,4,12,0.04489,0.05434,0.1599,0.9787,3.0,0.45877290571638973,0.2753239520969583,0.0,12.0,12.0,0.0,0.0,0.0,0.0,4.0,0.8110146593651892,0.19407644782938116,0.6002714674781375,0.9784513392339774,0.0,1.0,1.0,-0.2032374512722689,1.1452968401850754,0.9999999988294801,-0.4766496918186399,0.029433406916850625,0.7771570810458976,0.997246418675868
vol01,2,label,label,skip,0.0277,0.02736,0,76,0.02436,0.01058,0.1142,0.8412,4.0,0.48207954651679796,0.01936026936026936,0.0,,,0.0,0.0,0.0,0.0,0.0,0.2234905613729893,0.2184686043041217,0.14398913334457014,0.27715122927387076,0.0,0.7897084048027444,0.7413379073756432,-0.2892391643030937,0.995804148337668,0.6090628964143163,-0.6599268577136314,0.0137221269296741,0.3192939942477248,0.0
vol01,3,edict,body,standard,0.09831,0.09788,0,370,0.01998,0.02585,0.7243,0.8031,9.0,0.04064915652121627,0.07846352450692633,0.0,23.0,56.0,0.0,0.0,0.0,0.0,10.0,0.1315707154325335,0.21087474781253998,0.07243030415545035,0.15969307801093147,0.0,0.7296224099343007,0.5383365821962314,0.28744326923667923,0.7835406390344926,0.9779657945373336,-0.08044023242468681,0.024366471734892786,0.21566914681108704,0.45725163264041585
vol01,4,body,body,standard,0.10627,0.10447,0,415,0.02797,0.0268,0.5063,0.7444,9.0,0.02407991282557558,0.07705231794880067,0.0,5.0,39.0,0.0,0.0,0.0,0.0,10.0,0.14563013631267174,0.06796642143729727,0.131064607687497,0.16192917183409122,0.0,0.7103161698283649,0.6666666666666666,0.011276040482704293,1.086938396243383,0.9011080116497331,-0.12405659842124325,0.036422764227642276,0.27738533564088336,0.3147001010192686
vol01,5,body,body,standard,0.12927,0.12622,0,407,0.03155,0.02651,0.5596,0.762,9.0,0.00985095118297963,0.07823856348867037,0.0,6.0,13.0,0.0,0.0,0.0,0.0,10.0,0.16558292410698483,0.03988254795748814,0.15311648571183642,0.17362313950436772,0.0,0.7363855251044542,0.7249840662842575,-0.12651117554223001,0.9999999940153934,1.028751689178838,-0.1807527940145497,0.036328871892925434,0.21322203956532884,0.5917718081978721
vol01,6,body,body,standard,0.11494,0.11291,0,437,0.0297,0.0217,0.6169,0.7592,9.0,0.01431901760592175,0.07762938230383973,0.0,5.0,7.0,0.0,0.0,0.0,0.0,0.0,0.15344910653530533,0.08444460952461103,0.12253425148841547,0.16735290585073642,0.0,0.7832293235779357,0.76307295029051,0.036496320230051754,1.0464110832145384,0.7832854758239491,-0.1903440460437766,0.03712072304712718,0.22485264849579328,0.3182532473273977
vol01,7,body,body,standard,0.10933,0.10599,0,429,0.03123,0.02207,0.7472,0.7635,9.0,0.05511267966746575,0.07580174927113703,0.0,6.0,22.0,0.0,0.0,0.0,0.0,10.0,0.14998598307319633,0.16978146818083423,0.08056578330419485,0.169985371453199,0.0,0.7724643967324514,0.7186076772934288,-0.05505568754618836,0.5201229150211013,1.066310014876822,-0.17662401699569788,0.03708523096942095,0.20639266329964764,0.6000346237483792
vol01,8,body,body,standard,0.11226,0.11073,0,487,0.03001,0.01934,0.6695,0.7512,9.0,0.017343918735629852,0.07863751051303616,0.0,4.0,5.0,0.0,0.0,0.0,0.0,0.0,0.1495331631588568,0.05639106417323993,0.13615345609537285,0.16343132759294168,0.0,0.7794629091821733,0.7696030977734754,-0.06188819328102055,1.075873750307717,0.8963026341653009,-0.20449915458356124,0.03743142949338496,0.22042364319463972,0.2732884351137947
vol01,9,body,body,standard,0.12805,0.12777,0,333,0.0332,0.03438,0.5879,0.8053,9.0,0.021288529160222,0.07950244036233148,0.0,10.0,16.0,0.0,0.0,0.0,0.0,10.0,0.16542515723503037,0.2069887803482109,0.08959517045454546,0.19983126849112426,0.0,0.7397641782407408,0.5299479166666666,0.25887723554751596,0.6760309047625264,0.9638826811911664,-0.13882169515658435,0.0361328125,0.37135311436381674,0.3874132156289993
vol01,10,body,body,standard,0.13814,0.13558,0,386,0.03306,0.0288,0.5989,0.8133,9.0,0.03951925356523501,0.07739163288833611,0.0,11.0,18.0,0.0,0.0,0.0,0.0,10.0,0.1801659339340914,0.04378360153385595,0.17061362180091214,0.1923101575877446,0.0,0.7693138843868179,0.7241491085899514,0.10102982045273812,0.9842291005636438,0.999999994296942,-0.013542230308199626,0.0366288492706645,0.32554387042986854,0.22075823781272086
vol01,11,body,body,standard,0.11631,0.11424,0,394,0.03053,0.02375,0.5434,0.7797,9.0,0.053592727246990594,0.07931044296540712,0.0,8.0,16.0,0.0,0.0,0.0,0.0,10.0,0.15816055864217415,0.024644643394531027,0.15286465232900592,0.16336626275890886,0.0,0.7723061209600934,0.7229152987524623,-0.040806057961075524,1.0071985298822772,1.0146789809027843,-0.1924577692327527,0.03775443204202233,0.2652891773671753,0.28055643168058136
vol01,12,body,body,standard,0.11558,0.11331,1,299,0.03192,0.0309,0.5236,0.7596,9.0,0.008578716195033512,0.07705130182054777,0.0,7.0,8.0,0.0,0.0,0.0,0.0,10.0,0.1483165198309161,0.2660932010067786,0.07064616316945686,0.185270055298841,0.0,0.7358306188925081,0.4530944625407166,0.26829327735734404,1.0082127997963406,0.9999999940397825,-0.08651693727647858,0.03811074918566775,0.269102394628142,0.13929526646817536
vol01,13,body,body,standard,0.12244,0.12023,0,394,0.02921,0.02583,0.5738,0.7602,9.0,0.016772178350831616,0.07920792079207921,0.0,5.0,8.0,0.0,0.0,0.0,0.0,0.0,0.15520409736065263,0.06874092865325822,0.1423140094815036,0.17382618665443705,0.0,0.7521669341894062,0.6869983948635634,-0.11965279636547324,1.0868295558564156,0.9429897158640071,-0.29367441060554306,0.03691813804173355,0.21856114580511035,0.019778356468047036
vol01,14,body,body,standard,0.10721,0.10545,0,338,0.03087,0.02792,0.5025,0.7995,9.0,0.009119513462479316,0.07766582703610411,0.0,5.0,6.0,0.0,0.0,0.0,0.0,0.0,0.12633905129991505,0.2894722048516584,0.04839522707454109,0.1548901249927666,0.0,0.612419548765825,0.24029280712921705,0.18960209427120447,0.9999999931276992,1.0244943767065677,-0.19055416739689401,0.03787396562698918,0.3003645929820544,0.134607294307937
vol01,15,body,body,standard,0.10272,0.10065,0,363,0.02956,0.02288,0.5298,0.756,9.0,0.014110645088797344,0.07827630022584399,0.0,8.0,23.0,0.0,0.0,0.0,0.0,10.0,0.1302021455190222,0.23114334682289733,0.07198471914140396,0.15844646681353833,0.0,0.7172767309219552,0.5795971410006497,0.2774084771871858,0.9999999929007706,0.9601487270752656,-0.21967088545970295,0.037361923326835605,0.20502508814774942,0.588175894068793
vol01,16,body,body,standard,0.10261,0.10039,0,444,0.02523,0.02129,0.4983,0.7312,9.0,0.007239692015334666,0.07721202003338898,0.0,5.0,5.0,0.0,0.0,0.0,0.0,0.0,0.12189146894189277,0.07551348533078038,0.10624208531681842,0.1354650738766099,0.0,0.6772349832848054,0.6434810740860563,-0.0837020607479051,1.0369594297136577,0.9999999919397224,-0.16871984954619554,0.03849886768036234,0.24321268151392744,0.274583693503907
vol01,17,body,body,standard,0.11011,0.10881,0,397,0.03011,0.02348,0.5009,0.731,9.0,0.015484090098975445,0.0800000000000001,0.0,6.0,7.0,0.0,0.0,0.0,0.0,0.0,0.13439054738989825,0.08408000697156592,0.10473486939485065,0.14774222160678296,0.0,0.6694723211395273,0.4859177727419877,0.05856043126189005,1.0249320609413057,0.7678976841615257,-0.18555872066962925,0.03820006474587245,0.23777923152295963,0.017783542712803902
vol01,18,body,body,standard,0.1039,0.10344,0,460,0.02772,0.01988,0.5174,0.7451,9.0,0.020597050876714183,0.07701967350355797,0.0,5.0,8.0,0.0,0.0,0.0,0.0,0.0,0.12684594704223204,0.15593312738364773,0.07543497023644156,0.14873164218958612,0.0,0.6606867905611057,0.4427972929423139,0.008953762715044314,0.5811323652504764,1.0978345081222596,-0.2533601610034657,0.037705446342249434,0.2320814219009453,0.3819207153331724
vol01,19,body,body,standard,0.10728,0.10543,0,449,0.02795,0.02039,0.5067,0.7095,9.0,0.01750329279805771,0.0789587852494577,0.0,4.0,5.0,0.0,0.0,0.0,0.0,0.0,0.13454146372251224,0.03945276509126235,0.1274024835425626,0.14232860641898587,0.0,0.7383093200447767,0.7065323366915827,-0.07836039489614455,1.0567227004789297,1.0517503446152652,-0.19231755897798636,0.03704907377315567,0.20655569674769272,0.5191486750507458
vol01,20,body,body,standard,0.09763,0.09636,0,400,0.02794,0.01878,0.4875,0.7351,9.0,0.012542243621914305,0.07679465776293823,0.0,5.0,6.0,0.0,0.0,0.0,0.0,0.0,0.1152543005394006,0.29247571660419747,0.04085643586037752,0.14274395804833562,0.0,0.6046870513924777,0.17829457364341086,0.22208477041184563,0.9999999923486858,0.9292581162277982,-0.2654002827630748,0.03875968992248062,0.18869346276173643,0.32334151575630576
vol01,21,body,body,standard,0.12138,0.12,0,430,0.03032,0.02191,0.6005,0.7727,9.0,0.01567636854913217,0.07925771930590744,0.0,7.0,11.0,0.0,0.0,0.0,0.0,10.0,0.15793489251021997,0.05027026090066925,0.14750384275001163,0.16869753793192346,0.0,0.7761837481433178,0.7489403325725464,-0.009319867722003043,0.9461658395754315,1.0052451124780706,-0.15687216701488718,0.037169872839908705,0.2551226913396728,0.28371963879281725
vol01,22,body,body,standard,0.12147,0.11644,4,414,0.02804,0.02403,0.5086,0.7805,9.0,0.01893156765650093,0.07730881738403678,0.0,5.0,6.0,0.0,0.0,0.0,0.0,0.0,0.145776809306223,0.03858782883001077,0.13621886910666736,0.15503069318848064,0.0,0.6980699681311993,0.6355140186915887,-0.05500336166044065,0.9605320112692166,1.0132987061955503,-0.16724668376651536,0.037705446342249434,0.23027955356506627,0.2865777590613407
vol01,23,body,body,standard,0.12807,0.12325,0,298,0.03179,0.03038,0.567,0.7786,9.0,0.03215144401983667,0.07723736019581806,0.0,10.0,17.0,0.0,0.0,0.0,0.0,10.0,0.1637154416223163,0.21407499582356287,0.090843880605863,0.1921132796124645,0.0,0.7190522769264209,0.5187479621780241,0.08315782052150134,0.9999999944951282,1.0247443427127296,-0.2583364037335657,0.03749592435604825,0.254504262168454,0.5255207690210145
vol01,24,body,body,standard,0.13448,0.13169,0,352,0.03185,0.03026,0.558,0.781,9.0,0.012605875578968168,0.07721202003338898,0.0,5.0,5.0,0.0,0.0,0.0,0.0,0.0,0.16755374934637704,0.04492162533315828,0.15937000418920164,0.18463834381151967,0.0,0.7590365796410645,0.7409814754631134,-0.06378921176764135,1.10565042353628,0.9691763951416943,-0.2605190171421522,0.03704907377315567,0.25918142065647864,0.01517692603522346
vol01,25,body,body,standard,0.09914,0.09726,0,379,0.02876,0.02249,0.6112,0.7461,9.0,0.021431625184230762,0.07900346070750507,0.0,10.5,14.0,0.0,0.0,0.0,0.0,10.0,0.12716781901013838,0.28750392896343824,0.02384267316394013,0.142890256877945,0.0,0.69760348583878,0.24901960784313726,0.09847647264117056,0.9999999928275353,0.17101073375387554,-0.09821681484825397,0.03725490196078431,0.28828176988525017,0.22042171630672494
vol01,26,body,body,standard,0.0967,0.09545,0,414,0.02319,0.02212,0.5931,0.7734,9.0,0.01686245554138522,0.07595993322203673,2.0,5.0,6.0,0.0,0.0,0.0,0.0,0.0,0.12087225514190414,0.26550956203962045,0.06785997382343724,0.1579147233948421,0.0,0.7018350221107977,0.4951425885302413,0.2627281388096432,0.5816553464355423,1.000140940241799,-0.25551954316857467,0.03603885929175807,0.2967264663334844,0.024728513644969856
vol01,27,body,body,standard,0.10327,0.1023,0,380,0.02954,0.02337,0.5296,0.7848,9.0,0.017183383377827502,0.07865678379953979,0.0,10.0,13.0,0.0,0.0,0.0,0.0,10.0,0.12515687331599323,0.25795989841299355,0.06191261983341191,0.1549924814966704,0.0,0.667986798679868,0.3590759075907591,0.26267850637444623,0.9851407821455982,0.9695258448049605,-0.21310646323496127,0.038943894389438946,0.1482785905294971,0.4810846520703643
vol01,28,body,body,standard,0.10521,0.10497,0,437,0.02581,0.02257,0.5345,0.7867,9.0,0.014282001627038717,0.07689172290838361,0.0,8.0,15.0,0.0,0.0,0.0,0.0,10.0,0.12943750793791475,0.16549514012323746,0.07226621906296117,0.1512039510348406,0.0,0.6985734509419579,0.5844495262985953,-0.1354044369362744,0.9977957242600853,1.0541540704063015,-0.42113523923826945,0.03822280300555374,0.18769937728662858,0.5769308184554719
vol01,29,body,body,standard,0.12115,0.11684,0,428,0.02736,0.02478,0.5895,0.7254,9.0,0.007540374978989927,0.07902605724049551,0.0,6.0,11.0,0.0,0.0,0.0,0.0,0.0,0.15694951588729222,0.05174944422342304,0.14219671252456673,0.16898625176636833,0.0,0.7609743811168682,0.7308937823834197,-0.08203821773750786,0.9112106236872329,1.035361707232897,-0.15466150482071278,0.07351036269430052,0.19784896427033735,0.43938906352524026
vol01,30,body,body,standard,0.11125,0.1095,0,441,0.02807,0.02336,0.5599,0.7171,9.0,0.021114804209548834,0.07759699624530664,0.0,5.0,14.0,0.0,0.0,0.0,0.0,10.0,0.14064875531999732,0.04655350057686819,0.12676289880292263,0.15114671408353594,0.0,0.6964836520666255,0.634176434299815,-0.023232146503408307,0.9615041802812541,0.9586111317896892,-0.1590590442486297,0.035471930906847624,0.24122090936202828,0.28172905119780095
vol01,31,body,body,standard,0.10982,0.10467,1,386,0.02915,0.02715,0.5413,0.7361,9.0,0.023574091445674558,0.07762692004475318,0.0,9.0,55.0,0.0,0.0,0.0,0.0,10.0,0.14784073202118586,0.05754868396431732,0.1378971331947504,0.16391864992242616,0.0,0.7480569948186528,0.6690414507772021,-0.11068146359284571,0.9607169273685583,0.9575291687451212,-0.22426363800071697,0.03821243523316062,0.20912801255007957,0.486194399190757
vol01,32,body,body,standard,0.09492,0.08983,1,276,0.03052,0.03086,0.4671,0.821,9.0,0.010271433154677408,0.07756463719766472,3.0,5.0,6.0,0.0,0.0,0.0,0.0,0.0,0.10606333814628947,0.45607973920680656,0.024034729405939717,0.16021601671687155,0.0,0.5413319422709094,0.20344287949921752,1.1910088627859108,0.598468577095994,1.2097500259344398,-0.2752387267248248,0.03724569640062598,0.42508703260017655,0.3824254931299748
vol01,33,body,body,standard,0.10447,0.10075,1,338,0.02781,0.02678,0.5909,0.7889,9.0,0.02903498194578299,0.07904967602591792,3.0,5.5,13.0,0.0,0.0,0.0,0.0,10.0,0.13456453127986973,0.24811589527708763,0.0528379501104379,0.17544088630239005,0.0,0.7329007004532344,0.6022867737948084,0.14514683818556648,1.0355215259861095,1.0457662295402599,-0.31774644947579755,0.03584672435105068,0.32406918802035356,0.1108997555536056
vol01,34,body,body,standard,0.12289,0.11764,1,383,0.02831,0.02583,0.6017,0.8069,9.0,0.012699165413074491,0.0775,0.0,5.0,7.0,0.0,0.0,0.0,0.0,0.0,0.15215329853079113,0.1641722437870875,0.08784523439695853,0.173769212562316,0.0,0.7535750035750036,0.6782496782496783,0.0719145514068476,0.9058327010037253,0.5677985309971565,-0.35323930982508533,0.03732303732303732,0.2228968140009667,0.38079953094453045
vol01,35,body,body,standard,0.10903,0.108,0,368,0.03101,0.02597,0.5479,0.7337,9.0,0.014858862587624592,0.07705406555981269,0.0,5.5,9.0,0.0,0.0,0.0,0.0,0.0,0.14511105782556963,0.050986871010576564,0.1335233704100575,0.15845783058074683,0.0,0.7485494633014215,0.7349869451697127,-0.0704499144357271,1.0803707726413696,0.9103667917634677,-0.12655984859945768,0.0368798955613577,0.19654593191817576,0.021818083179829275
vol01,36,body,body,standard,0.11357,0.11215,0,419,0.03044,0.02583,0.54,0.7571,9.0,0.013299652037552392,0.07666666666666666,0.0,6.0,7.0,0.0,0.0,0.0,0.0,0.0,0.1385543532758246,0.05442841499767644,0.1253960029607698,0.15479274611398963,0.0,0.6984383995394358,0.6751943005181347,-0.019356099917339085,1.0577649608353636,0.9930353559607356,-0.19147754442147263,0.03821243523316062,0.16369103645184638,0.28917230670016514
vol01,37,body,body,standard,0.1155,0.11345,0,417,0.03003,0.02386,0.5922,0.734,9.0,0.012148808755880588,0.0789587852494577,0.0,6.0,9.0,0.0,0.0,0.0,0.0,0.0,0.1494562690779435,0.07297022341115789,0.1274241989767428,0.16858304880498093,0.0,0.7702349869451697,0.743798955613577,-0.11236007073463956,0.9289618858247396,1.0346670313698962,-0.23705256735607086,0.03720626631853786,0.19193140215976515,0.3384711909087125
vol01,38,body,body,standard,0.10462,0.10275,0,412,0.02723,0.02158,0.5124,0.76,9.0,0.01637994822750171,0.07750314201927105,0.0,5.0,6.0,0.0,0.0,0.0,0.0,0.0,0.1243076034228931,0.2747779821600547,0.05213431814712274,0.16454930788155436,0.0,0.6214179618157447,0.22301923703945223,0.18862542699050644,1.2102129809759468,0.9999999926452867,-0.18747450470923455,0.038800130420606455,0.17414741672487732,0.46881050660236984
vol01,39,body,body,standard,0.10704,0.10536,0,401,0.02857,0.0237,0.5459,0.761,9.0,0.031513019190479476,0.07907059044682196,0.0,12.0,13.0,0.0,0.0,0.0,0.0,10.0,0.14062279840310335,0.057572681318258524,0.12219184324447482,0.14938589981447126,0.0,0.7564213564213564,0.6655844155844156,-0.19416664871430966,0.8517844697731642,0.9339895594701254,-0.2741877993193966,0.03766233766233766,0.28261594800431816,0.024407388524226283
vol01,40,body,body,standard,0.09936,0.09758,2,382,0.02872,0.02295,0.5121,0.8107,9.0,0.020871080889808817,0.07722008851440693,0.0,9.0,12.0,0.0,0.0,0.0,0.0,10.0,0.12021345610432875,0.31811001436554065,0.032436788738082534,0.1579777995922374,0.0,0.6626016260162602,0.34563543003851094,-0.05630207154722048,0.9999999924485087,1.1207109036988014,-0.31419021416713844,0.037227214377406934,0.25145760190804883,0.22373633619111252
vol01,41,body,body,standard,0.10904,0.10796,0,478,0.02983,0.02156,0.5347,0.7458,9.0,0.01635585349664999,0.07934454506252685,0.0,5.0,10.0,0.0,0.0,0.0,0.0,0.0,0.139482573793903,0.05961915989620026,0.12198745211594728,0.150842306880222,0.0,0.7655642023346303,0.7402723735408561,-0.016015290488524892,0.9678733939112781,0.979403565293682,-0.11579145188541681,0.037937743190661476,0.20836356897662572,0.28131031149072505
vol01,42,body,body,standard,0.10779,0.10579,0,501,0.02956,0.0202,0.5122,0.7418,9.0,0.025316455696202528,0.07786195286195287,0.0,4.0,5.0,0.0,0.0,0.0,0.0,0.0,0.13728827635183172,0.04159381421189129,0.12866190321532966,0.14604308758254844,0.0,0.7359171448161379,0.6862617733030204,-0.16257452734048722,1.0332502166633586,0.9326052770485419,-0.33688289195264065,0.037674569665475804,0.1935819850892701,0.4959762479830329
vol01,43,body,body,standard,0.10405,0.10346,0,388,0.03254,0.02219,0.5067,0.7518,9.0,0.020966404766927932,0.07755277897457992,0.0,4.0,6.0,0.0,0.0,0.0,0.0,0.0,0.12802957193948836,0.3151602499193765,0.04057565342687406,0.15794017849720768,0.0,0.6420848856746292,0.2314266929651545,0.38011039472407215,0.93735483045536,0.9666365835977798,-0.14495003744049242,0.03648915187376726,0.2568926362450819,0.3628265255581359
vol01,44,body,body,standard,0.11005,0.10802,1,431,0.03249,0.02212,0.578,0.7693,9.0,0.01863949810008465,0.07762938230383973,0.0,4.0,7.0,0.0,0.0,0.0,0.0,0.0,0.13938807129226563,0.05573329372989456,0.12199829785340402,0.14928759775018957,0.0,0.7587061955293002,0.7079094191007549,0.025321504039216514,1.0189057389734275,0.8708186202484425,-0.13907084947160514,0.03741384968821792,0.23053379829110263,0.5090355319651173
vol01,45,body,body,standard,0.11505,0.11447,0,437,0.03179,0.02237,0.6344,0.8083,9.0,0.010322723458175968,0.07812865722907578,0.0,7.0,13.0,0.0,0.0,0.0,0.0,10.0,0.15164819263758364,0.0676191094522608,0.1371141354548434,0.17020288998395294,0.0,0.7726428493390145,0.76007866273353,0.016790450006615103,1.1424916265843503,0.9999999932874722,-0.12501146693369403,0.037037037037037035,0.4146170243293636,0.21995952930025417
vol01,46,body,body,standard,0.10885,0.10782,0,416,0.03166,0.0234,0.5098,0.7882,9.0,0.016815856865316232,0.07730881738403678,0.0,6.0,8.0,0.0,0.0,0.0,0.0,0.0,0.13477559019699725,0.07065840861567356,0.11397450296833292,0.14693249002130787,0.0,0.7050333623440673,0.5669060052219321,0.040754489832400875,1.0633753162337594,0.8248527818385212,-0.22909285432341278,0.03720626631853786,0.3301375475536726,0.33035798064176236
vol01,47,body,body,standard,0.08786,0.08786,0,241,0.03163,0.02407,0.5604,0.8211,9.0,0.020499652047151585,0.0778416122541834,3.0,13.0,30.0,0.0,0.0,0.0,0.0,10.0,0.11647847942291792,0.538698203558837,0.03564990084730485,0.20574652538874363,0.0,0.7708871662360034,0.6710077519379845,0.6797475676025454,0.9999999873115221,2.127822457718638,-0.16044311954167972,0.03472868217054263,0.40855497898844195,0.43161333968809473
vol01,48,body,body,standard,0.10513,0.10377,1,330,0.03058,0.02713,0.5305,0.8128,9.0,0.05676803040426623,0.07845985227940082,0.0,13.0,23.0,0.0,0.0,0.0,0.0,10.0,0.13478913130457126,0.26172903302176204,0.047736563427233085,0.17133287605004982,0.0,0.7413242714447534,0.5276490577695397,0.3277534083489011,0.8539064629094095,0.9999999929331673,-0.13344323848401243,0.03583565029348162,0.3743212599177038,0.3810402735046398
vol01,49,body,body,standard,0.11218,0.11188,0,339,0.03154,0.0291,0.543,0.7801,9.0,0.016758658001080114,0.07787858752853827,1.0,8.0,13.0,0.0,0.0,0.0,0.0,10.0,0.14291144994228044,0.17937997719720183,0.08535237077709557,0.17089194171138175,0.0,0.6680882012628516,0.5266289794703957,0.1949188952560389,1.0555209848023754,0.5618667193174259,-0.33494770760674025,0.033620946146980066,0.40077017875482684,0.31769508649892836
vol01,50,body,body,standard,0.08435,0.07956,1,191,0.03143,0.03415,0.5185,0.7883,9.0,0.01571747074298322,0.07771637108678899,4.0,8.5,11.0,0.0,0.0,0.0,0.0,10.0,0.09709673819291469,0.6106068088219929,0.02873709829769924,0.18621320570920333,0.0,0.5394143031261324,0.28105544026089535,1.2631567496927087,2.225571244877421,0.5971654467719508,0.1021854326534614,0.012155351319300326,0.3484179948452681,0.509111885717507
vol01,51,body,body,standard,0.10403,0.10225,2,313,0.03226,0.03002,0.4597,0.8199,9.0,0.01032272673265033,0.07847341337907375,3.0,6.0,7.0,0.0,0.0,0.0,0.0,0.0,0.12721248900334017,0.36521874544106003,0.02174373494041337,0.16440569007862593,0.0,0.6036468664091589,0.10147196993423113,0.43454705841396435,0.14803914210554336,1.0263687554838157,-0.32387165146295116,0.03538991544002505,0.38324637946991813,0.2738624312194539
vol01,52,body,body,standard,0.1027,0.10242,0,338,0.03223,0.02757,0.5551,0.8148,9.0,0.031857327660629355,0.07811194653299916,0.0,5.0,6.0,0.0,0.0,0.0,0.0,0.0,0.1337724481011645,0.2906574436537131,0.05935274204468517,0.17157361384040382,0.0,0.702018606284009,0.40916271721958924,0.5165485278207659,0.39257168340090154,0.6630403289922144,-0.18102065256451272,0.035703001579778834,0.3253534699163434,0.020384213949119042
vol01,53,body,body,standard,0.10393,0.10393,0,405,0.03157,0.02217,0.6887,0.8128,9.0,0.023286845780525145,0.07847475463368105,0.0,7.0,9.0,0.0,0.0,0.0,0.0,10.0,0.13640112776689917,0.16051649961644776,0.08019698085419735,0.1619357232114964,0.0,0.7662156357388317,0.6633376288659794,0.06219093700842114,0.5854166835535396,0.9999999927002653,-0.11464329777699964,0.03672680412371134,0.3330895740445819,0.22105022549738984
vol01,54,body,body,standard,0.10303,0.10219,1,419,0.03087,0.02388,0.5203,0.8174,9.0,0.023451630666004926,0.07750314201927105,0.0,5.0,8.0,0.0,0.0,0.0,0.0,0.0,0.12909324306844033,0.0634982867545051,0.11636619820080205,0.1426704830585655,0.0,0.7404430153626295,0.7070739549839228,-0.026258605499572683,1.053084263930088,1.0592481869697241,-0.1831766026913139,0.03697749196141479,0.3292871562123561,0.46870078246989655
vol01,55,body,body,standard,0.10327,0.10143,0,446,0.03005,0.01978,0.5421,0.7203,9.0,0.012618211178679381,0.07867583834909717,0.0,5.0,5.0,0.0,0.0,0.0,0.0,0.0,0.13210127765867907,0.047472757950714095,0.12168124877223205,0.1413905133203379,0.0,0.759584145549058,0.7030539311241065,-0.06761289685764092,0.9999999924121673,0.923296959224599,-0.1736724369590786,0.037686809616634176,0.18760508529737455,0.28252306186138554
vol01,56,body,body,standard,0.10019,0.0987,1,429,0.02855,0.02129,0.477,0.7446,9.0,0.016805446459266432,0.07762938230383973,0.0,5.0,6.0,0.0,0.0,0.0,0.0,0.0,0.11714014004780506,0.17650615593500885,0.07598845832947065,0.13469917493278946,0.0,0.6591318768476458,0.4733939000648929,0.05856591526889021,1.0296049793397468,1.0269614148318988,-0.2233336215049879,0.03731343283582089,0.17510349042655063,0.2910305111085296
vol01,57,body,body,standard,0.10401,0.10386,0,517,0.02701,0.02066,0.4479,0.7325,9.0,0.015515148575325462,0.07868131868131878,0.0,4.0,5.0,0.0,0.0,0.0,0.0,0.0,0.1313967303427848,0.052983106788545516,0.12195264531139478,0.14149717189995278,0.0,0.6920490291788697,0.642369020501139,-0.10107887180170308,0.9245574714489756,0.9999999924280334,-0.2010767330703425,0.03709729905629678,0.29150064123154507,0.5179444899803115
vol01,58,body,body,standard,0.09964,0.09739,1,439,0.02928,0.02012,0.492,0.7636,9.0,0.011541159343680218,0.07711651299245599,1.0,4.0,5.0,0.0,0.0,0.0,0.0,0.0,0.11820707632418867,0.22845063218115622,0.04621936506221526,0.14840614359197277,0.0,0.6392523364485982,0.26822429906542056,0.1399721873006302,0.991945526103234,1.1795151871748824,-0.26625166678593537,0.03582554517133956,0.29367682272991713,0.38314760699831524
vol01,59,body,body,standard,0.09469,0.09373,0,470,0.02859,0.01911,0.4518,0.7305,9.0,0.02423732550530706,0.07819287576020852,0.0,4.0,8.0,0.0,0.0,0.0,0.0,0.0,0.11842738242187173,0.17592382041583826,0.08140382664938983,0.1455838037110122,0.0,0.6461791055430631,0.44555091551557985,0.07210245642942983,1.1663240122418361,0.892226365246843,-0.30789479739737946,0.0369418567298426,0.2122387741911552,0.2963052170444005
vol01,60,body,body,standard,0.10676,0.10485,0,514,0.02818,0.01792,0.5202,0.7605,9.0,0.014316377952748904,0.07628178407669862,0.0,5.0,9.0,0.0,0.0,0.0,0.0,0.0,0.13068311021722456,0.0539570733560492,0.11866495141686001,0.14414374625047385,0.0,0.7187889137937168,0.6929234710214537,-0.1425028177437897,0.9999999923096542,1.1085152594884302,-0.3722438084477125,0.037784181876400896,0.18882412222535422,0.500639870142387
vol01,61,toc,body,standard,0.04986,0.0483,0,91,0.0338,0.01748,0.2985,0.5947,9.0,0.021922943141014388,0.07869024110621231,0.0,7.0,9.0,0.0,0.0,0.0,0.0,10.0,0.048986046962126086,0.8914121356651026,0.02078049427863631,0.1685749881347888,0.0,0.6026785714285715,0.33035714285714285,0.21369752427886274,5.173868947427595,0.6377906666347569,-0.1586515266513543,0.012755102040816327,0.08392320818197352,0.49759127609605963
vol01,62,blank,body,standard,0.03264,0.03264,0,49,0.03583,0.00501,0.1621,0.298,9.0,0.01302532789807227,0.07769423558897252,0.0,6.0,8.0,0.0,0.0,0.0,0.0,0.0,0.0201942764349447,0.22328616887082264,0.013291058972733038,0.026153530530791898,0.0,0.4573028957937011,0.2989854153455929,0.2708638605453342,0.8237769651617142,0.6214711426882478,-0.06227198135663428,0.012682308180088777,0.05570093109912872,1.2053883840535071
vol01,63,body,body,standard,0.06661,0.06529,0,165,0.03272,0.03037,0.4547,0.581,9.0,0.020234014724209434,0.07806118833369828,0.0,8.5,13.0,0.0,0.0,0.0,0.0,10.0,0.07331523239899364,0.3883305725954029,0.023055982379218284,0.099522049173156,0.0,0.43064912843546144,0.287776708373436,2.0405728716583154,1.1210925659207123,0.9621732091552845,1.1288695069831642,0.03496952197625922,0.44190182822033186,0.4490278042686534
vol01,64,body,body,standard,0.11291,0.11079,0,377,0.03166,0.02425,0.5259,0.7758,9.0,0.016984308204460653,0.07734113712374582,0.0,5.0,7.0,0.0,0.0,0.0,0.0,10.0,0.14187531377815413,0.055314771702585495,0.13440540910959842,0.15811892223296617,0.0,0.7450875883878761,0.6897985289414774,-0.1772803596654631,1.1540114777128392,0.980941323079854,-0.30480563823081636,0.03677646306363927,0.2944691052820032,0.5965028241701615
vol01,65,body,body,standard,0.12089,0.1177,0,440,0.02872,0.02132,0.5497,0.7884,9.0,0.016861124537265182,0.07803837953091684,0.0,5.0,6.0,0.0,0.0,0.0,0.0,0.0,0.15005490177966296,0.03988546826380242,0.1388151830330986,0.16011221016804936,0.0,0.7646954548677587,0.708040842373963,-0.21799970966831012,1.026518311191169,0.9938944215513288,-0.2919388559802011,0.03733248245054244,0.27078654544726505,0.596897606899763
vol01,66,body,body,standard,0.11904,0.11736,0,512,0.02534,0.01836,0.5351,0.7838,9.0,0.01645028098476555,0.07721202003338898,0.0,6.0,9.0,0.0,0.0,0.0,0.0,0.0,0.14635411061826023,0.039198814733597105,0.13423073398698798,0.15439200952991844,0.0,0.7406457130639299,0.6879409878127004,-0.09729975850117735,1.0468533211297177,0.9101500142384491,-0.23000467835692565,0.11096856959589481,0.2153947896512428,0.47908134667934577
vol01,67,body,body,standard,0.09336,0.08715,0,291,0.03019,0.02268,0.5229,0.8127,9.0,0.01837394643246242,0.07870290957445898,0.0,11.0,16.0,0.0,0.0,0.0,0.0,10.0,0.11047378738015548,0.43033932751534837,0.04896449704142012,0.15601118534644545,0.0,0.6347763347763347,0.3025974025974026,0.7239876617737807,1.0642555298031249,0.36243049717790493,-0.15913258765157862,0.03668831168831169,0.19389978722209703,0.7940400833580372
vol01,68,body,body,standard,0.09824,0.09543,1,311,0.02891,0.02175,0.5429,0.8042,9.0,0.009252824270989272,0.0769592366762906,0.0,9.0,13.0,0.0,0.0,0.0,0.0,10.0,0.11559704335294528,0.3622578956924926,0.05229717067416276,0.17200018558901314,0.0,0.6358846667388401,0.29035401104254627,0.9730740008381503,0.5459369090403261,1.738113884571867,-0.1595826368177273,0.03702500811951932,0.23695175024499018,0.6633927664028441
vol01,69,body,body,standard,0.09867,0.09798,0,316,0.03214,0.02499,0.5523,0.8094,9.0,0.01803185793450867,0.07817438047044473,0.0,16.0,23.0,0.0,0.0,0.0,0.0,10.0,0.12646242409015118,0.297407407612259,0.051928953399541636,0.16694805194805196,0.0,0.6514790764790764,0.3516233766233766,0.7377620074139268,0.7479808165115053,0.9999999928832717,-0.2715695043048316,0.03701298701298701,0.39064553507760186,0.02886615290741458
vol01,70,body,body,standard,0.0923,0.09175,0,268,0.03327,0.02814,0.4831,0.8056,9.0,0.03241960991533343,0.07752700559527992,0.0,9.0,18.0,0.0,0.0,0.0,0.0,10.0,0.11923234166331374,0.4270949631255142,0.032803463468497523,0.1651298550532356,0.0,0.6648546785533086,0.4308545335942596,0.26200181124242783,1.1034080672540412,0.4766698216990336,-0.30256886349503764,0.03718199608610567,0.31461548689475277,0.3172587899177937
vol01,71,body,body,standard,0.11522,0.11433,0,347,0.03266,0.02818,0.5184,0.7781,9.0,0.011612655883514737,0.07813834329632792,0.0,6.0,8.0,0.0,0.0,0.0,0.0,10.0,0.14350855252674563,0.07882194652044179,0.1214547256455066,0.16577852823490477,0.0,0.6894494753485698,0.5789133247089263,-0.11756596599577346,1.151588688864401,0.9606573198442606,-0.32243923032678784,0.03686934023285899,0.37767939570889275,0.021684010508188165
vol01,72,body,body,standard,0.10539,0.10197,1,324,0.03167,0.02461,0.4885,0.8154,9.0,0.011087075544908231,0.07717980809345015,0.0,5.0,6.0,0.0,0.0,0.0,0.0,0.0,0.12534352019274578,0.2379085980439642,0.06440259466935254,0.14952350710864643,0.0,0.6175034116210587,0.3597285067873303,0.4051262249215453,1.0767311356399698,0.9259213183965175,-0.3868032487969829,0.03684550743374273,0.32703207453306105,0.22066421123080293
vol01,73,body,body,standard,0.10748,0.10574,0,334,0.03206,0.02625,0.5955,0.7665,9.0,0.01327357823464355,0.07917383820998289,0.0,5.0,9.0,0.0,0.0,0.0,0.0,0.0,0.14041290374698281,0.2772879037855595,0.03729929810820581,0.1895945065600097,0.0,0.7356793321819228,0.47830310880829013,0.06404034656049334,1.0239661831435,1.0464965462085696,-0.22659426355657464,0.036917098445595854,0.260313794353098,0.6771134131243955
vol01,74,body,body,standard,0.08161,0.08078,0,223,0.03262,0.02219,0.4803,0.761,9.0,0.026560762898349077,0.07705192629815745,0.0,6.5,10.0,0.0,0.0,0.0,0.0,0.0,0.09125862808628496,0.6447648233839646,0.023987198907006443,0.1829860114205506,0.0,0.5366422624174562,0.209625322997416,1.0586764869001768,2.003803124829504,1.8745213265211336,-0.13602700995426867,0.030361757105943153,0.31839399706715327,0.3960197773542547
vol01,75,body,body,standard,0.10987,0.10593,0,387,0.03153,0.02554,0.5307,0.7113,9.0,0.017503034756615767,0.07965367965367966,0.0,6.0,9.0,0.0,0.0,0.0,0.0,0.0,0.13971978800339832,0.060130075599071846,0.12346712734750658,0.15320977107085615,0.0,0.7115662476520733,0.6501950585175552,-0.2622960896244654,0.8728483197284115,0.9999999929305206,-0.38587929864971476,0.03738621586475943,0.2850247888028857,0.0182652103234397
vol01,76,body,body,standard,0.11007,0.11007,0,416,0.03207,0.02234,0.6372,0.804,9.0,0.021089594075587678,0.07640454570239613,0.0,7.5,12.0,0.0,0.0,0.0,0.0,10.0,0.14845442785823934,0.04262781071790875,0.13866278688739464,0.16008274654891197,0.0,0.769391354425368,0.7447359896339488,-0.162042444788882,1.0844301570692347,0.9515396144979976,-0.273531478434597,0.0369290573372206,0.3975432550751236,0.22117537031175719
vol01,77,body,body,standard,0.12477,0.12442,0,357,0.03327,0.0268,0.7082,0.7528,9.0,0.015973210173667502,0.07826456826882178,0.0,5.0,6.0,0.0,0.0,0.0,0.0,0.0,0.1724195861064764,0.03344003811471141,0.1634505984617485,0.1811357041635738,0.0,0.7905341740958178,0.7736464448793215,-0.17337759873762248,1.0266390765232205,1.0273902544047602,-0.2618634660530115,0.036203522504892366,0.29148796391568316,0.37893684628101615
vol01,78,body,body,standard,0.12063,0.11912,0,373,0.03229,0.02466,0.5784,0.7443,9.0,0.022088738412224383,0.0768909318846636,0.0,6.0,6.0,0.0,0.0,0.0,0.0,0.0,0.15398014033660126,0.0673105961726238,0.14172646227440747,0.1738903877997661,0.0,0.7661085743277525,0.7126549249836921,-0.13725650886511964,1.0121005880508205,0.9999999934489553,-0.3093998106210126,0.03718199608610567,0.1822350928951463,0.5879572911145978
vol01,79,body,body,standard,0.10908,0.10735,0,286,0.03453,0.02648,0.5049,0.8101,9.0,0.016587110964683734,0.07902605724049551,0.0,6.0,8.0,0.0,0.0,0.0,0.0,10.0,0.13270913590819788,0.37975926115092623,0.04451682953311618,0.18936003065721402,0.0,0.5963083604777416,0.21856677524429968,1.0772963286083972,1.0295184274434064,1.1242584292409643,-0.3134396061693715,0.036482084690553744,0.4718948983763757,0.37559280989888055
vol01,80,body,body,standard,0.09793,0.09218,1,258,0.03406,0.02962,0.4397,0.7759,9.0,0.01409429370601457,0.07759699624530664,0.0,5.0,8.0,0.0,0.0,0.0,0.0,0.0,0.10941498890033362,0.4956576383291649,0.016125821956181997,0.159842133016343,0.0,0.513172595235521,0.07168342523516055,0.5939809608631068,1.007103580651864,0.10657871676126558,-0.28906104650161846,0.017839766461239054,0.32674316418900123,0.9287185368577545
vol01,81,body,body,standard,0.1076,0.10442,1,232,0.03467,0.03849,0.4856,0.7793,9.0,0.018012805337421257,0.0778494623655914,0.0,6.0,7.0,0.0,0.0,0.0,0.0,0.0,0.1369722663753243,0.3916397871312813,0.0600961184897557,0.21768899528735114,0.0,0.5724484026010743,0.2544529262086514,0.8431529419293736,1.0996996888197854,0.5180798145073432,-0.3158032174926747,0.01272264631043257,0.324014520674205,0.511412315513337
vol01,82,body,body,standard,0.1212,0.11518,1,266,0.03449,0.03088,0.4992,0.7994,9.0,0.015129476067524215,0.07679465776293833,0.0,5.0,6.0,0.0,0.0,0.0,0.0,0.0,0.14491083630425958,0.3933266957031005,0.03681409499591318,0.19626620736557313,0.0,0.6080737444373808,0.14748887476160202,0.17200357437089814,0.9207985683422973,0.22253318289109497,-0.23395789486760912,0.0371900826446281,0.24523134950743375,0.3229258187848865
vol01,83,body,body,standard,0.1134,0.11188,0,288,0.03394,0.03191,0.4929,0.808,9.0,0.018196510087654178,0.07837259100642398,0.0,5.0,11.0,0.0,0.0,0.0,0.0,0.0,0.13767498836844994,0.17046799332813828,0.09097869917197648,0.16466098185013295,0.0,0.646807440925088,0.3956043956043956,0.21914166265783128,0.7449766999711068,1.0561727369622391,-0.39070993361633505,0.037815126050420166,0.2512339954029295,0.5806753065694067
vol01,84,body,body,standard,0.11768,0.11253,1,395,0.03107,0.02387,0.531,0.7767,9.0,0.0138944668334027,0.07725171479108352,0.0,10.0,11.0,0.0,0.0,0.0,0.0,10.0,0.149624998902422,0.05196974391862423,0.13956263913051611,0.16537216828478965,0.0,0.7697590794678173,0.6737864077669903,-0.17673587609675556,1.1257047479597038,0.9999999931929009,-0.2915599884681435,0.036893203883495145,0.2086896196793304,0.5706468788078147
vol01,85,body,body,standard,0.12072,0.1186,2,481,0.02917,0.01913,0.5264,0.7932,9.0,0.06693677019992929,0.07865646258503402,0.0,6.0,7.0,0.0,0.0,0.0,0.0,10.0,0.1484146605703606,0.09854430523977105,0.11202289895457174,0.1640456806662857,0.0,0.7023590851791823,0.49854132901134524,0.015388611180407784,0.9733273386046176,0.995617369105493,-0.24379320286243794,0.0366288492706645,0.22914622896137757,0.3848876899667222
vol01,86,body,body,standard,0.09407,0.093,0,319,0.02973,0.02138,0.5006,0.7893,9.0,0.02058983027432985,0.07882599580712789,0.0,6.0,6.0,0.0,0.0,0.0,0.0,0.0,0.10883716543992483,0.3975363938176741,0.02168030974449689,0.15051769716551622,0.0,0.6263866451265483,0.34668820678513734,0.8674331976882769,0.9999999925237322,1.0899220750505314,-0.20271101463705482,0.03651050080775444,0.3050215835890615,0.6521158149207859
vol01,87,body,body,standard,0.1101,0.10165,3,304,0.02977,0.02326,0.5294,0.7995,9.0,0.019281504660006974,0.07822410147991543,0.0,6.0,7.0,0.0,0.0,0.0,0.0,0.0,0.12571772812057289,0.3750488605457625,0.04943139507980301,0.18276751298081198,0.0,0.582128041260231,0.18600739993272788,0.658275140359608,1.0358704367733367,1.0209637854404268,-0.2602882355182663,0.03464513958964009,0.2436347744025434,0.39540756773505165
vol01,88,body,body,standard,0.0686,0.06544,0,189,0.02797,0.02125,0.3642,0.7479,9.0,0.018194846525882456,0.07833333333333334,0.0,6.0,7.0,0.0,0.0,0.0,0.0,0.0,0.06408731578652524,0.7047692438599277,0.017887104230322252,0.147980162742549,0.0,0.3783470022094895,0.06033029996629592,1.3887557825158192,2.549636936842549,0.35367370424536426,-0.07944953112317561,0.016852039096730706,0.21512543316266358,0.897325627652336
vol01,89,roster,body,standard,0.09062,0.08642,2,302,0.02656,0.02507,0.5214,0.7536,9.0,0.013805623549706846,0.07933740191804708,0.0,6.0,8.0,0.0,0.0,0.0,0.0,0.0,0.10259142624309904,0.4786769373512775,0.04274940430697298,0.18601180264873396,0.0,0.4578444154715341,0.2121903520208605,0.2600130056110027,1.350384713845854,2.23858620123102,-0.8970167804146211,0.036831812255541066,0.25845819669924347,0.5724407430281377
vol01,90,roster,body,standard,0.12966,0.1291,0,584,0.02197,0.02295,0.6386,0.7922,9.0,0.008923459900849718,0.07637729549248748,0.0,6.0,10.0,0.0,0.0,0.0,0.0,0.0,0.16334274670534524,0.15964471611724176,0.09945799198937014,0.19567454499612463,0.0,0.6854065697361337,0.555735056542811,-0.05775293186102479,1.1413360969462232,0.6063523478389693,-0.3360504680868009,0.023263327948303717,0.33437101251285534,0.4010290805653441
vol01,91,roster,body,standard,0.07421,0.07286,0,204,0.02947,0.02786,0.5507,0.7649,9.0,0.012001760967861028,0.07879843273835438,0.0,5.0,6.0,0.0,0.0,0.0,0.0,0.0,0.08789325479928846,0.3340260493051894,0.050620296693807056,0.14471173007940644,0.0,0.6047423719055843,0.49384715025906734,-0.22810287859230202,1.2528723198566747,0.6810207912061,-1.0320621144505038,0.03594559585492228,0.28508338721418375,0.689816641418129
vol01,92,roster,body,standard,0.07998,0.07394,1,222,0.02883,0.02548,0.5297,0.7526,9.0,0.013380207168003557,0.07644110275689223,0.0,6.0,7.0,0.0,0.0,0.0,0.0,0.0,0.08640885961711077,0.3089379556565779,0.03544184737528143,0.12785050039187315,0.0,0.5200100229095076,0.25902061855670105,-0.1694409700945566,1.0077909028174479,1.067002226111032,-1.2188454539302118,0.05509020618556701,0.2781567608813208,0.5732590367543435
vol01,93,roster,body,standard,0.08185,0.08143,0,296,0.02998,0.02295,0.5555,0.8058,9.0,0.01292327960493282,0.07777305567360816,0.0,6.0,6.0,0.0,0.0,0.0,0.0,10.0,0.09645335133056292,0.2767097584987346,0.04716755471929815,0.13843876553553974,0.0,0.6340827631150212,0.3284457478005865,-0.13098545938939918,0.8443645138861964,0.6318516804616057,-0.5704180353856421,0.03519061583577713,0.3591222287513765,0.6400089266338186
vol01,94,roster,body,standard,0.08285,0.08171,0,300,0.02917,0.0221,0.4731,0.7712,9.0,0.013832083379312203,0.07828282828282829,0.0,5.0,5.0,0.0,0.0,0.0,0.0,0.0,0.08766128704926225,0.3118921246574827,0.05785786885696234,0.14126835186290956,0.0,0.4182964163515217,0.280064829821718,-0.07111214862933733,0.9999999866663754,1.0906295049767247,-0.4320387116262679,0.059967585089141004,0.23299077247551936,0.737113988407922
vol01,95,roster,body,standard,0.08521,0.08313,0,337,0.02828,0.01955,0.5253,0.7562,9.0,0.011807140332900017,0.07777305567360816,0.0,5.0,8.0,0.0,0.0,0.0,0.0,0.0,0.09747017229839763,0.2337174060951932,0.04231431194064102,0.12149679386574593,0.0,0.5473919953763907,0.19863459037711315,-0.06340117829873043,1.0338295953668772,0.9734077444135878,-0.42200589804007527,0.06274382314694409,0.28722955580448795,0.21117417040337025
vol01,96,roster,body,standard,0.06477,0.06377,0,250,0.02952,0.02096,0.4518,0.6943,9.0,0.0493375101016412,0.07837384744341995,0.0,5.0,7.0,0.0,0.0,0.0,0.0,10.0,0.0688258993277745,0.3712111830493417,0.029684413150296338,0.13133324167010405,0.0,0.39528749153388226,0.12544112929098492,0.13546037476816142,0.9999999842716476,1.0687178559584691,-0.474710226220149,0.012832852101379532,0.3060852610854339,0.9370070288135982
vol01,97,roster,body,standard,0.07314,0.07246,0,242,0.03143,0.02669,0.7198,0.6818,9.0,0.010640423165776168,0.07920792079207911,0.0,5.0,5.0,0.0,0.0,0.0,0.0,0.0,0.09789567954948623,0.15128783428391437,0.07839166126593217,0.1199946764188501,0.0,0.6565852956002016,0.5907323395981854,-0.277939737187504,1.2999061937104792,1.0637579017030658,-0.418666281168151,0.0152300712896954,0.31099701727737317,0.8953615770900677
vol01,98,roster,body,standard,0.0742,0.07313,0,225,0.03063,0.02671,0.7391,0.4865,9.0,0.012010799122974113,0.07721202003338898,0.0,5.0,6.0,0.0,0.0,0.0,0.0,0.0,0.08923952955280189,0.07061774755131515,0.07806392189370913,0.09672847328753419,0.0,0.671144064761086,0.6386202450032237,-0.23083244301564326,0.979364231227244,0.8728727207532774,-0.3942501662907783,0.012894906511927788,0.27980349225558976,1.41224664504017
vol01,99,roster,body,standard,0.06425,0.06399,0,248,0.02885,0.02411,0.6464,0.6587,9.0,0.012413924561394486,0.07698815566835872,0.0,5.0,6.0,0.0,0.0,0.0,0.0,0.0,0.07829770270740596,0.15500415552078667,0.06528056160271595,0.10955095814662981,0.0,0.587394201332613,0.5338735818476499,-0.26441902969259495,0.8895793838393306,0.9999999868559467,-0.5097157819677222,0.012965964343598054,0.3999215644715351,0.8357974478212813
vol01,100,roster,body,standard,0.06724,0.06618,0,268,0.02995,0.02157,0.683,0.551,9.0,0.024753897352277416,0.07902605724049551,0.0,4.0,11.0,0.0,0.0,0.0,0.0,10.0,0.08393025170563861,0.15600942836867895,0.0681622383252818,0.11398124467178175,0.0,0.6368223295759529,0.5033816425120773,-0.2913913191748592,0.8826212759462199,0.8430654843732474,-0.4697400049966364,0.01288244766505636,0.27989638277247414,0.8641105506688788
vol01,101,roster,body,standard,0.0743,0.07173,0,241,0.02489,0.01912,0.711,0.7894,9.0,0.03058000739223389,0.07734806629834254,0.0,6.0,8.0,0.0,0.0,0.0,0.0,10.0,0.08696679891812999,0.05619352046665194,0.07851591579072745,0.09452226354020153,0.0,0.6525457655493686,0.3982967572879135,-0.372078580916016,1.0165902142329108,0.8942602424985285,-0.4885310643972796,0.013101867016049788,0.35838924079151097,0.03614849907744305
vol01,102,roster,body,standard,0.06982,0.0693,0,252,0.02761,0.02048,0.5982,0.737,9.0,0.012215798213189523,0.06981605351170568,0.0,5.0,6.0,0.0,0.0,0.0,0.0,0.0,0.07617927182360863,0.13442276132128425,0.06124388515763883,0.09471465815989905,0.0,0.4491270100548114,0.3358379614505064,0.06963210612103882,1.0314755707085077,0.7811147086522514,-0.4735313988553449,0.013394315583142764,0.33519725491264096,0.048895681677793186
vol01,103,roster,body,standard,0.0789,0.07683,0,189,0.03397,0.02372,0.5627,0.4485,9.0,0.01489086693176331,0.07871460424742635,0.0,12.0,22.0,0.0,0.0,0.0,0.0,10.0,0.09604952057658131,0.04874452314521177,0.09124118563779722,0.10482112370013968,0.0,0.6701846965699207,0.5478232189973615,-0.48655647253722645,1.0990544367585693,0.9748081939356683,-0.607036904261344,0.10059366754617415,0.31076111026727743,0.5803887924766227
vol01,104,roster,body,standard,0.0761,0.07425,0,210,0.03183,0.02546,0.5576,0.6119,9.0,0.01604795499257606,0.07702245144744727,0.0,9.0,12.0,0.0,0.0,0.0,0.0,10.0,0.08408195185452902,0.03956116439788523,0.07908651586092777,0.08916099603679055,0.0,0.5536977491961415,0.4884244372990354,-0.40066048224220135,1.0044243753208593,0.9409804587586971,-0.4715029859349579,0.10160771704180065,0.29564825224666885,0.4508473000083397
vol01,105,roster,body,standard,0.08807,0.08259,2,162,0.03279,0.02654,0.4868,0.761,9.0,0.02749015576706895,0.0793859649122807,0.0,6.0,6.0,0.0,0.0,0.0,0.0,0.0,0.09511876472655598,0.4673059512306546,0.039988359685711516,0.19905407951761825,0.0,0.37712204007285977,0.15868852459016394,0.010290225239755523,1.0474417490975156,0.8992277625607532,-0.722964433705465,0.013114754098360656,0.2540136945283255,0.8942878736720049
vol01,106,roster,body,standard,0.08505,0.08274,1,248,0.0306,0.02366,0.5134,0.6901,9.0,0.015765906663126116,0.07705192629815745,0.0,5.0,7.0,0.0,0.0,0.0,0.0,0.0,0.08988506486204367,0.20612948862787875,0.06101748511904762,0.1112048508382643,0.0,0.42140480324074076,0.2975260416666667,-0.5289092792284384,0.8245852333896572,0.6569405306960928,-0.9147762103120328,0.0634765625,0.2170453965363173,0.6377570273318456
vol01,107,roster,body,standard,0.09613,0.09442,0,222,0.03234,0.03224,0.5588,0.802,9.0,0.022099447513812154,0.0793859649122807,0.0,6.0,7.0,0.0,0.0,0.0,0.0,0.0,0.11675390329629869,0.4022373972614472,0.04578925826208098,0.18453268391197172,0.0,0.6340702021851973,0.42861809866056844,0.17161138075018295,1.0487829509279893,0.999999992111749,-0.4487111285942837,0.015354459327017315,0.22687811706224403,0.5943775100401607
vol01,108,roster,body,standard,0.07475,0.07309,0,198,0.03024,0.0263,0.5169,0.6361,9.0,0.0303661769529359,0.07679109961104254,0.0,6.0,14.0,0.0,0.0,0.0,0.0,10.0,0.07685241649324782,0.20745183172767356,0.03707708884317759,0.10124719841793013,0.0,0.4115627822944896,0.1473170731707317,-0.25721773010396426,0.9985889216302626,0.9999999876133662,-0.6435214695170288,0.013008130081300813,0.2554119194718174,1.078426998106649
vol01,109,roster,body,standard,0.07826,0.07826,0,241,0.03132,0.02149,0.725,0.6542,9.0,0.027430113395323696,0.0782122905027933,0.0,6.0,11.0,0.0,0.0,0.0,0.0,10.0,0.09942996961746241,0.2504284228452837,0.05131801664240143,0.14520631981867807,0.0,0.6902453748091332,0.602428891019495,-0.18480412028323057,0.5251685293884635,0.8990580285432103,-0.46672011719614137,0.01278363694471077,0.28522632431258427,0.7910114965291101
vol01,110,roster,body,standard,0.06652,0.06547,0,272,0.0296,0.01921,0.5929,0.4855,9.0,0.014827213476774697,0.07682672233820459,0.0,6.0,7.0,0.0,0.0,0.0,0.0,0.0,0.07718094971079793,0.0773626318250367,0.06580168208075185,0.08429092357663787,0.0,0.5714285714285714,0.4732947232947233,-0.2796334088401957,1.0562345989059343,0.8245491961742126,-0.5675977403865916,0.01287001287001287,0.2644240952310497,0.046367657782724434
vol01,111,roster,body,standard,0.07511,0.07305,0,231,0.03197,0.02292,0.558,0.3892,9.0,0.03296135024047405,0.078938162503197,0.0,10.0,17.0,0.0,0.0,0.0,0.0,10.0,0.08725827568686553,0.054838329998385546,0.07993858554841186,0.0961084027194976,0.0,0.5685698749320284,0.38401305057096247,-0.5762817775398734,1.0327819800279059,0.972054205007892,-0.7725140070276638,0.013050570962479609,0.34247782920466546,1.41224664504017
vol01,112,roster,body,standard,0.07432,0.07375,0,268,0.03113,0.02008,0.4962,0.4825,9.0,0.013240485096125286,0.07782426778242678,0.0,6.0,7.0,0.0,0.0,0.0,0.0,0.0,0.07431765927813101,0.07851473312178585,0.060400067938978445,0.08184437288489348,0.0,0.33823317480905035,0.29798962386511024,-0.5497294370420911,0.9999999869200296,0.7900311014001514,-0.6504601104823342,0.01297016861219196,0.2927781367216191,1.4073699760612357
vol01,113,roster,body,standard,0.08566,0.08236,0,215,0.03251,0.02307,0.5694,0.6408,9.0,0.03749789371963618,0.07880190541042953,0.0,8.0,10.0,0.0,0.0,0.0,0.0,10.0,0.09901990813541908,0.0670586047566494,0.09037501793462877,0.1120116737271549,0.0,0.6380216714944749,0.47248149340199547,-0.170382024578722,1.1454906259735764,0.9930572933095265,-0.4875239856634999,0.012874155133569359,0.2683110026597014,0.0
vol01,114,roster,body,standard,0.09028,0.08304,1,209,0.03253,0.0263,0.5579,0.4892,9.0,0.015206576585093484,0.07701154347381639,0.0,7.0,8.0,0.0,0.0,0.0,0.0,10.0,0.10095410503792943,0.05703692473197447,0.09067854628906438,0.11127963150207842,0.0,0.6226874217212381,0.48373590982286635,-0.39674699194189667,0.9494721147795387,0.8904164382689514,-0.49356988627974224,0.01288244766505636,0.27781592059819116,0.0
vol01,115,roster,body,standard,0.07714,0.07599,0,193,0.03211,0.02576,0.5144,0.4079,9.0,0.017128557723308097,0.0792603886843203,0.0,6.0,25.0,0.0,0.0,0.0,0.0,10.0,0.08459162689654741,0.05189009178074602,0.07826535178851134,0.09263356718834323,0.0,0.38998106888015144,0.31422018348623854,-0.4106933196462628,0.9208563373200261,1.0168443804459915,-0.5912060030176143,0.01310615989515072,0.25601256256562394,1.41224664504017
vol01,116,roster,body,standard,0.08244,0.07954,0,186,0.03296,0.028,0.5146,0.6557,9.0,0.01281379166976361,0.07764106915570641,0.0,6.0,8.0,0.0,0.0,0.0,0.0,0.0,0.08359428371988367,0.08506664240489521,0.07245051308519036,0.09154015728334454,0.0,0.3608572671888599,0.2914490861618799,-0.27655982178076954,1.057278923029336,1.090868280313595,-0.5919464382765185,0.013054830287206266,0.24784685014206587,0.992155223609892
vol01,117,roster,body,standard,0.08624,0.08463,0,241,0.03076,0.02242,0.6102,0.771,9.0,0.01699051421060294,0.07869096931375273,0.0,7.0,8.0,0.0,0.0,0.0,0.0,10.0,0.10000981797975529,0.05724783929335945,0.08852864980188967,0.10849581856194891,0.0,0.5903497409326426,0.5262305699481865,-0.5486342125825466,0.9833158211144822,0.9999999901301047,-0.6832948841169336,0.012953367875647668,0.29632840862397547,1.1176845005367302
vol01,118,roster,body,standard,0.08163,0.08163,0,241,0.03072,0.02752,0.5204,0.6607,9.0,0.017902666922363152,0.07714762301918265,0.0,6.0,8.0,0.0,0.0,0.0,0.0,0.0,0.08144988502012426,0.08694473126987146,0.0731812647439312,0.09453097436198989,0.0,0.40153801926117577,0.31241914618369987,-0.38796818390668125,1.19670426910951,0.9264300143838299,-0.5836586858268229,0.01390685640362225,0.26004361581977575,0.9764249031798411
vol01,119,roster,body,standard,0.07718,0.07353,0,160,0.03368,0.0289,0.5462,0.6593,9.0,0.015753075827357715,0.07852878837806766,0.0,21.0,31.0,0.0,0.0,0.0,0.0,10.0,0.09094727808639663,0.2201406045509112,0.07063048526883448,0.12963628046590578,0.0,0.5991207034372502,0.4774362328319163,-0.44768293810116877,1.0791596163525832,0.871049208072823,-0.6832995841554403,0.014061478090255068,0.31590881487928807,0.8712084031003449
vol01,120,roster,body,standard,0.0792,0.07764,0,163,0.03337,0.03171,0.499,0.6868,9.0,0.06820497279660481,0.07762434411389474,0.0,13.0,15.0,0.0,0.0,0.0,0.0,10.0,0.0878154816970041,0.1889785029074515,0.06792109290349965,0.11598553199809086,0.0,0.6196595040132454,0.27761580822805315,-0.45138252700607484,0.9472701924515796,1.4240053924915,-0.6326997126975731,0.01295756397797214,0.29820221194815527,0.9278581997933764
vol01,121,roster,body,standard,0.0815,0.079,0,186,0.03231,0.02408,0.6045,0.7341,9.0,0.012278406378889486,0.07824591573516768,0.0,6.0,6.0,0.0,0.0,0.0,0.0,0.0,0.09371955822698258,0.24912852581398381,0.06794450251829326,0.12664259241661124,0.0,0.5753006641536529,0.47463651050080774,-0.5615359681055776,1.428144616831726,0.8977690839770279,-0.9087423010811403,0.014862681744749596,0.3610611952523703,0.7140599875117485
vol01,122,roster,body,standard,0.07173,0.06671,2,180,0.03039,0.02256,0.4908,0.4074,9.0,0.05566664896956205,0.07790549169859515,0.0,6.0,7.0,0.0,0.0,0.0,0.0,10.0,0.07072280607213446,0.11758409169175939,0.058606894488895535,0.08584546027115722,0.0,0.3767416934619507,0.30418006430868166,-0.6575764066015821,1.1463797814258605,0.8600118631347321,-1.0969930224963094,0.012861736334405145,0.27992461393250023,0.015626669197492764
vol01,123,roster,body,standard,0.06435,0.06351,0,173,0.0334,0.02263,0.5735,0.5917,9.0,0.010479622379031557,0.0783289817232376,0.0,5.0,6.0,0.0,0.0,0.0,0.0,0.0,0.07002582687538994,0.05740448874437441,0.06475759560238932,0.07658964044032807,0.0,0.566251910063305,0.49738048461034706,-0.6665898857013367,1.1037919883337042,0.9432376220102962,-0.8155842985366489,0.01309757694826457,0.3643582574367336,0.05806107608770355
vol01,124,roster,body,standard,0.06624,0.06598,0,185,0.03318,0.02885,0.5329,0.5485,9.0,0.010811497954038794,0.07721680101824363,0.0,5.0,8.0,0.0,0.0,0.0,0.0,0.0,0.06853623939217036,0.06672155599410028,0.060207049638332885,0.0768196852878498,0.0,0.4575652425359647,0.29310344827586204,-0.7567927601301677,0.9970100083363647,0.8759087713743768,-0.8811191294681083,0.013012361743656473,0.37364177377664076,0.04145544319994134
vol01,125,roster,body,standard,0.06716,0.06575,0,180,0.03351,0.01955,0.6273,0.4577,9.0,0.012006664568358598,0.07777305567360816,0.0,5.0,6.0,0.0,0.0,0.0,0.0,0.0,0.07697405534169198,0.06687901132674866,0.06991429097481335,0.0866372199457187,0.0,0.5693945007446152,0.4030728996404054,-0.5861647730602537,0.995377421737534,0.9186126761553617,-0.7099476703677742,0.013076168682576005,0.344281289157411,0.007834978184892493
vol01,126,roster,body,standard,0.0701,0.06848,0,260,0.03057,0.0192,0.5004,0.6445,9.0,0.01697735368995264,0.07762938230383973,0.0,5.0,7.0,0.0,0.0,0.0,0.0,0.0,0.07144559232535976,0.1312651286521436,0.06312865798064762,0.09617104687232382,0.0,0.3447643696754017,0.30054998382400516,-0.35711168843913793,0.999999985611401,1.0238471962113163,-0.6386928643043457,0.012940795858945324,0.22891978727257437,1.051302513853548
vol01,127,roster,body,standard,0.06861,0.06669,0,196,0.0314,0.02402,0.5242,0.476,9.0,0.017571968799399096,0.07807398316327466,0.0,7.0,17.0,0.0,0.0,0.0,0.0,10.0,0.07496851729245943,0.059451291420414484,0.06948299058235634,0.08554461325283318,0.0,0.3677502295684114,0.29223140495867767,-0.4608441317052041,1.0563958871825525,0.9911257426018347,-0.7053934937978537,0.013223140495867768,0.24406041732279304,0.0
vol01,128,roster,body,standard,0.07092,0.06799,0,200,0.03241,0.02338,0.4868,0.5685,9.0,0.026848590601205948,0.07724425887265135,0.0,5.0,12.0,0.0,0.0,0.0,0.0,10.0,0.07126223060485425,0.17477986460622444,0.05115239698573032,0.09278048340548341,0.0,0.32355967078189296,0.230489417989418,-0.6133108936033728,0.8892666531990037,0.7370456880043872,-1.1087509672747233,0.013227513227513227,0.231688414848555,1.0857960415378358
vol01,129,roster,body,standard,0.08024,0.07509,0,155,0.0301,0.02814,0.497,0.7347,9.0,0.017545842553972367,0.07853613170814527,0.0,8.0,15.0,0.0,0.0,0.0,0.0,10.0,0.07930575692313839,0.2554727896023932,0.05352413768048048,0.1201799846401758,0.0,0.39780203624067334,0.24975190208402248,0.5669273553380748,0.6755693097155311,0.6458228619358335,-0.5756259250097688,0.036056897122064176,0.23530369781754884,0.7933457087658613
vol01,130,roster,body,standard,0.08314,0.08072,0,158,0.0348,0.02636,0.5621,0.6982,9.0,0.06561172547192583,0.07736379468732162,0.0,9.0,11.0,0.0,0.0,0.0,0.0,10.0,0.09342988331361035,0.24619206481731395,0.053390580316938684,0.12579523994481873,0.0,0.5102609205511581,0.28858839050131924,0.051912853645756346,0.9999999894900541,0.7709185187805535,-0.7919071300982181,0.013192612137203167,0.28895911584508616,1.0807515748447938
vol01,131,roster,body,standard,0.06748,0.06495,0,166,0.03253,0.02061,0.5565,0.4975,9.0,0.014361594982478066,0.07728638900815801,0.0,5.0,6.0,0.0,0.0,0.0,0.0,0.0,0.06994195174141031,0.08651385703005143,0.060833040594392256,0.0809312551836377,0.0,0.4416694051922445,0.27571475517581334,-0.5556722953419313,0.8619586431276206,0.8540950760242142,-0.9107588627205595,0.013144922773578704,0.24337762731463575,0.0
vol01,132,roster,body,standard,0.06825,0.0647,0,148,0.0327,0.02471,0.4154,0.6224,9.0,0.021285277032965465,0.07754580315296122,0.0,6.0,11.0,0.0,0.0,0.0,0.0,10.0,0.063130659606751,0.46428476963107795,0.014367798922514663,0.10952452597112076,0.0,0.2633731332383977,0.028261583963194215,0.06707007224702737,0.9237502435626362,0.23695901265921407,-0.36820500515426985,0.013144922773578704,0.2292494063456992,1.0723251837272243
vol01,133,body,body,standard,0.09123,0.08704,0,231,0.03305,0.0243,0.4851,0.769,9.0,0.03633318931734898,0.07852814025077841,0.0,8.0,10.0,0.0,0.0,0.0,0.0,10.0,0.10955755323818266,0.470725319967175,0.03281975630453698,0.19420973752430332,0.0,0.6383308129905667,0.29876863253402464,2.056504917898872,0.9999999899854346,0.32867559552355413,-0.09079796129012216,0.037265068049254696,0.3650136159675259,0.5562714485173926
vol01,134,body,body,standard,0.10382,0.10293,0,294,0.03117,0.0264,0.5482,0.813,9.0,0.02285458468153089,0.07753936141323263,1.0,8.0,16.0,0.0,0.0,0.0,0.0,10.0,0.12554594981022724,0.3493729342096165,0.04763164762512324,0.18323343687564714,0.0,0.6254848988639513,0.34133416458852867,0.6142940239064152,0.874825128118816,0.3563690650718416,-0.3930493594842979,0.034912718204488775,0.36306011520626535,0.314757895372249
vol01,135,body,body,standard,0.08807,0.08191,0,257,0.03138,0.02167,0.4807,0.8062,9.0,0.009656026682717485,0.07777305567360816,0.0,6.0,10.0,0.0,0.0,0.0,0.0,0.0,0.10048156476301671,0.4872602293436356,0.023383717168373296,0.16693252646598458,0.0,0.45968582623386894,0.12455516014234876,0.8210144205805637,1.4891568333336491,0.6922627473572193,-0.4150894762680882,0.012940795858945324,0.29647581544364354,0.5085630380162951
vol01,136,body,body,standard,0.1031,0.10137,0,290,0.03304,0.03054,0.5084,0.7541,9.0,0.015907955336685143,0.07782426778242678,0.0,5.0,5.0,0.0,0.0,0.0,0.0,0.0,0.12566328147509032,0.39867921490629027,0.02853505646201672,0.1658771808042945,0.0,0.581038764712234,0.13443472627146097,0.0833046285133366,0.2723899815835432,0.7926671843927621,-0.3920071878515536,0.0369290573372206,0.37716776136040914,0.2841989140863015
vol01,137,body,body,standard,0.09797,0.09783,0,423,0.02924,0.02138,0.6032,0.8006,9.0,0.035454169314428345,0.07924468208179543,0.0,9.0,15.0,0.0,0.0,0.0,0.0,10.0,0.12721022843320318,0.06124875560084798,0.11612422564295101,0.14036846557010588,0.0,0.739378011388524,0.71419185282523,-0.03195686279325795,0.9999999921282986,1.0028285217122406,-0.20544852162267266,0.03745072273324573,0.37680015730477573,0.02488352309160871
vol01,138,body,body,standard,0.10905,0.1084,0,402,0.02958,0.02235,0.6116,0.7827,9.0,0.02299901722864973,0.07702110162355544,0.0,12.0,17.0,0.0,0.0,0.0,0.0,10.0,0.13917424508900275,0.06316254691273702,0.12618071710793546,0.1543015655874753,0.0,0.7521060275962237,0.7300653594771241,-0.04200116919946797,0.9215875148213903,1.1146304243153031,-0.2043180463468776,0.03725490196078431,0.3217889779670753,0.27712403542167746
vol01,139,body,body,standard,0.09922,0.0955,0,408,0.02798,0.02063,0.527,0.6895,9.0,0.012821830898732133,0.0778382234716741,0.0,9.0,13.0,0.0,0.0,0.0,0.0,10.0,0.12419787946002808,0.1520544180497765,0.07230718594041824,0.1365983129726585,0.0,0.7216041303083187,0.5258507853403142,0.12630601851589157,1.046059971839415,1.0180558167018456,-0.1779201624226252,0.03697643979057592,0.202270060968485,0.5186814188763389
vol01,140,body,body,standard,0.10388,0.10344,0,464,0.02742,0.01978,0.5539,0.696,9.0,0.01872681948401321,0.07679487723951839,0.0,11.5,19.0,0.0,0.0,0.0,0.0,10.0,0.14654438715039422,0.07408242474663107,0.1283766395882545,0.16337963375181788,0.0,0.7873181702760547,0.7567744041789096,-0.09690519834618196,1.0018874968315346,0.9366609804158142,-0.15290984701378202,0.037544890630101205,0.24336745363402607,0.5179095572663047
vol01,141,body,body,standard,0.10362,0.10082,1,378,0.03132,0.02309,0.593,0.8057,9.0,0.017101600380048584,0.07824824642960916,0.0,8.0,12.0,0.0,0.0,0.0,0.0,10.0,0.13481705118204712,0.07767497030451742,0.11534140811699585,0.14881703882443467,0.0,0.7398722204375914,0.710889816896884,-0.10620632068289083,1.0979512224522974,0.9779504208146167,-0.31295326918029165,0.03726309026662383,0.33420324960863473,0.578143531943668
vol01,142,body,body,standard,0.0993,0.0962,0,388,0.03176,0.0217,0.49,0.7331,9.0,0.021132898421594368,0.07762938230383973,0.0,5.0,6.0,0.0,0.0,0.0,0.0,0.0,0.1250487954842891,0.05724986538231769,0.11188366355801888,0.1338296094499093,0.0,0.6638862153780344,0.6073147256977863,-0.15695632266365978,1.0353359130486428,0.9396165100072755,-0.31774871288153805,0.03785691369906962,0.40482497451790317,0.36713356588878726
vol01,143,body,body,standard,0.09178,0.09157,0,362,0.03095,0.02155,0.475,0.7544,9.0,0.056609170250744606,0.07831180426861445,0.0,7.0,35.0,0.0,0.0,0.0,0.0,10.0,0.11926359710512115,0.0989904019470253,0.09960010882406652,0.13746952404131493,0.0,0.656100007163837,0.5464216634429401,-0.1210031739110487,0.9808066610932099,0.9699882799493085,-0.28532147879869285,0.037395228884590584,0.37675463059769176,0.274911912339778
vol01,144,body,body,standard,0.09944,0.09786,2,363,0.03155,0.02713,0.4854,0.811,9.0,0.018525613940971124,0.07679465776293823,0.0,5.0,5.0,0.0,0.0,0.0,0.0,0.0,0.125297025614567,0.06524738705484891,0.11416688318779349,0.14050593321681537,0.0,0.6893825570580239,0.657437218287186,-0.22437527849236222,1.0347354185759952,0.9489355179893706,-0.3862757005328335,0.03734707018673535,0.4086722283107178,0.02067241768573706
vol01,145,body,body,standard,0.08282,0.08227,0,336,0.02899,0.02113,0.6243,0.8003,9.0,0.011562258355277438,0.07692307692307693,0.0,6.0,9.0,0.0,0.0,0.0,0.0,0.0,0.10889738544731126,0.3024667061572841,0.030391716286559563,0.13697641375390737,0.0,0.7418500626230095,0.6721417069243156,0.19577548150568924,0.8219437690005549,0.9202953269656641,-0.5689372798149873,0.03671497584541063,0.30802594648729914,0.2224533403753233
vol01,146,body,body,standard,0.09946,0.09775,0,402,0.02831,0.02256,0.7022,0.7989,9.0,0.02291538029447873,0.07685881370091896,0.0,6.0,12.0,0.0,0.0,0.0,0.0,10.0,0.13265724141278032,0.1714918310603074,0.07436420830498279,0.16435155404536134,0.0,0.7484181219944319,0.5405141555483242,-0.024411632909553768,1.0028676142653807,0.549113694904409,-0.45141198612187255,0.037422713960299385,0.38931711719254514,0.013716911371223037
vol01,147,body,body,standard,0.10182,0.09846,0,457,0.02781,0.02061,0.5145,0.7025,9.0,0.016965150154913664,0.07740849810685739,0.0,5.0,8.0,0.0,0.0,0.0,0.0,0.0,0.12974631706621706,0.06743564039323459,0.11807929834288178,0.1484646285831007,0.0,0.6839514158401611,0.6458602846054333,-0.28457062588121207,0.99999999228784,1.1449829744230564,-0.38850368809338076,0.03719275549805951,0.23835256074925448,0.5428453376359945
vol01,148,body,body,standard,0.0856,0.08419,0,348,0.02945,0.02215,0.5362,0.7087,9.0,0.016363540895424144,0.078529417858652,0.0,6.5,14.0,0.0,0.0,0.0,0.0,10.0,0.10566618338714638,0.3847469065556507,0.030789757565434624,0.1382063013800543,0.0,0.6093131966918376,0.2796116504854369,0.13222387734308658,1.05597824051065,0.2553927594732672,-0.3968748407585781,0.038187702265372166,0.2727133991987943,0.6701795468380096
vol01,149,body,body,standard,0.1022,0.10136,0,361,0.02556,0.02248,0.5997,0.8117,9.0,0.015606179099117982,0.07823252890586761,0.0,7.0,10.0,0.0,0.0,0.0,0.0,10.0,0.13197370480198492,0.21762629665412989,0.07901095345935204,0.16691152682360552,0.0,0.7064596139329236,0.43286962148172115,0.6298266548299395,1.123317584527103,0.9999999928600898,-0.16674756226998166,0.036557748301520546,0.3220075617521307,0.31487197992978194
vol01,150,body,body,standard,0.10557,0.10069,0,337,0.03037,0.02751,0.4973,0.725,9.0,0.01737412508466383,0.078365985827428,0.0,6.0,8.0,0.0,0.0,0.0,0.0,0.0,0.12666908660396267,0.2181511648043646,0.0526374121801856,0.15118816617178546,0.0,0.6309459702028362,0.22778675282714056,0.4480907613562656,0.962224850791661,1.0680578422784541,-0.09048205633387225,0.03715670436187399,0.25443354247512656,0.2216563337833935
vol01,151,body,body,standard,0.09831,0.09647,0,339,0.03109,0.02228,0.5604,0.8038,9.0,0.02810180627018332,0.0788468107269452,0.0,16.5,24.0,0.0,0.0,0.0,0.0,10.0,0.12735237975202654,0.3269381385643024,0.0502479644707624,0.18105030224525043,0.0,0.7357872769142201,0.6062176165803109,0.27069721687664683,0.9529847853963679,1.3397963854758574,-0.36324941255027665,0.036917098445595854,0.3259057565695134,0.2889253205250073
vol01,152,body,body,standard,0.11128,0.10582,0,342,0.03126,0.0265,0.5401,0.7638,9.0,0.027835870334060066,0.07717772958104095,0.0,9.0,12.0,0.0,0.0,0.0,0.0,10.0,0.13612317724094672,0.1422705278955499,0.08633450008289573,0.15551932664783605,0.0,0.7483080889461812,0.6751530776667741,-0.11343129507650934,1.012357317810555,0.9756407727384164,-0.3768722253390129,0.03706090879793748,0.2872117999152892,0.020518633326014092
vol01,153,body,body,standard,0.10909,0.10909,0,300,0.03301,0.03167,0.6594,0.8072,9.0,0.028226593960471863,0.0789587852494577,0.0,6.0,9.0,0.0,0.0,0.0,0.0,0.0,0.1474569701084297,0.2392278429723256,0.05362430466409927,0.17936809308212842,0.0,0.7482926829268294,0.5827642276422764,0.20887045323875186,0.8869530629582341,1.012566316233432,-0.26730116113994823,0.036422764227642276,0.40980256983485497,0.17828939618211442
vol01,154,body,body,standard,0.11923,0.1191,0,287,0.03316,0.03631,0.5655,0.8111,9.0,0.02152782665569968,0.07762938230383973,0.0,6.0,6.0,0.0,0.0,0.0,0.0,0.0,0.15307660870877327,0.3093676193710393,0.0222788562759304,0.18227459255740794,0.0,0.7346120502817511,0.4541612483745123,-0.07744292598895673,1.0033958992237533,1.04563681021459,-0.3571231825721821,0.03706111833550065,0.45685186133324684,0.49641919203416524
vol01,155,body,body,standard,0.11355,0.10986,0,293,0.03252,0.03545,0.4553,0.7574,9.0,0.020768222679401423,0.07955036748811067,0.0,5.0,5.0,0.0,0.0,0.0,0.0,0.0,0.1412376990867796,0.11734251909248718,0.10062582718850445,0.1588705515797673,0.0,0.6289430894308943,0.39479674796747966,0.08375679260069356,0.9512498085356557,1.0619183688149716,-0.3652292824805843,0.037073170731707315,0.27998872338867964,0.017188960602139317
vol01,156,body,body,standard,0.10704,0.10001,3,273,0.03218,0.03636,0.4868,0.775,9.0,0.01841295237934107,0.07730881738403678,0.0,5.0,7.0,0.0,0.0,0.0,0.0,0.0,0.1252380868469207,0.373729461842936,0.03625495162999767,0.17505844238820778,0.0,0.5634301401531571,0.12321196358907673,0.16350317622470953,0.9542388847242157,1.0405652480369552,-0.3341778953448019,0.03706111833550065,0.32525247694844234,0.31351809165483024
vol01,157,body,body,standard,0.06531,0.06064,0,166,0.02908,0.02423,0.3163,0.6459,9.0,0.036608312944732685,0.07805009434808413,0.0,9.0,15.0,0.0,0.0,0.0,0.0,10.0,0.0710683372151844,0.9099502486052512,0.010109284424593747,0.17286536112533984,0.0,0.48447316460240525,0.08368336025848142,0.4497323450439241,5.8494910291081075,0.40175643811830286,-0.29332748976330286,0.07172859450726979,0.16819063354112368,0.4946381743864418
vol01,158,blank,body,standard,0.02954,0.02469,3,54,0.01405,0.02183,0.1012,0.263,9.0,0.02576451269558678,0.07766582703610411,0.0,6.0,11.0,0.0,0.0,0.0,0.0,10.0,0.007175570145751015,0.3319195863945045,0.003894530348488345,0.010403499324509442,7.0,0.10590558248070366,0.0210016155088853,0.7385534871730538,1.4666131866338634,0.7552423840177516,-0.12437771561096743,0.06768982229402262,0.010128204778117052,0.7252834747104084
vol01,159,toc,body,standard,0.05346,0.05002,0,145,0.02947,0.01792,0.41,0.4236,9.0,0.014466546112115885,0.0780716723549488,0.0,6.0,9.0,0.0,0.0,0.0,0.0,0.0,0.047398838886000674,0.4035754783575787,0.030747303892035185,0.09823455783897071,0.0,0.23701065054691994,0.12176165803108809,1.5812633681036332,2.210729655232758,1.111592789214503,0.5838459419064058,0.012953367875647668,0.201302527699378,0.9231373810692285
vol01,160,toc,body,standard,0.05054,0.04347,1,132,0.02859,0.02087,0.4057,0.2461,9.0,0.0315493440224057,0.07679465776293823,0.0,5.0,8.0,0.0,0.0,0.0,0.0,0.0,0.04307477733690937,0.1115738855967584,0.03465461811189231,0.048989144399693964,0.0,0.24429371231696814,0.1227390180878553,1.7173399273763779,0.8634031486602324,0.9455568721753524,1.4273687621076805,0.012919896640826873,0.19719577993342097,1.2310160565174186
vol01,161,toc,body,standard,0.05698,0.05127,1,149,0.03191,0.02397,0.5026,0.325,9.0,0.020730462274529616,0.0783390410958904,0.0,5.0,7.0,0.0,0.0,0.0,0.0,0.0,0.05585025941898436,0.12697499969418571,0.04064445391527974,0.06685813649063166,0.0,0.590013611290207,0.5054803352675693,1.8572773156395768,0.9933640757047978,0.9999999819794035,1.3592925785585912,0.012894906511927788,0.28825838106895235,0.0
vol01,162,toc,body,standard,0.05418,0.05169,0,147,0.03203,0.02379,0.4758,0.3379,9.0,0.01954404605188739,0.07762938230383945,0.0,6.0,7.0,0.0,0.0,0.0,0.0,0.0,0.0489853726752059,0.19431664232702883,0.03380902656920756,0.061578507371941024,0.0,0.3302832244008715,0.184640522875817,2.33000926519387,0.8471132123328462,0.9999999796564449,1.4619415686802841,0.013071895424836602,0.22372571895760407,0.0
vol01,163,toc,body,standard,0.05575,0.0526,0,172,0.0293,0.02306,0.5151,0.4501,9.0,0.039908491376639155,0.07823642491296219,0.0,11.0,13.0,0.0,0.0,0.0,0.0,10.0,0.05366340073787179,0.09075265864197478,0.04575442288208246,0.06207426235953515,0.0,0.4162211311147481,0.25270049099836334,1.4312981630641166,0.9206543093461408,1.1746026606011966,0.7372492283778789,0.01309328968903437,0.28377065918438515,0.48660146926718634
vol01,164,toc,body,standard,0.07623,0.07045,0,205,0.03054,0.02983,0.5761,0.6207,9.0,0.07232327433782965,0.07668551195627567,0.0,17.0,27.0,0.0,0.0,0.0,0.0,10.0,0.08822409822523462,0.18893224572208273,0.05775357935067554,0.11995298213500588,0.0,0.6563765736179529,0.4939244663382594,0.8483289901098964,1.1932266918895806,0.6558778551469505,-0.02046627596598298,0.013136288998357963,0.18577301057130052,0.8557432567867496
vol01,165,toc,body,standard,0.05805,0.05549,0,178,0.03004,0.02355,0.5798,0.4534,9.0,0.018617121751825717,0.07711546477699041,0.0,6.0,8.0,0.0,0.0,0.0,0.0,0.0,0.05678716843710971,0.13621680626254964,0.04667189519701393,0.07016843247098682,0.0,0.5590902599257355,0.3046272493573265,1.1958625541233736,1.1591275187742935,0.9338711999651239,0.777752290275138,0.02217223650385604,0.1778732145817126,0.8852820616699194
vol01,166,toc,body,standard,0.05456,0.0531,0,194,0.02435,0.02275,0.4745,0.3765,9.0,0.015103730786708488,0.07846410684474124,0.0,5.0,7.0,0.0,0.0,0.0,0.0,0.0,0.04930923669635631,0.13860447360039765,0.03604613905799423,0.059105931835843804,0.0,0.3179536473352558,0.18455623197693047,1.6343578449319542,0.9858957888642449,1.0227876872770967,0.9546573925798238,0.02306952899711631,0.25153577544903566,0.4136347830396386
vol01,167,toc,body,standard,0.05407,0.0518,0,184,0.03191,0.02076,0.5255,0.4239,9.0,0.06335108515259547,0.07639279165817503,0.0,10.0,12.0,0.0,0.0,0.0,0.0,10.0,0.05309920540672622,0.21629160779114157,0.03153911009884823,0.073741589775388,0.0,0.4819113116985457,0.26466795615731786,1.226796688496211,1.3246127758048793,0.8112126503431892,0.9829649575956279,0.012894906511927788,0.19499254064108418,0.5200634244798672
vol01,168,toc,body,standard,0.05253,0.04917,0,203,0.02574,0.01598,0.5391,0.3678,9.0,0.02758217940798608,0.07863751051303616,0.0,6.0,7.0,0.0,0.0,0.0,0.0,0.0,0.05509328501961371,0.10308984173024636,0.04560810810810811,0.062364718614718616,0.0,0.47483197483197487,0.3841698841698842,1.409034655001604,0.9417368417433224,1.0177342707068504,0.8325180322286161,0.013513513513513514,0.1938991020628679,0.5466923919832287
vol01,169,toc,body,standard,0.05908,0.0558,1,116,0.03463,0.02556,0.4224,0.3467,9.0,0.031660378014017485,0.0792894280762565,0.0,6.0,9.0,0.0,0.0,0.0,0.0,0.0,0.053752812982159365,0.18955140750248697,0.038967996616382346,0.07005955155092952,0.0,0.26175248419150854,0.16032520325203253,2.1852026554680513,1.2072341583546333,1.0683947471280015,1.6137140681651632,0.013008130081300813,0.24115339689349033,0.47140452079103173
vol01,170,toc,body,standard,0.06129,0.0586,0,120,0.03451,0.02451,0.465,0.4259,9.0,0.04267016703573229,0.07730502499494299,0.0,7.0,10.0,0.0,0.0,0.0,0.0,10.0,0.05437708311272367,0.17815380910943981,0.03961925846492669,0.07175380243485,0.0,0.3754335998831562,0.18402891883010186,1.91338715235655,0.9999999821572498,0.7332995875350129,0.6944259141791586,0.013144922773578704,0.2874707028392298,0.48765984909417065
vol01,171,toc,body,standard,0.06113,0.05981,0,162,0.0318,0.02482,0.519,0.7161,9.0,0.03727003248202999,0.07873013598073074,0.0,7.5,10.0,0.0,0.0,0.0,0.0,10.0,0.06294354674445414,0.11096876271453869,0.05091658933910712,0.07608474738759467,0.0,0.5815300546448088,0.3763934426229508,1.001984436356235,0.8238360663058277,1.1001819798891015,0.7638881828030404,0.013114754098360656,0.28809989423140486,0.537669504936421
vol01,172,toc,body,standard,0.06895,0.06669,0,185,0.03155,0.02922,0.52,0.5317,9.0,0.033988519998720504,0.07679465776293823,0.0,6.0,6.0,0.0,0.0,0.0,0.0,0.0,0.06984645531271179,0.17883926101755054,0.04987220213970132,0.09648335103821963,0.0,0.5219264614598167,0.3624712454814328,1.0025368434101019,1.376516783894622,0.999999985733116,0.3509759323568467,0.013144922773578704,0.2373956931612656,0.5229188389383241
vol01,173,toc,body,standard,0.06435,0.05878,0,231,0.02726,0.01913,0.4915,0.3727,9.0,0.02325649589661575,0.07865646258503402,0.0,6.0,7.0,0.0,0.0,0.0,0.0,0.0,0.06091708117384558,0.12440206247377204,0.04896937006357156,0.07042531583093672,0.0,0.4010217113665389,0.3110016420361248,1.84807571674454,0.8259960893424662,0.897924989075388,1.6329236204285573,0.0374384236453202,0.23571169561535132,0.6919057371935063
vol01,174,toc,body,standard,0.05529,0.05067,0,161,0.02452,0.02384,0.4797,0.4054,9.0,0.017613825529998232,0.07862818904224174,0.0,6.0,7.0,0.0,0.0,0.0,0.0,0.0,0.04974461074718506,0.1869988971028176,0.03302093812479794,0.06265407764936638,0.0,0.3986052086738585,0.2258908139915005,1.5325266416021515,0.7389366599956452,1.0319785172696623,1.089947405782386,0.013076168682576005,0.25939972140080075,1.0279849828669678
vol01,175,toc,body,standard,0.05748,0.05545,0,211,0.0276,0.01827,0.5695,0.4758,9.0,0.08976135747362603,0.07844128837029893,0.0,22.0,41.0,0.0,0.0,0.0,0.0,10.0,0.06453984924854947,0.1097103173459368,0.05578824724404744,0.07926646900050585,0.0,0.6159856866396465,0.4446270128162997,0.7267183976213099,0.9718389751566255,1.086354806113107,0.2872969956538235,0.01511666118961551,0.23841911562936027,0.45398969942910417
vol01,176,toc,body,standard,0.06275,0.06053,0,216,0.02966,0.02595,0.6551,0.4752,9.0,0.009939777280607572,0.0776472017412635,0.0,13.0,21.0,0.0,0.0,0.0,0.0,10.0,0.07407464635007124,0.12951555574314383,0.06366483032006692,0.09141265416835259,0.0,0.6168694770389685,0.4338331160365059,1.2170935610663163,0.9555882215137895,0.960354193036914,0.7225130753643099,0.01303780964797914,0.3534075246246841,0.5364923289525865
vol01,177,toc,body,standard,0.05349,0.05349,0,202,0.03072,0.02062,0.5073,0.8067,9.0,0.02733013730509641,0.07860824742268041,0.0,5.0,6.0,0.0,0.0,0.0,0.0,0.0,0.05653808112231981,0.2352846843283664,0.03468204761795008,0.07789736426740235,0.0,0.517454024887127,0.3802444664684506,1.4811631882451903,1.3097246537172251,0.8458438478323214,1.0664323902043646,0.01684836471754212,0.433521238493769,0.4675919493385182
vol01,178,toc,body,standard,0.05883,0.05798,0,246,0.02992,0.02066,0.5109,0.7982,9.0,0.019469189083772487,0.07659526560186079,0.0,6.0,35.0,0.0,0.0,0.0,0.0,10.0,0.062037837321009856,0.21782948440534902,0.044823471366447515,0.08788567232338532,0.0,0.464828137490008,0.2969260954872466,1.6330197595609948,0.9630589664112111,1.0459849412830518,0.1250983572327564,0.013080444735120994,0.31784237792325376,1.0449704300584033
vol01,179,toc,body,standard,0.05886,0.05776,0,156,0.02935,0.03032,0.548,0.5439,9.0,0.03448328298877482,0.07827956989247312,0.0,6.0,7.0,0.0,0.0,0.0,0.0,0.0,0.062328216959861474,0.19412958033544805,0.04274846168189446,0.07665085388994307,0.0,0.5920071684587813,0.3467741935483871,1.4901582158381936,0.6472566191908203,0.8562599175111804,1.0678173535014754,0.012903225806451613,0.4118162656724124,0.010336070129209783
vol01,180,toc,body,standard,0.05872,0.05507,0,143,0.02908,0.02983,0.5025,0.3807,9.0,0.015027036328290562,0.0773109243697479,0.0,6.0,6.0,0.0,0.0,0.0,0.0,0.0,0.05640283804563325,0.09807355869080914,0.04788053949903661,0.0655939588641483,0.0,0.6091866376180102,0.4957516339869281,1.0349435201913315,1.0104952661857698,1.088867569500033,0.8813765862404753,0.013071895424836602,0.26436332576145166,0.02337543078302636
vol01,181,toc,body,standard,0.06482,0.05848,1,127,0.03481,0.02167,0.4858,0.353,9.0,0.02868048992708118,0.07838953250724631,0.0,12.0,17.0,0.0,0.0,0.0,0.0,10.0,0.06333421201978166,0.15303485066515343,0.04045006717420511,0.07417124091015717,0.0,0.4926108374384237,0.22660098522167488,1.7818000676643686,0.9999999852975109,0.5947166740876214,1.2503009514341281,0.0374384236453202,0.17221435954628883,0.8142326383233713
vol01,182,toc,body,standard,0.06015,0.05779,0,115,0.0342,0.02759,0.4536,0.3479,9.0,0.03278160031340503,0.07859531772575251,0.0,5.0,6.0,0.0,0.0,0.0,0.0,0.0,0.05107842279981179,0.09693614987291797,0.041157586647311784,0.05831992015553517,0.0,0.25072161935035986,0.16409075961854652,1.750516801221251,0.9764576340326339,0.9909909711822836,1.4532513478865818,0.013153567905294311,0.18348089141514162,0.8441481844197886
vol01,183,toc,body,standard,0.06146,0.05732,0,160,0.03266,0.02402,0.5357,0.3997,9.0,0.01754596924415906,0.07763515786709234,0.0,10.0,13.0,0.0,0.0,0.0,0.0,10.0,0.06971366676329609,0.09841175961283581,0.05869803304715983,0.07769958811021398,0.0,0.6543409515595803,0.41009055627425617,1.100224027648319,0.8184745115177905,1.0739315976204629,0.700495740321543,0.0129366106080207,0.2718172610683065,0.015626669197492764
vol01,184,toc,body,standard,0.07272,0.0676,0,229,0.0306,0.02392,0.616,0.6357,9.0,0.024332724035867448,0.07846981291457027,0.0,7.0,9.0,0.0,0.0,0.0,0.0,10.0,0.08356898810328933,0.2891171334397302,0.05392062138865208,0.12695100069013113,0.0,0.5008409375559134,0.39001610305958134,1.2139716544028263,1.2850945474954463,1.629747732352569,-0.11138720244295373,0.035748792270531404,0.22097156765655535,0.7902622647659625
vol01,185,toc,body,standard,0.06802,0.06642,0,235,0.02991,0.025,0.4974,0.5621,9.0,0.021517043813848103,0.07887931034482759,0.0,5.0,7.0,0.0,0.0,0.0,0.0,0.0,0.07031283956439603,0.2639097523395514,0.05415547792748905,0.10001742670880762,0.0,0.4635838994813354,0.2975016436554898,1.1830515401220592,0.9149676275265193,0.9783159008981704,0.3099871446325256,0.013477975016436555,0.22487647856293774,0.8402685836104651
vol01,186,toc,body,standard,0.06551,0.06211,2,195,0.03193,0.03094,0.5134,0.5267,9.0,0.014637907035380107,0.07734113712374582,0.0,6.0,7.0,0.0,0.0,0.0,0.0,0.0,0.06064454025054644,0.24839870855246377,0.04993089482538913,0.10186386693405686,0.0,0.33863652988076953,0.2583936800526662,2.0774503363363634,1.8501529327794533,1.1457176975952776,0.2648596179622855,0.013166556945358789,0.23486096354214858,0.9912117359177253
vol01,187,toc,body,standard,0.05881,0.05622,1,196,0.03117,0.03329,0.5227,0.8047,9.0,0.020136164431737227,0.07912346918780079,0.0,6.0,40.0,0.0,0.0,0.0,0.0,10.0,0.06342145614291149,0.07252989036682912,0.05658998625440412,0.07232622145391684,0.0,0.6023160363529756,0.5725593667546174,0.6761841372696762,1.0303860675150385,1.0065534305171842,0.17256226887429818,0.013192612137203167,0.2615780715204709,0.5079194929584279
vol01,188,toc,body,standard,0.06562,0.06367,0,204,0.02972,0.02941,0.5148,0.7577,9.0,0.024705061623066828,0.07717980809345015,0.0,5.0,6.0,0.0,0.0,0.0,0.0,0.0,0.06071965073780414,0.0754656320563925,0.05231572548827129,0.06797072946648387,0.0,0.38399012990783077,0.3203788373612018,1.2843220663812946,0.9999999834123692,1.0164006183591812,0.6139514503609184,0.03625081645983018,0.247106608711655,0.7063752714629868
vol01,189,toc,body,standard,0.0727,0.06406,1,209,0.02655,0.02672,0.5844,0.4474,9.0,0.012095531982039526,0.07824016366270171,0.0,7.0,10.0,0.0,0.0,0.0,0.0,10.0,0.07565597466147884,0.07140144470167234,0.06782068303992207,0.08386170729777688,0.0,0.617283950617284,0.4169124877089479,0.785760994626173,0.9149201799511951,0.9374813084794067,0.3191265730036534,0.03769255981645362,0.16417411987979422,0.714580151829331
vol01,190,toc,body,standard,0.06512,0.05957,1,178,0.02929,0.03068,0.6048,0.4676,9.0,0.03308899996906472,0.07846410684474124,0.0,6.0,6.0,0.0,0.0,0.0,0.0,0.0,0.07046846969804867,0.176267162834051,0.05278051990786443,0.08753073944052758,0.0,0.590472011992249,0.4014478446857519,0.8818740682351384,1.105055797193862,0.7380301409779275,0.3548757491795159,0.0361961171437973,0.16803501731366688,0.7900087456585498
vol01,191,toc,body,standard,0.06778,0.06354,0,223,0.03085,0.02242,0.682,0.5567,9.0,0.020156044289896126,0.07680308859928224,0.0,7.0,10.0,0.0,0.0,0.0,0.0,10.0,0.07731351160481342,0.06781118204965479,0.07081971166468622,0.08886655139066046,0.0,0.7407527696582584,0.7080220850925625,0.6580841990078334,1.1407268410457552,1.0203431727893388,0.1958873587127419,0.012991230919129588,0.2076742597676979,0.19733212498229233
vol01,192,toc,body,standard,0.0646,0.06054,0,183,0.03081,0.02358,0.6055,0.4723,9.0,0.05213728890309969,0.07831578947368421,0.0,6.0,7.0,0.0,0.0,0.0,0.0,10.0,0.0756123032652118,0.18533428200879518,0.050983890150286516,0.09337127355291482,0.0,0.685839910620968,0.5514109633473889,0.6902890825566004,0.9999999875126984,0.8845603955855404,0.473015019244937,0.012974375608173857,0.20353774988668458,1.055263559696951
vol01,193,toc,body,standard,0.06054,0.05415,1,150,0.03308,0.02281,0.4955,0.3866,9.0,0.009731149967771104,0.07846481876332623,0.0,6.0,7.0,0.0,0.0,0.0,0.0,0.0,0.059259392826698724,0.1750871417164973,0.04450248116292162,0.07754075236292045,0.0,0.4805204166216168,0.3340901719104768,1.544931438072103,0.99999998365986,0.8258513126644669,1.1486572033861617,0.012974375608173857,0.23288016313941673,1.242569024098129
vol01,194,toc,body,standard,0.06582,0.0631,0,153,0.03361,0.02887,0.5247,0.4134,9.0,0.020686080934796798,0.07782426778242678,0.0,6.0,11.0,0.0,0.0,0.0,0.0,0.0,0.06678758471046545,0.17681197997328876,0.051812585499316006,0.07894590196821434,0.0,0.4748617395676219,0.3775048480930834,1.3650740647266923,0.9999999866509354,1.0329890145928373,0.9411404182843088,0.012928248222365869,0.24585541894488633,0.015626669197492764
vol01,195,toc,body,standard,0.06007,0.05498,1,136,0.032,0.02572,0.5131,0.3777,9.0,0.036803046713418185,0.07843977711101587,0.0,6.0,14.0,0.0,0.0,0.0,0.0,0.0,0.05820479974217722,0.18513521917435186,0.04633130256942044,0.07176085954603065,0.0,0.45595690747782,0.2946768060836502,1.1689327397382199,0.9999999808972184,0.8850567549789655,0.8681231994551346,0.012674271229404309,0.3017889696001223,0.007834978184892493
vol01,196,toc,body,standard,0.06274,0.06015,0,186,0.03021,0.02423,0.5267,0.517,9.0,0.017717828157563675,0.07769423558897243,0.0,6.0,8.0,0.0,0.0,0.0,0.0,0.0,0.05988207535149062,0.21548167281203606,0.04555225600567325,0.08227177439099033,0.0,0.4472293630391317,0.2352185089974293,1.2495147799381305,1.0851455287207186,1.3198201265110245,0.6224557524374124,0.012853470437017995,0.31480125426445277,0.010336070129209783
vol01,197,toc,body,standard,0.06096,0.05683,1,163,0.03242,0.02402,0.4698,0.4194,9.0,0.030425788322140632,0.07893607893607893,0.0,5.0,6.0,0.0,0.0,0.0,0.0,0.0,0.05806621254967115,0.19898440254948582,0.046264932366822484,0.08227296264144622,0.0,0.37746489121734705,0.17779960707269155,1.0877444989008107,0.9999999827825524,0.7965640475020348,0.3735778620929879,0.01309757694826457,0.24756609152005693,0.19051581669274856
vol01,198,toc,body,standard,0.06664,0.06535,1,178,0.03168,0.03274,0.5038,0.5338,9.0,0.02653138175155212,0.07673060884070058,0.0,6.0,10.0,0.0,0.0,0.0,0.0,0.0,0.06218840342779394,0.1499804858840733,0.048888085799183766,0.07660286735899745,0.0,0.36242870550862755,0.19623131903833657,1.2675916516218975,1.2508024627028056,0.9999999836715974,0.5688004253049889,0.10883690708252111,0.191538520616714,0.6681408447069008
vol01,199,toc,body,standard,0.06612,0.05878,2,163,0.03198,0.02827,0.4792,0.666,9.0,0.021150316112562573,0.07902645448937957,0.0,7.0,10.0,0.0,0.0,0.0,0.0,10.0,0.0686074973575972,0.14709831947554255,0.054709441127516995,0.08296217522474363,0.0,0.658094296076492,0.5130234091658424,1.0958702150780832,0.8658450615538676,0.9393896462752375,0.3672012059654959,0.013188262446422684,0.3171508991754933,1.223107708472584
vol01,200,toc,body,standard,0.06684,0.06341,1,195,0.02733,0.02717,0.5518,0.5891,9.0,0.013559626241811024,0.07649193543027477,0.0,11.0,13.0,0.0,0.0,0.0,0.0,10.0,0.06891736565156562,0.10648648833820425,0.060319641569011095,0.08272629768912458,0.0,0.5277869242307833,0.41620019756338494,1.2322678179168496,1.2419841947543722,1.1118337727157124,0.40478954284139235,0.013170892327955219,0.2555746723850458,0.0
vol01,201,toc,body,standard,0.06424,0.06299,0,187,0.03122,0.02224,0.7046,0.7361,9.0,0.016556872195661286,0.07595467897608058,0.0,5.0,7.0,0.0,0.0,0.0,0.0,0.0,0.0743135603230162,0.17856161123878286,0.05131996932851353,0.09077969226102395,0.0,0.6949647643042319,0.49622083470259615,0.853298990763315,0.7339483329269691,0.6594973193913037,0.38374148794993823,0.037134406835359846,0.24486875054469273,0.8559446281401238
vol01,202,toc,body,standard,0.06069,0.0596,0,139,0.03412,0.0335,0.676,0.4915,9.0,0.037022363506775,0.07888040712468193,0.0,6.0,7.0,0.0,0.0,0.0,0.0,0.0,0.07546722304237839,0.16921890462145453,0.056977252843394575,0.08987378415933303,0.0,0.7138013998250218,0.5918635170603674,0.762241209699202,1.0649884356141177,1.102869234742442,0.32496158273107373,0.013123359580052493,0.25796016899226437,0.04227268800571751
vol01,203,toc,body,standard,0.05885,0.05885,0,188,0.03272,0.02581,0.6181,0.8157,9.0,0.021504018968924468,0.07913978494623657,0.0,6.0,7.0,0.0,0.0,0.0,0.0,0.0,0.06683974828152979,0.17304310037157894,0.0484125164244403,0.08121562801365757,0.0,0.6323291221250406,0.49951409135082603,1.1126845921775883,0.8257305711115537,0.7029293559728208,0.24031977752768693,0.01295756397797214,0.38207903479861693,0.48038404597474627
vol01,204,toc,body,standard,0.067,0.0644,1,218,0.02981,0.024,0.6836,0.7917,9.0,0.07346249216913346,0.07720794095127,0.0,8.0,11.0,0.0,0.0,0.0,0.0,10.0,0.07613509095994139,0.14768910177366276,0.05958759448643842,0.09084593152512227,0.0,0.663105413105413,0.3926282051282051,1.1849182705043335,1.203951646772414,0.9194704707735538,0.4592307367350145,0.01282051282051282,0.37401970876221946,0.1767766952966369
vol01,205,colophon,body,standard,0.05039,0.04811,0,109,0.01945,0.01455,0.3937,0.3126,9.0,0.04548971481283894,0.07915399406839142,0.0,10.0,12.0,0.0,0.0,0.0,0.0,10.0,0.05088348737979134,0.5474120987794249,0.019680203916759696,0.09825080146754495,0.0,0.5483752793347254,0.37619518628420706,1.6193100539252043,1.3365844307094024,0.5149380718359702,0.22619173844127144,0.014177382129904385,0.3190910844176081,1.2651871692074774
vol01,206,blank,body,standard,0.03851,0.03418,1,40,0.01109,0.02421,0.1256,0.1709,9.0,0.019324775632799537,0.07680746019177812,0.0,8.0,29.0,0.0,0.0,0.0,0.0,10.0,0.022163896162523324,0.18106641334701626,0.014104431195861588,0.0261441274418924,0.0,0.42596216568819306,0.24690150032615785,0.069082111329061,0.7185095263074976,0.9140208538857612,-0.39370532824353766,0.01304631441617743,0.13142563570435523,0.026900801458183878
vol02,1,cover,cover,skip,0.86461,0.08977,4,12,0.04489,0.05434,0.1599,0.9787,3.0,0.45877290571638973,0.2753239520969583,0.0,12.0,12.0,0.0,0.0,0.0,0.0,4.0,0.8110146593651892,0.19407644782938116,0.6002714674781375,0.9784513392339774,0.0,1.0,1.0,-0.2032374512722689,1.1452968401850754,0.9999999988294801,-0.4766496918186399,0.029433406916850625,0.7771570810458976,0.997246418675868
vol02,2,label,label,skip,0.0315,0.02972,0,53,0.02633,0.00789,0.131,0.8588,5.0,1.1442418614898398,0.03084648493543759,0.0,,,0.0,0.0,0.0,0.0,0.0,0.20470295919764941,0.5159565479935525,0.024769533802492468,0.35033577913194874,0.0,0.8448700410396718,0.8266073871409029,0.12035592254957254,1.5008808550501258,0.10611567897744198,-0.1377678509915505,0.013679890560875513,0.2793042116726019,0.05825242718446602
vol02,3,body,body,standard,0.12326,0.12326,0,429,0.0253,0.02345,0.7416,0.8069,9.0,0.059231535774787104,0.07889125799573561,0.0,5.0,15.0,0.0,0.0,0.0,0.0,0.0,0.16308326923448735,0.12356727794770699,0.11461322396127502,0.18527027325542866,0.0,0.7910171542458538,0.7680973734785393,0.2884714757924957,0.9337453196937958,1.0857693126210222,-0.052455263899706256,0.017616912235746317,0.23737084923556856,0.4539680126636007
vol02,4,body,body,standard,0.11907,0.11321,1,490,0.02804,0.01982,0.6294,0.7328,9.0,0.020835518578634356,0.07658862262927042,0.0,5.5,37.0,0.0,0.0,0.0,0.0,10.0,0.15215163841341653,0.09694623914908435,0.1312016255455355,0.17464473704402805,0.0,0.6809897232069324,0.616822429906542,-0.1569415187796065,1.163911194570586,0.8867445990953863,-0.33643572178020825,0.037383177570093455,0.2941365768828551,0.5204919366457131
vol02,5,body,body,standard,0.12319,0.12263,0,295,0.03152,0.03408,0.6811,0.8138,9.0,0.014009475967817594,0.07716781804790411,0.0,9.0,15.0,0.0,0.0,0.0,0.0,10.0,0.15926316984764802,0.25129694628546095,0.05306258954940203,0.20049319180872735,0.0,0.7567992566384332,0.6175619170151174,0.22215124570064862,0.321600593995532,0.9532945531753902,-0.0972087608545718,0.0369893856545513,0.34905058065677985,0.3853430518645551
vol02,6,body,body,standard,0.09173,0.08914,1,245,0.03178,0.0278,0.4785,0.8067,9.0,0.02452828121789282,0.07834877843302443,0.0,5.0,8.0,0.0,0.0,0.0,0.0,0.0,0.11139165742642246,0.4083131138218125,0.029911207192495754,0.16021844615413,0.0,0.5914036026395576,0.3091492776886035,0.4869333822172009,0.8990296917177995,0.9378821041781797,-0.2931385618590772,0.035955056179775284,0.30702000342391317,0.4509117970036381
vol02,7,body,body,standard,0.11168,0.10926,0,321,0.03147,0.03042,0.5167,0.7271,9.0,0.010164508904451102,0.07862095877607961,0.0,8.5,77.0,0.0,0.0,0.0,0.0,10.0,0.14420035371330156,0.05899471489480797,0.13202638723030077,0.15826184483463557,0.0,0.7582738481505515,0.7242050616482804,-0.34446840510586124,1.110086688184082,0.979370963655628,-0.49087129957115977,0.03698896820246593,0.3106110466992139,0.19850648646176006
vol02,8,body,body,standard,0.09337,0.09005,0,389,0.0283,0.0217,0.5363,0.7703,9.0,0.031436840836841354,0.07767369802227285,0.0,7.0,11.0,0.0,0.0,0.0,0.0,10.0,0.11774511059850348,0.1770700205951833,0.07364777437441974,0.1421045581537755,0.0,0.6937034627340418,0.4726740403383214,0.1363290425229217,0.7276767036686451,0.9246555851361508,-0.42723114799369105,0.03675992192582954,0.25787668071764286,0.2993798627977437
vol02,9,body,body,standard,0.12133,0.11884,0,367,0.02982,0.02677,0.6723,0.7579,9.0,0.013877813020415698,0.07777305567360807,0.0,6.0,6.0,0.0,0.0,0.0,0.0,0.0,0.15717793690611737,0.06475793018108798,0.14661705331197913,0.17690717040183312,0.0,0.776157032234828,0.7254457050243112,-0.15334089652779342,0.9649847089426798,1.1643441911005734,-0.27262998589723175,0.03792544570502431,0.22072070038607935,0.5911720541552515
vol02,10,body,body,standard,0.11238,0.10946,2,330,0.0305,0.02515,0.4937,0.7177,9.0,0.029985596933549158,0.07753562447611065,0.0,5.0,8.0,0.0,0.0,0.0,0.0,10.0,0.14180103892074236,0.17515368230624243,0.08153912116436451,0.16516909031915522,0.0,0.6654048597591751,0.3744321868916288,-0.1095093458697276,1.0544981285314958,0.8180354317719664,-0.4364194959475871,0.036340038935756006,0.24961755093747057,0.21953017929676788
vol02,11,body,body,standard,0.07949,0.07545,0,269,0.02737,0.0214,0.485,0.7424,9.0,0.01940607747835055,0.0779109589041096,2.0,5.5,6.0,0.0,0.0,0.0,0.0,0.0,0.08817107528886985,0.4183260613947053,0.035148818885843106,0.12948207908517292,0.0,0.47799797280766143,0.19440075495438816,0.594146812796748,1.077298104735338,1.2239368038756357,-0.7199394808064898,0.03523120478137779,0.27955775595465904,0.2931656187112187
vol02,12,body,body,standard,0.08342,0.08213,0,353,0.02713,0.02138,0.4495,0.7529,9.0,0.038647460426134796,0.07757238396058293,0.0,6.0,40.0,0.0,0.0,0.0,0.0,10.0,0.10382289296195395,0.4806071441052423,0.022542930215564486,0.16316377166658708,0.0,0.5262794667828994,0.06995750245178163,0.4281177127901958,1.2945697842837274,0.9999999920658258,-0.4258885264269333,0.03694017652827721,0.22737338750361905,0.3178530873677573
vol02,13,body,body,standard,0.12705,0.12441,0,409,0.02866,0.02286,0.7104,0.7307,9.0,0.01673442719073491,0.07747560523093408,0.0,7.0,11.0,0.0,0.0,0.0,0.0,10.0,0.1689865732918251,0.05310745873326035,0.1557983221748108,0.18499264931146303,0.0,0.7881254748724628,0.774014978834256,-0.15610213671150236,1.0980076185378946,0.9933808332275373,-0.3366575546032276,0.036795831976554866,0.25353409239897257,0.02419789598810197
vol02,14,body,body,standard,0.10691,0.10446,0,453,0.0281,0.02212,0.5739,0.7137,9.0,0.04089525468294671,0.07721202003338898,0.0,5.0,20.0,0.0,0.0,0.0,0.0,10.0,0.13894409786456022,0.08981651672089006,0.11648532245268049,0.15779421549058745,0.0,0.7458968772694262,0.6656862745098039,-0.26459940855250946,1.109182240396214,0.9151347609675138,-0.48520483441774476,0.03790849673202614,0.24428994671048335,0.018107449389743964
vol02,15,body,body,standard,0.10743,0.1007,1,288,0.03167,0.03039,0.5276,0.7633,9.0,0.01785912155028524,0.07682566483748417,0.0,6.0,17.0,0.0,0.0,0.0,0.0,10.0,0.13105835244703704,0.2754635629148241,0.0540366212911797,0.17432826994862696,0.0,0.5861379063951412,0.2598070739549839,0.19024368159591729,1.2493208991773692,1.1947033071795266,-0.361099376663445,0.036655948553054665,0.2537040176990873,0.021356515953404816
vol02,16,body,body,standard,0.11453,0.10913,1,354,0.03202,0.02719,0.5278,0.729,9.0,0.024655527509877255,0.07737348389795065,0.0,5.0,6.0,0.0,0.0,0.0,0.0,0.0,0.13897148621791666,0.07157003186877359,0.11801766317113184,0.15403166104584645,0.0,0.671697570792008,0.6203104786545925,-0.2734372117301872,1.0493010042077027,0.9557018933499226,-0.4474531480856462,0.03719275549805951,0.25846007121286513,0.02325581395348837
vol02,17,body,body,standard,0.10808,0.10739,0,354,0.03109,0.02652,0.5603,0.8012,9.0,0.015075340495859686,0.07784431137724551,0.0,5.0,6.0,0.0,0.0,0.0,0.0,0.0,0.13190560657372968,0.1912812979248398,0.08811760485004685,0.16645694360218313,0.0,0.6943012600229096,0.5615335051546392,0.13113543662474686,0.929257847025525,1.0043011142330183,-0.31459919307985557,0.037371134020618556,0.2713193995180096,0.2244955664431368
vol02,18,body,body,standard,0.1167,0.11212,1,423,0.03001,0.02646,0.5493,0.7832,9.0,0.0088589140787824,0.07727845443091148,0.0,5.0,5.0,0.0,0.0,0.0,0.0,0.0,0.1410018351261582,0.05872827820043051,0.12589367817699912,0.15268241068011437,0.0,0.6884299594851385,0.6408518877057116,-0.18171527942199595,0.9999999930217971,1.0654488438086065,-0.31743627815753944,0.037108744756373026,0.30064732311490217,0.2107538380819506
vol02,19,body,body,standard,0.10644,0.10369,0,297,0.03262,0.03454,0.6141,0.7875,9.0,0.04702520144953459,0.07590618336886994,0.0,5.0,6.0,0.0,0.0,0.0,0.0,10.0,0.13860300132944012,0.15805764570366776,0.09671320535194881,0.16041351547236402,0.0,0.7636376686764282,0.7093023255813954,0.06195224667832486,1.1012634339146072,0.6744044531804713,-0.3856839168094561,0.03649870801033592,0.24171372947798567,0.5920638322171278
vol02,20,body,body,standard,0.11034,0.10819,0,332,0.03285,0.02989,0.5874,0.7092,9.0,0.016870693841578202,0.07727245382702648,0.0,6.0,41.0,0.0,0.0,0.0,0.0,10.0,0.14731962328169204,0.06192622950625139,0.13315817724665932,0.15994363929146538,0.0,0.7200930398998032,0.6402576489533012,-0.22662301188547707,1.075361873518579,0.9905973245224237,-0.4217785508632881,0.03639291465378422,0.30511370862431064,0.022985064369183482
vol02,21,body,body,standard,0.12917,0.12719,0,346,0.03144,0.03261,0.5578,0.811,9.0,0.012016756486794929,0.07750952986022872,0.0,5.0,6.0,0.0,0.0,0.0,0.0,0.0,0.16429986896110277,0.03335521767502405,0.15305176851940128,0.17144437029268758,0.0,0.720583468395462,0.6528363047001621,-0.1548419571075443,0.9999999938469908,1.0401453179843367,-0.25086516354885635,0.03630470016207456,0.32117953209266087,0.026493243881702277
vol02,22,body,body,standard,0.12866,0.12612,0,340,0.0321,0.03275,0.6108,0.7927,9.0,0.01370721334402315,0.07717980809345015,0.0,6.0,6.0,0.0,0.0,0.0,0.0,0.0,0.16385664308726697,0.08616970824354231,0.1412799487768815,0.18593158296987145,0.0,0.7642027877861484,0.7088110055682935,-0.1678771886665024,0.8539089508833514,0.8403319671319035,-0.32592056304383776,0.037340320995741895,0.28933139728769003,0.21740085006114324
vol02,23,body,body,standard,0.11504,0.11425,0,272,0.03172,0.0358,0.6596,0.8074,9.0,0.06343954327873873,0.07687126541157834,0.0,9.0,12.0,0.0,0.0,0.0,0.0,10.0,0.15033816871926586,0.19881973877245815,0.09027970411465557,0.18005829027801434,0.0,0.6909385113268609,0.4064724919093851,-0.08175570920129184,0.9065315335941089,0.5539037525725522,-0.5016767063987289,0.036893203883495145,0.40957022415973304,0.22117433433370887
vol02,24,body,body,standard,0.1285,0.12541,0,339,0.03158,0.03257,0.6605,0.8121,9.0,0.02064670622780965,0.07724425887265135,0.0,6.0,8.0,0.0,0.0,0.0,0.0,0.0,0.1683689329420003,0.05617531989587009,0.15901248157817552,0.18920307536485428,0.0,0.7835428080352346,0.7512085078955849,-0.11615827443794344,0.97359142577706,1.0271295209345603,-0.2779731688915368,0.037383177570093455,0.2978847578410105,0.2237382254436161
vol02,25,body,body,standard,0.11443,0.10915,1,354,0.03,0.02838,0.518,0.7401,9.0,0.015569696365445886,0.07793307920372723,0.0,5.0,5.0,0.0,0.0,0.0,0.0,0.0,0.138072431466388,0.06897992994572408,0.12563401585497846,0.15347282341874385,0.0,0.680071006774626,0.6325399413107271,-0.26338874604061807,0.9999999926400412,1.0792393622789385,-0.48556290636948785,0.03651776980762961,0.297878462518336,0.027422111350470527
vol02,26,body,body,standard,0.12164,0.11495,0,381,0.03111,0.02437,0.5475,0.7105,9.0,0.019214044711881997,0.07815126050420168,0.0,6.5,11.0,0.0,0.0,0.0,0.0,10.0,0.1523843769293341,0.059343869555947025,0.13887686427728385,0.16503542299220098,0.0,0.7397584224696209,0.6804191224623445,-0.22616360086449847,0.963751021443852,1.0402146237864418,-0.4247720772296132,0.03700065487884741,0.2991045011473984,0.02677990078281658
vol02,27,body,body,standard,0.10612,0.09826,2,316,0.03147,0.02448,0.5091,0.7778,9.0,0.015344089284337815,0.07809202195018995,0.0,5.0,7.0,0.0,0.0,0.0,0.0,0.0,0.12862489788474502,0.3070848397540498,0.042528178721262584,0.16397483849030942,0.0,0.606401198886748,0.27552986512524086,0.33747095629183077,1.0353991437188819,0.9999999930077558,-0.2604714722409866,0.03789338471419396,0.2538184058886373,0.5663513360591448
vol02,28,body,body,standard,0.10648,0.10547,0,403,0.03045,0.0258,0.5169,0.7013,9.0,0.01602916112903075,0.07868020304568528,0.0,5.0,7.0,0.0,0.0,0.0,0.0,0.0,0.1364465185784879,0.06673323440803987,0.1183033081110231,0.15020639806867148,0.0,0.6954252600511104,0.6452866861030127,-0.15871359701656504,1.1005983556091077,1.0348140259963254,-0.3023494909719918,0.0369290573372206,0.2513157879164252,0.2227617086501801
vol02,29,body,body,standard,0.11348,0.11239,0,372,0.02971,0.02516,0.6571,0.7581,9.0,0.006356149752546339,0.07718550106609808,0.0,6.0,8.0,0.0,0.0,0.0,0.0,0.0,0.1545674467120851,0.09936945613674845,0.12830366230723436,0.18422453865646815,0.0,0.7679109079696739,0.7473065621939275,-0.296619986755722,1.1351574311110861,0.9898176658207921,-0.42323369044402853,0.03623898139079334,0.28351265988168084,0.020770355589231963
vol02,30,body,body,standard,0.11644,0.11222,0,364,0.03131,0.02619,0.5448,0.7384,9.0,0.021998804348224776,0.0771165129924559,0.0,5.0,6.0,0.0,0.0,0.0,0.0,0.0,0.14494392875912698,0.05448161282443641,0.1337133053755242,0.15902900378310214,0.0,0.6858287795992715,0.6295081967213115,-0.14803054781625632,0.9999999930061819,1.112219923336846,-0.37755202920196873,0.036721311475409836,0.19474795870037034,0.5864828695546608
vol02,31,body,body,standard,0.11104,0.10893,1,306,0.03221,0.03407,0.6037,0.8081,9.0,0.015141036125065383,0.07848210435532567,0.0,5.0,13.0,0.0,0.0,0.0,0.0,10.0,0.1415562087733017,0.15163235522863716,0.08578833528666305,0.1590906950683203,0.0,0.7162283056002863,0.5642512077294686,0.08126158856474194,1.038317488072917,0.999770699716781,-0.3672706960318266,0.03735909822866344,0.33990391171557455,0.02258848809201501
vol02,32,body,body,standard,0.10819,0.10506,1,366,0.03239,0.02796,0.5735,0.7989,9.0,0.01659096633983824,0.07679465776293823,0.0,5.0,6.0,0.0,0.0,0.0,0.0,0.0,0.13761161390941964,0.06009739788605378,0.12417023434819577,0.15017363031120745,0.0,0.7354429477585346,0.6760744066709429,-0.15693170347308616,0.9426803216966413,0.9999999927324054,-0.2737201827356798,0.03752405388069275,0.29291835897219176,0.022918618265340907
vol02,33,body,body,standard,0.12947,0.11783,1,306,0.03276,0.02615,0.5174,0.7502,9.0,0.019643364360217387,0.0782312925170069,0.0,5.0,6.0,0.0,0.0,0.0,0.0,0.0,0.1589172944594922,0.042009849722659864,0.14431610563487396,0.169222667254644,0.0,0.7449453995026489,0.6976970483295492,-0.18732588596124466,0.8956515395346397,1.0502261115210858,-0.35482442423721755,0.03697697048329549,0.22303347793535006,0.5741641539952564
vol02,34,body,body,standard,0.12972,0.12249,1,314,0.03389,0.0308,0.5,0.752,9.0,0.015223248398859652,0.07795473595976529,0.0,5.0,6.0,0.0,0.0,0.0,0.0,0.0,0.16019011439020295,0.058874744794461004,0.14108645102046863,0.1730871767528659,0.0,0.703486477680026,0.6699250570218312,-0.19776638568366453,0.9846352307497356,0.868474264272065,-0.28762738879671174,0.03714565004887586,0.22666819974556737,0.5838125765877685
vol02,35,body,body,standard,0.09056,0.09043,0,325,0.02956,0.02567,0.4912,0.8088,9.0,0.02303331695637933,0.07787391955522058,0.0,8.0,12.0,0.0,0.0,0.0,0.0,10.0,0.11517956628072512,0.2518239169386919,0.05127589596249811,0.1377437456893849,0.0,0.6200371322479292,0.3833547557840617,0.35250749302114104,1.0604891040967912,0.9353450971326465,-0.32054554111197414,0.036632390745501286,0.3817064030474322,0.2115583420321278
vol02,36,body,body,standard,0.10104,0.10104,0,372,0.03016,0.02471,0.4841,0.8126,9.0,0.022154991376867893,0.07747068676716917,0.0,5.0,12.0,0.0,0.0,0.0,0.0,0.0,0.12967453193950929,0.0764236611183072,0.10892336358478835,0.14459874421375865,0.0,0.6650625601539942,0.6515880654475458,-0.1446808663598837,1.1101813938000293,1.0231938107020093,-0.34523335951473927,0.036252807186397173,0.3265350288017625,0.020066065038832154
vol02,37,body,body,standard,0.12839,0.12438,0,372,0.03283,0.02944,0.5875,0.8005,9.0,0.014127579856028515,0.07695542472666106,0.0,5.0,6.0,0.0,0.0,0.0,0.0,0.0,0.1619799427306693,0.10638926251206841,0.12109987445816559,0.18632921000686498,0.0,0.7366162428923935,0.5812681042806566,-0.1180923174258789,1.1539534140492613,0.9631085514343266,-0.337343061022873,0.035725780495654974,0.2549851074211914,0.39368767370900914
vol02,38,body,body,standard,0.06493,0.06104,2,192,0.03055,0.02297,0.2807,0.763,9.0,0.016615734496224437,0.07811747708009704,0.0,7.0,9.0,0.0,0.0,0.0,0.0,10.0,0.06444285413035634,0.9353539755739363,0.00920733298305436,0.1498299491531131,1.0,0.46662401364896566,0.05950095969289827,0.8045685032330351,7.5941219499230135,0.503494021893906,-0.22935974349517588,0.012795905310300703,0.11163394750667474,0.5557304815132478
vol02,39,body,body,standard,0.09543,0.09341,0,306,0.02845,0.02584,0.5002,0.7916,9.0,0.018884035693852982,0.0774883452443722,0.0,7.0,11.0,0.0,0.0,0.0,0.0,10.0,0.11277261670533337,0.41827039299252333,0.031332422325567724,0.15410797938176635,0.0,0.6119780378558013,0.21488946684005203,0.18371934525106018,0.6203405741882247,1.0054712666014989,-0.513365250082791,0.03673602080624187,0.2786505568493944,0.45731362478912585
vol02,40,body,body,standard,0.10448,0.10021,2,458,0.02622,0.02212,0.5063,0.8049,9.0,0.013397524573200438,0.07804674457429048,0.0,5.0,6.0,0.0,0.0,0.0,0.0,0.0,0.12676292581797402,0.05807847397589082,0.11274750210445413,0.13832790445168294,0.0,0.6777777777777777,0.6605863192182411,-0.24305757123622287,1.0398529814066133,1.0804830246845165,-0.34589383489842196,0.03745928338762215,0.33710263106879435,0.1934821264193457
vol02,41,body,body,standard,0.11287,0.11151,0,447,0.02808,0.02398,0.5846,0.8002,9.0,0.015645094410799042,0.07922912205567452,0.0,5.0,6.0,0.0,0.0,0.0,0.0,0.0,0.1463446292396033,0.06253663552948564,0.12964918631076547,0.16639484443840394,0.0,0.7617817947062622,0.6807617817947063,-0.26601066978096516,1.0420392188394356,0.8965117455439148,-0.36835390880287866,0.03647514525500323,0.3196912182017993,0.020002569215359433
vol02,42,body,body,standard,0.11457,0.11065,1,367,0.03128,0.02633,0.5779,0.7943,9.0,0.01456631656993144,0.07767615190584065,0.0,7.0,10.0,0.0,0.0,0.0,0.0,10.0,0.14080434976891795,0.25637885487111756,0.059721920160788346,0.17405492363167308,0.0,0.6706438783188219,0.35698161883263463,0.24465504555738551,0.9663521059339047,1.0545535028624795,-0.40312731178905337,0.035794904869396967,0.2842796564765643,0.31335148585473627
vol02,43,body,body,standard,0.1093,0.10884,0,377,0.03037,0.02999,0.575,0.8099,9.0,0.020735606018926333,0.07840616966580977,0.0,5.0,5.0,0.0,0.0,0.0,0.0,0.0,0.1437649432886203,0.06125566856300196,0.131171694079924,0.15820494102278404,0.0,0.7612671456564336,0.7308948399738733,-0.16990014769465692,0.9970023544273582,1.0482106886977947,-0.3010752018274282,0.03690398432397126,0.33757823476412613,0.46524030501837443
vol02,44,body,body,standard,0.11358,0.11358,0,355,0.03296,0.03405,0.5746,0.8039,9.0,0.015055132434497865,0.07776376628835655,0.0,6.0,10.0,0.0,0.0,0.0,0.0,10.0,0.15146752970204969,0.030429339422293426,0.14381133519402178,0.1570995238826601,0.0,0.7630548302872063,0.6954960835509139,-0.20333151744128095,0.9488838290758604,1.0365608355325937,-0.4678889931899432,0.03720626631853786,0.34828842181739395,0.1966321973589969
vol02,45,body,body,standard,0.11541,0.11152,0,337,0.03127,0.02777,0.6647,0.793,9.0,0.01224028172270291,0.07721333456255113,0.0,8.5,12.0,0.0,0.0,0.0,0.0,10.0,0.15093807683471158,0.2406454809868335,0.07855783060365712,0.17815212990868606,0.0,0.7464718103015975,0.5499677627337202,0.37372914214203184,1.0611798266625048,0.5377238390691362,-0.18173372661607648,0.012894906511927788,0.22889488947538572,0.5614516164918991
vol02,46,body,body,standard,0.1185,0.11572,0,448,0.02816,0.02312,0.5334,0.7292,9.0,0.016649225306096683,0.07776376628835645,0.0,6.0,11.0,0.0,0.0,0.0,0.0,0.0,0.1470888236249858,0.04117096404303996,0.1407050162942272,0.15796136391325535,0.0,0.7033058449074074,0.6357421875,-0.10087830208230128,1.086457592329737,0.973651189538568,-0.20040046565561992,0.037760416666666664,0.17328486591598707,0.6393857493787535
vol02,47,body,body,standard,0.10356,0.10205,0,476,0.02535,0.01913,0.5149,0.731,9.0,0.09130636162390371,0.07781410706598003,0.0,6.5,27.0,0.0,0.0,0.0,0.0,10.0,0.13355308129133026,0.07671606719272761,0.12002291981238603,0.1497621353998493,0.0,0.6944354751910451,0.660962221504682,-0.260577019148028,1.0999937237065398,0.8815610043357514,-0.47402749975830627,0.03648692282854375,0.3166318363709173,0.2140945184171246
vol02,48,body,body,standard,0.10463,0.10134,2,443,0.02487,0.01962,0.4992,0.782,9.0,0.013687115854009104,0.07762938230383973,0.0,5.0,6.0,0.0,0.0,0.0,0.0,0.0,0.12367456498030954,0.08278819535284883,0.10981912144702842,0.1405127985495453,0.0,0.684108527131783,0.6514857881136951,-0.18927463581362083,0.9262512487398379,1.1598989058845688,-0.3323491160200654,0.037467700258397935,0.23851906816789004,0.5153444819793391
vol02,49,body,body,standard,0.11167,0.10876,0,367,0.03158,0.02406,0.5998,0.7917,9.0,0.017470492199155453,0.07809202195018995,0.0,5.0,7.0,0.0,0.0,0.0,0.0,0.0,0.14476052072370646,0.1550376752517117,0.08561769005847954,0.16127810145951035,0.0,0.7498191550925926,0.619140625,0.03590301047509395,1.0411660976872035,1.0094307329320473,-0.42665279609996176,0.037109375,0.340492381646916,0.2230151107688873
vol02,50,body,body,standard,0.11396,0.11226,0,432,0.03045,0.02366,0.5712,0.7807,9.0,0.01388822663802109,0.07747068676716917,0.0,6.0,8.0,0.0,0.0,0.0,0.0,0.0,0.14660790196124476,0.054673969100475235,0.13702998402774266,0.1624788643781212,0.0,0.7572616348126552,0.7356656948493683,-0.2154117844676513,1.0299921595596406,0.9567849257232206,-0.43360653407102107,0.0366051182377713,0.34617761238239264,0.2206085017560675
vol02,51,body,body,standard,0.08809,0.08809,0,348,0.03044,0.02324,0.5077,0.8054,9.0,0.01721525280853975,0.07831253219986885,0.0,5.0,28.0,0.0,0.0,0.0,0.0,10.0,0.11486572535075407,0.29569688704036184,0.02839644925327644,0.13848807085190987,0.0,0.6010002878526195,0.29371761658031087,0.3522822930956785,0.9823542343082969,1.0463175864039747,-0.3073362693986294,0.03724093264248705,0.42285321358325556,0.15844680238932593
vol02,52,body,body,standard,0.10573,0.1018,1,396,0.03071,0.02421,0.5275,0.7511,9.0,0.02548344447678961,0.07697034815370551,0.0,7.0,9.0,0.0,0.0,0.0,0.0,10.0,0.13633178940425775,0.03694159797659354,0.12789368119553574,0.143852127065255,0.0,0.7258702675233221,0.6592616791898073,-0.19661202169325095,0.9419368067680342,1.0045703549006533,-0.4149290574489336,0.03691604050963737,0.3468876415673254,0.030944459778533225
vol02,53,body,body,standard,0.11717,0.11288,1,408,0.03132,0.02111,0.617,0.8085,9.0,0.014678274647112981,0.07791837041200309,0.0,11.0,13.0,0.0,0.0,0.0,0.0,10.0,0.15412530665957508,0.07109763099520287,0.13827655695230784,0.17519828992518421,0.0,0.7736450969729926,0.7536704730831973,-0.18692231630021613,1.124712540158859,1.004893740591982,-0.3503787185477187,0.03686786296900489,0.34507618573100957,0.020179409218245715
vol02,54,body,body,standard,0.10834,0.09901,1,316,0.03179,0.02695,0.5259,0.7653,9.0,0.025907864374663764,0.07789473684210527,0.0,6.0,9.0,0.0,0.0,0.0,0.0,0.0,0.12926609605535946,0.2074496619194506,0.0787195707651997,0.15171441554184917,0.0,0.6020976728941331,0.2884300229432973,0.33092526965909014,0.9197847421446268,1.014604692202379,-0.304034818540477,0.037037037037037035,0.23924999102523925,0.6586735668739604
vol02,55,body,body,standard,0.10414,0.10273,0,530,0.02453,0.0157,0.5375,0.8024,9.0,0.01854759138159905,0.0772342694123513,0.0,11.5,19.0,0.0,0.0,0.0,0.0,10.0,0.13387420347233359,0.07926880876055088,0.12104523850757182,0.15000538893962687,0.0,0.7628393850179915,0.7451750081779522,-0.06040516570760712,1.0914022700364998,0.8912458183302395,-0.313763015980139,0.03696434412823029,0.26978201325674867,0.22074800480121157
vol02,56,body,body,standard,0.08855,0.08341,0,441,0.0255,0.01669,0.5113,0.7293,9.0,0.01922732269041097,0.07711883490436418,0.0,7.0,42.0,0.0,0.0,0.0,0.0,10.0,0.10666525883799244,0.2908073153894202,0.03922280422998852,0.13189923791635408,0.0,0.6373542552032254,0.2745995423340961,0.4547238719291698,1.1027365555592652,1.0535075516826933,-0.13634890231584829,0.03694017652827721,0.1605335918243034,0.7210877791861593
vol02,57,body,body,standard,0.11199,0.10895,1,446,0.02626,0.02405,0.6534,0.7053,9.0,0.02139770514475543,0.0781786941580756,0.0,6.0,14.0,0.0,0.0,0.0,0.0,0.0,0.1512406389802712,0.044605766196384206,0.14330395278782868,0.16317067957014322,0.0,0.7784384979627794,0.7542120911793855,-0.16823099765566304,1.1018944843706173,1.0646712598900232,-0.4432905583877995,0.0370003303600925,0.28332973612419066,0.3132673363176275
vol02,58,body,body,standard,0.12078,0.1166,0,420,0.03182,0.02604,0.6296,0.7629,9.0,0.016090304462127624,0.07708333333333334,0.0,5.0,6.0,0.0,0.0,0.0,0.0,0.0,0.1583921063750101,0.0383516184191069,0.15073374170672313,0.1668275948691379,0.0,0.7782906546506942,0.7576656775469832,-0.11373848775012567,0.984245079370873,1.0586606878835714,-0.3183244987585719,0.015166501813386087,0.23785169929379185,0.9252188262634297
vol02,59,body,body,standard,0.09501,0.09387,0,354,0.02823,0.02258,0.514,0.6973,9.0,0.01081532274485972,0.07870967741935483,0.0,5.0,18.0,0.0,0.0,0.0,0.0,0.0,0.11712273284393465,0.21507401315243663,0.06583498023715414,0.13855398825855467,0.0,0.5853702501982839,0.2654120700843608,0.34737195135056265,0.9225050372288948,0.9999999921648728,-0.27360472932828356,0.03698896820246593,0.22954455001200005,0.5154657679045596
vol02,60,body,body,standard,0.11062,0.1048,1,424,0.02787,0.02105,0.5056,0.7019,9.0,0.01678907756892173,0.07753230512713631,0.0,5.0,6.0,0.0,0.0,0.0,0.0,0.0,0.13109916055407073,0.06709922720872488,0.11874435732508176,0.14699764437424567,0.0,0.6506444876503203,0.5978613091380428,-0.22957400625382762,0.9999999924360663,1.0662335203346702,-0.41733260411576595,0.10920285158781594,0.19280793387573322,0.47562810484994933
vol02,61,body,body,standard,0.11279,0.11157,0,443,0.02577,0.02156,0.5896,0.7433,9.0,0.009731149967771476,0.07776838546069306,0.0,5.0,8.0,0.0,0.0,0.0,0.0,0.0,0.14339632813119849,0.12792946191030383,0.09187587363712608,0.1519142957499122,0.0,0.7297600927737914,0.4840182648401826,-0.1050103979715455,0.9890026479772438,0.6088893182465194,-0.365085877004044,0.03750815394651011,0.21561195007345793,0.5954481891824487
vol02,62,body,body,standard,0.1172,0.11057,4,366,0.02815,0.02611,0.5451,0.7722,9.0,0.012393923488864835,0.0772765246449457,0.0,5.0,6.0,0.0,0.0,0.0,0.0,0.0,0.13941217435054665,0.1387933889142035,0.08679980700642366,0.15213409588260174,0.0,0.6540098199672668,0.35548281505728313,0.14786236625074023,0.5945052768197375,1.041989906494991,-0.26421231357463254,0.03764320785597381,0.21350496230064764,0.6429065082568222
vol02,63,body,body,standard,0.09286,0.09038,0,403,0.02587,0.01999,0.5083,0.7655,9.0,0.021205210024155412,0.0773337075594696,0.0,12.0,41.0,0.0,0.0,0.0,0.0,10.0,0.1200226967663222,0.3279962619313351,0.01953504749802889,0.15513849783121528,0.0,0.6665947966077331,0.18078913324708926,0.08876546755400307,0.9999999926589538,0.661731120910162,-0.34768003568071026,0.036545924967658475,0.30611577381394584,0.3046598132367702
vol02,64,body,body,standard,0.10374,0.09967,1,435,0.02786,0.02043,0.5219,0.76,9.0,0.020086173475986548,0.07711546477699041,0.0,5.0,6.0,0.0,0.0,0.0,0.0,0.0,0.12785616637037053,0.05474270297360194,0.1166733360010671,0.1377733587241668,0.0,0.7073750134974626,0.6537091026886945,-0.2674868535584485,1.081676916786889,1.0117394212511608,-0.3618192046504114,0.0369290573372206,0.312530066227926,0.22201207127505906
vol02,65,body,body,standard,0.09579,0.0924,0,383,0.02846,0.02104,0.4594,0.7867,9.0,0.014092550516734643,0.0790038643194504,0.0,5.0,5.0,0.0,0.0,0.0,0.0,0.0,0.11724036188809042,0.26412861980195673,0.030694580743648458,0.13486447554935752,0.0,0.6258495983716789,0.15538109257441937,-0.04764270822298474,0.9181070396906039,0.2388554315114861,-0.42280756324662144,0.037618580307491004,0.307563033635113,0.5812526742134412
vol02,66,body,body,standard,0.10122,0.09506,2,423,0.02456,0.02171,0.4914,0.7606,9.0,0.01504784220385028,0.07724425887265135,0.0,4.0,5.0,0.0,0.0,0.0,0.0,0.0,0.11705504412775466,0.13976090356923782,0.07532743942370661,0.13356179674941954,0.0,0.6147857090882631,0.3516699410609037,0.006938247339897686,0.6216984764985407,1.102322954195487,-0.4242586578833271,0.03798297314996726,0.3405785867316215,0.5081095543388601
vol02,67,body,body,standard,0.09215,0.08969,0,446,0.02445,0.01763,0.5449,0.7486,9.0,0.014652014652014704,0.07827956989247302,0.0,5.0,7.0,0.0,0.0,0.0,0.0,0.0,0.11650087056339047,0.2900425323577949,0.04198347362551922,0.1473985746890866,0.0,0.6448936709777923,0.39647864362569285,0.11152008929514429,1.0154445242504495,1.0204665412747227,-0.34278329746451575,0.037169872839908705,0.32582061236181703,0.22054963145676382
vol02,68,body,body,standard,0.10331,0.09688,1,521,0.02537,0.01711,0.5113,0.7502,9.0,0.01069405259304139,0.07637729549248748,0.0,4.0,6.0,0.0,0.0,0.0,0.0,0.0,0.12304884056689236,0.06258903215766311,0.1111130135031789,0.1368624321011938,0.0,0.6406057977300658,0.6083279115159401,-0.32621802449960746,0.9657412473448623,1.1297755217047953,-0.574325849382097,0.03708523096942095,0.3102069591662325,0.020140125669405547
vol02,69,body,body,standard,0.11252,0.10833,1,397,0.02906,0.02255,0.5616,0.7184,9.0,0.017685846518290128,0.07682672233820449,0.0,5.0,14.0,0.0,0.0,0.0,0.0,0.0,0.14548327699963393,0.05398373069240998,0.12718760090410075,0.15415949391757244,0.0,0.7267965414558892,0.6528898934452696,-0.23447967598177558,0.982060651097401,0.9999999932247463,-0.5595358422984132,0.03584113658379077,0.23470792535180118,0.5293665348317664
vol02,70,body,body,standard,0.10247,0.10227,0,399,0.03039,0.02212,0.4875,0.7381,9.0,0.020624551842188837,0.07911527009783072,0.0,5.0,6.0,0.0,0.0,0.0,0.0,0.0,0.13403514364073443,0.05998566910611209,0.11835019167705879,0.14718016840270456,0.0,0.6665948198440924,0.6433882961526026,-0.22827484959077093,0.9847824754633236,1.104564451619357,-0.3213954443051097,0.03653410927901714,0.3405026525260342,0.028778956425152463
vol02,71,body,body,standard,0.09772,0.09497,1,411,0.02425,0.02291,0.5065,0.729,9.0,0.011577143085848386,0.07663473552686381,0.0,5.0,7.0,0.0,0.0,0.0,0.0,0.0,0.11660476488744267,0.2000285885153913,0.05379855236506613,0.13903834509821955,0.0,0.6099097131207223,0.2886631716906946,-0.007571386946982068,0.999999992037013,0.428397176218357,-0.5136783507722434,0.037352555701179554,0.2827720067938083,0.364183260143928
vol02,72,body,body,standard,0.10302,0.0961,2,409,0.0252,0.02337,0.4942,0.711,9.0,0.019171264527322145,0.07762938230383973,0.0,5.0,6.0,0.0,0.0,0.0,0.0,0.0,0.12336142770739321,0.19810274024234584,0.058009293225727565,0.14098588032955145,0.0,0.6131296599381705,0.2972176759410802,0.32075000733054154,0.44025350853776146,1.0625943468718548,-0.19566487930662738,0.037970540098199675,0.23727962048179776,0.5116835745238917
vol02,73,body,body,standard,0.10431,0.10075,1,448,0.02596,0.02161,0.5473,0.731,9.0,0.01722389270985203,0.07830750784634466,0.0,5.0,39.0,0.0,0.0,0.0,0.0,10.0,0.12984972951888762,0.18880090260069948,0.06771576898118105,0.1546652047110773,0.0,0.63724853990915,0.2900713822193381,0.1135590705964201,0.9460632007091899,1.088749119546979,-0.2477153054374463,0.036340038935756006,0.1997288961714253,0.7372917585162628
vol02,74,body,body,standard,0.11421,0.11095,0,477,0.02669,0.02303,0.5683,0.7139,9.0,0.06768559464243445,0.07726617827179241,0.0,7.5,17.0,0.0,0.0,0.0,0.0,10.0,0.1552598688162677,0.05702478022478581,0.14058305143900343,0.1698728239155251,0.0,0.7295645254629629,0.6669921875,-0.1077887808753121,1.0035544363737996,0.9999999936342345,-0.2534966424253381,0.036783854166666664,0.22872938910546695,0.02688287457430642
vol02,75,body,body,standard,0.10617,0.10247,0,492,0.02656,0.01939,0.5407,0.7203,9.0,0.041873121236634045,0.07833519327490389,0.0,10.0,15.0,0.0,0.0,0.0,0.0,10.0,0.13664151113128006,0.050503012231243316,0.12599864196333302,0.14976460697772173,0.0,0.7477959927140255,0.658360655737705,-0.11953607463976404,0.9882713558286539,1.0804403092162036,-0.260720836851108,0.03770491803278689,0.17537526791905167,0.5694581694176337
vol02,76,body,body,standard,0.09786,0.09287,1,452,0.02481,0.01921,0.5046,0.6921,9.0,0.036721540009770015,0.07746398282503703,0.0,10.5,14.0,0.0,0.0,0.0,0.0,10.0,0.12018646704428836,0.3271335023932142,0.021893647066227692,0.14780801666868423,0.0,0.7000761780389596,0.3718576558929154,-0.12604049460209174,1.0551375170337136,0.16145977219371835,-1.1380417522609994,0.036891936010447275,0.1874469972039131,0.7180842849501241
vol02,77,body,body,standard,0.09304,0.09132,0,339,0.02981,0.01777,0.4924,0.8054,9.0,0.013835631217922242,0.07741116751269035,0.0,6.0,9.0,0.0,0.0,0.0,0.0,0.0,0.11036458272775268,0.41817564126148943,0.03898390342052314,0.15607599082869308,0.0,0.6112020962987227,0.37340320995741894,1.121487282259056,0.678895285308142,1.0954738749429391,-0.32724629050338466,0.036030134294136915,0.32379140806103957,0.3143042445546439
vol02,78,body,body,standard,0.1042,0.09924,1,495,0.02803,0.01881,0.467,0.8034,9.0,0.036466016960710314,0.07734113712374582,0.0,5.0,9.0,0.0,0.0,0.0,0.0,0.0,0.12729368302424962,0.0558851298348507,0.11936454313907911,0.14098664333465488,0.0,0.6631486367634125,0.6454485488126649,-0.12135462145836479,1.0787637566542314,1.1338597590296142,-0.32825480060697515,0.036279683377308705,0.3196612935786836,0.1940488539678678
vol02,79,body,body,standard,0.11159,0.11159,0,485,0.02889,0.01984,0.5276,0.8066,9.0,0.027016878311047012,0.07705106475717288,0.0,5.5,41.0,0.0,0.0,0.0,0.0,10.0,0.14589301425415652,0.05851031981468005,0.1305221969778932,0.15957263059195104,0.0,0.6836164304518735,0.6663420967218435,-0.19512214203121434,0.8819390992306988,1.0351137813965965,-0.29379064710444497,0.03667640376501136,0.3514609266389582,0.01960951340706515
vol02,80,body,body,standard,0.10868,0.10566,0,499,0.02789,0.0217,0.5088,0.8025,9.0,0.030193947457316312,0.07804674457429048,0.0,5.0,8.0,0.0,0.0,0.0,0.0,0.0,0.12839119243774644,0.056469985915678055,0.12080600333518622,0.14208317892656414,0.0,0.6651174520824328,0.6442931258106356,-0.29474269854331175,1.0790741921912181,1.0305374083202743,-0.47983093927510834,0.03696498054474708,0.3703289415315603,0.2208259632816941
vol02,81,body,body,standard,0.11828,0.11684,0,317,0.03307,0.02818,0.611,0.808,9.0,0.01626516809024751,0.07813834329632792,0.0,6.0,23.0,0.0,0.0,0.0,0.0,0.0,0.15660538666683857,0.3352790299546779,0.027662699320973524,0.19557242180194853,0.0,0.7302925493586971,0.4883268482490272,0.14635625504900698,0.9023158136218907,1.0331586258647194,-0.3316653276421685,0.03696498054474708,0.3491753213030666,0.39263838730163314
vol02,82,body,body,standard,0.13544,0.13082,1,369,0.03361,0.02729,0.5462,0.7986,9.0,0.016186781738005303,0.07766582703610411,0.0,6.0,6.0,0.0,0.0,0.0,0.0,0.0,0.1679958133796059,0.051076680011639036,0.147714798254304,0.17509743997735644,0.0,0.7119514472455649,0.6687136393018746,-0.13333170455714283,0.9676434303818822,0.9858166796885259,-0.2873596787788796,0.037168713639301874,0.24271933586515834,0.8457662816991408
vol02,83,body,body,standard,0.10864,0.10662,0,344,0.0317,0.02495,0.5134,0.7958,9.0,0.016275019797146458,0.07846481876332623,0.0,5.0,6.0,0.0,0.0,0.0,0.0,0.0,0.13117959923033157,0.2853470929544687,0.045233919012913175,0.15674988641170665,0.0,0.638383181621153,0.273407022106632,0.6534779935306081,1.028751969504916,0.9590072340185383,-0.30757055336932343,0.036410923276983094,0.3725014438132024,0.45184386096927054
vol02,84,body,body,standard,0.1239,0.1219,0,380,0.03317,0.02755,0.5305,0.8023,9.0,0.01206467661599116,0.07679465776293833,0.0,6.0,7.0,0.0,0.0,0.0,0.0,0.0,0.15566066189652208,0.03992465352739379,0.14439789574366332,0.16249630450849964,0.0,0.7346702800361338,0.6910569105691057,-0.17146802903343458,1.0230011397317964,0.9999999936327914,-0.2530388528107964,0.013008130081300813,0.2834332409331468,0.5350603375513197
vol02,85,body,body,standard,0.11321,0.11229,0,374,0.03197,0.02545,0.5591,0.7718,9.0,0.013940654762661951,0.07782919646613379,0.0,6.0,7.0,0.0,0.0,0.0,0.0,0.0,0.14316571746870085,0.07145405198293595,0.1274575949966834,0.15661909353905495,0.0,0.7456466302367942,0.6714754098360656,-0.23601887913466646,1.0312142277890721,0.8675564917204688,-0.43467025072821996,0.03639344262295082,0.2747643251179597,0.014213201631890403
vol02,86,body,body,standard,0.12196,0.1211,0,356,0.03264,0.02801,0.5272,0.7857,9.0,0.015621076529650809,0.07775919732441472,0.0,5.0,6.0,0.0,0.0,0.0,0.0,0.0,0.15054955241892778,0.04281380639181753,0.1392218552606824,0.15789065378871628,0.0,0.726490090486134,0.6887570062644247,-0.13467656726794272,1.0053867433953152,1.026691199282879,-0.3907474607138422,0.03626772172766238,0.2968800443482123,0.7574805175855732
vol02,87,body,body,standard,0.11009,0.11009,0,400,0.03124,0.0237,0.5303,0.8054,9.0,0.011941489670218701,0.07786711807024968,0.0,5.0,9.0,0.0,0.0,0.0,0.0,0.0,0.1366829652665007,0.07242084614987422,0.12273596812814952,0.15007336107923566,0.0,0.7205770690964313,0.6420436055971364,-0.28186052596515077,0.9183114070146711,1.0526655606794753,-0.5899227757199735,0.037422713960299385,0.32998685729450233,0.38358898417996706
vol02,88,body,body,standard,0.11071,0.10403,1,330,0.03247,0.02886,0.5571,0.7637,9.0,0.02806101604673261,0.07904642409033877,0.0,6.0,7.0,0.0,0.0,0.0,0.0,10.0,0.13141024853134098,0.21345986241812434,0.053479032668916765,0.14910193035468067,0.0,0.6721787061212648,0.3730417754569191,-0.06067242757863837,1.0714874637965506,1.0839696966948242,-0.3415229060731852,0.0368798955613577,0.267194281022607,0.26038663767548376
vol02,89,body,body,standard,0.12059,0.11761,0,400,0.03045,0.02272,0.5322,0.803,9.0,0.007709962958980101,0.07740849810685739,0.0,6.0,8.0,0.0,0.0,0.0,0.0,0.0,0.15042723538219896,0.07495862550537667,0.133066362834132,0.16828636216391318,0.0,0.7181369902458338,0.6530612244897959,-0.29187016886519934,1.1402575117665774,0.9873154355470191,-0.4591000519550408,0.0366051182377713,0.2971114292375961,0.02246540739192893
vol02,90,body,body,standard,0.12649,0.12168,1,410,0.03278,0.02358,0.5004,0.7712,9.0,0.015517937819183704,0.07721202003338898,0.0,5.0,6.0,0.0,0.0,0.0,0.0,0.0,0.15333015206632483,0.05847251114273273,0.14007565706433128,0.17371662779375466,0.0,0.7006383208914855,0.6777020447906524,-0.22672401808157783,0.9730984914169148,0.9807193420854485,-0.37514662196861825,0.03700097370983447,0.33861029831205774,0.03084731906382799
vol02,91,body,body,standard,0.10721,0.10542,0,436,0.02902,0.02364,0.534,0.716,9.0,0.011368795290748225,0.07766990291262135,0.0,6.0,11.0,0.0,0.0,0.0,0.0,10.0,0.138146688540023,0.04876206217713941,0.12286984281369563,0.14717390053510807,0.0,0.7034018041517227,0.6654711444408217,-0.24060560999832215,0.9950088480199847,0.9919160226763545,-0.35897533441678026,0.036843821323769156,0.27332232716481203,0.21987944977249926
vol02,92,body,body,standard,0.11028,0.10445,1,458,0.03023,0.02171,0.511,0.7367,9.0,0.014964110051670516,0.07799325463743677,0.0,6.0,11.0,0.0,0.0,0.0,0.0,0.0,0.13453201863479303,0.04247959940541655,0.12526272416608702,0.14120319911002202,0.0,0.6824880797572606,0.6479193758127438,-0.20660646703579003,1.028567118980923,0.9999999927156954,-0.3211902121565937,0.03706111833550065,0.2579482729868053,0.015378921628929319
vol02,93,body,body,standard,0.09999,0.09999,0,318,0.0325,0.02654,0.6197,0.8066,9.0,0.013467982063080867,0.07730913313054619,0.0,6.0,41.0,0.0,0.0,0.0,0.0,10.0,0.13636329318839557,0.3153859655723956,0.049457339147916654,0.17152432460864778,0.0,0.7121294189867475,0.38576535586610333,0.3189426090033197,0.31383144795355883,1.0238646760493935,-0.343721168233895,0.03704907377315567,0.37662395054849346,0.22057823106565863
vol02,94,body,body,standard,0.10536,0.10509,0,394,0.03136,0.02462,0.5952,0.8128,9.0,0.018161020252794462,0.07804674457429048,0.0,6.0,12.0,0.0,0.0,0.0,0.0,0.0,0.13830793532118607,0.058979144568815686,0.12709491005894252,0.15063940261958567,0.0,0.7606615390170801,0.7240818979525512,-0.1646569446956453,1.0725627091787093,0.9049243337740126,-0.3746022072985851,0.03672408189795255,0.38808040207724886,0.3470457191294759
vol02,95,body,body,standard,0.11035,0.10853,0,408,0.03054,0.02384,0.5534,0.8083,9.0,0.012492281639405883,0.07769863250587886,0.0,18.0,21.0,0.0,0.0,0.0,0.0,10.0,0.14919267172854792,0.1110998140712695,0.10438932580493379,0.16525752131332347,0.0,0.7836618294707963,0.7686809616634178,-0.1762110023281313,1.0166934917863306,1.0834671867493448,-0.31468390155383213,0.037037037037037035,0.32315883299721526,0.02542873952176465
vol02,96,body,body,standard,0.1062,0.10553,0,382,0.03111,0.0263,0.5236,0.8072,9.0,0.013387704558236816,0.07742242716114991,0.0,12.0,15.0,0.0,0.0,0.0,0.0,10.0,0.13563383729392472,0.09947491683541872,0.11657950998577186,0.1570813160001525,0.0,0.7473896449917189,0.6843810758263124,-0.2653508329442664,1.2007616533648868,0.9999999923557958,-0.4341299591059042,0.03629293583927414,0.31568911023791607,0.31283798068638635
vol02,97,body,body,standard,0.11434,0.10995,1,365,0.03169,0.0251,0.5106,0.8024,9.0,0.01749376422880146,0.079845950598172,0.0,8.0,13.0,0.0,0.0,0.0,0.0,10.0,0.14047180011840787,0.1750056080239363,0.07440038066348456,0.1601167286078562,0.0,0.7053327583728619,0.4514877102199224,0.08370934879705288,1.0176186200222428,1.0656075980364494,-0.29023938501545277,0.036545924967658475,0.327317325809506,0.2198291036636895
vol02,98,body,body,standard,0.11524,0.11148,1,373,0.03141,0.02794,0.5171,0.8112,9.0,0.016463025981237948,0.07648371921046529,0.0,6.0,9.0,0.0,0.0,0.0,0.0,10.0,0.1364297642120372,0.04683966449670189,0.12133615495842873,0.14653012627594553,0.0,0.6901626367299941,0.6502590673575129,-0.10154256436316762,0.8907688429348609,0.9890690693106576,-0.17591417504037765,0.03626943005181347,0.3005943900047369,0.852228500569801
vol02,99,body,body,standard,0.11262,0.11065,0,356,0.03233,0.02995,0.5964,0.7224,9.0,0.014807295288334696,0.08029513888888878,0.0,5.0,5.0,0.0,0.0,0.0,0.0,0.0,0.14547469109036032,0.05708584194557563,0.13539872929160976,0.1585323434039708,0.0,0.7822773786196386,0.7547354670150228,-0.08744089468909,1.050035507181141,0.9535767226067976,-0.31269473402629366,0.036577400391900716,0.18165170091225682,0.2202421968001694
vol02,100,body,body,standard,0.11774,0.11299,2,320,0.03396,0.03301,0.5842,0.8093,9.0,0.019493130930665237,0.0768909318846635,0.0,6.0,10.0,0.0,0.0,0.0,0.0,0.0,0.14302760744005286,0.22552487938947083,0.05951893793331392,0.17407314697841417,0.0,0.7509978953479933,0.6296538210320052,-0.0026118729207205704,1.0721369698431882,0.983233755337228,-0.3809326193472296,0.015676028739386023,0.31287201202499504,0.48276940805106766
vol02,101,body,body,standard,0.10031,0.10031,0,439,0.02723,0.02133,0.6897,0.8084,9.0,0.03436999983654278,0.07567619250441691,1.0,8.0,15.0,0.0,0.0,0.0,0.0,10.0,0.13405128190443433,0.2797883325893772,0.03352470950196412,0.16742596139678798,0.0,0.708661984512876,0.41458670988654783,0.019340442730733046,0.9225761509196398,1.0297114591108165,-0.3401388695397356,0.034359805510534844,0.2905051744322913,0.2148810777807731
vol02,102,body,body,standard,0.10115,0.10115,0,375,0.02705,0.02528,0.5192,0.7829,9.0,0.04381863886262859,0.078816686842138,0.0,10.0,13.0,0.0,0.0,0.0,0.0,10.0,0.1279779472727611,0.40302311855245804,0.030998779167530462,0.16815259306491773,0.0,0.6527128330735545,0.3483633934535738,0.31875252631197526,1.0116257300046554,0.992142193419095,-0.33522979735725206,0.036072144288577156,0.20377430488163176,0.6815610676661518
vol02,103,body,body,standard,0.11129,0.11065,0,355,0.03099,0.02507,0.581,0.7982,9.0,0.03862092178399436,0.07892956394258838,0.0,7.5,14.0,0.0,0.0,0.0,0.0,10.0,0.14332888697161575,0.17295644900942456,0.09332579718336395,0.17870095614902737,0.0,0.674726160383925,0.4549950544015826,0.013157053147941918,0.9122721079170988,1.0117267309679472,-0.41348056186745424,0.036597428288822946,0.3812556539772835,0.2214983713355049
vol02,104,body,body,standard,0.11767,0.11767,0,362,0.03242,0.02652,0.5455,0.8042,9.0,0.02256668583330524,0.07771918716013229,0.0,7.0,15.0,0.0,0.0,0.0,0.0,10.0,0.15633723571489885,0.05578746365629027,0.14292883348870777,0.17594648612137287,0.0,0.7464990627412064,0.6933509758518028,-0.25957302830846224,0.975922099134055,0.9669306109761395,-0.3578748996399181,0.03572609990076083,0.46043241970716603,0.01587382570010617
vol02,105,body,body,standard,0.11381,0.11304,0,337,0.03363,0.02508,0.5452,0.7979,9.0,0.03254525287713195,0.07825335062689148,0.0,5.0,9.0,0.0,0.0,0.0,0.0,0.0,0.1502108779980239,0.240086000721593,0.05895682227043174,0.1766051408908552,0.0,0.7176897176897178,0.4908424908424908,0.203167775192377,1.0557274746253642,0.9999999938993369,-0.2847215450828199,0.036297036297036296,0.417119873369611,0.18937751244696127
vol02,106,body,body,standard,0.13114,0.12796,1,403,0.03243,0.02379,0.5543,0.7997,9.0,0.02185792349726776,0.07637729549248748,0.0,6.0,6.0,0.0,0.0,0.0,0.0,0.0,0.16683472468585453,0.037848236980876096,0.15679787901716846,0.1752422017008881,0.0,0.7485419220624837,0.7091273821464393,-0.07704142653949397,0.9653483444139892,1.0304982819093573,-0.1985096107543999,0.03610832497492478,0.3214389115666833,0.30806270265233365
vol02,107,body,body,standard,0.10603,0.10381,1,362,0.03006,0.02298,0.4935,0.7924,9.0,0.027814151013996265,0.07935819601040764,0.0,5.0,6.0,0.0,0.0,0.0,0.0,0.0,0.13275964633397122,0.2604560939841259,0.04359614184941696,0.16832754824021198,0.0,0.6447579591684396,0.2851864292912328,0.10235222426841337,0.908412274770469,0.320568885657283,-0.3181755075598094,0.03527040644944575,0.4046767629495961,0.020925077541674445
vol02,108,body,body,standard,0.11107,0.10793,0,417,0.02865,0.02212,0.5442,0.8001,9.0,0.021616442159832022,0.07679465776293813,0.0,6.0,9.0,0.0,0.0,0.0,0.0,10.0,0.13523820708988016,0.19517272010020806,0.062178145648646745,0.156074359857878,0.0,0.6741564618207692,0.31749241658240646,0.19067766157787755,0.43551974670263843,1.0022339736832808,-0.5281274952208994,0.01482979440512302,0.2888176847197635,0.47311109124980505
vol02,109,body,body,standard,0.12641,0.12367,2,335,0.03122,0.02732,0.6031,0.8047,9.0,0.022064245905611218,0.07810578884707531,0.0,7.0,41.0,0.0,0.0,0.0,0.0,10.0,0.16032224463061168,0.1571223757647309,0.09956043526676696,0.18390706942760265,0.0,0.7259677478873758,0.49618067087346396,0.13252291213024214,1.0551151268553483,0.9974495635362808,-0.31572275530197813,0.036200597808037194,0.35322564488079083,0.21609215245849775
vol02,110,body,body,standard,0.14005,0.13571,2,332,0.03246,0.03212,0.5941,0.7728,9.0,0.018644160335496953,0.0773937341990522,0.0,7.0,9.0,0.0,0.0,0.0,0.0,10.0,0.17697576084696323,0.03484097563218039,0.16894491312932433,0.18713283305349643,0.0,0.7406794008317691,0.6962570387545545,-0.33902476119255587,0.9999999943452584,1.0564749465257894,-0.5511153902939995,0.03676714143756211,0.3221123617548246,0.21921764843027686
vol02,111,body,body,standard,0.11035,0.1078,0,310,0.03296,0.02633,0.5715,0.7726,9.0,0.059717674032385835,0.07804903831598893,0.0,18.0,41.0,0.0,0.0,0.0,0.0,10.0,0.15182726436046468,0.314662698251343,0.04184029137620428,0.20997346004414205,0.0,0.755030329930463,0.6954061251664447,0.06324500690138196,1.0256097654370793,0.8793164199155801,-0.28892023433495706,0.03695073235685752,0.24332816784997516,0.8280536205652247
vol02,112,body,body,standard,0.12027,0.1191,0,352,0.03299,0.03171,0.5407,0.7924,9.0,0.019185262855669363,0.07806218630431151,0.0,7.5,24.0,0.0,0.0,0.0,0.0,10.0,0.16051624697886568,0.04499870177827335,0.14699187181038362,0.16994413632344668,0.0,0.732869142351901,0.6942970822281167,-0.2579472979364393,0.9604592131631782,1.0497757188314547,-0.3444835222035258,0.03680371352785146,0.3594333429456058,0.2097813833535737
vol02,113,body,body,standard,0.13122,0.12888,0,360,0.03266,0.02589,0.5011,0.7737,9.0,0.017730203504976037,0.07830551989730423,0.0,6.0,7.0,0.0,0.0,0.0,0.0,0.0,0.16667767720925047,0.055353432515935316,0.15392028414770834,0.17878167594928673,0.0,0.7453071198489393,0.6951016327890703,-0.06435296301463056,0.9048381065073505,1.03029400078788,-0.2520447137542406,0.03798733755414862,0.25506795921544234,0.3640987663491547
vol02,114,body,body,standard,0.11887,0.11782,0,330,0.03313,0.02714,0.5495,0.8072,9.0,0.05512112287459006,0.07558670358507621,0.0,7.0,12.0,0.0,0.0,0.0,0.0,10.0,0.15253882142372227,0.31550544419608767,0.032410767568265025,0.1836832928421505,0.0,0.7028484307600773,0.4210174029451138,0.015265735143552941,1.0420866429952107,1.0554724535742193,-0.42989154482778263,0.03681392235609103,0.35944746840904973,0.3120138186675084
vol02,115,body,body,standard,0.13163,0.12657,0,366,0.03253,0.02723,0.5216,0.758,9.0,0.026071026722785565,0.07800912765418717,0.0,5.0,40.0,0.0,0.0,0.0,0.0,10.0,0.17122039531489833,0.03699927609762666,0.16369144113465925,0.18133846036013568,0.0,0.7465796363904561,0.7162296714238301,-0.14461162360568242,1.0686500416560105,0.9646539682750129,-0.2613745407279641,0.036176568204447396,0.2263570605739497,0.66783703923007
vol02,116,body,body,standard,0.12103,0.11487,1,324,0.03266,0.02729,0.5495,0.7991,9.0,0.017715373368975,0.07723391269183119,0.0,8.0,18.0,0.0,0.0,0.0,0.0,10.0,0.15324684789497744,0.29848970539386993,0.06090799190967352,0.19557925136065757,0.0,0.7270169202858308,0.5964678440519827,0.0698493042433698,1.0813349651024209,1.1603618829849487,-0.3407120671149116,0.03698767077640786,0.33174028164229447,0.19033739254451387
vol02,117,body,body,standard,0.1227,0.12228,0,383,0.03157,0.02518,0.6603,0.7989,9.0,0.012761605790627736,0.07794287080221439,0.0,8.0,14.0,0.0,0.0,0.0,0.0,10.0,0.1625893691686286,0.06587706583101806,0.14704014190171105,0.17838398020927357,0.0,0.7588715335475057,0.730142904619475,-0.16081624366790181,1.0753278283818961,0.9585581569922342,-0.25221373180553025,0.013293452974410104,0.3417765586278533,0.4853221176185653
vol02,118,body,body,standard,0.12426,0.11916,0,465,0.02909,0.02179,0.5507,0.7788,9.0,0.03862107219239036,0.07818009249398886,0.0,7.0,15.0,0.0,0.0,0.0,0.0,10.0,0.15999871479043215,0.051590305058666755,0.14665407319952775,0.17336177019461477,0.0,0.7147474747474747,0.6664462809917355,-0.10289388885628549,1.0056126619435979,0.9634600252917304,-0.3304581966276717,0.013223140495867768,0.21020397318309197,1.14277992017096
vol02,119,body,body,standard,0.10974,0.10803,0,352,0.03233,0.02571,0.6303,0.7407,9.0,0.06518181898685378,0.0779485660864411,0.0,18.0,64.0,0.0,0.0,0.0,0.0,10.0,0.15166799420184318,0.08428515234146587,0.13869005847953217,0.18371523178807947,0.0,0.7230000000000001,0.6476666666666666,-0.3378242718035311,1.056887149292999,1.2516970753781145,-0.5027499446596055,0.036,0.33627823575424953,0.31056425077608163
vol02,120,body,body,standard,0.09862,0.09731,0,320,0.03168,0.02651,0.6359,0.8099,9.0,0.02150537634408575,0.07807933194154489,0.0,6.0,10.0,0.0,0.0,0.0,0.0,0.0,0.1318008273118769,0.2628205029821156,0.04726347762551087,0.16269525739349014,0.0,0.7350227853729021,0.6085361787262421,0.1765363088120463,0.987231000189199,1.1168959888675623,-0.44369889880332447,0.03634544848282761,0.4476630698192574,0.2747338830759284
vol02,121,body,body,standard,0.12552,0.1242,0,403,0.03209,0.02223,0.5207,0.7641,9.0,0.013897396178583937,0.07823856348867037,0.0,6.0,6.0,0.0,0.0,0.0,0.0,0.0,0.1561466444213751,0.037620985936447617,0.14667202609451568,0.16680308113983272,0.0,0.7281949498290881,0.6890506119748594,-0.1374412436024996,1.0132243952068174,1.0627867745583444,-0.3351821371675684,0.03638769434336751,0.20611399490612264,0.44680205971228165
vol02,122,body,body,standard,0.13734,0.13562,0,362,0.03326,0.024,0.6315,0.8048,9.0,0.051584818880695944,0.07700076444615282,0.0,7.0,14.0,0.0,0.0,0.0,0.0,10.0,0.1725419599149866,0.1548198598860457,0.11559658479590403,0.20295819820865407,0.0,0.7451502050770425,0.6657798470236116,0.07964225017101227,1.0456211800159547,1.088885181191984,-0.3421057167002793,0.03658131027602261,0.23104043419492706,0.45052591807103126
vol02,123,body,body,standard,0.11814,0.11747,0,423,0.0312,0.02273,0.5506,0.7305,9.0,0.018251987252555352,0.07804459691252144,0.0,6.0,7.0,0.0,0.0,0.0,0.0,0.0,0.1500249476118128,0.07464032121121271,0.1333256087526046,0.16698449843521765,0.0,0.7542501014123981,0.7112512446067043,-0.19196816748678402,0.9711584273859906,1.1044982622431787,-0.2966486261555946,0.036176568204447396,0.28393620249577395,0.3116773388620614
vol02,124,body,body,standard,0.11935,0.11278,0,323,0.03204,0.02885,0.6773,0.8021,9.0,0.024529222362116698,0.07650501672240803,0.0,6.0,6.0,0.0,0.0,0.0,0.0,0.0,0.147938818110933,0.2400292738463676,0.06733321673565362,0.175856683785326,0.0,0.7219102154681937,0.47142385199867853,0.26625842569949315,1.0791331457479785,0.9999999938635648,-0.23339835958813357,0.013214403700033036,0.18635712563394588,0.5277854365253167
vol02,125,body,body,standard,0.12292,0.12076,0,361,0.0312,0.0238,0.6906,0.7813,9.0,0.014352905210296208,0.07753168719570401,0.0,9.0,17.0,0.0,0.0,0.0,0.0,10.0,0.16330868712150362,0.18074755970321124,0.08750476860128509,0.19607854201817398,0.0,0.7301025696008006,0.43711804438726276,0.15794836562399783,1.0357246857845763,1.0723709594221804,-0.38739095695524683,0.012865873271148279,0.2754849312764016,0.4852762697966674
vol02,126,body,body,standard,0.12829,0.12648,0,340,0.03355,0.02922,0.5543,0.7523,9.0,0.04871225060845365,0.07825906886689288,0.0,7.5,12.0,0.0,0.0,0.0,0.0,10.0,0.15995755981868562,0.049723231896308444,0.14902602175830637,0.17625580495356036,0.0,0.7374634502923976,0.6569078947368421,-0.15120449531656188,1.0025570528594505,0.9999999937081628,-0.49698701839613757,0.03684210526315789,0.21022667075179902,0.6466510310857769
vol02,127,body,body,standard,0.11598,0.11598,0,366,0.03221,0.02578,0.5483,0.8023,9.0,0.033784578445662176,0.07820577651403642,0.0,9.0,18.0,0.0,0.0,0.0,0.0,10.0,0.14789609923304903,0.08272403533213264,0.12390121132754951,0.16592527418562777,0.0,0.7548471290082027,0.6936241610738255,-0.07819372712599663,0.9978156274606728,0.8359981825929444,-0.3205858077900834,0.03657718120805369,0.37051519378661574,0.21562479329205356
vol02,128,body,body,standard,0.11857,0.11753,0,358,0.03293,0.02469,0.6004,0.7967,9.0,0.015223248398859943,0.07782426778242678,0.0,6.0,8.0,0.0,0.0,0.0,0.0,0.0,0.15137132436711737,0.18189153872946834,0.07713905522288755,0.17625285826813805,0.0,0.7393361425297553,0.6057884231536926,0.15419759971073246,0.4968385298872331,0.9730189732319636,-0.2986065176930924,0.03626081170991351,0.25390543133461907,0.5232278212536093
vol02,129,body,body,standard,0.12214,0.12109,1,422,0.03087,0.02345,0.5834,0.8074,9.0,0.027126629409639915,0.07846481876332623,0.0,6.0,12.0,0.0,0.0,0.0,0.0,10.0,0.15548361948779968,0.0433114073046703,0.14601967799642218,0.16865761227756332,0.0,0.7473759184285501,0.6987179487179487,-0.2130525361066941,1.0125876155277511,1.0737081163959568,-0.508314344950042,0.03609986504723347,0.25865227302100374,0.3784733814405879
vol02,130,body,body,standard,0.1212,0.11964,0,395,0.03096,0.02317,0.5771,0.8032,9.0,0.033720494978150856,0.07708508845829823,0.0,6.0,9.0,0.0,0.0,0.0,0.0,0.0,0.14983511530178506,0.16111678014099842,0.08885568507577313,0.1763284632473366,0.0,0.7178480634066098,0.5272543741588156,0.09393135658737554,0.9943445600571061,1.0462065160367455,-0.29545737574047093,0.037348586810228804,0.2907383064037602,0.2861583024727294
vol02,131,body,body,standard,0.11277,0.11239,0,410,0.03174,0.02351,0.6499,0.7245,9.0,0.01702670155140231,0.07778888449809691,0.0,10.0,18.0,0.0,0.0,0.0,0.0,10.0,0.14889741656783548,0.06635251047555248,0.12789377532143453,0.16416029688711642,0.0,0.7667737528156272,0.7271518777002326,-0.11001356342179813,0.8495195748035146,1.047984855858182,-0.3262433841532187,0.036556995679627786,0.26593312894567184,0.3083290769900603
vol02,132,body,body,standard,0.11352,0.1126,0,463,0.02657,0.02301,0.5854,0.7894,9.0,0.010462575384720412,0.07655421709486278,0.0,6.0,12.0,0.0,0.0,0.0,0.0,10.0,0.1440728397127524,0.145898299453206,0.08858651440499762,0.16638245437343588,0.0,0.7334135316418781,0.6837270341207349,0.1318628777104599,1.1220059484013096,1.0514517697478132,-0.24222549409653923,0.03477690288713911,0.2829848542773589,0.2923201389051805
vol02,133,body,body,standard,0.12402,0.12402,0,421,0.03231,0.02208,0.7379,0.8025,9.0,0.016277229803878388,0.07625,0.0,6.0,9.0,0.0,0.0,0.0,0.0,0.0,0.1690964200035695,0.047281052954864414,0.15741677768058104,0.18351929940247916,0.0,0.7706707696816499,0.7167820639630729,-0.14771559636718787,0.9999999941034657,0.9433393961412057,-0.25333370386377607,0.03461918892185954,0.42492135758677446,0.37866887431782587
vol02,134,body,body,standard,0.11917,0.11874,0,361,0.03323,0.02542,0.6415,0.8033,9.0,0.026250101341031923,0.07816128024939954,0.0,7.0,10.0,0.0,0.0,0.0,0.0,10.0,0.159551916793775,0.04549111110746032,0.15172912634645083,0.17303255924235092,0.0,0.7157416638971973,0.6952475905616484,-0.31556339629431523,1.0023671755011445,0.9596359928511581,-0.49147833265864527,0.035227650382186775,0.42502879102875785,0.3751364617438425
vol02,135,body,body,standard,0.12808,0.12808,0,326,0.03302,0.03433,0.573,0.7965,9.0,0.028781448830401363,0.07792539875176098,0.0,10.5,19.0,0.0,0.0,0.0,0.0,10.0,0.1697628256074522,0.050244587886180095,0.15867124812088793,0.18431835063929322,0.0,0.7704392078769777,0.7477597079322934,-0.18740213643311174,0.9981670372856817,1.0824693271503998,-0.3362190409840323,0.036176568204447396,0.39377395196536025,0.21550446518630528
vol02,136,body,body,standard,0.11826,0.11826,0,333,0.03165,0.0306,0.6236,0.8009,9.0,0.02106834186648818,0.07711651299245599,0.0,6.5,10.0,0.0,0.0,0.0,0.0,0.0,0.1514779954569393,0.17431799042261814,0.10054886445181435,0.1831880868630469,0.0,0.7291643770377697,0.5878667985492911,0.2431967054248371,1.143063327501219,1.057804512157486,-0.2974671174838197,0.03560830860534125,0.34919702432233524,0.21403855270087077
vol02,137,body,body,standard,0.13783,0.13523,1,371,0.03278,0.02904,0.554,0.804,9.0,0.013388150026966092,0.07910323892191717,0.0,7.0,7.0,0.0,0.0,0.0,0.0,10.0,0.17374246208647762,0.044727654768878466,0.1638059992208804,0.1837827183853674,0.0,0.738962472406181,0.6804635761589404,-0.18167506628696428,0.9530907815337528,0.9999999942801119,-0.236592851341543,0.03642384105960265,0.403795571418192,0.1868184804589711
vol02,138,body,body,standard,0.13026,0.12734,0,320,0.03317,0.03076,0.6203,0.805,9.0,0.03251415181643467,0.07670126047053757,0.0,7.0,8.0,0.0,0.0,0.0,0.0,10.0,0.1651584516425912,0.2914588813749976,0.042249536630572626,0.20940678135427282,0.0,0.7271052146674037,0.5691542288557214,-0.09498577832717159,1.0117686051199317,1.035617257131135,-0.5121664765914042,0.03648424543946932,0.42104268944923195,0.2190814429025
vol02,139,body,body,standard,0.12394,0.12394,0,369,0.03272,0.02814,0.6143,0.8003,9.0,0.01261473223510835,0.07878787878787878,0.0,6.0,11.0,0.0,0.0,0.0,0.0,0.0,0.16543817386798365,0.04510021796659851,0.1572607441851183,0.18332055802544842,0.0,0.7787895821622635,0.7676222596964587,-0.2214088215457573,0.9960813608996938,1.0517391330692871,-0.3178446827822995,0.03608768971332209,0.43915505792606824,0.28247797289451376
vol02,140,body,body,standard,0.11996,0.11906,0,330,0.03342,0.03047,0.5801,0.7974,9.0,0.029039686109413505,0.07595993322203673,0.0,6.0,7.0,0.0,0.0,0.0,0.0,0.0,0.1488777577941377,0.15473840138904169,0.10222433291248229,0.1704795589717244,0.0,0.7435897435897436,0.6802149815250252,0.10345465224244424,1.0637791689916294,1.0237601463235728,-0.35637498983855,0.036614040980853205,0.37218573273804867,0.2169977713348074
vol02,141,body,body,standard,0.13556,0.13255,0,363,0.03413,0.0268,0.7154,0.7658,9.0,0.017808313734283678,0.07804033761784791,0.0,7.0,7.0,0.0,0.0,0.0,0.0,10.0,0.1833985668534631,0.06023368560377174,0.16819767719734263,0.19945554334145837,0.0,0.7814207650273224,0.7694881231180997,-0.10645234817543561,1.09948788356004,0.9271805888334096,-0.2931872698507265,0.013382402141184342,0.29544425412596714,0.5190683962639221
vol02,142,body,body,standard,0.1222,0.11898,0,342,0.0336,0.0276,0.5521,0.7923,9.0,0.024791454590090325,0.07737348389795065,0.0,6.0,8.0,0.0,0.0,0.0,0.0,0.0,0.1453141859226836,0.28420413216588186,0.04466269074753718,0.17516860724056754,0.0,0.6308243727598566,0.1693548387096774,0.18148785739279388,1.0605407828895002,1.019475237298999,-0.39024141040290444,0.037298387096774195,0.32606771274341284,0.3114282595457568
vol02,143,body,body,standard,0.11704,0.11551,0,437,0.03136,0.02206,0.5307,0.7293,9.0,0.03046248831853921,0.07828719723183392,0.0,6.0,7.0,0.0,0.0,0.0,0.0,10.0,0.14768050423629064,0.040051824609701886,0.1402622579712937,0.15911341191734168,0.0,0.7397542518918109,0.6877950101146325,-0.052276269741936526,1.046109499220551,0.9999999932421249,-0.22850836068291286,0.034726904922454484,0.2540971450948829,0.8532402453298158
vol02,144,body,body,standard,0.11227,0.11147,0,447,0.03095,0.02212,0.563,0.7697,9.0,0.023465348104378916,0.07721202003338898,0.0,6.0,6.0,0.0,0.0,0.0,0.0,10.0,0.14060843251582666,0.06292287228011029,0.1299062002888958,0.1538495570965539,0.0,0.7487890552782399,0.681198003327787,-0.057317979828692675,1.1055474542849155,0.9999999927933723,-0.29123591445671576,0.03627287853577371,0.26768792284032317,0.024330133760124918
vol02,145,body,body,standard,0.10341,0.10341,0,390,0.03073,0.0209,0.6162,0.8045,9.0,0.022416050919887354,0.07846481876332623,0.0,5.0,6.0,0.0,0.0,0.0,0.0,0.0,0.1336611277899743,0.21935550742973117,0.07104113076554067,0.1583398688330252,0.0,0.7464855588417864,0.5803483404534998,0.07146711400360187,1.0729086963375636,1.0704195198633368,-0.3862872291724788,0.03581991455800197,0.38428500356745043,0.2162788797974583
vol02,146,body,body,standard,0.11683,0.11594,0,443,0.0301,0.02281,0.5378,0.7677,9.0,0.031232109652973124,0.07689057879171948,0.0,5.0,6.0,0.0,0.0,0.0,0.0,0.0,0.14933299044917775,0.052828385574062026,0.13928942351468246,0.1676449546356216,0.0,0.7102966841186736,0.6528141361256544,-0.2552592169845223,0.9999999933325339,1.1177670646943154,-0.3994934186125046,0.03599476439790576,0.2621730436444236,0.36915613891005583
vol02,147,body,body,standard,0.11365,0.11295,0,391,0.03215,0.02411,0.6177,0.8035,9.0,0.014083575804390765,0.07920792079207921,0.0,5.0,9.0,0.0,0.0,0.0,0.0,0.0,0.15310216631006582,0.05590332671223965,0.13880202292024313,0.1661897449990487,0.0,0.777056042726715,0.7677817473205586,-0.17743375206687315,0.9408857088918873,1.0049432573030068,-0.23812618327005833,0.03605066580058461,0.3698813446767599,0.4255391575251533
vol02,148,body,body,standard,0.11014,0.10544,1,389,0.03075,0.02588,0.5351,0.7975,9.0,0.016291934262293688,0.07595993322203673,0.0,5.0,6.0,0.0,0.0,0.0,0.0,0.0,0.1314260352340564,0.18055149832082834,0.07221954462839192,0.158130808751371,0.0,0.6347181332461019,0.3156689564932941,0.2511725112093007,0.8853154987533951,1.073606053084398,-0.30775667322124334,0.03631010794896958,0.284940595180364,0.38120441289118556
vol02,149,body,body,standard,0.10973,0.10948,0,438,0.02996,0.02046,0.6982,0.7873,9.0,0.0216310046914058,0.07715260017050299,0.0,5.0,6.0,0.0,0.0,0.0,0.0,0.0,0.15130359698705204,0.05423080108653424,0.1331260700019022,0.16387223347174182,0.0,0.7784805444592395,0.7420106524633822,-0.24672387403148413,0.8674742705658803,1.00656752748272,-0.3509687232687838,0.036284953395472705,0.301266652405977,0.2973963415718233
vol02,150,body,body,standard,0.09921,0.09768,2,459,0.02787,0.01967,0.572,0.7913,9.0,0.020506752249984498,0.07824267782426778,0.0,5.0,9.0,0.0,0.0,0.0,0.0,0.0,0.12657238348236788,0.1412686771496821,0.0976352777945346,0.14782388071353292,0.0,0.716876797168768,0.6220968812209688,-0.04788915957212976,1.0347486093066594,1.094332386301812,-0.41947894207274944,0.035832780358327807,0.34787375350212857,0.3376627194852138
vol02,151,body,body,standard,0.1097,0.1097,0,384,0.02788,0.02449,0.6831,0.7081,9.0,0.02154725095386036,0.0788903337667967,0.0,5.0,9.0,0.0,0.0,0.0,0.0,0.0,0.14461610544472028,0.04857612469930584,0.12906256631875446,0.15329809194914437,0.0,0.6724244743267374,0.634306329944244,0.16686888920806714,0.9999999932233359,0.9622646988912186,-0.08156969762235777,0.013119055428009183,0.38708985989476175,0.13360410449785923
vol02,152,body,body,standard,0.09459,0.09459,0,395,0.02594,0.0238,0.5436,0.7843,9.0,0.023578102717652146,0.07766179540709812,0.0,6.0,14.0,0.0,0.0,0.0,0.0,0.0,0.11932658827019144,0.1380884054091124,0.08042375582203484,0.13451006141130123,0.0,0.6484642883198366,0.4139855548260013,0.2838990858492234,0.6342262572757326,0.9891172813609034,-0.21779227170703117,0.017071569271175313,0.34268406715737876,0.43330555084558203
vol02,153,body,body,standard,0.11168,0.11168,0,476,0.02316,0.0236,0.7006,0.7627,9.0,0.01636656306026613,0.07913866632001948,0.0,6.0,40.0,0.0,0.0,0.0,0.0,10.0,0.1516459481323392,0.058073835832085356,0.13932312467194596,0.1647895353751206,0.0,0.7561217736598279,0.700529450694904,-0.07282505866369042,0.9782076485077821,0.9612254039624432,-0.19426980031029753,0.0357379219060225,0.3376107357855295,0.37991179316756785
vol02,154,body,body,standard,0.10279,0.10068,0,390,0.02713,0.02429,0.5293,0.7247,9.0,0.018711865920500333,0.07747068676716917,0.0,5.5,8.0,0.0,0.0,0.0,0.0,0.0,0.13145746257927104,0.28418055705229606,0.02898742554599603,0.15394724402004348,0.0,0.6247518199867638,0.1128391793514229,0.11830050796944068,0.8771500987911894,0.20093886556538984,-0.43626232174838947,0.03540701522170748,0.2809842252136492,0.7668559186705153
vol02,155,body,body,standard,0.09039,0.08981,0,431,0.02552,0.02186,0.6052,0.8057,9.0,0.01349046603741194,0.07844420773658925,0.0,5.0,42.0,0.0,0.0,0.0,0.0,10.0,0.12439160379467183,0.12160563332955357,0.08725729870139926,0.1389274286638166,0.0,0.7283102533347872,0.5511939810271508,0.09281418984433934,0.6653002454723365,1.0592632796160069,-0.27809698470682387,0.035655871769708865,0.3779632543760137,0.26945137373222483
vol02,156,body,body,standard,0.10451,0.10276,0,432,0.02742,0.02337,0.5831,0.7813,9.0,0.01514434348189944,0.07679465776293823,0.0,5.0,6.0,0.0,0.0,0.0,0.0,0.0,0.13815233438383176,0.0559183103796575,0.1304589394504538,0.15553464084036675,0.0,0.751813170873223,0.6883159268929504,-0.05325084819541693,1.0471193498909916,1.0900276927122319,-0.1764904673253786,0.03622715404699739,0.23520685724496634,0.6622522898889349
vol02,157,body,body,standard,0.09754,0.09713,0,386,0.02888,0.02559,0.5569,0.7932,9.0,0.021590692443389535,0.07790244090166869,0.0,11.0,44.0,0.0,0.0,0.0,0.0,10.0,0.13074011649142991,0.09821367403142671,0.09829243631534468,0.14164713694242637,0.0,0.6970267079828832,0.5966135458167331,-0.03654464103880857,0.999999992678075,1.037129699532706,-0.25969868448208755,0.035856573705179286,0.44047004583361893,0.21453634258460394
vol02,158,body,body,standard,0.09888,0.09888,0,413,0.02892,0.02301,0.5318,0.7896,9.0,0.01579640329156765,0.07760545532870276,0.0,5.5,41.0,0.0,0.0,0.0,0.0,10.0,0.1289256264761612,0.03939957323215107,0.12011672576832151,0.1381727158948686,0.0,0.6639332151300237,0.6469414893617021,-0.24974599801033998,1.007092831556959,0.9241513038914894,-0.3396604861687299,0.03723404255319149,0.3443192053415124,0.1908246126764618
vol02,159,body,body,standard,0.10037,0.09656,0,398,0.02712,0.0195,0.5148,0.7657,9.0,0.05914917001958573,0.07759379089643437,0.0,7.5,40.0,0.0,0.0,0.0,0.0,10.0,0.1283984524738746,0.2127598673460879,0.053975724873143095,0.14752091409916343,0.0,0.6786816947513299,0.5918982256444594,0.09149548918201544,0.39545918044796713,0.9313756779423277,-0.2804558890702866,0.03548711081352528,0.21797423815244443,0.7553053884370321
vol02,160,body,body,standard,0.10157,0.09741,0,448,0.02618,0.01878,0.5096,0.7318,9.0,0.01379246219763292,0.07688095551909047,0.0,6.0,43.0,0.0,0.0,0.0,0.0,10.0,0.12968675291936627,0.06862445336075745,0.11985378166340914,0.14325144638335888,0.0,0.680787191460974,0.6254169446297532,-0.1999681830927729,1.1510474054181972,0.9999999919648462,-0.302774246119951,0.03635757171447632,0.1598367545993823,0.6332049951910885
vol02,161,body,body,standard,0.10707,0.10197,1,335,0.03176,0.02801,0.5717,0.7909,9.0,0.013275076260255593,0.07905058522153759,0.0,7.0,41.0,0.0,0.0,0.0,0.0,10.0,0.14480125496187177,0.13799833843758327,0.0972178415096662,0.16772353575506802,0.0,0.7282684603227111,0.6477009593119418,0.05489807323862498,0.9999999931184258,1.1542019606303713,-0.37796961116829925,0.035395302679457494,0.2545347575269539,0.4429749453089226
vol02,162,body,body,standard,0.12333,0.12119,1,376,0.03277,0.02723,0.576,0.7791,9.0,0.014989456542173804,0.07666527021365731,0.0,6.0,10.0,0.0,0.0,0.0,0.0,0.0,0.16079007125881503,0.06379672288408905,0.14458853496163493,0.1792589064295651,0.0,0.7337916759074443,0.6852960745176314,-0.14018360569228341,1.079773261649426,1.0443736023740091,-0.27734412551763676,0.03592814371257485,0.34952063573084763,0.4404134026326838
vol02,163,body,body,standard,0.1057,0.10424,0,392,0.03184,0.02443,0.5076,0.7246,9.0,0.018402889905508354,0.07974366785941824,0.0,5.0,40.0,0.0,0.0,0.0,0.0,10.0,0.13748918383122474,0.05824222321994237,0.12253126521100903,0.14867112566934076,0.0,0.6858582490459783,0.6425475158386129,-0.14852466508204895,0.8815591704512034,1.0171433569106518,-0.28517373662513973,0.038012670890296765,0.3169079704677798,0.022917061220162228
vol02,164,body,body,standard,0.11039,0.10788,0,441,0.02894,0.02379,0.5584,0.7738,9.0,0.021008778407967492,0.07679465776293833,0.0,5.0,5.0,0.0,0.0,0.0,0.0,0.0,0.14093846673642504,0.05016060171166732,0.1275134362014494,0.15407720205061937,0.0,0.686626746506986,0.6244178310046573,-0.03956118093616859,1.028863883793467,0.9999999929272558,-0.24548447922910255,0.036926147704590816,0.24391840560892097,0.7234741584226637
vol02,165,body,body,standard,0.09672,0.09518,0,354,0.03153,0.02303,0.5842,0.7775,9.0,0.008446566571973747,0.07803837953091684,0.0,5.0,6.0,0.0,0.0,0.0,0.0,0.0,0.12661197551865244,0.3310023057059582,0.02375294632505931,0.15884382008401543,0.0,0.7283665309416382,0.5635523275008254,0.09590294363385964,0.16493653755791163,0.9927113689202726,-0.2851998752561058,0.034664905909541105,0.30394582805150455,0.349481399890149
vol02,166,body,body,standard,0.10978,0.10752,1,387,0.03179,0.0255,0.5322,0.806,9.0,0.02122186076612691,0.07692025483752751,0.0,7.0,13.0,0.0,0.0,0.0,0.0,10.0,0.13954485560652752,0.05195838524325307,0.13143046551376134,0.15272339047115221,0.0,0.7279216286099275,0.6627335299901671,-0.11284886693433621,0.9999999926550815,0.9653460574501211,-0.49102329265636463,0.03638151425762045,0.33751802981948936,0.6323611881854979
vol02,167,body,body,standard,0.09761,0.09734,0,360,0.03169,0.02497,0.4946,0.7962,9.0,0.024572175576920766,0.077916487300904,0.0,5.0,8.0,0.0,0.0,0.0,0.0,0.0,0.13064841699571003,0.0592720048889253,0.11922483205858168,0.14250920732164638,0.0,0.6802683270328367,0.6661107404936625,-0.07832371806469235,0.918305009068724,1.0252585927699047,-0.19434070190654973,0.03702468312208139,0.3945980672533653,0.20518147166026376
vol02,168,body,body,standard,0.09585,0.09382,1,356,0.03201,0.02546,0.5551,0.8016,9.0,0.015647361361344623,0.07762846733507554,0.0,7.0,40.0,0.0,0.0,0.0,0.0,10.0,0.12580723119319873,0.13358991312419535,0.09069310982448694,0.14296811058231532,0.0,0.721759104886814,0.5051683894631543,-0.009253384364766899,1.0396032749679895,1.0692875016579937,-0.3838318956737373,0.03701233744581527,0.39441978393390653,0.029907839687648537
vol02,169,body,body,standard,0.10878,0.10878,0,472,0.02869,0.02133,0.5997,0.8044,9.0,0.019249241165439978,0.07884532529082292,0.0,6.0,6.0,0.0,0.0,0.0,0.0,0.0,0.14214226723975693,0.08836372048990308,0.12073035925779708,0.1615771812080537,0.0,0.7494034302759135,0.7026845637583893,-0.11543118626662498,0.9308091351157419,1.019928075991308,-0.291107350724091,0.03724832214765101,0.38174105652642476,0.2020548581099467
vol02,170,body,body,standard,0.1081,0.1081,0,471,0.02777,0.02314,0.5684,0.8053,9.0,0.027097239551914634,0.07762230766758497,0.0,8.0,10.0,0.0,0.0,0.0,0.0,10.0,0.14150989700371344,0.09270702223038478,0.12001810105260716,0.16434223315866264,0.0,0.7387457715326567,0.6905319504851121,-0.15065034610094688,1.0569067407944637,1.1038301899598222,-0.2993967217841386,0.036132485781197723,0.35772503270129774,0.37361373778667045
vol02,171,body,body,standard,0.09674,0.09621,0,449,0.02485,0.01992,0.5634,0.727,9.0,0.03491063778062468,0.07882200086617583,0.0,5.0,8.0,0.0,0.0,0.0,0.0,0.0,0.12471993306729805,0.08240463265175466,0.0988130043269793,0.1336469817458883,0.0,0.6939106104116044,0.6338634857521538,0.03615815600146995,1.006680019317622,1.0233870389561515,-0.381462837659037,0.036116633532140494,0.19913104379391736,0.3852895069473278
vol02,172,body,body,standard,0.1058,0.10225,0,489,0.02691,0.01836,0.5714,0.7841,9.0,0.019276876583348174,0.07721202003338898,0.0,5.0,6.0,0.0,0.0,0.0,0.0,0.0,0.12778498784721756,0.11725016878973894,0.10003896476764694,0.1494382885564496,0.0,0.7025101513473606,0.48803986710963454,0.22702201502234404,1.1282785750144042,0.7553072355437213,-0.34559610044845046,0.014285714285714285,0.15673900363345153,0.9371154983914682
vol02,173,body,body,standard,0.11155,0.11102,0,355,0.03207,0.02787,0.5722,0.801,9.0,0.017268009388500795,0.07752626846248441,0.0,6.0,41.0,0.0,0.0,0.0,0.0,10.0,0.14181201816582115,0.06124587065005915,0.13110303912760618,0.1579854280785643,0.0,0.7489092495636999,0.7261125654450262,-0.13250797775022682,1.0566979178475966,0.9999999927814723,-0.3076703248409926,0.03534031413612566,0.34895454045019003,0.3100353616226155
vol02,174,body,body,standard,0.10757,0.10757,0,329,0.03214,0.0323,0.5575,0.8114,9.0,0.0213173082071786,0.07802013422818792,0.0,5.0,6.0,0.0,0.0,0.0,0.0,0.0,0.13609963607209086,0.08609975893253495,0.11450119069687852,0.15517334516620684,0.0,0.7020516745016582,0.6359462118727451,-0.18657179256108483,1.0521796673060237,1.0134075855580484,-0.3534155413837211,0.036405378812725486,0.3726503991771058,0.02379075450674064
vol02,175,body,body,standard,0.10008,0.10008,0,502,0.02779,0.01829,0.516,0.7918,9.0,0.023224391293654584,0.07826456826882187,0.0,9.0,19.0,0.0,0.0,0.0,0.0,10.0,0.126989714192017,0.02831128435409531,0.12239896695203023,0.13338306149258874,0.0,0.7466056615705092,0.7164378975560763,-0.11040978813887935,0.9658661368563125,0.9999999921508165,-0.5644959064845951,0.03716103113491798,0.3250735096886179,0.19410145688471472
vol02,176,body,body,standard,0.08853,0.08853,0,406,0.02595,0.02045,0.5088,0.8114,9.0,0.05553604956605619,0.07762938230383973,0.0,6.0,8.0,0.0,0.0,0.0,0.0,0.0,0.10929690089765474,0.2363733596516697,0.054772238468798834,0.1438813669868801,0.0,0.6431211650772528,0.26513639387890886,0.40046589485816814,0.9999999911003136,1.2804990509103944,-0.32715297174725394,0.03759148369926813,0.35937120177274423,0.011472583649940759
vol02,177,body,body,standard,0.10826,0.10642,1,325,0.0296,0.03098,0.5314,0.8061,9.0,0.0862521546356701,0.07433608079462163,0.0,41.0,44.0,0.0,0.0,0.0,0.0,10.0,0.14940761634975447,0.0687881858352586,0.12475529606176652,0.15765697843747611,0.0,0.7393858773971843,0.7003658131027602,-0.16658703672221237,1.0032500862079814,1.0208694370149953,-0.29528836555660326,0.034918523445294315,0.30802443037882754,0.5417511589113754
vol02,178,body,body,standard,0.10701,0.10553,1,329,0.03081,0.03014,0.5362,0.801,9.0,0.05329295519873259,0.07458946616103838,0.0,42.0,75.0,0.0,0.0,0.0,0.0,10.0,0.14197600606618488,0.16449667059587872,0.08343501834279103,0.16924043398969651,0.0,0.6919042936742051,0.4280563749590298,0.1429350801637851,1.0407360813883366,1.0726926385855775,-0.319377301139315,0.035398230088495575,0.3533406450407973,0.21663629298737655
vol02,179,body,body,standard,0.12882,0.12744,0,282,0.03428,0.03484,0.5325,0.7361,9.0,0.02528905646865531,0.07870967741935483,0.0,5.0,6.0,0.0,0.0,0.0,0.0,0.0,0.16691643015544877,0.033225656158787725,0.1606075643907328,0.1796611170731227,0.0,0.7372157515252358,0.6928452579034942,-0.13765070066999896,0.988297933351809,0.9999999939515289,-0.4446011087407003,0.036605657237936774,0.2537749125362062,0.8048041352283972
vol02,180,body,body,standard,0.13263,0.12732,0,242,0.03396,0.0346,0.5727,0.8009,9.0,0.027263939199597038,0.076644639741636,0.0,7.0,12.0,0.0,0.0,0.0,0.0,10.0,0.1708116038363977,0.23932671232264577,0.08903580489449889,0.20419812413860397,0.0,0.7114350931448347,0.4042412193505633,0.5151701830235854,1.0845709848631286,1.0981904582112196,-0.2738065972830663,0.03479125248508946,0.23803793072208712,0.7866268472732261
vol02,181,body,body,standard,0.12525,0.12073,0,331,0.03226,0.02735,0.5902,0.7649,9.0,0.07920667665649814,0.07579804503197664,0.0,38.0,63.0,0.0,0.0,0.0,0.0,10.0,0.17024658017453245,0.06764511804083892,0.15233748511273368,0.18658463584968407,0.0,0.7800687285223368,0.759228466910542,-0.16783259515199955,1.066898212337223,0.9999999941186374,-0.3343915155912795,0.035583638177585634,0.21155402824379735,0.7957815776572379
vol02,182,body,body,standard,0.12908,0.12683,0,338,0.03311,0.02638,0.5662,0.7593,9.0,0.035418570124694966,0.07747068676716909,0.0,9.0,42.0,0.0,0.0,0.0,0.0,10.0,0.16973503474614932,0.05694827717235768,0.15741648677326114,0.18431882686849574,0.0,0.7793598233995583,0.7612582781456954,-0.10841508241951704,0.951723878553394,0.9687622452582607,-0.31140944403764104,0.013245033112582781,0.25085113089034594,0.4848041151538012
vol02,183,body,body,standard,0.10217,0.10054,1,340,0.03155,0.02319,0.5089,0.7876,9.0,0.02519935786488148,0.07829787234042553,0.0,6.0,8.0,0.0,0.0,0.0,0.0,0.0,0.125844984058862,0.2619019625091011,0.05639998803460989,0.1534367943664128,0.0,0.6295091447986699,0.35556278464541313,0.6016213633281013,1.0717809046351805,1.1007049024931101,-0.365950575937844,0.013662979830839297,0.27625974983340695,0.5229247765492178
vol02,184,body,body,standard,0.12336,0.12132,0,369,0.0331,0.02671,0.5271,0.8073,9.0,0.03044838040371255,0.07783227996662978,0.0,5.0,42.0,0.0,0.0,0.0,0.0,10.0,0.1514704196247439,0.06211634412622971,0.13842609133132577,0.17322914197562048,0.0,0.6996899560170164,0.6518494484101233,-0.226464431133553,0.9938673198308204,1.035947550382513,-0.37145953063399123,0.03666450356911097,0.30255210875315786,0.21948426688817274
vol02,185,body,body,standard,0.13313,0.12992,1,339,0.03394,0.0303,0.5787,0.8012,9.0,0.025444368837660204,0.07597097737942808,0.0,6.0,8.0,0.0,0.0,0.0,0.0,0.0,0.17334573174375845,0.04395871112121723,0.16093361348432647,0.18539628487841706,0.0,0.7685668697418045,0.7369451697127938,-0.10845259448752341,0.9999999943139879,0.9419047829676921,-0.21870018400152944,0.015992167101827676,0.24190659801166758,0.4311218897191534
vol02,186,body,body,standard,0.12494,0.12432,0,304,0.03225,0.03154,0.5584,0.7971,9.0,0.01613882769633251,0.0784313725490196,0.0,6.5,12.0,0.0,0.0,0.0,0.0,0.0,0.16099269473516145,0.13992443178263317,0.10671612283707707,0.18637912314201205,0.0,0.674737604053565,0.45179153094462543,0.029719239693837694,1.0337855896178794,0.9151733567781335,-0.34075618439878735,0.014332247557003257,0.3251516743266289,0.9337946145667951
vol02,187,body,body,standard,0.12724,0.12651,0,334,0.03367,0.03312,0.6125,0.7724,9.0,0.026990740522819724,0.07655913978494623,0.0,5.0,6.0,0.0,0.0,0.0,0.0,0.0,0.1704538853561598,0.05743164091252726,0.1483342652814974,0.18341279707915661,0.0,0.7611237005863098,0.6733570734865653,-0.05779597426855297,0.9785984087263904,0.8756397172361668,-0.20774403613407205,0.03690514729685983,0.3120098309854593,0.3797353596752833
vol02,188,body,body,standard,0.13236,0.13144,0,332,0.03318,0.02939,0.6338,0.7986,9.0,0.030640045833026135,0.0773784355179704,0.0,5.5,6.0,0.0,0.0,0.0,0.0,10.0,0.17630505817653397,0.20471739732542443,0.09103605321607251,0.2219704873475956,0.0,0.7293067302826575,0.4671437865972674,0.3168126416646286,0.8757354074228498,0.5036253577829323,-0.23258530469826225,0.017891997397527653,0.36397506543699987,0.4742557399144174
